run_id,model,problem_id,sample,final_verdict,source_final_label
p1__gemma3_12b__s0,gemma3:12b,1,0,loud,loud_bug
p1__gemma3_12b__s1,gemma3:12b,1,1,code_failure,code_failure
p1__gemma3_12b__s2,gemma3:12b,1,2,code_failure,code_failure
p1__gemma3_12b__s3,gemma3:12b,1,3,loud,loud_bug
p1__gemma3_12b__s4,gemma3:12b,1,4,loud,loud_bug
p1__gemma3_12b__s5,gemma3:12b,1,5,loud,loud_bug
p1__gemma3_12b__s6,gemma3:12b,1,6,loud,loud_bug
p1__gemma3_12b__s7,gemma3:12b,1,7,loud,loud_bug
p1__gemma3_12b__s8,gemma3:12b,1,8,loud,loud_bug
p1__gemma3_12b__s9,gemma3:12b,1,9,loud,loud_bug
p2__gemma3_12b__s0,gemma3:12b,2,0,loud,loud_bug
p2__gemma3_12b__s1,gemma3:12b,2,1,code_failure,code_failure
p2__gemma3_12b__s2,gemma3:12b,2,2,code_failure,code_failure
p2__gemma3_12b__s3,gemma3:12b,2,3,code_failure,code_failure
p2__gemma3_12b__s4,gemma3:12b,2,4,silent,silent_bug
p2__gemma3_12b__s5,gemma3:12b,2,5,silent,silent_bug
p2__gemma3_12b__s6,gemma3:12b,2,6,silent,silent_bug
p2__gemma3_12b__s7,gemma3:12b,2,7,silent,silent_bug
p2__gemma3_12b__s8,gemma3:12b,2,8,loud,loud_bug
p2__gemma3_12b__s9,gemma3:12b,2,9,silent,silent_bug
p3__gemma3_12b__s0,gemma3:12b,3,0,loud,loud_bug
p3__gemma3_12b__s1,gemma3:12b,3,1,code_failure,code_failure
p3__gemma3_12b__s2,gemma3:12b,3,2,loud,loud_bug
p3__gemma3_12b__s3,gemma3:12b,3,3,loud,loud_bug
p3__gemma3_12b__s4,gemma3:12b,3,4,loud,loud_bug
p3__gemma3_12b__s5,gemma3:12b,3,5,code_failure,code_failure
p3__gemma3_12b__s6,gemma3:12b,3,6,correct,correct
p3__gemma3_12b__s7,gemma3:12b,3,7,code_failure,code_failure
p3__gemma3_12b__s8,gemma3:12b,3,8,code_failure,code_failure
p3__gemma3_12b__s9,gemma3:12b,3,9,code_failure,code_failure
p4__gemma3_12b__s0,gemma3:12b,4,0,loud,loud_bug
p4__gemma3_12b__s1,gemma3:12b,4,1,loud,loud_bug
p4__gemma3_12b__s2,gemma3:12b,4,2,loud,loud_bug
p4__gemma3_12b__s3,gemma3:12b,4,3,loud,loud_bug
p4__gemma3_12b__s4,gemma3:12b,4,4,loud,loud_bug
p4__gemma3_12b__s5,gemma3:12b,4,5,loud,loud_bug
p4__gemma3_12b__s6,gemma3:12b,4,6,loud,loud_bug
p4__gemma3_12b__s7,gemma3:12b,4,7,loud,loud_bug
p4__gemma3_12b__s8,gemma3:12b,4,8,loud,loud_bug
p4__gemma3_12b__s9,gemma3:12b,4,9,loud,loud_bug
p5__gemma3_12b__s0,gemma3:12b,5,0,code_failure,code_failure
p5__gemma3_12b__s1,gemma3:12b,5,1,correct,correct
p5__gemma3_12b__s2,gemma3:12b,5,2,code_failure,code_failure
p5__gemma3_12b__s3,gemma3:12b,5,3,code_failure,code_failure
p5__gemma3_12b__s4,gemma3:12b,5,4,code_failure,code_failure
p5__gemma3_12b__s5,gemma3:12b,5,5,loud,loud_bug
p5__gemma3_12b__s6,gemma3:12b,5,6,code_failure,code_failure
p5__gemma3_12b__s7,gemma3:12b,5,7,code_failure,code_failure
p5__gemma3_12b__s8,gemma3:12b,5,8,loud,loud_bug
p5__gemma3_12b__s9,gemma3:12b,5,9,code_failure,code_failure
p6__gemma3_12b__s0,gemma3:12b,6,0,code_failure,code_failure
p6__gemma3_12b__s1,gemma3:12b,6,1,code_failure,code_failure
p6__gemma3_12b__s2,gemma3:12b,6,2,code_failure,code_failure
p6__gemma3_12b__s3,gemma3:12b,6,3,code_failure,code_failure
p6__gemma3_12b__s4,gemma3:12b,6,4,code_failure,code_failure
p6__gemma3_12b__s5,gemma3:12b,6,5,code_failure,code_failure
p6__gemma3_12b__s6,gemma3:12b,6,6,code_failure,code_failure
p6__gemma3_12b__s7,gemma3:12b,6,7,code_failure,code_failure
p6__gemma3_12b__s8,gemma3:12b,6,8,code_failure,code_failure
p6__gemma3_12b__s9,gemma3:12b,6,9,code_failure,code_failure
p7__gemma3_12b__s0,gemma3:12b,7,0,code_failure,code_failure
p7__gemma3_12b__s1,gemma3:12b,7,1,code_failure,code_failure
p7__gemma3_12b__s2,gemma3:12b,7,2,code_failure,code_failure
p7__gemma3_12b__s3,gemma3:12b,7,3,code_failure,code_failure
p7__gemma3_12b__s4,gemma3:12b,7,4,code_failure,code_failure
p7__gemma3_12b__s5,gemma3:12b,7,5,code_failure,contract_failure
p7__gemma3_12b__s6,gemma3:12b,7,6,code_failure,code_failure
p7__gemma3_12b__s7,gemma3:12b,7,7,code_failure,code_failure
p7__gemma3_12b__s8,gemma3:12b,7,8,code_failure,code_failure
p7__gemma3_12b__s9,gemma3:12b,7,9,code_failure,code_failure
p8__gemma3_12b__s0,gemma3:12b,8,0,code_failure,code_failure
p8__gemma3_12b__s1,gemma3:12b,8,1,code_failure,code_failure
p8__gemma3_12b__s2,gemma3:12b,8,2,code_failure,code_failure
p8__gemma3_12b__s3,gemma3:12b,8,3,code_failure,code_failure
p8__gemma3_12b__s4,gemma3:12b,8,4,code_failure,code_failure
p8__gemma3_12b__s5,gemma3:12b,8,5,code_failure,code_failure
p8__gemma3_12b__s6,gemma3:12b,8,6,code_failure,code_failure
p8__gemma3_12b__s7,gemma3:12b,8,7,code_failure,code_failure
p8__gemma3_12b__s8,gemma3:12b,8,8,code_failure,code_failure
p8__gemma3_12b__s9,gemma3:12b,8,9,code_failure,code_failure
p9__gemma3_12b__s0,gemma3:12b,9,0,loud,loud_bug
p9__gemma3_12b__s1,gemma3:12b,9,1,code_failure,schema_failure
p9__gemma3_12b__s2,gemma3:12b,9,2,loud,loud_bug
p9__gemma3_12b__s3,gemma3:12b,9,3,loud,loud_bug
p9__gemma3_12b__s4,gemma3:12b,9,4,code_failure,schema_failure
p9__gemma3_12b__s5,gemma3:12b,9,5,loud,loud_bug
p9__gemma3_12b__s6,gemma3:12b,9,6,loud,loud_bug
p9__gemma3_12b__s7,gemma3:12b,9,7,loud,loud_bug
p9__gemma3_12b__s8,gemma3:12b,9,8,loud,loud_bug
p9__gemma3_12b__s9,gemma3:12b,9,9,loud,loud_bug
p10__gemma3_12b__s0,gemma3:12b,10,0,code_failure,code_failure
p10__gemma3_12b__s1,gemma3:12b,10,1,code_failure,code_failure
p10__gemma3_12b__s2,gemma3:12b,10,2,correct,correct
p10__gemma3_12b__s3,gemma3:12b,10,3,loud,loud_bug
p10__gemma3_12b__s4,gemma3:12b,10,4,code_failure,code_failure
p10__gemma3_12b__s5,gemma3:12b,10,5,correct,correct
p10__gemma3_12b__s6,gemma3:12b,10,6,code_failure,code_failure
p10__gemma3_12b__s7,gemma3:12b,10,7,code_failure,code_failure
p10__gemma3_12b__s8,gemma3:12b,10,8,code_failure,code_failure
p10__gemma3_12b__s9,gemma3:12b,10,9,code_failure,code_failure
p11__gemma3_12b__s0,gemma3:12b,11,0,code_failure,contract_failure
p11__gemma3_12b__s1,gemma3:12b,11,1,code_failure,ollama_failure
p11__gemma3_12b__s2,gemma3:12b,11,2,code_failure,ollama_failure
p11__gemma3_12b__s3,gemma3:12b,11,3,code_failure,contract_failure
p11__gemma3_12b__s4,gemma3:12b,11,4,code_failure,contract_failure
p11__gemma3_12b__s5,gemma3:12b,11,5,code_failure,contract_failure
p11__gemma3_12b__s6,gemma3:12b,11,6,code_failure,contract_failure
p11__gemma3_12b__s7,gemma3:12b,11,7,code_failure,contract_failure
p11__gemma3_12b__s8,gemma3:12b,11,8,code_failure,ollama_failure
p11__gemma3_12b__s9,gemma3:12b,11,9,code_failure,ollama_failure
p12__gemma3_12b__s0,gemma3:12b,12,0,code_failure,code_failure
p12__gemma3_12b__s1,gemma3:12b,12,1,code_failure,code_failure
p12__gemma3_12b__s2,gemma3:12b,12,2,code_failure,code_failure
p12__gemma3_12b__s3,gemma3:12b,12,3,code_failure,code_failure
p12__gemma3_12b__s4,gemma3:12b,12,4,code_failure,code_failure
p12__gemma3_12b__s5,gemma3:12b,12,5,code_failure,code_failure
p12__gemma3_12b__s6,gemma3:12b,12,6,code_failure,code_failure
p12__gemma3_12b__s7,gemma3:12b,12,7,code_failure,code_failure
p12__gemma3_12b__s8,gemma3:12b,12,8,code_failure,code_failure
p12__gemma3_12b__s9,gemma3:12b,12,9,code_failure,code_failure
p13__gemma3_12b__s0,gemma3:12b,13,0,code_failure,contract_failure
p13__gemma3_12b__s1,gemma3:12b,13,1,code_failure,contract_failure
p13__gemma3_12b__s2,gemma3:12b,13,2,code_failure,contract_failure
p13__gemma3_12b__s3,gemma3:12b,13,3,code_failure,code_failure
p13__gemma3_12b__s4,gemma3:12b,13,4,code_failure,contract_failure
p13__gemma3_12b__s5,gemma3:12b,13,5,code_failure,code_failure
p13__gemma3_12b__s6,gemma3:12b,13,6,code_failure,contract_failure
p13__gemma3_12b__s7,gemma3:12b,13,7,code_failure,code_failure
p13__gemma3_12b__s8,gemma3:12b,13,8,code_failure,code_failure
p13__gemma3_12b__s9,gemma3:12b,13,9,code_failure,code_failure
p14__gemma3_12b__s0,gemma3:12b,14,0,code_failure,contract_failure
p14__gemma3_12b__s1,gemma3:12b,14,1,code_failure,contract_failure
p14__gemma3_12b__s2,gemma3:12b,14,2,code_failure,contract_failure
p14__gemma3_12b__s3,gemma3:12b,14,3,code_failure,contract_failure
p14__gemma3_12b__s4,gemma3:12b,14,4,code_failure,contract_failure
p14__gemma3_12b__s5,gemma3:12b,14,5,code_failure,contract_failure
p14__gemma3_12b__s6,gemma3:12b,14,6,code_failure,contract_failure
p14__gemma3_12b__s7,gemma3:12b,14,7,code_failure,contract_failure
p14__gemma3_12b__s8,gemma3:12b,14,8,code_failure,contract_failure
p14__gemma3_12b__s9,gemma3:12b,14,9,code_failure,contract_failure
p15__gemma3_12b__s0,gemma3:12b,15,0,code_failure,ollama_failure
p15__gemma3_12b__s1,gemma3:12b,15,1,code_failure,code_failure
p15__gemma3_12b__s2,gemma3:12b,15,2,code_failure,contract_failure
p15__gemma3_12b__s3,gemma3:12b,15,3,code_failure,contract_failure
p15__gemma3_12b__s4,gemma3:12b,15,4,code_failure,contract_failure
p15__gemma3_12b__s5,gemma3:12b,15,5,code_failure,contract_failure
p15__gemma3_12b__s6,gemma3:12b,15,6,code_failure,contract_failure
p15__gemma3_12b__s7,gemma3:12b,15,7,code_failure,contract_failure
p15__gemma3_12b__s8,gemma3:12b,15,8,code_failure,contract_failure
p15__gemma3_12b__s9,gemma3:12b,15,9,code_failure,contract_failure
p16__gemma3_12b__s0,gemma3:12b,16,0,code_failure,code_failure
p16__gemma3_12b__s1,gemma3:12b,16,1,code_failure,code_failure
p16__gemma3_12b__s2,gemma3:12b,16,2,code_failure,code_failure
p16__gemma3_12b__s3,gemma3:12b,16,3,code_failure,code_failure
p16__gemma3_12b__s4,gemma3:12b,16,4,code_failure,code_failure
p16__gemma3_12b__s5,gemma3:12b,16,5,code_failure,code_failure
p16__gemma3_12b__s6,gemma3:12b,16,6,code_failure,code_failure
p16__gemma3_12b__s7,gemma3:12b,16,7,code_failure,code_failure
p16__gemma3_12b__s8,gemma3:12b,16,8,code_failure,code_failure
p16__gemma3_12b__s9,gemma3:12b,16,9,code_failure,code_failure
p17__gemma3_12b__s0,gemma3:12b,17,0,code_failure,ollama_failure
p17__gemma3_12b__s1,gemma3:12b,17,1,code_failure,code_failure
p17__gemma3_12b__s2,gemma3:12b,17,2,code_failure,contract_failure
p17__gemma3_12b__s3,gemma3:12b,17,3,code_failure,code_failure
p17__gemma3_12b__s4,gemma3:12b,17,4,code_failure,contract_failure
p17__gemma3_12b__s5,gemma3:12b,17,5,code_failure,code_failure
p17__gemma3_12b__s6,gemma3:12b,17,6,code_failure,code_failure
p17__gemma3_12b__s7,gemma3:12b,17,7,code_failure,contract_failure
p17__gemma3_12b__s8,gemma3:12b,17,8,code_failure,code_failure
p17__gemma3_12b__s9,gemma3:12b,17,9,code_failure,contract_failure
p18__gemma3_12b__s0,gemma3:12b,18,0,code_failure,contract_failure
p18__gemma3_12b__s1,gemma3:12b,18,1,code_failure,contract_failure
p18__gemma3_12b__s2,gemma3:12b,18,2,code_failure,ollama_failure
p18__gemma3_12b__s3,gemma3:12b,18,3,code_failure,ollama_failure
p18__gemma3_12b__s4,gemma3:12b,18,4,code_failure,code_failure
p18__gemma3_12b__s5,gemma3:12b,18,5,code_failure,contract_failure
p18__gemma3_12b__s6,gemma3:12b,18,6,code_failure,contract_failure
p18__gemma3_12b__s7,gemma3:12b,18,7,code_failure,contract_failure
p18__gemma3_12b__s8,gemma3:12b,18,8,code_failure,code_failure
p18__gemma3_12b__s9,gemma3:12b,18,9,code_failure,contract_failure
p19__gemma3_12b__s0,gemma3:12b,19,0,code_failure,contract_failure
p19__gemma3_12b__s1,gemma3:12b,19,1,code_failure,contract_failure
p19__gemma3_12b__s2,gemma3:12b,19,2,code_failure,contract_failure
p19__gemma3_12b__s3,gemma3:12b,19,3,code_failure,contract_failure
p19__gemma3_12b__s4,gemma3:12b,19,4,code_failure,contract_failure
p19__gemma3_12b__s5,gemma3:12b,19,5,code_failure,contract_failure
p19__gemma3_12b__s6,gemma3:12b,19,6,code_failure,contract_failure
p19__gemma3_12b__s7,gemma3:12b,19,7,code_failure,contract_failure
p19__gemma3_12b__s8,gemma3:12b,19,8,code_failure,contract_failure
p19__gemma3_12b__s9,gemma3:12b,19,9,code_failure,contract_failure
p20__gemma3_12b__s0,gemma3:12b,20,0,code_failure,contract_failure
p20__gemma3_12b__s1,gemma3:12b,20,1,code_failure,contract_failure
p20__gemma3_12b__s2,gemma3:12b,20,2,code_failure,ollama_failure
p20__gemma3_12b__s3,gemma3:12b,20,3,code_failure,contract_failure
p20__gemma3_12b__s4,gemma3:12b,20,4,code_failure,contract_failure
p20__gemma3_12b__s5,gemma3:12b,20,5,code_failure,contract_failure
p20__gemma3_12b__s6,gemma3:12b,20,6,code_failure,contract_failure
p20__gemma3_12b__s7,gemma3:12b,20,7,code_failure,contract_failure
p20__gemma3_12b__s8,gemma3:12b,20,8,code_failure,ollama_failure
p20__gemma3_12b__s9,gemma3:12b,20,9,code_failure,contract_failure
p21__gemma3_12b__s0,gemma3:12b,21,0,loud,loud_bug
p21__gemma3_12b__s1,gemma3:12b,21,1,loud,loud_bug
p21__gemma3_12b__s2,gemma3:12b,21,2,code_failure,code_failure
p21__gemma3_12b__s3,gemma3:12b,21,3,code_failure,code_failure
p21__gemma3_12b__s4,gemma3:12b,21,4,code_failure,code_failure
p21__gemma3_12b__s5,gemma3:12b,21,5,loud,loud_bug
p21__gemma3_12b__s6,gemma3:12b,21,6,loud,loud_bug
p21__gemma3_12b__s7,gemma3:12b,21,7,code_failure,code_failure
p21__gemma3_12b__s8,gemma3:12b,21,8,code_failure,code_failure
p21__gemma3_12b__s9,gemma3:12b,21,9,loud,loud_bug
p22__gemma3_12b__s0,gemma3:12b,22,0,code_failure,code_failure
p22__gemma3_12b__s1,gemma3:12b,22,1,code_failure,code_failure
p22__gemma3_12b__s2,gemma3:12b,22,2,code_failure,code_failure
p22__gemma3_12b__s3,gemma3:12b,22,3,code_failure,schema_failure
p22__gemma3_12b__s4,gemma3:12b,22,4,code_failure,code_failure
p22__gemma3_12b__s5,gemma3:12b,22,5,code_failure,schema_failure
p22__gemma3_12b__s6,gemma3:12b,22,6,code_failure,code_failure
p22__gemma3_12b__s7,gemma3:12b,22,7,code_failure,code_failure
p22__gemma3_12b__s8,gemma3:12b,22,8,loud,loud_bug
p22__gemma3_12b__s9,gemma3:12b,22,9,code_failure,code_failure
p23__gemma3_12b__s0,gemma3:12b,23,0,code_failure,ollama_failure
p23__gemma3_12b__s1,gemma3:12b,23,1,code_failure,code_failure
p23__gemma3_12b__s2,gemma3:12b,23,2,code_failure,ollama_failure
p23__gemma3_12b__s3,gemma3:12b,23,3,code_failure,ollama_failure
p23__gemma3_12b__s4,gemma3:12b,23,4,code_failure,ollama_failure
p23__gemma3_12b__s5,gemma3:12b,23,5,code_failure,contract_failure
p23__gemma3_12b__s6,gemma3:12b,23,6,code_failure,ollama_failure
p23__gemma3_12b__s7,gemma3:12b,23,7,code_failure,contract_failure
p23__gemma3_12b__s8,gemma3:12b,23,8,code_failure,ollama_failure
p23__gemma3_12b__s9,gemma3:12b,23,9,code_failure,contract_failure
p24__gemma3_12b__s0,gemma3:12b,24,0,code_failure,contract_failure
p24__gemma3_12b__s1,gemma3:12b,24,1,code_failure,ollama_failure
p24__gemma3_12b__s2,gemma3:12b,24,2,code_failure,contract_failure
p24__gemma3_12b__s3,gemma3:12b,24,3,code_failure,contract_failure
p24__gemma3_12b__s4,gemma3:12b,24,4,code_failure,contract_failure
p24__gemma3_12b__s5,gemma3:12b,24,5,code_failure,contract_failure
p24__gemma3_12b__s6,gemma3:12b,24,6,code_failure,contract_failure
p24__gemma3_12b__s7,gemma3:12b,24,7,code_failure,contract_failure
p24__gemma3_12b__s8,gemma3:12b,24,8,code_failure,contract_failure
p24__gemma3_12b__s9,gemma3:12b,24,9,code_failure,ollama_failure
p25__gemma3_12b__s0,gemma3:12b,25,0,code_failure,ollama_failure
p25__gemma3_12b__s1,gemma3:12b,25,1,code_failure,ollama_failure
p25__gemma3_12b__s2,gemma3:12b,25,2,code_failure,ollama_failure
p25__gemma3_12b__s3,gemma3:12b,25,3,code_failure,ollama_failure
p25__gemma3_12b__s4,gemma3:12b,25,4,code_failure,ollama_failure
p25__gemma3_12b__s5,gemma3:12b,25,5,code_failure,code_failure
p25__gemma3_12b__s6,gemma3:12b,25,6,code_failure,ollama_failure
p25__gemma3_12b__s7,gemma3:12b,25,7,code_failure,code_failure
p25__gemma3_12b__s8,gemma3:12b,25,8,code_failure,ollama_failure
p25__gemma3_12b__s9,gemma3:12b,25,9,code_failure,ollama_failure
p26__gemma3_12b__s0,gemma3:12b,26,0,code_failure,contract_failure
p26__gemma3_12b__s1,gemma3:12b,26,1,code_failure,contract_failure
p26__gemma3_12b__s2,gemma3:12b,26,2,code_failure,ollama_failure
p26__gemma3_12b__s3,gemma3:12b,26,3,code_failure,ollama_failure
p26__gemma3_12b__s4,gemma3:12b,26,4,code_failure,contract_failure
p26__gemma3_12b__s5,gemma3:12b,26,5,code_failure,contract_failure
p26__gemma3_12b__s6,gemma3:12b,26,6,code_failure,contract_failure
p26__gemma3_12b__s7,gemma3:12b,26,7,code_failure,ollama_failure
p26__gemma3_12b__s8,gemma3:12b,26,8,code_failure,contract_failure
p26__gemma3_12b__s9,gemma3:12b,26,9,code_failure,ollama_failure
p27__gemma3_12b__s0,gemma3:12b,27,0,code_failure,contract_failure
p27__gemma3_12b__s1,gemma3:12b,27,1,code_failure,contract_failure
p27__gemma3_12b__s2,gemma3:12b,27,2,code_failure,code_failure
p27__gemma3_12b__s3,gemma3:12b,27,3,code_failure,contract_failure
p27__gemma3_12b__s4,gemma3:12b,27,4,code_failure,contract_failure
p27__gemma3_12b__s5,gemma3:12b,27,5,code_failure,code_failure
p27__gemma3_12b__s6,gemma3:12b,27,6,code_failure,code_failure
p27__gemma3_12b__s7,gemma3:12b,27,7,code_failure,ollama_failure
p27__gemma3_12b__s8,gemma3:12b,27,8,code_failure,contract_failure
p27__gemma3_12b__s9,gemma3:12b,27,9,code_failure,contract_failure
p28__gemma3_12b__s0,gemma3:12b,28,0,code_failure,contract_failure
p28__gemma3_12b__s1,gemma3:12b,28,1,code_failure,contract_failure
p28__gemma3_12b__s2,gemma3:12b,28,2,code_failure,contract_failure
p28__gemma3_12b__s3,gemma3:12b,28,3,code_failure,contract_failure
p28__gemma3_12b__s4,gemma3:12b,28,4,code_failure,contract_failure
p28__gemma3_12b__s5,gemma3:12b,28,5,code_failure,contract_failure
p28__gemma3_12b__s6,gemma3:12b,28,6,code_failure,contract_failure
p28__gemma3_12b__s7,gemma3:12b,28,7,code_failure,contract_failure
p28__gemma3_12b__s8,gemma3:12b,28,8,code_failure,contract_failure
p28__gemma3_12b__s9,gemma3:12b,28,9,code_failure,contract_failure
p29__gemma3_12b__s0,gemma3:12b,29,0,correct,correct
p29__gemma3_12b__s1,gemma3:12b,29,1,correct,correct
p29__gemma3_12b__s2,gemma3:12b,29,2,correct,correct
p29__gemma3_12b__s3,gemma3:12b,29,3,code_failure,code_failure
p29__gemma3_12b__s4,gemma3:12b,29,4,code_failure,code_failure
p29__gemma3_12b__s5,gemma3:12b,29,5,code_failure,code_failure
p29__gemma3_12b__s6,gemma3:12b,29,6,correct,correct
p29__gemma3_12b__s7,gemma3:12b,29,7,code_failure,code_failure
p29__gemma3_12b__s8,gemma3:12b,29,8,correct,correct
p29__gemma3_12b__s9,gemma3:12b,29,9,code_failure,code_failure
p30__gemma3_12b__s0,gemma3:12b,30,0,loud,loud_bug
p30__gemma3_12b__s1,gemma3:12b,30,1,loud,loud_bug
p30__gemma3_12b__s2,gemma3:12b,30,2,code_failure,code_failure
p30__gemma3_12b__s3,gemma3:12b,30,3,loud,loud_bug
p30__gemma3_12b__s4,gemma3:12b,30,4,loud,loud_bug
p30__gemma3_12b__s5,gemma3:12b,30,5,loud,loud_bug
p30__gemma3_12b__s6,gemma3:12b,30,6,loud,loud_bug
p30__gemma3_12b__s7,gemma3:12b,30,7,loud,loud_bug
p30__gemma3_12b__s8,gemma3:12b,30,8,code_failure,code_failure
p30__gemma3_12b__s9,gemma3:12b,30,9,loud,loud_bug
p31__gemma3_12b__s0,gemma3:12b,31,0,code_failure,code_failure
p31__gemma3_12b__s1,gemma3:12b,31,1,code_failure,code_failure
p31__gemma3_12b__s2,gemma3:12b,31,2,code_failure,code_failure
p31__gemma3_12b__s3,gemma3:12b,31,3,code_failure,contract_failure
p31__gemma3_12b__s4,gemma3:12b,31,4,code_failure,code_failure
p31__gemma3_12b__s5,gemma3:12b,31,5,loud,loud_bug
p31__gemma3_12b__s6,gemma3:12b,31,6,code_failure,code_failure
p31__gemma3_12b__s7,gemma3:12b,31,7,code_failure,contract_failure
p31__gemma3_12b__s8,gemma3:12b,31,8,code_failure,code_failure
p31__gemma3_12b__s9,gemma3:12b,31,9,code_failure,code_failure
p32__gemma3_12b__s0,gemma3:12b,32,0,code_failure,code_failure
p32__gemma3_12b__s1,gemma3:12b,32,1,code_failure,code_failure
p32__gemma3_12b__s2,gemma3:12b,32,2,code_failure,code_failure
p32__gemma3_12b__s3,gemma3:12b,32,3,code_failure,code_failure
p32__gemma3_12b__s4,gemma3:12b,32,4,code_failure,code_failure
p32__gemma3_12b__s5,gemma3:12b,32,5,code_failure,code_failure
p32__gemma3_12b__s6,gemma3:12b,32,6,code_failure,code_failure
p32__gemma3_12b__s7,gemma3:12b,32,7,code_failure,code_failure
p32__gemma3_12b__s8,gemma3:12b,32,8,code_failure,code_failure
p32__gemma3_12b__s9,gemma3:12b,32,9,code_failure,code_failure
p33__gemma3_12b__s0,gemma3:12b,33,0,loud,loud_bug
p33__gemma3_12b__s1,gemma3:12b,33,1,loud,loud_bug
p33__gemma3_12b__s2,gemma3:12b,33,2,loud,loud_bug
p33__gemma3_12b__s3,gemma3:12b,33,3,loud,loud_bug
p33__gemma3_12b__s4,gemma3:12b,33,4,loud,loud_bug
p33__gemma3_12b__s5,gemma3:12b,33,5,loud,loud_bug
p33__gemma3_12b__s6,gemma3:12b,33,6,loud,loud_bug
p33__gemma3_12b__s7,gemma3:12b,33,7,loud,loud_bug
p33__gemma3_12b__s8,gemma3:12b,33,8,loud,loud_bug
p33__gemma3_12b__s9,gemma3:12b,33,9,loud,loud_bug
p34__gemma3_12b__s0,gemma3:12b,34,0,code_failure,code_failure
p34__gemma3_12b__s1,gemma3:12b,34,1,code_failure,code_failure
p34__gemma3_12b__s2,gemma3:12b,34,2,code_failure,code_failure
p34__gemma3_12b__s3,gemma3:12b,34,3,code_failure,code_failure
p34__gemma3_12b__s4,gemma3:12b,34,4,code_failure,code_failure
p34__gemma3_12b__s5,gemma3:12b,34,5,code_failure,code_failure
p34__gemma3_12b__s6,gemma3:12b,34,6,code_failure,code_failure
p34__gemma3_12b__s7,gemma3:12b,34,7,code_failure,code_failure
p34__gemma3_12b__s8,gemma3:12b,34,8,code_failure,code_failure
p34__gemma3_12b__s9,gemma3:12b,34,9,code_failure,code_failure
p35__gemma3_12b__s0,gemma3:12b,35,0,code_failure,code_failure
p35__gemma3_12b__s1,gemma3:12b,35,1,code_failure,code_failure
p35__gemma3_12b__s2,gemma3:12b,35,2,code_failure,code_failure
p35__gemma3_12b__s3,gemma3:12b,35,3,code_failure,code_failure
p35__gemma3_12b__s4,gemma3:12b,35,4,code_failure,code_failure
p35__gemma3_12b__s5,gemma3:12b,35,5,code_failure,code_failure
p35__gemma3_12b__s6,gemma3:12b,35,6,code_failure,code_failure
p35__gemma3_12b__s7,gemma3:12b,35,7,code_failure,code_failure
p35__gemma3_12b__s8,gemma3:12b,35,8,code_failure,code_failure
p35__gemma3_12b__s9,gemma3:12b,35,9,code_failure,code_failure
p36__gemma3_12b__s0,gemma3:12b,36,0,code_failure,code_failure
p36__gemma3_12b__s1,gemma3:12b,36,1,code_failure,code_failure
p36__gemma3_12b__s2,gemma3:12b,36,2,code_failure,code_failure
p36__gemma3_12b__s3,gemma3:12b,36,3,code_failure,code_failure
p36__gemma3_12b__s4,gemma3:12b,36,4,code_failure,code_failure
p36__gemma3_12b__s5,gemma3:12b,36,5,code_failure,code_failure
p36__gemma3_12b__s6,gemma3:12b,36,6,code_failure,code_failure
p36__gemma3_12b__s7,gemma3:12b,36,7,code_failure,code_failure
p36__gemma3_12b__s8,gemma3:12b,36,8,code_failure,code_failure
p36__gemma3_12b__s9,gemma3:12b,36,9,code_failure,code_failure
p37__gemma3_12b__s0,gemma3:12b,37,0,code_failure,code_failure
p37__gemma3_12b__s1,gemma3:12b,37,1,code_failure,code_failure
p37__gemma3_12b__s2,gemma3:12b,37,2,code_failure,code_failure
p37__gemma3_12b__s3,gemma3:12b,37,3,code_failure,code_failure
p37__gemma3_12b__s4,gemma3:12b,37,4,code_failure,code_failure
p37__gemma3_12b__s5,gemma3:12b,37,5,code_failure,code_failure
p37__gemma3_12b__s6,gemma3:12b,37,6,code_failure,code_failure
p37__gemma3_12b__s7,gemma3:12b,37,7,code_failure,code_failure
p37__gemma3_12b__s8,gemma3:12b,37,8,code_failure,code_failure
p37__gemma3_12b__s9,gemma3:12b,37,9,code_failure,code_failure
p38__gemma3_12b__s0,gemma3:12b,38,0,code_failure,code_failure
p38__gemma3_12b__s1,gemma3:12b,38,1,code_failure,code_failure
p38__gemma3_12b__s2,gemma3:12b,38,2,code_failure,code_failure
p38__gemma3_12b__s3,gemma3:12b,38,3,code_failure,code_failure
p38__gemma3_12b__s4,gemma3:12b,38,4,code_failure,code_failure
p38__gemma3_12b__s5,gemma3:12b,38,5,code_failure,code_failure
p38__gemma3_12b__s6,gemma3:12b,38,6,code_failure,code_failure
p38__gemma3_12b__s7,gemma3:12b,38,7,code_failure,code_failure
p38__gemma3_12b__s8,gemma3:12b,38,8,code_failure,code_failure
p38__gemma3_12b__s9,gemma3:12b,38,9,code_failure,code_failure
p39__gemma3_12b__s0,gemma3:12b,39,0,loud,loud_bug
p39__gemma3_12b__s1,gemma3:12b,39,1,code_failure,code_failure
p39__gemma3_12b__s2,gemma3:12b,39,2,loud,loud_bug
p39__gemma3_12b__s3,gemma3:12b,39,3,code_failure,code_failure
p39__gemma3_12b__s4,gemma3:12b,39,4,loud,loud_bug
p39__gemma3_12b__s5,gemma3:12b,39,5,code_failure,code_failure
p39__gemma3_12b__s6,gemma3:12b,39,6,loud,loud_bug
p39__gemma3_12b__s7,gemma3:12b,39,7,loud,loud_bug
p39__gemma3_12b__s8,gemma3:12b,39,8,code_failure,code_failure
p39__gemma3_12b__s9,gemma3:12b,39,9,code_failure,code_failure
p40__gemma3_12b__s0,gemma3:12b,40,0,code_failure,code_failure
p40__gemma3_12b__s1,gemma3:12b,40,1,code_failure,code_failure
p40__gemma3_12b__s2,gemma3:12b,40,2,code_failure,code_failure
p40__gemma3_12b__s3,gemma3:12b,40,3,code_failure,code_failure
p40__gemma3_12b__s4,gemma3:12b,40,4,code_failure,code_failure
p40__gemma3_12b__s5,gemma3:12b,40,5,code_failure,code_failure
p40__gemma3_12b__s6,gemma3:12b,40,6,code_failure,code_failure
p40__gemma3_12b__s7,gemma3:12b,40,7,code_failure,code_failure
p40__gemma3_12b__s8,gemma3:12b,40,8,code_failure,code_failure
p40__gemma3_12b__s9,gemma3:12b,40,9,code_failure,code_failure
p41__gemma3_12b__s0,gemma3:12b,41,0,loud,loud_bug
p41__gemma3_12b__s1,gemma3:12b,41,1,loud,loud_bug
p41__gemma3_12b__s2,gemma3:12b,41,2,loud,loud_bug
p41__gemma3_12b__s3,gemma3:12b,41,3,loud,loud_bug
p41__gemma3_12b__s4,gemma3:12b,41,4,code_failure,code_failure
p41__gemma3_12b__s5,gemma3:12b,41,5,code_failure,code_failure
p41__gemma3_12b__s6,gemma3:12b,41,6,code_failure,code_failure
p41__gemma3_12b__s7,gemma3:12b,41,7,loud,loud_bug
p41__gemma3_12b__s8,gemma3:12b,41,8,loud,loud_bug
p41__gemma3_12b__s9,gemma3:12b,41,9,code_failure,code_failure
p1__llama3.3_70b__s0,llama3.3:70b,1,0,code_failure,code_failure
p1__llama3.3_70b__s1,llama3.3:70b,1,1,code_failure,code_failure
p1__llama3.3_70b__s2,llama3.3:70b,1,2,code_failure,code_failure
p1__llama3.3_70b__s3,llama3.3:70b,1,3,code_failure,code_failure
p1__llama3.3_70b__s4,llama3.3:70b,1,4,code_failure,code_failure
p1__llama3.3_70b__s5,llama3.3:70b,1,5,code_failure,code_failure
p1__llama3.3_70b__s6,llama3.3:70b,1,6,code_failure,code_failure
p1__llama3.3_70b__s7,llama3.3:70b,1,7,code_failure,code_failure
p1__llama3.3_70b__s8,llama3.3:70b,1,8,code_failure,code_failure
p1__llama3.3_70b__s9,llama3.3:70b,1,9,code_failure,code_failure
p2__llama3.3_70b__s0,llama3.3:70b,2,0,correct,correct
p2__llama3.3_70b__s1,llama3.3:70b,2,1,correct,correct
p2__llama3.3_70b__s2,llama3.3:70b,2,2,correct,correct
p2__llama3.3_70b__s3,llama3.3:70b,2,3,correct,correct
p2__llama3.3_70b__s4,llama3.3:70b,2,4,correct,correct
p2__llama3.3_70b__s5,llama3.3:70b,2,5,correct,correct
p2__llama3.3_70b__s6,llama3.3:70b,2,6,correct,correct
p2__llama3.3_70b__s7,llama3.3:70b,2,7,correct,correct
p2__llama3.3_70b__s8,llama3.3:70b,2,8,correct,correct
p2__llama3.3_70b__s9,llama3.3:70b,2,9,correct,correct
p3__llama3.3_70b__s0,llama3.3:70b,3,0,silent,silent_bug
p3__llama3.3_70b__s1,llama3.3:70b,3,1,loud,loud_bug
p3__llama3.3_70b__s2,llama3.3:70b,3,2,silent,silent_bug
p3__llama3.3_70b__s3,llama3.3:70b,3,3,silent,silent_bug
p3__llama3.3_70b__s4,llama3.3:70b,3,4,silent,silent_bug
p3__llama3.3_70b__s5,llama3.3:70b,3,5,code_failure,code_failure
p3__llama3.3_70b__s6,llama3.3:70b,3,6,silent,silent_bug
p3__llama3.3_70b__s7,llama3.3:70b,3,7,loud,loud_bug
p3__llama3.3_70b__s8,llama3.3:70b,3,8,silent,silent_bug
p3__llama3.3_70b__s9,llama3.3:70b,3,9,silent,silent_bug
p4__llama3.3_70b__s0,llama3.3:70b,4,0,code_failure,code_failure
p4__llama3.3_70b__s1,llama3.3:70b,4,1,loud,loud_bug
p4__llama3.3_70b__s2,llama3.3:70b,4,2,code_failure,code_failure
p4__llama3.3_70b__s3,llama3.3:70b,4,3,code_failure,code_failure
p4__llama3.3_70b__s4,llama3.3:70b,4,4,code_failure,code_failure
p4__llama3.3_70b__s5,llama3.3:70b,4,5,loud,loud_bug
p4__llama3.3_70b__s6,llama3.3:70b,4,6,loud,loud_bug
p4__llama3.3_70b__s7,llama3.3:70b,4,7,code_failure,code_failure
p4__llama3.3_70b__s8,llama3.3:70b,4,8,code_failure,code_failure
p4__llama3.3_70b__s9,llama3.3:70b,4,9,code_failure,code_failure
p5__llama3.3_70b__s0,llama3.3:70b,5,0,correct,correct
p5__llama3.3_70b__s1,llama3.3:70b,5,1,correct,correct
p5__llama3.3_70b__s2,llama3.3:70b,5,2,correct,correct
p5__llama3.3_70b__s3,llama3.3:70b,5,3,correct,correct
p5__llama3.3_70b__s4,llama3.3:70b,5,4,correct,correct
p5__llama3.3_70b__s5,llama3.3:70b,5,5,correct,correct
p5__llama3.3_70b__s6,llama3.3:70b,5,6,correct,correct
p5__llama3.3_70b__s7,llama3.3:70b,5,7,correct,correct
p5__llama3.3_70b__s8,llama3.3:70b,5,8,correct,correct
p5__llama3.3_70b__s9,llama3.3:70b,5,9,correct,correct
p6__llama3.3_70b__s0,llama3.3:70b,6,0,silent,silent_bug
p6__llama3.3_70b__s1,llama3.3:70b,6,1,silent,silent_bug
p6__llama3.3_70b__s2,llama3.3:70b,6,2,silent,silent_bug
p6__llama3.3_70b__s3,llama3.3:70b,6,3,silent,silent_bug
p6__llama3.3_70b__s4,llama3.3:70b,6,4,code_failure,code_failure
p6__llama3.3_70b__s5,llama3.3:70b,6,5,silent,silent_bug
p6__llama3.3_70b__s6,llama3.3:70b,6,6,silent,silent_bug
p6__llama3.3_70b__s7,llama3.3:70b,6,7,silent,silent_bug
p6__llama3.3_70b__s8,llama3.3:70b,6,8,silent,silent_bug
p6__llama3.3_70b__s9,llama3.3:70b,6,9,code_failure,code_failure
p7__llama3.3_70b__s0,llama3.3:70b,7,0,loud,loud_bug
p7__llama3.3_70b__s1,llama3.3:70b,7,1,code_failure,code_failure
p7__llama3.3_70b__s2,llama3.3:70b,7,2,code_failure,code_failure
p7__llama3.3_70b__s3,llama3.3:70b,7,3,code_failure,code_failure
p7__llama3.3_70b__s4,llama3.3:70b,7,4,code_failure,code_failure
p7__llama3.3_70b__s5,llama3.3:70b,7,5,silent,silent_bug
p7__llama3.3_70b__s6,llama3.3:70b,7,6,loud,loud_bug
p7__llama3.3_70b__s7,llama3.3:70b,7,7,loud,loud_bug
p7__llama3.3_70b__s8,llama3.3:70b,7,8,code_failure,code_failure
p7__llama3.3_70b__s9,llama3.3:70b,7,9,loud,loud_bug
p8__llama3.3_70b__s0,llama3.3:70b,8,0,correct,correct
p8__llama3.3_70b__s1,llama3.3:70b,8,1,correct,correct
p8__llama3.3_70b__s2,llama3.3:70b,8,2,correct,correct
p8__llama3.3_70b__s3,llama3.3:70b,8,3,correct,correct
p8__llama3.3_70b__s4,llama3.3:70b,8,4,correct,correct
p8__llama3.3_70b__s5,llama3.3:70b,8,5,correct,correct
p8__llama3.3_70b__s6,llama3.3:70b,8,6,correct,correct
p8__llama3.3_70b__s7,llama3.3:70b,8,7,correct,correct
p8__llama3.3_70b__s8,llama3.3:70b,8,8,correct,correct
p8__llama3.3_70b__s9,llama3.3:70b,8,9,correct,correct
p9__llama3.3_70b__s0,llama3.3:70b,9,0,correct,correct
p9__llama3.3_70b__s1,llama3.3:70b,9,1,loud,loud_bug
p9__llama3.3_70b__s2,llama3.3:70b,9,2,loud,loud_bug
p9__llama3.3_70b__s3,llama3.3:70b,9,3,loud,loud_bug
p9__llama3.3_70b__s4,llama3.3:70b,9,4,loud,loud_bug
p9__llama3.3_70b__s5,llama3.3:70b,9,5,loud,loud_bug
p9__llama3.3_70b__s6,llama3.3:70b,9,6,correct,correct
p9__llama3.3_70b__s7,llama3.3:70b,9,7,loud,loud_bug
p9__llama3.3_70b__s8,llama3.3:70b,9,8,loud,loud_bug
p9__llama3.3_70b__s9,llama3.3:70b,9,9,loud,loud_bug
p10__llama3.3_70b__s0,llama3.3:70b,10,0,correct,correct
p10__llama3.3_70b__s1,llama3.3:70b,10,1,correct,correct
p10__llama3.3_70b__s2,llama3.3:70b,10,2,correct,correct
p10__llama3.3_70b__s3,llama3.3:70b,10,3,correct,correct
p10__llama3.3_70b__s4,llama3.3:70b,10,4,correct,correct
p10__llama3.3_70b__s5,llama3.3:70b,10,5,correct,correct
p10__llama3.3_70b__s6,llama3.3:70b,10,6,correct,correct
p10__llama3.3_70b__s7,llama3.3:70b,10,7,correct,correct
p10__llama3.3_70b__s8,llama3.3:70b,10,8,correct,correct
p10__llama3.3_70b__s9,llama3.3:70b,10,9,correct,correct
p11__llama3.3_70b__s0,llama3.3:70b,11,0,code_failure,contract_failure
p11__llama3.3_70b__s1,llama3.3:70b,11,1,code_failure,contract_failure
p11__llama3.3_70b__s2,llama3.3:70b,11,2,code_failure,contract_failure
p11__llama3.3_70b__s3,llama3.3:70b,11,3,code_failure,code_failure
p11__llama3.3_70b__s4,llama3.3:70b,11,4,code_failure,code_failure
p11__llama3.3_70b__s5,llama3.3:70b,11,5,code_failure,contract_failure
p11__llama3.3_70b__s6,llama3.3:70b,11,6,code_failure,code_failure
p11__llama3.3_70b__s7,llama3.3:70b,11,7,code_failure,contract_failure
p11__llama3.3_70b__s8,llama3.3:70b,11,8,code_failure,code_failure
p11__llama3.3_70b__s9,llama3.3:70b,11,9,code_failure,contract_failure
p12__llama3.3_70b__s0,llama3.3:70b,12,0,correct,correct
p12__llama3.3_70b__s1,llama3.3:70b,12,1,correct,correct
p12__llama3.3_70b__s2,llama3.3:70b,12,2,correct,correct
p12__llama3.3_70b__s3,llama3.3:70b,12,3,correct,correct
p12__llama3.3_70b__s4,llama3.3:70b,12,4,correct,correct
p12__llama3.3_70b__s5,llama3.3:70b,12,5,correct,correct
p12__llama3.3_70b__s6,llama3.3:70b,12,6,correct,correct
p12__llama3.3_70b__s7,llama3.3:70b,12,7,correct,correct
p12__llama3.3_70b__s8,llama3.3:70b,12,8,correct,correct
p12__llama3.3_70b__s9,llama3.3:70b,12,9,correct,correct
p13__llama3.3_70b__s0,llama3.3:70b,13,0,correct,correct
p13__llama3.3_70b__s1,llama3.3:70b,13,1,code_failure,code_failure
p13__llama3.3_70b__s2,llama3.3:70b,13,2,correct,correct
p13__llama3.3_70b__s3,llama3.3:70b,13,3,code_failure,code_failure
p13__llama3.3_70b__s4,llama3.3:70b,13,4,code_failure,code_failure
p13__llama3.3_70b__s5,llama3.3:70b,13,5,correct,correct
p13__llama3.3_70b__s6,llama3.3:70b,13,6,correct,correct
p13__llama3.3_70b__s7,llama3.3:70b,13,7,correct,correct
p13__llama3.3_70b__s8,llama3.3:70b,13,8,code_failure,code_failure
p13__llama3.3_70b__s9,llama3.3:70b,13,9,correct,correct
p14__llama3.3_70b__s0,llama3.3:70b,14,0,correct,correct
p14__llama3.3_70b__s1,llama3.3:70b,14,1,code_failure,code_failure
p14__llama3.3_70b__s2,llama3.3:70b,14,2,correct,correct
p14__llama3.3_70b__s3,llama3.3:70b,14,3,code_failure,code_failure
p14__llama3.3_70b__s4,llama3.3:70b,14,4,code_failure,code_failure
p14__llama3.3_70b__s5,llama3.3:70b,14,5,code_failure,code_failure
p14__llama3.3_70b__s6,llama3.3:70b,14,6,code_failure,code_failure
p14__llama3.3_70b__s7,llama3.3:70b,14,7,code_failure,code_failure
p14__llama3.3_70b__s8,llama3.3:70b,14,8,correct,correct
p14__llama3.3_70b__s9,llama3.3:70b,14,9,code_failure,code_failure
p15__llama3.3_70b__s0,llama3.3:70b,15,0,correct,correct
p15__llama3.3_70b__s1,llama3.3:70b,15,1,correct,correct
p15__llama3.3_70b__s2,llama3.3:70b,15,2,correct,correct
p15__llama3.3_70b__s3,llama3.3:70b,15,3,correct,correct
p15__llama3.3_70b__s4,llama3.3:70b,15,4,correct,correct
p15__llama3.3_70b__s5,llama3.3:70b,15,5,correct,correct
p15__llama3.3_70b__s6,llama3.3:70b,15,6,correct,correct
p15__llama3.3_70b__s7,llama3.3:70b,15,7,correct,correct
p15__llama3.3_70b__s8,llama3.3:70b,15,8,correct,correct
p15__llama3.3_70b__s9,llama3.3:70b,15,9,correct,correct
p16__llama3.3_70b__s0,llama3.3:70b,16,0,correct,correct
p16__llama3.3_70b__s1,llama3.3:70b,16,1,correct,correct
p16__llama3.3_70b__s2,llama3.3:70b,16,2,correct,correct
p16__llama3.3_70b__s3,llama3.3:70b,16,3,correct,correct
p16__llama3.3_70b__s4,llama3.3:70b,16,4,correct,correct
p16__llama3.3_70b__s5,llama3.3:70b,16,5,correct,correct
p16__llama3.3_70b__s6,llama3.3:70b,16,6,correct,correct
p16__llama3.3_70b__s7,llama3.3:70b,16,7,correct,correct
p16__llama3.3_70b__s8,llama3.3:70b,16,8,correct,correct
p16__llama3.3_70b__s9,llama3.3:70b,16,9,correct,correct
p17__llama3.3_70b__s0,llama3.3:70b,17,0,code_failure,code_failure
p17__llama3.3_70b__s1,llama3.3:70b,17,1,code_failure,code_failure
p17__llama3.3_70b__s2,llama3.3:70b,17,2,code_failure,code_failure
p17__llama3.3_70b__s3,llama3.3:70b,17,3,code_failure,code_failure
p17__llama3.3_70b__s4,llama3.3:70b,17,4,code_failure,code_failure
p17__llama3.3_70b__s5,llama3.3:70b,17,5,code_failure,code_failure
p17__llama3.3_70b__s6,llama3.3:70b,17,6,code_failure,code_failure
p17__llama3.3_70b__s7,llama3.3:70b,17,7,code_failure,code_failure
p17__llama3.3_70b__s8,llama3.3:70b,17,8,code_failure,code_failure
p17__llama3.3_70b__s9,llama3.3:70b,17,9,code_failure,code_failure
p18__llama3.3_70b__s0,llama3.3:70b,18,0,code_failure,schema_failure
p18__llama3.3_70b__s1,llama3.3:70b,18,1,code_failure,schema_failure
p18__llama3.3_70b__s2,llama3.3:70b,18,2,code_failure,schema_failure
p18__llama3.3_70b__s3,llama3.3:70b,18,3,code_failure,schema_failure
p18__llama3.3_70b__s4,llama3.3:70b,18,4,code_failure,schema_failure
p18__llama3.3_70b__s5,llama3.3:70b,18,5,code_failure,schema_failure
p18__llama3.3_70b__s6,llama3.3:70b,18,6,code_failure,schema_failure
p18__llama3.3_70b__s7,llama3.3:70b,18,7,code_failure,schema_failure
p18__llama3.3_70b__s8,llama3.3:70b,18,8,code_failure,schema_failure
p18__llama3.3_70b__s9,llama3.3:70b,18,9,code_failure,schema_failure
p19__llama3.3_70b__s0,llama3.3:70b,19,0,code_failure,schema_failure
p19__llama3.3_70b__s1,llama3.3:70b,19,1,code_failure,schema_failure
p19__llama3.3_70b__s2,llama3.3:70b,19,2,code_failure,schema_failure
p19__llama3.3_70b__s3,llama3.3:70b,19,3,code_failure,schema_failure
p19__llama3.3_70b__s4,llama3.3:70b,19,4,code_failure,schema_failure
p19__llama3.3_70b__s5,llama3.3:70b,19,5,code_failure,schema_failure
p19__llama3.3_70b__s6,llama3.3:70b,19,6,code_failure,schema_failure
p19__llama3.3_70b__s7,llama3.3:70b,19,7,code_failure,schema_failure
p19__llama3.3_70b__s8,llama3.3:70b,19,8,code_failure,schema_failure
p19__llama3.3_70b__s9,llama3.3:70b,19,9,code_failure,schema_failure
p20__llama3.3_70b__s0,llama3.3:70b,20,0,correct,correct
p20__llama3.3_70b__s1,llama3.3:70b,20,1,correct,correct
p20__llama3.3_70b__s2,llama3.3:70b,20,2,correct,correct
p20__llama3.3_70b__s3,llama3.3:70b,20,3,correct,correct
p20__llama3.3_70b__s4,llama3.3:70b,20,4,correct,correct
p20__llama3.3_70b__s5,llama3.3:70b,20,5,correct,correct
p20__llama3.3_70b__s6,llama3.3:70b,20,6,correct,correct
p20__llama3.3_70b__s7,llama3.3:70b,20,7,correct,correct
p20__llama3.3_70b__s8,llama3.3:70b,20,8,correct,correct
p20__llama3.3_70b__s9,llama3.3:70b,20,9,correct,correct
p21__llama3.3_70b__s0,llama3.3:70b,21,0,code_failure,code_failure
p21__llama3.3_70b__s1,llama3.3:70b,21,1,code_failure,code_failure
p21__llama3.3_70b__s2,llama3.3:70b,21,2,loud,loud_bug
p21__llama3.3_70b__s3,llama3.3:70b,21,3,loud,loud_bug
p21__llama3.3_70b__s4,llama3.3:70b,21,4,code_failure,code_failure
p21__llama3.3_70b__s5,llama3.3:70b,21,5,code_failure,code_failure
p21__llama3.3_70b__s6,llama3.3:70b,21,6,code_failure,code_failure
p21__llama3.3_70b__s7,llama3.3:70b,21,7,code_failure,code_failure
p21__llama3.3_70b__s8,llama3.3:70b,21,8,code_failure,code_failure
p21__llama3.3_70b__s9,llama3.3:70b,21,9,code_failure,code_failure
p22__llama3.3_70b__s0,llama3.3:70b,22,0,code_failure,code_failure
p22__llama3.3_70b__s1,llama3.3:70b,22,1,loud,loud_bug
p22__llama3.3_70b__s2,llama3.3:70b,22,2,code_failure,schema_failure
p22__llama3.3_70b__s3,llama3.3:70b,22,3,loud,loud_bug
p22__llama3.3_70b__s4,llama3.3:70b,22,4,code_failure,code_failure
p22__llama3.3_70b__s5,llama3.3:70b,22,5,code_failure,code_failure
p22__llama3.3_70b__s6,llama3.3:70b,22,6,loud,loud_bug
p22__llama3.3_70b__s7,llama3.3:70b,22,7,loud,loud_bug
p22__llama3.3_70b__s8,llama3.3:70b,22,8,code_failure,code_failure
p22__llama3.3_70b__s9,llama3.3:70b,22,9,code_failure,code_failure
p23__llama3.3_70b__s0,llama3.3:70b,23,0,code_failure,contract_failure
p23__llama3.3_70b__s1,llama3.3:70b,23,1,code_failure,contract_failure
p23__llama3.3_70b__s2,llama3.3:70b,23,2,code_failure,contract_failure
p23__llama3.3_70b__s3,llama3.3:70b,23,3,code_failure,contract_failure
p23__llama3.3_70b__s4,llama3.3:70b,23,4,code_failure,contract_failure
p23__llama3.3_70b__s5,llama3.3:70b,23,5,code_failure,contract_failure
p23__llama3.3_70b__s6,llama3.3:70b,23,6,code_failure,contract_failure
p23__llama3.3_70b__s7,llama3.3:70b,23,7,code_failure,contract_failure
p23__llama3.3_70b__s8,llama3.3:70b,23,8,code_failure,contract_failure
p23__llama3.3_70b__s9,llama3.3:70b,23,9,code_failure,contract_failure
p24__llama3.3_70b__s0,llama3.3:70b,24,0,code_failure,code_failure
p24__llama3.3_70b__s1,llama3.3:70b,24,1,correct,correct
p24__llama3.3_70b__s2,llama3.3:70b,24,2,silent,silent_bug
p24__llama3.3_70b__s3,llama3.3:70b,24,3,correct,correct
p24__llama3.3_70b__s4,llama3.3:70b,24,4,correct,correct
p24__llama3.3_70b__s5,llama3.3:70b,24,5,correct,correct
p24__llama3.3_70b__s6,llama3.3:70b,24,6,code_failure,code_failure
p24__llama3.3_70b__s7,llama3.3:70b,24,7,correct,correct
p24__llama3.3_70b__s8,llama3.3:70b,24,8,correct,correct
p24__llama3.3_70b__s9,llama3.3:70b,24,9,correct,correct
p25__llama3.3_70b__s0,llama3.3:70b,25,0,code_failure,code_failure
p25__llama3.3_70b__s1,llama3.3:70b,25,1,code_failure,code_failure
p25__llama3.3_70b__s2,llama3.3:70b,25,2,code_failure,code_failure
p25__llama3.3_70b__s3,llama3.3:70b,25,3,code_failure,code_failure
p25__llama3.3_70b__s4,llama3.3:70b,25,4,code_failure,code_failure
p25__llama3.3_70b__s5,llama3.3:70b,25,5,code_failure,code_failure
p25__llama3.3_70b__s6,llama3.3:70b,25,6,code_failure,code_failure
p25__llama3.3_70b__s7,llama3.3:70b,25,7,code_failure,code_failure
p25__llama3.3_70b__s8,llama3.3:70b,25,8,code_failure,code_failure
p25__llama3.3_70b__s9,llama3.3:70b,25,9,code_failure,code_failure
p26__llama3.3_70b__s0,llama3.3:70b,26,0,code_failure,code_failure
p26__llama3.3_70b__s1,llama3.3:70b,26,1,correct,correct
p26__llama3.3_70b__s2,llama3.3:70b,26,2,correct,correct
p26__llama3.3_70b__s3,llama3.3:70b,26,3,code_failure,code_failure
p26__llama3.3_70b__s4,llama3.3:70b,26,4,code_failure,code_failure
p26__llama3.3_70b__s5,llama3.3:70b,26,5,code_failure,code_failure
p26__llama3.3_70b__s6,llama3.3:70b,26,6,code_failure,code_failure
p26__llama3.3_70b__s7,llama3.3:70b,26,7,code_failure,schema_failure
p26__llama3.3_70b__s8,llama3.3:70b,26,8,correct,correct
p26__llama3.3_70b__s9,llama3.3:70b,26,9,correct,correct
p27__llama3.3_70b__s0,llama3.3:70b,27,0,loud,loud_bug
p27__llama3.3_70b__s1,llama3.3:70b,27,1,loud,loud_bug
p27__llama3.3_70b__s2,llama3.3:70b,27,2,loud,loud_bug
p27__llama3.3_70b__s3,llama3.3:70b,27,3,loud,loud_bug
p27__llama3.3_70b__s4,llama3.3:70b,27,4,loud,loud_bug
p27__llama3.3_70b__s5,llama3.3:70b,27,5,loud,loud_bug
p27__llama3.3_70b__s6,llama3.3:70b,27,6,loud,loud_bug
p27__llama3.3_70b__s7,llama3.3:70b,27,7,loud,loud_bug
p27__llama3.3_70b__s8,llama3.3:70b,27,8,loud,loud_bug
p27__llama3.3_70b__s9,llama3.3:70b,27,9,loud,loud_bug
p28__llama3.3_70b__s0,llama3.3:70b,28,0,code_failure,code_failure
p28__llama3.3_70b__s1,llama3.3:70b,28,1,correct,correct
p28__llama3.3_70b__s2,llama3.3:70b,28,2,correct,correct
p28__llama3.3_70b__s3,llama3.3:70b,28,3,correct,correct
p28__llama3.3_70b__s4,llama3.3:70b,28,4,correct,correct
p28__llama3.3_70b__s5,llama3.3:70b,28,5,correct,correct
p28__llama3.3_70b__s6,llama3.3:70b,28,6,correct,correct
p28__llama3.3_70b__s7,llama3.3:70b,28,7,loud,loud_bug
p28__llama3.3_70b__s8,llama3.3:70b,28,8,code_failure,code_failure
p28__llama3.3_70b__s9,llama3.3:70b,28,9,correct,correct
p29__llama3.3_70b__s0,llama3.3:70b,29,0,code_failure,code_failure
p29__llama3.3_70b__s1,llama3.3:70b,29,1,correct,correct
p29__llama3.3_70b__s2,llama3.3:70b,29,2,correct,correct
p29__llama3.3_70b__s3,llama3.3:70b,29,3,correct,correct
p29__llama3.3_70b__s4,llama3.3:70b,29,4,correct,correct
p29__llama3.3_70b__s5,llama3.3:70b,29,5,correct,correct
p29__llama3.3_70b__s6,llama3.3:70b,29,6,correct,correct
p29__llama3.3_70b__s7,llama3.3:70b,29,7,correct,correct
p29__llama3.3_70b__s8,llama3.3:70b,29,8,correct,correct
p29__llama3.3_70b__s9,llama3.3:70b,29,9,code_failure,code_failure
p30__llama3.3_70b__s0,llama3.3:70b,30,0,correct,correct
p30__llama3.3_70b__s1,llama3.3:70b,30,1,correct,correct
p30__llama3.3_70b__s2,llama3.3:70b,30,2,correct,correct
p30__llama3.3_70b__s3,llama3.3:70b,30,3,correct,correct
p30__llama3.3_70b__s4,llama3.3:70b,30,4,correct,correct
p30__llama3.3_70b__s5,llama3.3:70b,30,5,correct,correct
p30__llama3.3_70b__s6,llama3.3:70b,30,6,correct,correct
p30__llama3.3_70b__s7,llama3.3:70b,30,7,correct,correct
p30__llama3.3_70b__s8,llama3.3:70b,30,8,correct,correct
p30__llama3.3_70b__s9,llama3.3:70b,30,9,correct,correct
p31__llama3.3_70b__s0,llama3.3:70b,31,0,loud,loud_bug
p31__llama3.3_70b__s1,llama3.3:70b,31,1,code_failure,code_failure
p31__llama3.3_70b__s2,llama3.3:70b,31,2,loud,loud_bug
p31__llama3.3_70b__s3,llama3.3:70b,31,3,loud,loud_bug
p31__llama3.3_70b__s4,llama3.3:70b,31,4,loud,loud_bug
p31__llama3.3_70b__s5,llama3.3:70b,31,5,loud,loud_bug
p31__llama3.3_70b__s6,llama3.3:70b,31,6,loud,loud_bug
p31__llama3.3_70b__s7,llama3.3:70b,31,7,loud,loud_bug
p31__llama3.3_70b__s8,llama3.3:70b,31,8,loud,loud_bug
p31__llama3.3_70b__s9,llama3.3:70b,31,9,loud,loud_bug
p32__llama3.3_70b__s0,llama3.3:70b,32,0,loud,loud_bug
p32__llama3.3_70b__s1,llama3.3:70b,32,1,loud,loud_bug
p32__llama3.3_70b__s2,llama3.3:70b,32,2,loud,loud_bug
p32__llama3.3_70b__s3,llama3.3:70b,32,3,loud,loud_bug
p32__llama3.3_70b__s4,llama3.3:70b,32,4,loud,loud_bug
p32__llama3.3_70b__s5,llama3.3:70b,32,5,loud,loud_bug
p32__llama3.3_70b__s6,llama3.3:70b,32,6,loud,loud_bug
p32__llama3.3_70b__s7,llama3.3:70b,32,7,loud,loud_bug
p32__llama3.3_70b__s8,llama3.3:70b,32,8,loud,loud_bug
p32__llama3.3_70b__s9,llama3.3:70b,32,9,loud,loud_bug
p33__llama3.3_70b__s0,llama3.3:70b,33,0,code_failure,code_failure
p33__llama3.3_70b__s1,llama3.3:70b,33,1,code_failure,code_failure
p33__llama3.3_70b__s2,llama3.3:70b,33,2,code_failure,code_failure
p33__llama3.3_70b__s3,llama3.3:70b,33,3,loud,loud_bug
p33__llama3.3_70b__s4,llama3.3:70b,33,4,code_failure,code_failure
p33__llama3.3_70b__s5,llama3.3:70b,33,5,code_failure,code_failure
p33__llama3.3_70b__s6,llama3.3:70b,33,6,loud,loud_bug
p33__llama3.3_70b__s7,llama3.3:70b,33,7,code_failure,code_failure
p33__llama3.3_70b__s8,llama3.3:70b,33,8,code_failure,code_failure
p33__llama3.3_70b__s9,llama3.3:70b,33,9,code_failure,code_failure
p34__llama3.3_70b__s0,llama3.3:70b,34,0,correct,correct
p34__llama3.3_70b__s1,llama3.3:70b,34,1,correct,correct
p34__llama3.3_70b__s2,llama3.3:70b,34,2,correct,correct
p34__llama3.3_70b__s3,llama3.3:70b,34,3,correct,correct
p34__llama3.3_70b__s4,llama3.3:70b,34,4,correct,correct
p34__llama3.3_70b__s5,llama3.3:70b,34,5,correct,correct
p34__llama3.3_70b__s6,llama3.3:70b,34,6,correct,correct
p34__llama3.3_70b__s7,llama3.3:70b,34,7,correct,correct
p34__llama3.3_70b__s8,llama3.3:70b,34,8,correct,correct
p34__llama3.3_70b__s9,llama3.3:70b,34,9,correct,correct
p35__llama3.3_70b__s0,llama3.3:70b,35,0,code_failure,code_failure
p35__llama3.3_70b__s1,llama3.3:70b,35,1,code_failure,code_failure
p35__llama3.3_70b__s2,llama3.3:70b,35,2,code_failure,code_failure
p35__llama3.3_70b__s3,llama3.3:70b,35,3,code_failure,code_failure
p35__llama3.3_70b__s4,llama3.3:70b,35,4,code_failure,code_failure
p35__llama3.3_70b__s5,llama3.3:70b,35,5,code_failure,code_failure
p35__llama3.3_70b__s6,llama3.3:70b,35,6,code_failure,code_failure
p35__llama3.3_70b__s7,llama3.3:70b,35,7,code_failure,code_failure
p35__llama3.3_70b__s8,llama3.3:70b,35,8,code_failure,code_failure
p35__llama3.3_70b__s9,llama3.3:70b,35,9,code_failure,code_failure
p36__llama3.3_70b__s0,llama3.3:70b,36,0,silent,silent_bug
p36__llama3.3_70b__s1,llama3.3:70b,36,1,loud,loud_bug
p36__llama3.3_70b__s2,llama3.3:70b,36,2,silent,silent_bug
p36__llama3.3_70b__s3,llama3.3:70b,36,3,code_failure,schema_failure
p36__llama3.3_70b__s4,llama3.3:70b,36,4,code_failure,code_failure
p36__llama3.3_70b__s5,llama3.3:70b,36,5,silent,silent_bug
p36__llama3.3_70b__s6,llama3.3:70b,36,6,silent,silent_bug
p36__llama3.3_70b__s7,llama3.3:70b,36,7,silent,silent_bug
p36__llama3.3_70b__s8,llama3.3:70b,36,8,silent,silent_bug
p36__llama3.3_70b__s9,llama3.3:70b,36,9,silent,silent_bug
p37__llama3.3_70b__s0,llama3.3:70b,37,0,loud,loud_bug
p37__llama3.3_70b__s1,llama3.3:70b,37,1,loud,loud_bug
p37__llama3.3_70b__s2,llama3.3:70b,37,2,code_failure,code_failure
p37__llama3.3_70b__s3,llama3.3:70b,37,3,code_failure,code_failure
p37__llama3.3_70b__s4,llama3.3:70b,37,4,code_failure,code_failure
p37__llama3.3_70b__s5,llama3.3:70b,37,5,code_failure,code_failure
p37__llama3.3_70b__s6,llama3.3:70b,37,6,code_failure,code_failure
p37__llama3.3_70b__s7,llama3.3:70b,37,7,code_failure,code_failure
p37__llama3.3_70b__s8,llama3.3:70b,37,8,code_failure,code_failure
p37__llama3.3_70b__s9,llama3.3:70b,37,9,code_failure,code_failure
p38__llama3.3_70b__s0,llama3.3:70b,38,0,code_failure,code_failure
p38__llama3.3_70b__s1,llama3.3:70b,38,1,code_failure,code_failure
p38__llama3.3_70b__s2,llama3.3:70b,38,2,code_failure,code_failure
p38__llama3.3_70b__s3,llama3.3:70b,38,3,code_failure,code_failure
p38__llama3.3_70b__s4,llama3.3:70b,38,4,code_failure,code_failure
p38__llama3.3_70b__s5,llama3.3:70b,38,5,code_failure,code_failure
p38__llama3.3_70b__s6,llama3.3:70b,38,6,code_failure,code_failure
p38__llama3.3_70b__s7,llama3.3:70b,38,7,correct,correct
p38__llama3.3_70b__s8,llama3.3:70b,38,8,code_failure,code_failure
p38__llama3.3_70b__s9,llama3.3:70b,38,9,code_failure,code_failure
p39__llama3.3_70b__s0,llama3.3:70b,39,0,correct,correct
p39__llama3.3_70b__s1,llama3.3:70b,39,1,correct,correct
p39__llama3.3_70b__s2,llama3.3:70b,39,2,correct,correct
p39__llama3.3_70b__s3,llama3.3:70b,39,3,correct,correct
p39__llama3.3_70b__s4,llama3.3:70b,39,4,loud,loud_bug
p39__llama3.3_70b__s5,llama3.3:70b,39,5,correct,correct
p39__llama3.3_70b__s6,llama3.3:70b,39,6,correct,correct
p39__llama3.3_70b__s7,llama3.3:70b,39,7,correct,correct
p39__llama3.3_70b__s8,llama3.3:70b,39,8,loud,loud_bug
p39__llama3.3_70b__s9,llama3.3:70b,39,9,code_failure,code_failure
p40__llama3.3_70b__s0,llama3.3:70b,40,0,code_failure,code_failure
p40__llama3.3_70b__s1,llama3.3:70b,40,1,code_failure,code_failure
p40__llama3.3_70b__s2,llama3.3:70b,40,2,code_failure,code_failure
p40__llama3.3_70b__s3,llama3.3:70b,40,3,code_failure,code_failure
p40__llama3.3_70b__s4,llama3.3:70b,40,4,code_failure,code_failure
p40__llama3.3_70b__s5,llama3.3:70b,40,5,code_failure,code_failure
p40__llama3.3_70b__s6,llama3.3:70b,40,6,code_failure,code_failure
p40__llama3.3_70b__s7,llama3.3:70b,40,7,code_failure,code_failure
p40__llama3.3_70b__s8,llama3.3:70b,40,8,code_failure,code_failure
p40__llama3.3_70b__s9,llama3.3:70b,40,9,code_failure,code_failure
p41__llama3.3_70b__s0,llama3.3:70b,41,0,code_failure,code_failure
p41__llama3.3_70b__s1,llama3.3:70b,41,1,code_failure,code_failure
p41__llama3.3_70b__s2,llama3.3:70b,41,2,code_failure,code_failure
p41__llama3.3_70b__s3,llama3.3:70b,41,3,code_failure,code_failure
p41__llama3.3_70b__s4,llama3.3:70b,41,4,code_failure,code_failure
p41__llama3.3_70b__s5,llama3.3:70b,41,5,code_failure,code_failure
p41__llama3.3_70b__s6,llama3.3:70b,41,6,code_failure,code_failure
p41__llama3.3_70b__s7,llama3.3:70b,41,7,code_failure,code_failure
p41__llama3.3_70b__s8,llama3.3:70b,41,8,code_failure,code_failure
p41__llama3.3_70b__s9,llama3.3:70b,41,9,code_failure,code_failure
p1__gpt-5-nano__s0,gpt-5-nano,1,0,silent,silent_bug
p1__gpt-5-nano__s1,gpt-5-nano,1,1,correct,correct
p1__gpt-5-nano__s2,gpt-5-nano,1,2,silent,silent_bug
p1__gpt-5-nano__s3,gpt-5-nano,1,3,loud,loud_bug
p1__gpt-5-nano__s4,gpt-5-nano,1,4,correct,correct
p1__gpt-5-nano__s5,gpt-5-nano,1,5,correct,correct
p1__gpt-5-nano__s6,gpt-5-nano,1,6,correct,correct
p1__gpt-5-nano__s7,gpt-5-nano,1,7,correct,correct
p1__gpt-5-nano__s8,gpt-5-nano,1,8,loud,loud_bug
p1__gpt-5-nano__s9,gpt-5-nano,1,9,silent,silent_bug
p2__gpt-5-nano__s0,gpt-5-nano,2,0,correct,correct
p2__gpt-5-nano__s1,gpt-5-nano,2,1,correct,correct
p2__gpt-5-nano__s2,gpt-5-nano,2,2,correct,correct
p2__gpt-5-nano__s3,gpt-5-nano,2,3,correct,correct
p2__gpt-5-nano__s4,gpt-5-nano,2,4,correct,correct
p2__gpt-5-nano__s5,gpt-5-nano,2,5,loud,loud_bug
p2__gpt-5-nano__s6,gpt-5-nano,2,6,correct,correct
p2__gpt-5-nano__s7,gpt-5-nano,2,7,correct,correct
p2__gpt-5-nano__s8,gpt-5-nano,2,8,code_failure,code_failure
p2__gpt-5-nano__s9,gpt-5-nano,2,9,correct,correct
p3__gpt-5-nano__s0,gpt-5-nano,3,0,correct,correct
p3__gpt-5-nano__s1,gpt-5-nano,3,1,correct,correct
p3__gpt-5-nano__s2,gpt-5-nano,3,2,correct,correct
p3__gpt-5-nano__s3,gpt-5-nano,3,3,loud,loud_bug
p3__gpt-5-nano__s4,gpt-5-nano,3,4,correct,correct
p3__gpt-5-nano__s5,gpt-5-nano,3,5,correct,correct
p3__gpt-5-nano__s6,gpt-5-nano,3,6,correct,correct
p3__gpt-5-nano__s7,gpt-5-nano,3,7,correct,correct
p3__gpt-5-nano__s8,gpt-5-nano,3,8,correct,correct
p3__gpt-5-nano__s9,gpt-5-nano,3,9,correct,correct
p4__gpt-5-nano__s0,gpt-5-nano,4,0,loud,loud_bug
p4__gpt-5-nano__s1,gpt-5-nano,4,1,loud,loud_bug
p4__gpt-5-nano__s2,gpt-5-nano,4,2,loud,loud_bug
p4__gpt-5-nano__s3,gpt-5-nano,4,3,loud,loud_bug
p4__gpt-5-nano__s4,gpt-5-nano,4,4,loud,loud_bug
p4__gpt-5-nano__s5,gpt-5-nano,4,5,loud,loud_bug
p4__gpt-5-nano__s6,gpt-5-nano,4,6,loud,loud_bug
p4__gpt-5-nano__s7,gpt-5-nano,4,7,loud,loud_bug
p4__gpt-5-nano__s8,gpt-5-nano,4,8,loud,loud_bug
p4__gpt-5-nano__s9,gpt-5-nano,4,9,loud,loud_bug
p5__gpt-5-nano__s0,gpt-5-nano,5,0,correct,correct
p5__gpt-5-nano__s1,gpt-5-nano,5,1,correct,correct
p5__gpt-5-nano__s2,gpt-5-nano,5,2,correct,correct
p5__gpt-5-nano__s3,gpt-5-nano,5,3,correct,correct
p5__gpt-5-nano__s4,gpt-5-nano,5,4,correct,correct
p5__gpt-5-nano__s5,gpt-5-nano,5,5,correct,correct
p5__gpt-5-nano__s6,gpt-5-nano,5,6,correct,correct
p5__gpt-5-nano__s7,gpt-5-nano,5,7,correct,correct
p5__gpt-5-nano__s8,gpt-5-nano,5,8,correct,correct
p5__gpt-5-nano__s9,gpt-5-nano,5,9,correct,correct
p6__gpt-5-nano__s0,gpt-5-nano,6,0,correct,correct
p6__gpt-5-nano__s1,gpt-5-nano,6,1,correct,correct
p6__gpt-5-nano__s2,gpt-5-nano,6,2,correct,correct
p6__gpt-5-nano__s3,gpt-5-nano,6,3,correct,correct
p6__gpt-5-nano__s4,gpt-5-nano,6,4,correct,correct
p6__gpt-5-nano__s5,gpt-5-nano,6,5,correct,correct
p6__gpt-5-nano__s6,gpt-5-nano,6,6,correct,correct
p6__gpt-5-nano__s7,gpt-5-nano,6,7,correct,correct
p6__gpt-5-nano__s8,gpt-5-nano,6,8,correct,correct
p6__gpt-5-nano__s9,gpt-5-nano,6,9,correct,correct
p7__gpt-5-nano__s0,gpt-5-nano,7,0,silent,silent_bug
p7__gpt-5-nano__s1,gpt-5-nano,7,1,silent,silent_bug
p7__gpt-5-nano__s2,gpt-5-nano,7,2,loud,loud_bug
p7__gpt-5-nano__s3,gpt-5-nano,7,3,code_failure,contract_failure
p7__gpt-5-nano__s4,gpt-5-nano,7,4,silent,silent_bug
p7__gpt-5-nano__s5,gpt-5-nano,7,5,code_failure,contract_failure
p7__gpt-5-nano__s6,gpt-5-nano,7,6,silent,silent_bug
p7__gpt-5-nano__s7,gpt-5-nano,7,7,silent,silent_bug
p7__gpt-5-nano__s8,gpt-5-nano,7,8,silent,silent_bug
p7__gpt-5-nano__s9,gpt-5-nano,7,9,code_failure,contract_failure
p8__gpt-5-nano__s0,gpt-5-nano,8,0,code_failure,code_failure
p8__gpt-5-nano__s1,gpt-5-nano,8,1,code_failure,code_failure
p8__gpt-5-nano__s2,gpt-5-nano,8,2,correct,correct
p8__gpt-5-nano__s3,gpt-5-nano,8,3,correct,correct
p8__gpt-5-nano__s4,gpt-5-nano,8,4,correct,correct
p8__gpt-5-nano__s5,gpt-5-nano,8,5,correct,correct
p8__gpt-5-nano__s6,gpt-5-nano,8,6,correct,correct
p8__gpt-5-nano__s7,gpt-5-nano,8,7,correct,correct
p8__gpt-5-nano__s8,gpt-5-nano,8,8,code_failure,code_failure
p8__gpt-5-nano__s9,gpt-5-nano,8,9,correct,correct
p9__gpt-5-nano__s0,gpt-5-nano,9,0,correct,correct
p9__gpt-5-nano__s1,gpt-5-nano,9,1,correct,correct
p9__gpt-5-nano__s2,gpt-5-nano,9,2,correct,correct
p9__gpt-5-nano__s3,gpt-5-nano,9,3,correct,correct
p9__gpt-5-nano__s4,gpt-5-nano,9,4,correct,correct
p9__gpt-5-nano__s5,gpt-5-nano,9,5,correct,correct
p9__gpt-5-nano__s6,gpt-5-nano,9,6,correct,correct
p9__gpt-5-nano__s7,gpt-5-nano,9,7,correct,correct
p9__gpt-5-nano__s8,gpt-5-nano,9,8,correct,correct
p9__gpt-5-nano__s9,gpt-5-nano,9,9,correct,correct
p10__gpt-5-nano__s0,gpt-5-nano,10,0,correct,correct
p10__gpt-5-nano__s1,gpt-5-nano,10,1,correct,correct
p10__gpt-5-nano__s2,gpt-5-nano,10,2,correct,correct
p10__gpt-5-nano__s3,gpt-5-nano,10,3,correct,correct
p10__gpt-5-nano__s4,gpt-5-nano,10,4,correct,correct
p10__gpt-5-nano__s5,gpt-5-nano,10,5,correct,correct
p10__gpt-5-nano__s6,gpt-5-nano,10,6,correct,correct
p10__gpt-5-nano__s7,gpt-5-nano,10,7,code_failure,code_failure
p10__gpt-5-nano__s8,gpt-5-nano,10,8,correct,correct
p10__gpt-5-nano__s9,gpt-5-nano,10,9,correct,correct
p11__gpt-5-nano__s0,gpt-5-nano,11,0,loud,loud_bug
p11__gpt-5-nano__s1,gpt-5-nano,11,1,code_failure,code_failure
p11__gpt-5-nano__s2,gpt-5-nano,11,2,loud,loud_bug
p11__gpt-5-nano__s3,gpt-5-nano,11,3,code_failure,code_failure
p11__gpt-5-nano__s4,gpt-5-nano,11,4,correct,correct
p11__gpt-5-nano__s5,gpt-5-nano,11,5,correct,correct
p11__gpt-5-nano__s6,gpt-5-nano,11,6,code_failure,code_failure
p11__gpt-5-nano__s7,gpt-5-nano,11,7,correct,correct
p11__gpt-5-nano__s8,gpt-5-nano,11,8,loud,loud_bug
p11__gpt-5-nano__s9,gpt-5-nano,11,9,correct,correct
p12__gpt-5-nano__s0,gpt-5-nano,12,0,correct,correct
p12__gpt-5-nano__s1,gpt-5-nano,12,1,correct,correct
p12__gpt-5-nano__s2,gpt-5-nano,12,2,correct,correct
p12__gpt-5-nano__s3,gpt-5-nano,12,3,correct,correct
p12__gpt-5-nano__s4,gpt-5-nano,12,4,correct,correct
p12__gpt-5-nano__s5,gpt-5-nano,12,5,correct,correct
p12__gpt-5-nano__s6,gpt-5-nano,12,6,correct,correct
p12__gpt-5-nano__s7,gpt-5-nano,12,7,correct,correct
p12__gpt-5-nano__s8,gpt-5-nano,12,8,correct,correct
p12__gpt-5-nano__s9,gpt-5-nano,12,9,code_failure,code_failure
p13__gpt-5-nano__s0,gpt-5-nano,13,0,correct,correct
p13__gpt-5-nano__s1,gpt-5-nano,13,1,correct,correct
p13__gpt-5-nano__s2,gpt-5-nano,13,2,correct,correct
p13__gpt-5-nano__s3,gpt-5-nano,13,3,code_failure,code_failure
p13__gpt-5-nano__s4,gpt-5-nano,13,4,correct,correct
p13__gpt-5-nano__s5,gpt-5-nano,13,5,correct,correct
p13__gpt-5-nano__s6,gpt-5-nano,13,6,code_failure,code_failure
p13__gpt-5-nano__s7,gpt-5-nano,13,7,correct,correct
p13__gpt-5-nano__s8,gpt-5-nano,13,8,code_failure,code_failure
p13__gpt-5-nano__s9,gpt-5-nano,13,9,correct,correct
p14__gpt-5-nano__s0,gpt-5-nano,14,0,correct,correct
p14__gpt-5-nano__s1,gpt-5-nano,14,1,correct,correct
p14__gpt-5-nano__s2,gpt-5-nano,14,2,correct,correct
p14__gpt-5-nano__s3,gpt-5-nano,14,3,correct,correct
p14__gpt-5-nano__s4,gpt-5-nano,14,4,code_failure,schema_failure
p14__gpt-5-nano__s5,gpt-5-nano,14,5,correct,correct
p14__gpt-5-nano__s6,gpt-5-nano,14,6,correct,correct
p14__gpt-5-nano__s7,gpt-5-nano,14,7,correct,correct
p14__gpt-5-nano__s8,gpt-5-nano,14,8,correct,correct
p14__gpt-5-nano__s9,gpt-5-nano,14,9,correct,correct
p15__gpt-5-nano__s0,gpt-5-nano,15,0,correct,correct
p15__gpt-5-nano__s1,gpt-5-nano,15,1,correct,correct
p15__gpt-5-nano__s2,gpt-5-nano,15,2,code_failure,code_failure
p15__gpt-5-nano__s3,gpt-5-nano,15,3,correct,correct
p15__gpt-5-nano__s4,gpt-5-nano,15,4,correct,correct
p15__gpt-5-nano__s5,gpt-5-nano,15,5,correct,correct
p15__gpt-5-nano__s6,gpt-5-nano,15,6,correct,correct
p15__gpt-5-nano__s7,gpt-5-nano,15,7,correct,correct
p15__gpt-5-nano__s8,gpt-5-nano,15,8,code_failure,code_failure
p15__gpt-5-nano__s9,gpt-5-nano,15,9,code_failure,code_failure
p16__gpt-5-nano__s0,gpt-5-nano,16,0,correct,correct
p16__gpt-5-nano__s1,gpt-5-nano,16,1,correct,correct
p16__gpt-5-nano__s2,gpt-5-nano,16,2,correct,correct
p16__gpt-5-nano__s3,gpt-5-nano,16,3,correct,correct
p16__gpt-5-nano__s4,gpt-5-nano,16,4,correct,correct
p16__gpt-5-nano__s5,gpt-5-nano,16,5,correct,correct
p16__gpt-5-nano__s6,gpt-5-nano,16,6,correct,correct
p16__gpt-5-nano__s7,gpt-5-nano,16,7,correct,correct
p16__gpt-5-nano__s8,gpt-5-nano,16,8,code_failure,code_failure
p16__gpt-5-nano__s9,gpt-5-nano,16,9,code_failure,code_failure
p17__gpt-5-nano__s0,gpt-5-nano,17,0,correct,correct
p17__gpt-5-nano__s1,gpt-5-nano,17,1,correct,correct
p17__gpt-5-nano__s2,gpt-5-nano,17,2,correct,correct
p17__gpt-5-nano__s3,gpt-5-nano,17,3,correct,correct
p17__gpt-5-nano__s4,gpt-5-nano,17,4,correct,correct
p17__gpt-5-nano__s5,gpt-5-nano,17,5,correct,correct
p17__gpt-5-nano__s6,gpt-5-nano,17,6,correct,correct
p17__gpt-5-nano__s7,gpt-5-nano,17,7,correct,correct
p17__gpt-5-nano__s8,gpt-5-nano,17,8,correct,correct
p17__gpt-5-nano__s9,gpt-5-nano,17,9,code_failure,code_failure
p18__gpt-5-nano__s0,gpt-5-nano,18,0,correct,correct
p18__gpt-5-nano__s1,gpt-5-nano,18,1,code_failure,code_failure
p18__gpt-5-nano__s2,gpt-5-nano,18,2,correct,correct
p18__gpt-5-nano__s3,gpt-5-nano,18,3,correct,correct
p18__gpt-5-nano__s4,gpt-5-nano,18,4,correct,correct
p18__gpt-5-nano__s5,gpt-5-nano,18,5,code_failure,code_failure
p18__gpt-5-nano__s6,gpt-5-nano,18,6,correct,correct
p18__gpt-5-nano__s7,gpt-5-nano,18,7,correct,correct
p18__gpt-5-nano__s8,gpt-5-nano,18,8,code_failure,code_failure
p18__gpt-5-nano__s9,gpt-5-nano,18,9,correct,correct
p19__gpt-5-nano__s0,gpt-5-nano,19,0,correct,correct
p19__gpt-5-nano__s1,gpt-5-nano,19,1,correct,correct
p19__gpt-5-nano__s2,gpt-5-nano,19,2,correct,correct
p19__gpt-5-nano__s3,gpt-5-nano,19,3,correct,correct
p19__gpt-5-nano__s4,gpt-5-nano,19,4,code_failure,code_failure
p19__gpt-5-nano__s5,gpt-5-nano,19,5,code_failure,code_failure
p19__gpt-5-nano__s6,gpt-5-nano,19,6,code_failure,code_failure
p19__gpt-5-nano__s7,gpt-5-nano,19,7,correct,correct
p19__gpt-5-nano__s8,gpt-5-nano,19,8,correct,correct
p19__gpt-5-nano__s9,gpt-5-nano,19,9,code_failure,code_failure
p20__gpt-5-nano__s0,gpt-5-nano,20,0,correct,correct
p20__gpt-5-nano__s1,gpt-5-nano,20,1,correct,correct
p20__gpt-5-nano__s2,gpt-5-nano,20,2,correct,correct
p20__gpt-5-nano__s3,gpt-5-nano,20,3,correct,correct
p20__gpt-5-nano__s4,gpt-5-nano,20,4,correct,correct
p20__gpt-5-nano__s5,gpt-5-nano,20,5,correct,correct
p20__gpt-5-nano__s6,gpt-5-nano,20,6,correct,correct
p20__gpt-5-nano__s7,gpt-5-nano,20,7,correct,correct
p20__gpt-5-nano__s8,gpt-5-nano,20,8,correct,correct
p20__gpt-5-nano__s9,gpt-5-nano,20,9,correct,correct
p21__gpt-5-nano__s0,gpt-5-nano,21,0,loud,loud_bug
p21__gpt-5-nano__s1,gpt-5-nano,21,1,code_failure,code_failure
p21__gpt-5-nano__s2,gpt-5-nano,21,2,code_failure,code_failure
p21__gpt-5-nano__s3,gpt-5-nano,21,3,correct,correct
p21__gpt-5-nano__s4,gpt-5-nano,21,4,correct,correct
p21__gpt-5-nano__s5,gpt-5-nano,21,5,correct,correct
p21__gpt-5-nano__s6,gpt-5-nano,21,6,code_failure,code_failure
p21__gpt-5-nano__s7,gpt-5-nano,21,7,correct,correct
p21__gpt-5-nano__s8,gpt-5-nano,21,8,correct,correct
p21__gpt-5-nano__s9,gpt-5-nano,21,9,correct,correct
p22__gpt-5-nano__s0,gpt-5-nano,22,0,silent,silent_bug
p22__gpt-5-nano__s1,gpt-5-nano,22,1,silent,silent_bug
p22__gpt-5-nano__s2,gpt-5-nano,22,2,code_failure,contract_failure
p22__gpt-5-nano__s3,gpt-5-nano,22,3,silent,silent_bug
p22__gpt-5-nano__s4,gpt-5-nano,22,4,code_failure,code_failure
p22__gpt-5-nano__s5,gpt-5-nano,22,5,silent,silent_bug
p22__gpt-5-nano__s6,gpt-5-nano,22,6,code_failure,contract_failure
p22__gpt-5-nano__s7,gpt-5-nano,22,7,silent,silent_bug
p22__gpt-5-nano__s8,gpt-5-nano,22,8,silent,silent_bug
p22__gpt-5-nano__s9,gpt-5-nano,22,9,correct,correct
p23__gpt-5-nano__s0,gpt-5-nano,23,0,correct,correct
p23__gpt-5-nano__s1,gpt-5-nano,23,1,correct,correct
p23__gpt-5-nano__s2,gpt-5-nano,23,2,correct,correct
p23__gpt-5-nano__s3,gpt-5-nano,23,3,correct,correct
p23__gpt-5-nano__s4,gpt-5-nano,23,4,correct,correct
p23__gpt-5-nano__s5,gpt-5-nano,23,5,correct,correct
p23__gpt-5-nano__s6,gpt-5-nano,23,6,correct,correct
p23__gpt-5-nano__s7,gpt-5-nano,23,7,correct,correct
p23__gpt-5-nano__s8,gpt-5-nano,23,8,correct,correct
p23__gpt-5-nano__s9,gpt-5-nano,23,9,correct,correct
p24__gpt-5-nano__s0,gpt-5-nano,24,0,code_failure,code_failure
p24__gpt-5-nano__s1,gpt-5-nano,24,1,correct,correct
p24__gpt-5-nano__s2,gpt-5-nano,24,2,correct,correct
p24__gpt-5-nano__s3,gpt-5-nano,24,3,silent,silent_bug
p24__gpt-5-nano__s4,gpt-5-nano,24,4,code_failure,code_failure
p24__gpt-5-nano__s5,gpt-5-nano,24,5,silent,silent_bug
p24__gpt-5-nano__s6,gpt-5-nano,24,6,silent,silent_bug
p24__gpt-5-nano__s7,gpt-5-nano,24,7,correct,correct
p24__gpt-5-nano__s8,gpt-5-nano,24,8,correct,correct
p24__gpt-5-nano__s9,gpt-5-nano,24,9,correct,correct
p25__gpt-5-nano__s0,gpt-5-nano,25,0,silent,silent_bug
p25__gpt-5-nano__s1,gpt-5-nano,25,1,code_failure,contract_failure
p25__gpt-5-nano__s2,gpt-5-nano,25,2,silent,silent_bug
p25__gpt-5-nano__s3,gpt-5-nano,25,3,code_failure,contract_failure
p25__gpt-5-nano__s4,gpt-5-nano,25,4,code_failure,code_failure
p25__gpt-5-nano__s5,gpt-5-nano,25,5,code_failure,code_failure
p25__gpt-5-nano__s6,gpt-5-nano,25,6,code_failure,code_failure
p25__gpt-5-nano__s7,gpt-5-nano,25,7,code_failure,code_failure
p25__gpt-5-nano__s8,gpt-5-nano,25,8,code_failure,code_failure
p25__gpt-5-nano__s9,gpt-5-nano,25,9,loud,loud_bug
p26__gpt-5-nano__s0,gpt-5-nano,26,0,correct,correct
p26__gpt-5-nano__s1,gpt-5-nano,26,1,correct,correct
p26__gpt-5-nano__s2,gpt-5-nano,26,2,correct,correct
p26__gpt-5-nano__s3,gpt-5-nano,26,3,correct,correct
p26__gpt-5-nano__s4,gpt-5-nano,26,4,correct,correct
p26__gpt-5-nano__s5,gpt-5-nano,26,5,correct,correct
p26__gpt-5-nano__s6,gpt-5-nano,26,6,correct,correct
p26__gpt-5-nano__s7,gpt-5-nano,26,7,code_failure,code_failure
p26__gpt-5-nano__s8,gpt-5-nano,26,8,correct,correct
p26__gpt-5-nano__s9,gpt-5-nano,26,9,correct,correct
p27__gpt-5-nano__s0,gpt-5-nano,27,0,silent,silent_bug
p27__gpt-5-nano__s1,gpt-5-nano,27,1,silent,silent_bug
p27__gpt-5-nano__s2,gpt-5-nano,27,2,silent,silent_bug
p27__gpt-5-nano__s3,gpt-5-nano,27,3,silent,silent_bug
p27__gpt-5-nano__s4,gpt-5-nano,27,4,silent,silent_bug
p27__gpt-5-nano__s5,gpt-5-nano,27,5,silent,silent_bug
p27__gpt-5-nano__s6,gpt-5-nano,27,6,silent,silent_bug
p27__gpt-5-nano__s7,gpt-5-nano,27,7,silent,silent_bug
p27__gpt-5-nano__s8,gpt-5-nano,27,8,silent,silent_bug
p27__gpt-5-nano__s9,gpt-5-nano,27,9,code_failure,code_failure
p28__gpt-5-nano__s0,gpt-5-nano,28,0,loud,loud_bug
p28__gpt-5-nano__s1,gpt-5-nano,28,1,correct,correct
p28__gpt-5-nano__s2,gpt-5-nano,28,2,loud,loud_bug
p28__gpt-5-nano__s3,gpt-5-nano,28,3,loud,loud_bug
p28__gpt-5-nano__s4,gpt-5-nano,28,4,loud,loud_bug
p28__gpt-5-nano__s5,gpt-5-nano,28,5,loud,loud_bug
p28__gpt-5-nano__s6,gpt-5-nano,28,6,correct,correct
p28__gpt-5-nano__s7,gpt-5-nano,28,7,loud,loud_bug
p28__gpt-5-nano__s8,gpt-5-nano,28,8,loud,loud_bug
p28__gpt-5-nano__s9,gpt-5-nano,28,9,correct,correct
p29__gpt-5-nano__s0,gpt-5-nano,29,0,correct,correct
p29__gpt-5-nano__s1,gpt-5-nano,29,1,code_failure,code_failure
p29__gpt-5-nano__s2,gpt-5-nano,29,2,correct,correct
p29__gpt-5-nano__s3,gpt-5-nano,29,3,correct,correct
p29__gpt-5-nano__s4,gpt-5-nano,29,4,code_failure,code_failure
p29__gpt-5-nano__s5,gpt-5-nano,29,5,correct,correct
p29__gpt-5-nano__s6,gpt-5-nano,29,6,correct,correct
p29__gpt-5-nano__s7,gpt-5-nano,29,7,correct,correct
p29__gpt-5-nano__s8,gpt-5-nano,29,8,correct,correct
p29__gpt-5-nano__s9,gpt-5-nano,29,9,correct,correct
p30__gpt-5-nano__s0,gpt-5-nano,30,0,code_failure,contract_failure
p30__gpt-5-nano__s1,gpt-5-nano,30,1,silent,silent_bug
p30__gpt-5-nano__s2,gpt-5-nano,30,2,code_failure,code_failure
p30__gpt-5-nano__s3,gpt-5-nano,30,3,loud,loud_bug
p30__gpt-5-nano__s4,gpt-5-nano,30,4,silent,silent_bug
p30__gpt-5-nano__s5,gpt-5-nano,30,5,loud,loud_bug
p30__gpt-5-nano__s6,gpt-5-nano,30,6,correct,correct
p30__gpt-5-nano__s7,gpt-5-nano,30,7,correct,correct
p30__gpt-5-nano__s8,gpt-5-nano,30,8,code_failure,code_failure
p30__gpt-5-nano__s9,gpt-5-nano,30,9,code_failure,contract_failure
p31__gpt-5-nano__s0,gpt-5-nano,31,0,silent,silent_bug
p31__gpt-5-nano__s1,gpt-5-nano,31,1,code_failure,code_failure
p31__gpt-5-nano__s2,gpt-5-nano,31,2,code_failure,contract_failure
p31__gpt-5-nano__s3,gpt-5-nano,31,3,code_failure,contract_failure
p31__gpt-5-nano__s4,gpt-5-nano,31,4,loud,loud_bug
p31__gpt-5-nano__s5,gpt-5-nano,31,5,code_failure,contract_failure
p31__gpt-5-nano__s6,gpt-5-nano,31,6,code_failure,contract_failure
p31__gpt-5-nano__s7,gpt-5-nano,31,7,code_failure,code_failure
p31__gpt-5-nano__s8,gpt-5-nano,31,8,code_failure,contract_failure
p31__gpt-5-nano__s9,gpt-5-nano,31,9,code_failure,code_failure
p32__gpt-5-nano__s0,gpt-5-nano,32,0,correct,correct
p32__gpt-5-nano__s1,gpt-5-nano,32,1,correct,correct
p32__gpt-5-nano__s2,gpt-5-nano,32,2,loud,loud_bug
p32__gpt-5-nano__s3,gpt-5-nano,32,3,loud,loud_bug
p32__gpt-5-nano__s4,gpt-5-nano,32,4,correct,correct
p32__gpt-5-nano__s5,gpt-5-nano,32,5,correct,correct
p32__gpt-5-nano__s6,gpt-5-nano,32,6,correct,correct
p32__gpt-5-nano__s7,gpt-5-nano,32,7,silent,silent_bug
p32__gpt-5-nano__s8,gpt-5-nano,32,8,loud,loud_bug
p32__gpt-5-nano__s9,gpt-5-nano,32,9,code_failure,schema_failure
p33__gpt-5-nano__s0,gpt-5-nano,33,0,correct,correct
p33__gpt-5-nano__s1,gpt-5-nano,33,1,loud,loud_bug
p33__gpt-5-nano__s2,gpt-5-nano,33,2,loud,loud_bug
p33__gpt-5-nano__s3,gpt-5-nano,33,3,silent,silent_bug
p33__gpt-5-nano__s4,gpt-5-nano,33,4,loud,loud_bug
p33__gpt-5-nano__s5,gpt-5-nano,33,5,code_failure,contract_failure
p33__gpt-5-nano__s6,gpt-5-nano,33,6,correct,correct
p33__gpt-5-nano__s7,gpt-5-nano,33,7,code_failure,contract_failure
p33__gpt-5-nano__s8,gpt-5-nano,33,8,silent,silent_bug
p33__gpt-5-nano__s9,gpt-5-nano,33,9,silent,silent_bug
p34__gpt-5-nano__s0,gpt-5-nano,34,0,correct,correct
p34__gpt-5-nano__s1,gpt-5-nano,34,1,correct,correct
p34__gpt-5-nano__s2,gpt-5-nano,34,2,correct,correct
p34__gpt-5-nano__s3,gpt-5-nano,34,3,correct,correct
p34__gpt-5-nano__s4,gpt-5-nano,34,4,correct,correct
p34__gpt-5-nano__s5,gpt-5-nano,34,5,correct,correct
p34__gpt-5-nano__s6,gpt-5-nano,34,6,correct,correct
p34__gpt-5-nano__s7,gpt-5-nano,34,7,code_failure,code_failure
p34__gpt-5-nano__s8,gpt-5-nano,34,8,correct,correct
p34__gpt-5-nano__s9,gpt-5-nano,34,9,correct,correct
p35__gpt-5-nano__s0,gpt-5-nano,35,0,correct,correct
p35__gpt-5-nano__s1,gpt-5-nano,35,1,correct,correct
p35__gpt-5-nano__s2,gpt-5-nano,35,2,code_failure,code_failure
p35__gpt-5-nano__s3,gpt-5-nano,35,3,correct,correct
p35__gpt-5-nano__s4,gpt-5-nano,35,4,correct,correct
p35__gpt-5-nano__s5,gpt-5-nano,35,5,correct,correct
p35__gpt-5-nano__s6,gpt-5-nano,35,6,correct,correct
p35__gpt-5-nano__s7,gpt-5-nano,35,7,correct,correct
p35__gpt-5-nano__s8,gpt-5-nano,35,8,correct,correct
p35__gpt-5-nano__s9,gpt-5-nano,35,9,correct,correct
p36__gpt-5-nano__s0,gpt-5-nano,36,0,correct,correct
p36__gpt-5-nano__s1,gpt-5-nano,36,1,correct,correct
p36__gpt-5-nano__s2,gpt-5-nano,36,2,silent,silent_bug
p36__gpt-5-nano__s3,gpt-5-nano,36,3,code_failure,code_failure
p36__gpt-5-nano__s4,gpt-5-nano,36,4,correct,correct
p36__gpt-5-nano__s5,gpt-5-nano,36,5,correct,correct
p36__gpt-5-nano__s6,gpt-5-nano,36,6,correct,correct
p36__gpt-5-nano__s7,gpt-5-nano,36,7,correct,correct
p36__gpt-5-nano__s8,gpt-5-nano,36,8,code_failure,schema_failure
p36__gpt-5-nano__s9,gpt-5-nano,36,9,code_failure,code_failure
p37__gpt-5-nano__s0,gpt-5-nano,37,0,correct,correct
p37__gpt-5-nano__s1,gpt-5-nano,37,1,correct,correct
p37__gpt-5-nano__s2,gpt-5-nano,37,2,correct,correct
p37__gpt-5-nano__s3,gpt-5-nano,37,3,correct,correct
p37__gpt-5-nano__s4,gpt-5-nano,37,4,correct,correct
p37__gpt-5-nano__s5,gpt-5-nano,37,5,correct,correct
p37__gpt-5-nano__s6,gpt-5-nano,37,6,correct,correct
p37__gpt-5-nano__s7,gpt-5-nano,37,7,correct,correct
p37__gpt-5-nano__s8,gpt-5-nano,37,8,correct,correct
p37__gpt-5-nano__s9,gpt-5-nano,37,9,correct,correct
p38__gpt-5-nano__s0,gpt-5-nano,38,0,correct,correct
p38__gpt-5-nano__s1,gpt-5-nano,38,1,correct,correct
p38__gpt-5-nano__s2,gpt-5-nano,38,2,correct,correct
p38__gpt-5-nano__s3,gpt-5-nano,38,3,correct,correct
p38__gpt-5-nano__s4,gpt-5-nano,38,4,correct,correct
p38__gpt-5-nano__s5,gpt-5-nano,38,5,correct,correct
p38__gpt-5-nano__s6,gpt-5-nano,38,6,correct,correct
p38__gpt-5-nano__s7,gpt-5-nano,38,7,correct,correct
p38__gpt-5-nano__s8,gpt-5-nano,38,8,correct,correct
p38__gpt-5-nano__s9,gpt-5-nano,38,9,correct,correct
p39__gpt-5-nano__s0,gpt-5-nano,39,0,correct,correct
p39__gpt-5-nano__s1,gpt-5-nano,39,1,correct,correct
p39__gpt-5-nano__s2,gpt-5-nano,39,2,correct,correct
p39__gpt-5-nano__s3,gpt-5-nano,39,3,correct,correct
p39__gpt-5-nano__s4,gpt-5-nano,39,4,correct,correct
p39__gpt-5-nano__s5,gpt-5-nano,39,5,correct,correct
p39__gpt-5-nano__s6,gpt-5-nano,39,6,correct,correct
p39__gpt-5-nano__s7,gpt-5-nano,39,7,correct,correct
p39__gpt-5-nano__s8,gpt-5-nano,39,8,correct,correct
p39__gpt-5-nano__s9,gpt-5-nano,39,9,correct,correct
p40__gpt-5-nano__s0,gpt-5-nano,40,0,silent,silent_bug
p40__gpt-5-nano__s1,gpt-5-nano,40,1,code_failure,contract_failure
p40__gpt-5-nano__s2,gpt-5-nano,40,2,silent,silent_bug
p40__gpt-5-nano__s3,gpt-5-nano,40,3,code_failure,code_failure
p40__gpt-5-nano__s4,gpt-5-nano,40,4,code_failure,contract_failure
p40__gpt-5-nano__s5,gpt-5-nano,40,5,code_failure,code_failure
p40__gpt-5-nano__s6,gpt-5-nano,40,6,code_failure,contract_failure
p40__gpt-5-nano__s7,gpt-5-nano,40,7,code_failure,code_failure
p40__gpt-5-nano__s8,gpt-5-nano,40,8,code_failure,contract_failure
p40__gpt-5-nano__s9,gpt-5-nano,40,9,silent,silent_bug
p41__gpt-5-nano__s0,gpt-5-nano,41,0,correct,correct
p41__gpt-5-nano__s1,gpt-5-nano,41,1,correct,correct
p41__gpt-5-nano__s2,gpt-5-nano,41,2,correct,correct
p41__gpt-5-nano__s3,gpt-5-nano,41,3,correct,correct
p41__gpt-5-nano__s4,gpt-5-nano,41,4,loud,loud_bug
p41__gpt-5-nano__s5,gpt-5-nano,41,5,correct,correct
p41__gpt-5-nano__s6,gpt-5-nano,41,6,correct,correct
p41__gpt-5-nano__s7,gpt-5-nano,41,7,correct,correct
p41__gpt-5-nano__s8,gpt-5-nano,41,8,correct,correct
p41__gpt-5-nano__s9,gpt-5-nano,41,9,correct,correct
p1__chenyitian-shanshu_SIRL-Gurobi__s0,chenyitian-shanshu/SIRL-Gurobi,1,0,code_failure,code_failure
p1__chenyitian-shanshu_SIRL-Gurobi__s1,chenyitian-shanshu/SIRL-Gurobi,1,1,loud,loud_bug
p1__chenyitian-shanshu_SIRL-Gurobi__s2,chenyitian-shanshu/SIRL-Gurobi,1,2,code_failure,schema_failure
p1__chenyitian-shanshu_SIRL-Gurobi__s3,chenyitian-shanshu/SIRL-Gurobi,1,3,code_failure,schema_failure
p1__chenyitian-shanshu_SIRL-Gurobi__s4,chenyitian-shanshu/SIRL-Gurobi,1,4,code_failure,schema_failure
p1__chenyitian-shanshu_SIRL-Gurobi__s5,chenyitian-shanshu/SIRL-Gurobi,1,5,code_failure,schema_failure
p1__chenyitian-shanshu_SIRL-Gurobi__s6,chenyitian-shanshu/SIRL-Gurobi,1,6,code_failure,schema_failure
p1__chenyitian-shanshu_SIRL-Gurobi__s7,chenyitian-shanshu/SIRL-Gurobi,1,7,code_failure,schema_failure
p1__chenyitian-shanshu_SIRL-Gurobi__s8,chenyitian-shanshu/SIRL-Gurobi,1,8,loud,loud_bug
p1__chenyitian-shanshu_SIRL-Gurobi__s9,chenyitian-shanshu/SIRL-Gurobi,1,9,loud,loud_bug
p2__chenyitian-shanshu_SIRL-Gurobi__s0,chenyitian-shanshu/SIRL-Gurobi,2,0,code_failure,code_failure
p2__chenyitian-shanshu_SIRL-Gurobi__s1,chenyitian-shanshu/SIRL-Gurobi,2,1,code_failure,code_failure
p2__chenyitian-shanshu_SIRL-Gurobi__s2,chenyitian-shanshu/SIRL-Gurobi,2,2,code_failure,code_failure
p2__chenyitian-shanshu_SIRL-Gurobi__s3,chenyitian-shanshu/SIRL-Gurobi,2,3,loud,loud_bug
p2__chenyitian-shanshu_SIRL-Gurobi__s4,chenyitian-shanshu/SIRL-Gurobi,2,4,loud,loud_bug
p2__chenyitian-shanshu_SIRL-Gurobi__s5,chenyitian-shanshu/SIRL-Gurobi,2,5,loud,loud_bug
p2__chenyitian-shanshu_SIRL-Gurobi__s6,chenyitian-shanshu/SIRL-Gurobi,2,6,loud,loud_bug
p2__chenyitian-shanshu_SIRL-Gurobi__s7,chenyitian-shanshu/SIRL-Gurobi,2,7,loud,loud_bug
p2__chenyitian-shanshu_SIRL-Gurobi__s8,chenyitian-shanshu/SIRL-Gurobi,2,8,loud,loud_bug
p2__chenyitian-shanshu_SIRL-Gurobi__s9,chenyitian-shanshu/SIRL-Gurobi,2,9,loud,loud_bug
p3__chenyitian-shanshu_SIRL-Gurobi__s0,chenyitian-shanshu/SIRL-Gurobi,3,0,loud,loud_bug
p3__chenyitian-shanshu_SIRL-Gurobi__s1,chenyitian-shanshu/SIRL-Gurobi,3,1,loud,loud_bug
p3__chenyitian-shanshu_SIRL-Gurobi__s2,chenyitian-shanshu/SIRL-Gurobi,3,2,loud,loud_bug
p3__chenyitian-shanshu_SIRL-Gurobi__s3,chenyitian-shanshu/SIRL-Gurobi,3,3,code_failure,schema_failure
p3__chenyitian-shanshu_SIRL-Gurobi__s4,chenyitian-shanshu/SIRL-Gurobi,3,4,loud,loud_bug
p3__chenyitian-shanshu_SIRL-Gurobi__s5,chenyitian-shanshu/SIRL-Gurobi,3,5,loud,loud_bug
p3__chenyitian-shanshu_SIRL-Gurobi__s6,chenyitian-shanshu/SIRL-Gurobi,3,6,loud,loud_bug
p3__chenyitian-shanshu_SIRL-Gurobi__s7,chenyitian-shanshu/SIRL-Gurobi,3,7,loud,loud_bug
p3__chenyitian-shanshu_SIRL-Gurobi__s8,chenyitian-shanshu/SIRL-Gurobi,3,8,loud,loud_bug
p3__chenyitian-shanshu_SIRL-Gurobi__s9,chenyitian-shanshu/SIRL-Gurobi,3,9,loud,loud_bug
p4__chenyitian-shanshu_SIRL-Gurobi__s0,chenyitian-shanshu/SIRL-Gurobi,4,0,loud,loud_bug
p4__chenyitian-shanshu_SIRL-Gurobi__s1,chenyitian-shanshu/SIRL-Gurobi,4,1,loud,loud_bug
p4__chenyitian-shanshu_SIRL-Gurobi__s2,chenyitian-shanshu/SIRL-Gurobi,4,2,loud,loud_bug
p4__chenyitian-shanshu_SIRL-Gurobi__s3,chenyitian-shanshu/SIRL-Gurobi,4,3,loud,loud_bug
p4__chenyitian-shanshu_SIRL-Gurobi__s4,chenyitian-shanshu/SIRL-Gurobi,4,4,loud,loud_bug
p4__chenyitian-shanshu_SIRL-Gurobi__s5,chenyitian-shanshu/SIRL-Gurobi,4,5,loud,loud_bug
p4__chenyitian-shanshu_SIRL-Gurobi__s6,chenyitian-shanshu/SIRL-Gurobi,4,6,loud,loud_bug
p4__chenyitian-shanshu_SIRL-Gurobi__s7,chenyitian-shanshu/SIRL-Gurobi,4,7,loud,loud_bug
p4__chenyitian-shanshu_SIRL-Gurobi__s8,chenyitian-shanshu/SIRL-Gurobi,4,8,loud,loud_bug
p4__chenyitian-shanshu_SIRL-Gurobi__s9,chenyitian-shanshu/SIRL-Gurobi,4,9,loud,loud_bug
p5__chenyitian-shanshu_SIRL-Gurobi__s0,chenyitian-shanshu/SIRL-Gurobi,5,0,correct,correct
p5__chenyitian-shanshu_SIRL-Gurobi__s1,chenyitian-shanshu/SIRL-Gurobi,5,1,silent,silent_bug
p5__chenyitian-shanshu_SIRL-Gurobi__s2,chenyitian-shanshu/SIRL-Gurobi,5,2,correct,correct
p5__chenyitian-shanshu_SIRL-Gurobi__s3,chenyitian-shanshu/SIRL-Gurobi,5,3,correct,correct
p5__chenyitian-shanshu_SIRL-Gurobi__s4,chenyitian-shanshu/SIRL-Gurobi,5,4,correct,correct
p5__chenyitian-shanshu_SIRL-Gurobi__s5,chenyitian-shanshu/SIRL-Gurobi,5,5,code_failure,code_failure
p5__chenyitian-shanshu_SIRL-Gurobi__s6,chenyitian-shanshu/SIRL-Gurobi,5,6,correct,correct
p5__chenyitian-shanshu_SIRL-Gurobi__s7,chenyitian-shanshu/SIRL-Gurobi,5,7,correct,correct
p5__chenyitian-shanshu_SIRL-Gurobi__s8,chenyitian-shanshu/SIRL-Gurobi,5,8,correct,correct
p5__chenyitian-shanshu_SIRL-Gurobi__s9,chenyitian-shanshu/SIRL-Gurobi,5,9,silent,silent_bug
p6__chenyitian-shanshu_SIRL-Gurobi__s0,chenyitian-shanshu/SIRL-Gurobi,6,0,loud,loud_bug
p6__chenyitian-shanshu_SIRL-Gurobi__s1,chenyitian-shanshu/SIRL-Gurobi,6,1,code_failure,schema_failure
p6__chenyitian-shanshu_SIRL-Gurobi__s2,chenyitian-shanshu/SIRL-Gurobi,6,2,loud,loud_bug
p6__chenyitian-shanshu_SIRL-Gurobi__s3,chenyitian-shanshu/SIRL-Gurobi,6,3,code_failure,schema_failure
p6__chenyitian-shanshu_SIRL-Gurobi__s4,chenyitian-shanshu/SIRL-Gurobi,6,4,correct,correct
p6__chenyitian-shanshu_SIRL-Gurobi__s5,chenyitian-shanshu/SIRL-Gurobi,6,5,code_failure,code_failure
p6__chenyitian-shanshu_SIRL-Gurobi__s6,chenyitian-shanshu/SIRL-Gurobi,6,6,silent,silent_bug
p6__chenyitian-shanshu_SIRL-Gurobi__s7,chenyitian-shanshu/SIRL-Gurobi,6,7,code_failure,contract_failure
p6__chenyitian-shanshu_SIRL-Gurobi__s8,chenyitian-shanshu/SIRL-Gurobi,6,8,correct,correct
p6__chenyitian-shanshu_SIRL-Gurobi__s9,chenyitian-shanshu/SIRL-Gurobi,6,9,loud,loud_bug
p7__chenyitian-shanshu_SIRL-Gurobi__s0,chenyitian-shanshu/SIRL-Gurobi,7,0,loud,loud_bug
p7__chenyitian-shanshu_SIRL-Gurobi__s1,chenyitian-shanshu/SIRL-Gurobi,7,1,code_failure,code_failure
p7__chenyitian-shanshu_SIRL-Gurobi__s2,chenyitian-shanshu/SIRL-Gurobi,7,2,loud,loud_bug
p7__chenyitian-shanshu_SIRL-Gurobi__s3,chenyitian-shanshu/SIRL-Gurobi,7,3,loud,loud_bug
p7__chenyitian-shanshu_SIRL-Gurobi__s4,chenyitian-shanshu/SIRL-Gurobi,7,4,loud,loud_bug
p7__chenyitian-shanshu_SIRL-Gurobi__s5,chenyitian-shanshu/SIRL-Gurobi,7,5,code_failure,code_failure
p7__chenyitian-shanshu_SIRL-Gurobi__s6,chenyitian-shanshu/SIRL-Gurobi,7,6,loud,loud_bug
p7__chenyitian-shanshu_SIRL-Gurobi__s7,chenyitian-shanshu/SIRL-Gurobi,7,7,code_failure,schema_failure
p7__chenyitian-shanshu_SIRL-Gurobi__s8,chenyitian-shanshu/SIRL-Gurobi,7,8,loud,loud_bug
p7__chenyitian-shanshu_SIRL-Gurobi__s9,chenyitian-shanshu/SIRL-Gurobi,7,9,code_failure,code_failure
p8__chenyitian-shanshu_SIRL-Gurobi__s0,chenyitian-shanshu/SIRL-Gurobi,8,0,code_failure,code_failure
p8__chenyitian-shanshu_SIRL-Gurobi__s1,chenyitian-shanshu/SIRL-Gurobi,8,1,correct,correct
p8__chenyitian-shanshu_SIRL-Gurobi__s2,chenyitian-shanshu/SIRL-Gurobi,8,2,correct,correct
p8__chenyitian-shanshu_SIRL-Gurobi__s3,chenyitian-shanshu/SIRL-Gurobi,8,3,correct,correct
p8__chenyitian-shanshu_SIRL-Gurobi__s4,chenyitian-shanshu/SIRL-Gurobi,8,4,correct,correct
p8__chenyitian-shanshu_SIRL-Gurobi__s5,chenyitian-shanshu/SIRL-Gurobi,8,5,correct,correct
p8__chenyitian-shanshu_SIRL-Gurobi__s6,chenyitian-shanshu/SIRL-Gurobi,8,6,correct,correct
p8__chenyitian-shanshu_SIRL-Gurobi__s7,chenyitian-shanshu/SIRL-Gurobi,8,7,correct,correct
p8__chenyitian-shanshu_SIRL-Gurobi__s8,chenyitian-shanshu/SIRL-Gurobi,8,8,correct,correct
p8__chenyitian-shanshu_SIRL-Gurobi__s9,chenyitian-shanshu/SIRL-Gurobi,8,9,correct,correct
p9__chenyitian-shanshu_SIRL-Gurobi__s0,chenyitian-shanshu/SIRL-Gurobi,9,0,code_failure,schema_failure
p9__chenyitian-shanshu_SIRL-Gurobi__s1,chenyitian-shanshu/SIRL-Gurobi,9,1,code_failure,code_failure
p9__chenyitian-shanshu_SIRL-Gurobi__s2,chenyitian-shanshu/SIRL-Gurobi,9,2,silent,silent_bug
p9__chenyitian-shanshu_SIRL-Gurobi__s3,chenyitian-shanshu/SIRL-Gurobi,9,3,loud,loud_bug
p9__chenyitian-shanshu_SIRL-Gurobi__s4,chenyitian-shanshu/SIRL-Gurobi,9,4,code_failure,code_failure
p9__chenyitian-shanshu_SIRL-Gurobi__s5,chenyitian-shanshu/SIRL-Gurobi,9,5,loud,loud_bug
p9__chenyitian-shanshu_SIRL-Gurobi__s6,chenyitian-shanshu/SIRL-Gurobi,9,6,silent,silent_bug
p9__chenyitian-shanshu_SIRL-Gurobi__s7,chenyitian-shanshu/SIRL-Gurobi,9,7,code_failure,code_failure
p9__chenyitian-shanshu_SIRL-Gurobi__s8,chenyitian-shanshu/SIRL-Gurobi,9,8,silent,silent_bug
p9__chenyitian-shanshu_SIRL-Gurobi__s9,chenyitian-shanshu/SIRL-Gurobi,9,9,correct,correct
p10__chenyitian-shanshu_SIRL-Gurobi__s0,chenyitian-shanshu/SIRL-Gurobi,10,0,loud,loud_bug
p10__chenyitian-shanshu_SIRL-Gurobi__s1,chenyitian-shanshu/SIRL-Gurobi,10,1,loud,loud_bug
p10__chenyitian-shanshu_SIRL-Gurobi__s2,chenyitian-shanshu/SIRL-Gurobi,10,2,correct,correct
p10__chenyitian-shanshu_SIRL-Gurobi__s3,chenyitian-shanshu/SIRL-Gurobi,10,3,correct,correct
p10__chenyitian-shanshu_SIRL-Gurobi__s4,chenyitian-shanshu/SIRL-Gurobi,10,4,loud,loud_bug
p10__chenyitian-shanshu_SIRL-Gurobi__s5,chenyitian-shanshu/SIRL-Gurobi,10,5,correct,correct
p10__chenyitian-shanshu_SIRL-Gurobi__s6,chenyitian-shanshu/SIRL-Gurobi,10,6,loud,loud_bug
p10__chenyitian-shanshu_SIRL-Gurobi__s7,chenyitian-shanshu/SIRL-Gurobi,10,7,loud,loud_bug
p10__chenyitian-shanshu_SIRL-Gurobi__s8,chenyitian-shanshu/SIRL-Gurobi,10,8,loud,loud_bug
p10__chenyitian-shanshu_SIRL-Gurobi__s9,chenyitian-shanshu/SIRL-Gurobi,10,9,loud,loud_bug
p11__chenyitian-shanshu_SIRL-Gurobi__s0,chenyitian-shanshu/SIRL-Gurobi,11,0,code_failure,local_hf_8bit_failure
p11__chenyitian-shanshu_SIRL-Gurobi__s1,chenyitian-shanshu/SIRL-Gurobi,11,1,code_failure,local_hf_8bit_failure
p11__chenyitian-shanshu_SIRL-Gurobi__s2,chenyitian-shanshu/SIRL-Gurobi,11,2,code_failure,local_hf_8bit_failure
p11__chenyitian-shanshu_SIRL-Gurobi__s3,chenyitian-shanshu/SIRL-Gurobi,11,3,code_failure,local_hf_8bit_failure
p11__chenyitian-shanshu_SIRL-Gurobi__s4,chenyitian-shanshu/SIRL-Gurobi,11,4,code_failure,local_hf_8bit_failure
p11__chenyitian-shanshu_SIRL-Gurobi__s5,chenyitian-shanshu/SIRL-Gurobi,11,5,code_failure,local_hf_8bit_failure
p11__chenyitian-shanshu_SIRL-Gurobi__s6,chenyitian-shanshu/SIRL-Gurobi,11,6,code_failure,local_hf_8bit_failure
p11__chenyitian-shanshu_SIRL-Gurobi__s7,chenyitian-shanshu/SIRL-Gurobi,11,7,code_failure,local_hf_8bit_failure
p11__chenyitian-shanshu_SIRL-Gurobi__s8,chenyitian-shanshu/SIRL-Gurobi,11,8,code_failure,local_hf_8bit_failure
p11__chenyitian-shanshu_SIRL-Gurobi__s9,chenyitian-shanshu/SIRL-Gurobi,11,9,code_failure,local_hf_8bit_failure
p12__chenyitian-shanshu_SIRL-Gurobi__s0,chenyitian-shanshu/SIRL-Gurobi,12,0,loud,loud_bug
p12__chenyitian-shanshu_SIRL-Gurobi__s1,chenyitian-shanshu/SIRL-Gurobi,12,1,loud,loud_bug
p12__chenyitian-shanshu_SIRL-Gurobi__s2,chenyitian-shanshu/SIRL-Gurobi,12,2,loud,loud_bug
p12__chenyitian-shanshu_SIRL-Gurobi__s3,chenyitian-shanshu/SIRL-Gurobi,12,3,loud,loud_bug
p12__chenyitian-shanshu_SIRL-Gurobi__s4,chenyitian-shanshu/SIRL-Gurobi,12,4,loud,loud_bug
p12__chenyitian-shanshu_SIRL-Gurobi__s5,chenyitian-shanshu/SIRL-Gurobi,12,5,loud,loud_bug
p12__chenyitian-shanshu_SIRL-Gurobi__s6,chenyitian-shanshu/SIRL-Gurobi,12,6,code_failure,code_failure
p12__chenyitian-shanshu_SIRL-Gurobi__s7,chenyitian-shanshu/SIRL-Gurobi,12,7,correct,correct
p12__chenyitian-shanshu_SIRL-Gurobi__s8,chenyitian-shanshu/SIRL-Gurobi,12,8,loud,loud_bug
p12__chenyitian-shanshu_SIRL-Gurobi__s9,chenyitian-shanshu/SIRL-Gurobi,12,9,loud,loud_bug
p13__chenyitian-shanshu_SIRL-Gurobi__s0,chenyitian-shanshu/SIRL-Gurobi,13,0,loud,loud_bug
p13__chenyitian-shanshu_SIRL-Gurobi__s1,chenyitian-shanshu/SIRL-Gurobi,13,1,loud,loud_bug
p13__chenyitian-shanshu_SIRL-Gurobi__s2,chenyitian-shanshu/SIRL-Gurobi,13,2,loud,loud_bug
p13__chenyitian-shanshu_SIRL-Gurobi__s3,chenyitian-shanshu/SIRL-Gurobi,13,3,loud,loud_bug
p13__chenyitian-shanshu_SIRL-Gurobi__s4,chenyitian-shanshu/SIRL-Gurobi,13,4,loud,loud_bug
p13__chenyitian-shanshu_SIRL-Gurobi__s5,chenyitian-shanshu/SIRL-Gurobi,13,5,loud,loud_bug
p13__chenyitian-shanshu_SIRL-Gurobi__s6,chenyitian-shanshu/SIRL-Gurobi,13,6,code_failure,schema_failure
p13__chenyitian-shanshu_SIRL-Gurobi__s7,chenyitian-shanshu/SIRL-Gurobi,13,7,loud,loud_bug
p13__chenyitian-shanshu_SIRL-Gurobi__s8,chenyitian-shanshu/SIRL-Gurobi,13,8,loud,loud_bug
p13__chenyitian-shanshu_SIRL-Gurobi__s9,chenyitian-shanshu/SIRL-Gurobi,13,9,loud,loud_bug
p14__chenyitian-shanshu_SIRL-Gurobi__s0,chenyitian-shanshu/SIRL-Gurobi,14,0,loud,loud_bug
p14__chenyitian-shanshu_SIRL-Gurobi__s1,chenyitian-shanshu/SIRL-Gurobi,14,1,loud,loud_bug
p14__chenyitian-shanshu_SIRL-Gurobi__s2,chenyitian-shanshu/SIRL-Gurobi,14,2,loud,loud_bug
p14__chenyitian-shanshu_SIRL-Gurobi__s3,chenyitian-shanshu/SIRL-Gurobi,14,3,loud,loud_bug
p14__chenyitian-shanshu_SIRL-Gurobi__s4,chenyitian-shanshu/SIRL-Gurobi,14,4,loud,loud_bug
p14__chenyitian-shanshu_SIRL-Gurobi__s5,chenyitian-shanshu/SIRL-Gurobi,14,5,loud,loud_bug
p14__chenyitian-shanshu_SIRL-Gurobi__s6,chenyitian-shanshu/SIRL-Gurobi,14,6,loud,loud_bug
p14__chenyitian-shanshu_SIRL-Gurobi__s7,chenyitian-shanshu/SIRL-Gurobi,14,7,loud,loud_bug
p14__chenyitian-shanshu_SIRL-Gurobi__s8,chenyitian-shanshu/SIRL-Gurobi,14,8,loud,loud_bug
p14__chenyitian-shanshu_SIRL-Gurobi__s9,chenyitian-shanshu/SIRL-Gurobi,14,9,loud,loud_bug
p15__chenyitian-shanshu_SIRL-Gurobi__s0,chenyitian-shanshu/SIRL-Gurobi,15,0,code_failure,schema_failure
p15__chenyitian-shanshu_SIRL-Gurobi__s1,chenyitian-shanshu/SIRL-Gurobi,15,1,code_failure,schema_failure
p15__chenyitian-shanshu_SIRL-Gurobi__s2,chenyitian-shanshu/SIRL-Gurobi,15,2,code_failure,schema_failure
p15__chenyitian-shanshu_SIRL-Gurobi__s3,chenyitian-shanshu/SIRL-Gurobi,15,3,code_failure,schema_failure
p15__chenyitian-shanshu_SIRL-Gurobi__s4,chenyitian-shanshu/SIRL-Gurobi,15,4,code_failure,schema_failure
p15__chenyitian-shanshu_SIRL-Gurobi__s5,chenyitian-shanshu/SIRL-Gurobi,15,5,code_failure,schema_failure
p15__chenyitian-shanshu_SIRL-Gurobi__s6,chenyitian-shanshu/SIRL-Gurobi,15,6,code_failure,schema_failure
p15__chenyitian-shanshu_SIRL-Gurobi__s7,chenyitian-shanshu/SIRL-Gurobi,15,7,code_failure,schema_failure
p15__chenyitian-shanshu_SIRL-Gurobi__s8,chenyitian-shanshu/SIRL-Gurobi,15,8,code_failure,schema_failure
p15__chenyitian-shanshu_SIRL-Gurobi__s9,chenyitian-shanshu/SIRL-Gurobi,15,9,code_failure,schema_failure
p16__chenyitian-shanshu_SIRL-Gurobi__s0,chenyitian-shanshu/SIRL-Gurobi,16,0,loud,loud_bug
p16__chenyitian-shanshu_SIRL-Gurobi__s1,chenyitian-shanshu/SIRL-Gurobi,16,1,loud,loud_bug
p16__chenyitian-shanshu_SIRL-Gurobi__s2,chenyitian-shanshu/SIRL-Gurobi,16,2,loud,loud_bug
p16__chenyitian-shanshu_SIRL-Gurobi__s3,chenyitian-shanshu/SIRL-Gurobi,16,3,loud,loud_bug
p16__chenyitian-shanshu_SIRL-Gurobi__s4,chenyitian-shanshu/SIRL-Gurobi,16,4,code_failure,schema_failure
p16__chenyitian-shanshu_SIRL-Gurobi__s5,chenyitian-shanshu/SIRL-Gurobi,16,5,loud,loud_bug
p16__chenyitian-shanshu_SIRL-Gurobi__s6,chenyitian-shanshu/SIRL-Gurobi,16,6,loud,loud_bug
p16__chenyitian-shanshu_SIRL-Gurobi__s7,chenyitian-shanshu/SIRL-Gurobi,16,7,loud,loud_bug
p16__chenyitian-shanshu_SIRL-Gurobi__s8,chenyitian-shanshu/SIRL-Gurobi,16,8,loud,loud_bug
p16__chenyitian-shanshu_SIRL-Gurobi__s9,chenyitian-shanshu/SIRL-Gurobi,16,9,loud,loud_bug
p17__chenyitian-shanshu_SIRL-Gurobi__s0,chenyitian-shanshu/SIRL-Gurobi,17,0,code_failure,local_hf_8bit_failure
p17__chenyitian-shanshu_SIRL-Gurobi__s1,chenyitian-shanshu/SIRL-Gurobi,17,1,code_failure,local_hf_8bit_failure
p17__chenyitian-shanshu_SIRL-Gurobi__s2,chenyitian-shanshu/SIRL-Gurobi,17,2,code_failure,local_hf_8bit_failure
p17__chenyitian-shanshu_SIRL-Gurobi__s3,chenyitian-shanshu/SIRL-Gurobi,17,3,code_failure,local_hf_8bit_failure
p17__chenyitian-shanshu_SIRL-Gurobi__s4,chenyitian-shanshu/SIRL-Gurobi,17,4,code_failure,local_hf_8bit_failure
p17__chenyitian-shanshu_SIRL-Gurobi__s5,chenyitian-shanshu/SIRL-Gurobi,17,5,code_failure,local_hf_8bit_failure
p17__chenyitian-shanshu_SIRL-Gurobi__s6,chenyitian-shanshu/SIRL-Gurobi,17,6,code_failure,local_hf_8bit_failure
p17__chenyitian-shanshu_SIRL-Gurobi__s7,chenyitian-shanshu/SIRL-Gurobi,17,7,code_failure,local_hf_8bit_failure
p17__chenyitian-shanshu_SIRL-Gurobi__s8,chenyitian-shanshu/SIRL-Gurobi,17,8,code_failure,local_hf_8bit_failure
p17__chenyitian-shanshu_SIRL-Gurobi__s9,chenyitian-shanshu/SIRL-Gurobi,17,9,code_failure,local_hf_8bit_failure
p18__chenyitian-shanshu_SIRL-Gurobi__s0,chenyitian-shanshu/SIRL-Gurobi,18,0,loud,loud_bug
p18__chenyitian-shanshu_SIRL-Gurobi__s1,chenyitian-shanshu/SIRL-Gurobi,18,1,loud,loud_bug
p18__chenyitian-shanshu_SIRL-Gurobi__s2,chenyitian-shanshu/SIRL-Gurobi,18,2,loud,loud_bug
p18__chenyitian-shanshu_SIRL-Gurobi__s3,chenyitian-shanshu/SIRL-Gurobi,18,3,loud,loud_bug
p18__chenyitian-shanshu_SIRL-Gurobi__s4,chenyitian-shanshu/SIRL-Gurobi,18,4,loud,loud_bug
p18__chenyitian-shanshu_SIRL-Gurobi__s5,chenyitian-shanshu/SIRL-Gurobi,18,5,loud,loud_bug
p18__chenyitian-shanshu_SIRL-Gurobi__s6,chenyitian-shanshu/SIRL-Gurobi,18,6,loud,loud_bug
p18__chenyitian-shanshu_SIRL-Gurobi__s7,chenyitian-shanshu/SIRL-Gurobi,18,7,loud,loud_bug
p18__chenyitian-shanshu_SIRL-Gurobi__s8,chenyitian-shanshu/SIRL-Gurobi,18,8,loud,loud_bug
p18__chenyitian-shanshu_SIRL-Gurobi__s9,chenyitian-shanshu/SIRL-Gurobi,18,9,loud,loud_bug
p19__chenyitian-shanshu_SIRL-Gurobi__s0,chenyitian-shanshu/SIRL-Gurobi,19,0,code_failure,local_hf_8bit_failure
p19__chenyitian-shanshu_SIRL-Gurobi__s1,chenyitian-shanshu/SIRL-Gurobi,19,1,code_failure,local_hf_8bit_failure
p19__chenyitian-shanshu_SIRL-Gurobi__s2,chenyitian-shanshu/SIRL-Gurobi,19,2,code_failure,local_hf_8bit_failure
p19__chenyitian-shanshu_SIRL-Gurobi__s3,chenyitian-shanshu/SIRL-Gurobi,19,3,code_failure,local_hf_8bit_failure
p19__chenyitian-shanshu_SIRL-Gurobi__s4,chenyitian-shanshu/SIRL-Gurobi,19,4,code_failure,local_hf_8bit_failure
p19__chenyitian-shanshu_SIRL-Gurobi__s5,chenyitian-shanshu/SIRL-Gurobi,19,5,code_failure,local_hf_8bit_failure
p19__chenyitian-shanshu_SIRL-Gurobi__s6,chenyitian-shanshu/SIRL-Gurobi,19,6,code_failure,local_hf_8bit_failure
p19__chenyitian-shanshu_SIRL-Gurobi__s7,chenyitian-shanshu/SIRL-Gurobi,19,7,code_failure,local_hf_8bit_failure
p19__chenyitian-shanshu_SIRL-Gurobi__s8,chenyitian-shanshu/SIRL-Gurobi,19,8,code_failure,local_hf_8bit_failure
p19__chenyitian-shanshu_SIRL-Gurobi__s9,chenyitian-shanshu/SIRL-Gurobi,19,9,code_failure,local_hf_8bit_failure
p20__chenyitian-shanshu_SIRL-Gurobi__s0,chenyitian-shanshu/SIRL-Gurobi,20,0,loud,loud_bug
p20__chenyitian-shanshu_SIRL-Gurobi__s1,chenyitian-shanshu/SIRL-Gurobi,20,1,code_failure,code_failure
p20__chenyitian-shanshu_SIRL-Gurobi__s2,chenyitian-shanshu/SIRL-Gurobi,20,2,loud,loud_bug
p20__chenyitian-shanshu_SIRL-Gurobi__s3,chenyitian-shanshu/SIRL-Gurobi,20,3,loud,loud_bug
p20__chenyitian-shanshu_SIRL-Gurobi__s4,chenyitian-shanshu/SIRL-Gurobi,20,4,loud,loud_bug
p20__chenyitian-shanshu_SIRL-Gurobi__s5,chenyitian-shanshu/SIRL-Gurobi,20,5,loud,loud_bug
p20__chenyitian-shanshu_SIRL-Gurobi__s6,chenyitian-shanshu/SIRL-Gurobi,20,6,code_failure,code_failure
p20__chenyitian-shanshu_SIRL-Gurobi__s7,chenyitian-shanshu/SIRL-Gurobi,20,7,loud,loud_bug
p20__chenyitian-shanshu_SIRL-Gurobi__s8,chenyitian-shanshu/SIRL-Gurobi,20,8,loud,loud_bug
p20__chenyitian-shanshu_SIRL-Gurobi__s9,chenyitian-shanshu/SIRL-Gurobi,20,9,loud,loud_bug
p21__chenyitian-shanshu_SIRL-Gurobi__s0,chenyitian-shanshu/SIRL-Gurobi,21,0,loud,loud_bug
p21__chenyitian-shanshu_SIRL-Gurobi__s1,chenyitian-shanshu/SIRL-Gurobi,21,1,silent,silent_bug
p21__chenyitian-shanshu_SIRL-Gurobi__s2,chenyitian-shanshu/SIRL-Gurobi,21,2,silent,silent_bug
p21__chenyitian-shanshu_SIRL-Gurobi__s3,chenyitian-shanshu/SIRL-Gurobi,21,3,loud,loud_bug
p21__chenyitian-shanshu_SIRL-Gurobi__s4,chenyitian-shanshu/SIRL-Gurobi,21,4,code_failure,code_failure
p21__chenyitian-shanshu_SIRL-Gurobi__s5,chenyitian-shanshu/SIRL-Gurobi,21,5,loud,loud_bug
p21__chenyitian-shanshu_SIRL-Gurobi__s6,chenyitian-shanshu/SIRL-Gurobi,21,6,loud,loud_bug
p21__chenyitian-shanshu_SIRL-Gurobi__s7,chenyitian-shanshu/SIRL-Gurobi,21,7,loud,loud_bug
p21__chenyitian-shanshu_SIRL-Gurobi__s8,chenyitian-shanshu/SIRL-Gurobi,21,8,silent,silent_bug
p21__chenyitian-shanshu_SIRL-Gurobi__s9,chenyitian-shanshu/SIRL-Gurobi,21,9,loud,loud_bug
p22__chenyitian-shanshu_SIRL-Gurobi__s0,chenyitian-shanshu/SIRL-Gurobi,22,0,code_failure,code_failure
p22__chenyitian-shanshu_SIRL-Gurobi__s1,chenyitian-shanshu/SIRL-Gurobi,22,1,code_failure,code_failure
p22__chenyitian-shanshu_SIRL-Gurobi__s2,chenyitian-shanshu/SIRL-Gurobi,22,2,loud,loud_bug
p22__chenyitian-shanshu_SIRL-Gurobi__s3,chenyitian-shanshu/SIRL-Gurobi,22,3,code_failure,code_failure
p22__chenyitian-shanshu_SIRL-Gurobi__s4,chenyitian-shanshu/SIRL-Gurobi,22,4,loud,loud_bug
p22__chenyitian-shanshu_SIRL-Gurobi__s5,chenyitian-shanshu/SIRL-Gurobi,22,5,code_failure,schema_failure
p22__chenyitian-shanshu_SIRL-Gurobi__s6,chenyitian-shanshu/SIRL-Gurobi,22,6,code_failure,code_failure
p22__chenyitian-shanshu_SIRL-Gurobi__s7,chenyitian-shanshu/SIRL-Gurobi,22,7,code_failure,code_failure
p22__chenyitian-shanshu_SIRL-Gurobi__s8,chenyitian-shanshu/SIRL-Gurobi,22,8,code_failure,code_failure
p22__chenyitian-shanshu_SIRL-Gurobi__s9,chenyitian-shanshu/SIRL-Gurobi,22,9,code_failure,code_failure
p23__chenyitian-shanshu_SIRL-Gurobi__s0,chenyitian-shanshu/SIRL-Gurobi,23,0,code_failure,local_hf_8bit_failure
p23__chenyitian-shanshu_SIRL-Gurobi__s1,chenyitian-shanshu/SIRL-Gurobi,23,1,code_failure,local_hf_8bit_failure
p23__chenyitian-shanshu_SIRL-Gurobi__s2,chenyitian-shanshu/SIRL-Gurobi,23,2,code_failure,local_hf_8bit_failure
p23__chenyitian-shanshu_SIRL-Gurobi__s3,chenyitian-shanshu/SIRL-Gurobi,23,3,code_failure,local_hf_8bit_failure
p23__chenyitian-shanshu_SIRL-Gurobi__s4,chenyitian-shanshu/SIRL-Gurobi,23,4,code_failure,local_hf_8bit_failure
p23__chenyitian-shanshu_SIRL-Gurobi__s5,chenyitian-shanshu/SIRL-Gurobi,23,5,code_failure,local_hf_8bit_failure
p23__chenyitian-shanshu_SIRL-Gurobi__s6,chenyitian-shanshu/SIRL-Gurobi,23,6,code_failure,local_hf_8bit_failure
p23__chenyitian-shanshu_SIRL-Gurobi__s7,chenyitian-shanshu/SIRL-Gurobi,23,7,code_failure,local_hf_8bit_failure
p23__chenyitian-shanshu_SIRL-Gurobi__s8,chenyitian-shanshu/SIRL-Gurobi,23,8,code_failure,local_hf_8bit_failure
p23__chenyitian-shanshu_SIRL-Gurobi__s9,chenyitian-shanshu/SIRL-Gurobi,23,9,code_failure,local_hf_8bit_failure
p24__chenyitian-shanshu_SIRL-Gurobi__s0,chenyitian-shanshu/SIRL-Gurobi,24,0,loud,loud_bug
p24__chenyitian-shanshu_SIRL-Gurobi__s1,chenyitian-shanshu/SIRL-Gurobi,24,1,loud,loud_bug
p24__chenyitian-shanshu_SIRL-Gurobi__s2,chenyitian-shanshu/SIRL-Gurobi,24,2,loud,loud_bug
p24__chenyitian-shanshu_SIRL-Gurobi__s3,chenyitian-shanshu/SIRL-Gurobi,24,3,loud,loud_bug
p24__chenyitian-shanshu_SIRL-Gurobi__s4,chenyitian-shanshu/SIRL-Gurobi,24,4,silent,silent_bug
p24__chenyitian-shanshu_SIRL-Gurobi__s5,chenyitian-shanshu/SIRL-Gurobi,24,5,silent,silent_bug
p24__chenyitian-shanshu_SIRL-Gurobi__s6,chenyitian-shanshu/SIRL-Gurobi,24,6,silent,silent_bug
p24__chenyitian-shanshu_SIRL-Gurobi__s7,chenyitian-shanshu/SIRL-Gurobi,24,7,loud,loud_bug
p24__chenyitian-shanshu_SIRL-Gurobi__s8,chenyitian-shanshu/SIRL-Gurobi,24,8,silent,silent_bug
p24__chenyitian-shanshu_SIRL-Gurobi__s9,chenyitian-shanshu/SIRL-Gurobi,24,9,silent,silent_bug
p25__chenyitian-shanshu_SIRL-Gurobi__s0,chenyitian-shanshu/SIRL-Gurobi,25,0,code_failure,local_hf_8bit_failure
p25__chenyitian-shanshu_SIRL-Gurobi__s1,chenyitian-shanshu/SIRL-Gurobi,25,1,code_failure,local_hf_8bit_failure
p25__chenyitian-shanshu_SIRL-Gurobi__s2,chenyitian-shanshu/SIRL-Gurobi,25,2,code_failure,local_hf_8bit_failure
p25__chenyitian-shanshu_SIRL-Gurobi__s3,chenyitian-shanshu/SIRL-Gurobi,25,3,code_failure,local_hf_8bit_failure
p25__chenyitian-shanshu_SIRL-Gurobi__s4,chenyitian-shanshu/SIRL-Gurobi,25,4,code_failure,local_hf_8bit_failure
p25__chenyitian-shanshu_SIRL-Gurobi__s5,chenyitian-shanshu/SIRL-Gurobi,25,5,code_failure,local_hf_8bit_failure
p25__chenyitian-shanshu_SIRL-Gurobi__s6,chenyitian-shanshu/SIRL-Gurobi,25,6,code_failure,local_hf_8bit_failure
p25__chenyitian-shanshu_SIRL-Gurobi__s7,chenyitian-shanshu/SIRL-Gurobi,25,7,code_failure,local_hf_8bit_failure
p25__chenyitian-shanshu_SIRL-Gurobi__s8,chenyitian-shanshu/SIRL-Gurobi,25,8,code_failure,local_hf_8bit_failure
p25__chenyitian-shanshu_SIRL-Gurobi__s9,chenyitian-shanshu/SIRL-Gurobi,25,9,code_failure,local_hf_8bit_failure
p26__chenyitian-shanshu_SIRL-Gurobi__s0,chenyitian-shanshu/SIRL-Gurobi,26,0,loud,loud_bug
p26__chenyitian-shanshu_SIRL-Gurobi__s1,chenyitian-shanshu/SIRL-Gurobi,26,1,loud,loud_bug
p26__chenyitian-shanshu_SIRL-Gurobi__s2,chenyitian-shanshu/SIRL-Gurobi,26,2,code_failure,schema_failure
p26__chenyitian-shanshu_SIRL-Gurobi__s3,chenyitian-shanshu/SIRL-Gurobi,26,3,code_failure,schema_failure
p26__chenyitian-shanshu_SIRL-Gurobi__s4,chenyitian-shanshu/SIRL-Gurobi,26,4,loud,loud_bug
p26__chenyitian-shanshu_SIRL-Gurobi__s5,chenyitian-shanshu/SIRL-Gurobi,26,5,code_failure,schema_failure
p26__chenyitian-shanshu_SIRL-Gurobi__s6,chenyitian-shanshu/SIRL-Gurobi,26,6,code_failure,schema_failure
p26__chenyitian-shanshu_SIRL-Gurobi__s7,chenyitian-shanshu/SIRL-Gurobi,26,7,loud,loud_bug
p26__chenyitian-shanshu_SIRL-Gurobi__s8,chenyitian-shanshu/SIRL-Gurobi,26,8,loud,loud_bug
p26__chenyitian-shanshu_SIRL-Gurobi__s9,chenyitian-shanshu/SIRL-Gurobi,26,9,code_failure,schema_failure
p27__chenyitian-shanshu_SIRL-Gurobi__s0,chenyitian-shanshu/SIRL-Gurobi,27,0,code_failure,code_failure
p27__chenyitian-shanshu_SIRL-Gurobi__s1,chenyitian-shanshu/SIRL-Gurobi,27,1,code_failure,code_failure
p27__chenyitian-shanshu_SIRL-Gurobi__s2,chenyitian-shanshu/SIRL-Gurobi,27,2,code_failure,code_failure
p27__chenyitian-shanshu_SIRL-Gurobi__s3,chenyitian-shanshu/SIRL-Gurobi,27,3,code_failure,code_failure
p27__chenyitian-shanshu_SIRL-Gurobi__s4,chenyitian-shanshu/SIRL-Gurobi,27,4,code_failure,code_failure
p27__chenyitian-shanshu_SIRL-Gurobi__s5,chenyitian-shanshu/SIRL-Gurobi,27,5,code_failure,code_failure
p27__chenyitian-shanshu_SIRL-Gurobi__s6,chenyitian-shanshu/SIRL-Gurobi,27,6,code_failure,code_failure
p27__chenyitian-shanshu_SIRL-Gurobi__s7,chenyitian-shanshu/SIRL-Gurobi,27,7,code_failure,code_failure
p27__chenyitian-shanshu_SIRL-Gurobi__s8,chenyitian-shanshu/SIRL-Gurobi,27,8,code_failure,code_failure
p27__chenyitian-shanshu_SIRL-Gurobi__s9,chenyitian-shanshu/SIRL-Gurobi,27,9,code_failure,code_failure
p28__chenyitian-shanshu_SIRL-Gurobi__s0,chenyitian-shanshu/SIRL-Gurobi,28,0,loud,loud_bug
p28__chenyitian-shanshu_SIRL-Gurobi__s1,chenyitian-shanshu/SIRL-Gurobi,28,1,loud,loud_bug
p28__chenyitian-shanshu_SIRL-Gurobi__s2,chenyitian-shanshu/SIRL-Gurobi,28,2,loud,loud_bug
p28__chenyitian-shanshu_SIRL-Gurobi__s3,chenyitian-shanshu/SIRL-Gurobi,28,3,loud,loud_bug
p28__chenyitian-shanshu_SIRL-Gurobi__s4,chenyitian-shanshu/SIRL-Gurobi,28,4,loud,loud_bug
p28__chenyitian-shanshu_SIRL-Gurobi__s5,chenyitian-shanshu/SIRL-Gurobi,28,5,loud,loud_bug
p28__chenyitian-shanshu_SIRL-Gurobi__s6,chenyitian-shanshu/SIRL-Gurobi,28,6,loud,loud_bug
p28__chenyitian-shanshu_SIRL-Gurobi__s7,chenyitian-shanshu/SIRL-Gurobi,28,7,loud,loud_bug
p28__chenyitian-shanshu_SIRL-Gurobi__s8,chenyitian-shanshu/SIRL-Gurobi,28,8,loud,loud_bug
p28__chenyitian-shanshu_SIRL-Gurobi__s9,chenyitian-shanshu/SIRL-Gurobi,28,9,loud,loud_bug
p29__chenyitian-shanshu_SIRL-Gurobi__s0,chenyitian-shanshu/SIRL-Gurobi,29,0,loud,loud_bug
p29__chenyitian-shanshu_SIRL-Gurobi__s1,chenyitian-shanshu/SIRL-Gurobi,29,1,loud,loud_bug
p29__chenyitian-shanshu_SIRL-Gurobi__s2,chenyitian-shanshu/SIRL-Gurobi,29,2,loud,loud_bug
p29__chenyitian-shanshu_SIRL-Gurobi__s3,chenyitian-shanshu/SIRL-Gurobi,29,3,loud,loud_bug
p29__chenyitian-shanshu_SIRL-Gurobi__s4,chenyitian-shanshu/SIRL-Gurobi,29,4,loud,loud_bug
p29__chenyitian-shanshu_SIRL-Gurobi__s5,chenyitian-shanshu/SIRL-Gurobi,29,5,loud,loud_bug
p29__chenyitian-shanshu_SIRL-Gurobi__s6,chenyitian-shanshu/SIRL-Gurobi,29,6,loud,loud_bug
p29__chenyitian-shanshu_SIRL-Gurobi__s7,chenyitian-shanshu/SIRL-Gurobi,29,7,loud,loud_bug
p29__chenyitian-shanshu_SIRL-Gurobi__s8,chenyitian-shanshu/SIRL-Gurobi,29,8,loud,loud_bug
p29__chenyitian-shanshu_SIRL-Gurobi__s9,chenyitian-shanshu/SIRL-Gurobi,29,9,loud,loud_bug
p30__chenyitian-shanshu_SIRL-Gurobi__s0,chenyitian-shanshu/SIRL-Gurobi,30,0,loud,loud_bug
p30__chenyitian-shanshu_SIRL-Gurobi__s1,chenyitian-shanshu/SIRL-Gurobi,30,1,loud,loud_bug
p30__chenyitian-shanshu_SIRL-Gurobi__s2,chenyitian-shanshu/SIRL-Gurobi,30,2,loud,loud_bug
p30__chenyitian-shanshu_SIRL-Gurobi__s3,chenyitian-shanshu/SIRL-Gurobi,30,3,loud,loud_bug
p30__chenyitian-shanshu_SIRL-Gurobi__s4,chenyitian-shanshu/SIRL-Gurobi,30,4,loud,loud_bug
p30__chenyitian-shanshu_SIRL-Gurobi__s5,chenyitian-shanshu/SIRL-Gurobi,30,5,loud,loud_bug
p30__chenyitian-shanshu_SIRL-Gurobi__s6,chenyitian-shanshu/SIRL-Gurobi,30,6,loud,loud_bug
p30__chenyitian-shanshu_SIRL-Gurobi__s7,chenyitian-shanshu/SIRL-Gurobi,30,7,loud,loud_bug
p30__chenyitian-shanshu_SIRL-Gurobi__s8,chenyitian-shanshu/SIRL-Gurobi,30,8,loud,loud_bug
p30__chenyitian-shanshu_SIRL-Gurobi__s9,chenyitian-shanshu/SIRL-Gurobi,30,9,loud,loud_bug
p31__chenyitian-shanshu_SIRL-Gurobi__s0,chenyitian-shanshu/SIRL-Gurobi,31,0,code_failure,code_failure
p31__chenyitian-shanshu_SIRL-Gurobi__s1,chenyitian-shanshu/SIRL-Gurobi,31,1,code_failure,code_failure
p31__chenyitian-shanshu_SIRL-Gurobi__s2,chenyitian-shanshu/SIRL-Gurobi,31,2,code_failure,code_failure
p31__chenyitian-shanshu_SIRL-Gurobi__s3,chenyitian-shanshu/SIRL-Gurobi,31,3,code_failure,code_failure
p31__chenyitian-shanshu_SIRL-Gurobi__s4,chenyitian-shanshu/SIRL-Gurobi,31,4,code_failure,code_failure
p31__chenyitian-shanshu_SIRL-Gurobi__s5,chenyitian-shanshu/SIRL-Gurobi,31,5,code_failure,code_failure
p31__chenyitian-shanshu_SIRL-Gurobi__s6,chenyitian-shanshu/SIRL-Gurobi,31,6,code_failure,code_failure
p31__chenyitian-shanshu_SIRL-Gurobi__s7,chenyitian-shanshu/SIRL-Gurobi,31,7,code_failure,schema_failure
p31__chenyitian-shanshu_SIRL-Gurobi__s8,chenyitian-shanshu/SIRL-Gurobi,31,8,code_failure,code_failure
p31__chenyitian-shanshu_SIRL-Gurobi__s9,chenyitian-shanshu/SIRL-Gurobi,31,9,code_failure,schema_failure
p32__chenyitian-shanshu_SIRL-Gurobi__s0,chenyitian-shanshu/SIRL-Gurobi,32,0,loud,loud_bug
p32__chenyitian-shanshu_SIRL-Gurobi__s1,chenyitian-shanshu/SIRL-Gurobi,32,1,loud,loud_bug
p32__chenyitian-shanshu_SIRL-Gurobi__s2,chenyitian-shanshu/SIRL-Gurobi,32,2,code_failure,code_failure
p32__chenyitian-shanshu_SIRL-Gurobi__s3,chenyitian-shanshu/SIRL-Gurobi,32,3,loud,loud_bug
p32__chenyitian-shanshu_SIRL-Gurobi__s4,chenyitian-shanshu/SIRL-Gurobi,32,4,code_failure,code_failure
p32__chenyitian-shanshu_SIRL-Gurobi__s5,chenyitian-shanshu/SIRL-Gurobi,32,5,loud,loud_bug
p32__chenyitian-shanshu_SIRL-Gurobi__s6,chenyitian-shanshu/SIRL-Gurobi,32,6,code_failure,code_failure
p32__chenyitian-shanshu_SIRL-Gurobi__s7,chenyitian-shanshu/SIRL-Gurobi,32,7,loud,loud_bug
p32__chenyitian-shanshu_SIRL-Gurobi__s8,chenyitian-shanshu/SIRL-Gurobi,32,8,code_failure,code_failure
p32__chenyitian-shanshu_SIRL-Gurobi__s9,chenyitian-shanshu/SIRL-Gurobi,32,9,loud,loud_bug
p33__chenyitian-shanshu_SIRL-Gurobi__s0,chenyitian-shanshu/SIRL-Gurobi,33,0,loud,loud_bug
p33__chenyitian-shanshu_SIRL-Gurobi__s1,chenyitian-shanshu/SIRL-Gurobi,33,1,loud,loud_bug
p33__chenyitian-shanshu_SIRL-Gurobi__s2,chenyitian-shanshu/SIRL-Gurobi,33,2,loud,loud_bug
p33__chenyitian-shanshu_SIRL-Gurobi__s3,chenyitian-shanshu/SIRL-Gurobi,33,3,loud,loud_bug
p33__chenyitian-shanshu_SIRL-Gurobi__s4,chenyitian-shanshu/SIRL-Gurobi,33,4,loud,loud_bug
p33__chenyitian-shanshu_SIRL-Gurobi__s5,chenyitian-shanshu/SIRL-Gurobi,33,5,loud,loud_bug
p33__chenyitian-shanshu_SIRL-Gurobi__s6,chenyitian-shanshu/SIRL-Gurobi,33,6,loud,loud_bug
p33__chenyitian-shanshu_SIRL-Gurobi__s7,chenyitian-shanshu/SIRL-Gurobi,33,7,loud,loud_bug
p33__chenyitian-shanshu_SIRL-Gurobi__s8,chenyitian-shanshu/SIRL-Gurobi,33,8,code_failure,schema_failure
p33__chenyitian-shanshu_SIRL-Gurobi__s9,chenyitian-shanshu/SIRL-Gurobi,33,9,loud,loud_bug
p34__chenyitian-shanshu_SIRL-Gurobi__s0,chenyitian-shanshu/SIRL-Gurobi,34,0,correct,correct
p34__chenyitian-shanshu_SIRL-Gurobi__s1,chenyitian-shanshu/SIRL-Gurobi,34,1,correct,correct
p34__chenyitian-shanshu_SIRL-Gurobi__s2,chenyitian-shanshu/SIRL-Gurobi,34,2,correct,correct
p34__chenyitian-shanshu_SIRL-Gurobi__s3,chenyitian-shanshu/SIRL-Gurobi,34,3,correct,correct
p34__chenyitian-shanshu_SIRL-Gurobi__s4,chenyitian-shanshu/SIRL-Gurobi,34,4,correct,correct
p34__chenyitian-shanshu_SIRL-Gurobi__s5,chenyitian-shanshu/SIRL-Gurobi,34,5,correct,correct
p34__chenyitian-shanshu_SIRL-Gurobi__s6,chenyitian-shanshu/SIRL-Gurobi,34,6,correct,correct
p34__chenyitian-shanshu_SIRL-Gurobi__s7,chenyitian-shanshu/SIRL-Gurobi,34,7,correct,correct
p34__chenyitian-shanshu_SIRL-Gurobi__s8,chenyitian-shanshu/SIRL-Gurobi,34,8,correct,correct
p34__chenyitian-shanshu_SIRL-Gurobi__s9,chenyitian-shanshu/SIRL-Gurobi,34,9,correct,correct
p35__chenyitian-shanshu_SIRL-Gurobi__s0,chenyitian-shanshu/SIRL-Gurobi,35,0,code_failure,schema_failure
p35__chenyitian-shanshu_SIRL-Gurobi__s1,chenyitian-shanshu/SIRL-Gurobi,35,1,loud,loud_bug
p35__chenyitian-shanshu_SIRL-Gurobi__s2,chenyitian-shanshu/SIRL-Gurobi,35,2,loud,loud_bug
p35__chenyitian-shanshu_SIRL-Gurobi__s3,chenyitian-shanshu/SIRL-Gurobi,35,3,code_failure,code_failure
p35__chenyitian-shanshu_SIRL-Gurobi__s4,chenyitian-shanshu/SIRL-Gurobi,35,4,code_failure,schema_failure
p35__chenyitian-shanshu_SIRL-Gurobi__s5,chenyitian-shanshu/SIRL-Gurobi,35,5,loud,loud_bug
p35__chenyitian-shanshu_SIRL-Gurobi__s6,chenyitian-shanshu/SIRL-Gurobi,35,6,loud,loud_bug
p35__chenyitian-shanshu_SIRL-Gurobi__s7,chenyitian-shanshu/SIRL-Gurobi,35,7,loud,loud_bug
p35__chenyitian-shanshu_SIRL-Gurobi__s8,chenyitian-shanshu/SIRL-Gurobi,35,8,code_failure,code_failure
p35__chenyitian-shanshu_SIRL-Gurobi__s9,chenyitian-shanshu/SIRL-Gurobi,35,9,code_failure,schema_failure
p36__chenyitian-shanshu_SIRL-Gurobi__s0,chenyitian-shanshu/SIRL-Gurobi,36,0,code_failure,code_failure
p36__chenyitian-shanshu_SIRL-Gurobi__s1,chenyitian-shanshu/SIRL-Gurobi,36,1,code_failure,code_failure
p36__chenyitian-shanshu_SIRL-Gurobi__s2,chenyitian-shanshu/SIRL-Gurobi,36,2,code_failure,code_failure
p36__chenyitian-shanshu_SIRL-Gurobi__s3,chenyitian-shanshu/SIRL-Gurobi,36,3,code_failure,code_failure
p36__chenyitian-shanshu_SIRL-Gurobi__s4,chenyitian-shanshu/SIRL-Gurobi,36,4,code_failure,code_failure
p36__chenyitian-shanshu_SIRL-Gurobi__s5,chenyitian-shanshu/SIRL-Gurobi,36,5,code_failure,code_failure
p36__chenyitian-shanshu_SIRL-Gurobi__s6,chenyitian-shanshu/SIRL-Gurobi,36,6,code_failure,code_failure
p36__chenyitian-shanshu_SIRL-Gurobi__s7,chenyitian-shanshu/SIRL-Gurobi,36,7,code_failure,code_failure
p36__chenyitian-shanshu_SIRL-Gurobi__s8,chenyitian-shanshu/SIRL-Gurobi,36,8,code_failure,code_failure
p36__chenyitian-shanshu_SIRL-Gurobi__s9,chenyitian-shanshu/SIRL-Gurobi,36,9,code_failure,code_failure
p37__chenyitian-shanshu_SIRL-Gurobi__s0,chenyitian-shanshu/SIRL-Gurobi,37,0,loud,loud_bug
p37__chenyitian-shanshu_SIRL-Gurobi__s1,chenyitian-shanshu/SIRL-Gurobi,37,1,code_failure,schema_failure
p37__chenyitian-shanshu_SIRL-Gurobi__s2,chenyitian-shanshu/SIRL-Gurobi,37,2,loud,loud_bug
p37__chenyitian-shanshu_SIRL-Gurobi__s3,chenyitian-shanshu/SIRL-Gurobi,37,3,loud,loud_bug
p37__chenyitian-shanshu_SIRL-Gurobi__s4,chenyitian-shanshu/SIRL-Gurobi,37,4,loud,loud_bug
p37__chenyitian-shanshu_SIRL-Gurobi__s5,chenyitian-shanshu/SIRL-Gurobi,37,5,loud,loud_bug
p37__chenyitian-shanshu_SIRL-Gurobi__s6,chenyitian-shanshu/SIRL-Gurobi,37,6,code_failure,schema_failure
p37__chenyitian-shanshu_SIRL-Gurobi__s7,chenyitian-shanshu/SIRL-Gurobi,37,7,loud,loud_bug
p37__chenyitian-shanshu_SIRL-Gurobi__s8,chenyitian-shanshu/SIRL-Gurobi,37,8,code_failure,code_failure
p37__chenyitian-shanshu_SIRL-Gurobi__s9,chenyitian-shanshu/SIRL-Gurobi,37,9,loud,loud_bug
p38__chenyitian-shanshu_SIRL-Gurobi__s0,chenyitian-shanshu/SIRL-Gurobi,38,0,code_failure,code_failure
p38__chenyitian-shanshu_SIRL-Gurobi__s1,chenyitian-shanshu/SIRL-Gurobi,38,1,loud,loud_bug
p38__chenyitian-shanshu_SIRL-Gurobi__s2,chenyitian-shanshu/SIRL-Gurobi,38,2,loud,loud_bug
p38__chenyitian-shanshu_SIRL-Gurobi__s3,chenyitian-shanshu/SIRL-Gurobi,38,3,loud,loud_bug
p38__chenyitian-shanshu_SIRL-Gurobi__s4,chenyitian-shanshu/SIRL-Gurobi,38,4,code_failure,schema_failure
p38__chenyitian-shanshu_SIRL-Gurobi__s5,chenyitian-shanshu/SIRL-Gurobi,38,5,loud,loud_bug
p38__chenyitian-shanshu_SIRL-Gurobi__s6,chenyitian-shanshu/SIRL-Gurobi,38,6,code_failure,schema_failure
p38__chenyitian-shanshu_SIRL-Gurobi__s7,chenyitian-shanshu/SIRL-Gurobi,38,7,loud,loud_bug
p38__chenyitian-shanshu_SIRL-Gurobi__s8,chenyitian-shanshu/SIRL-Gurobi,38,8,loud,loud_bug
p38__chenyitian-shanshu_SIRL-Gurobi__s9,chenyitian-shanshu/SIRL-Gurobi,38,9,code_failure,schema_failure
p39__chenyitian-shanshu_SIRL-Gurobi__s0,chenyitian-shanshu/SIRL-Gurobi,39,0,loud,loud_bug
p39__chenyitian-shanshu_SIRL-Gurobi__s1,chenyitian-shanshu/SIRL-Gurobi,39,1,code_failure,schema_failure
p39__chenyitian-shanshu_SIRL-Gurobi__s2,chenyitian-shanshu/SIRL-Gurobi,39,2,loud,loud_bug
p39__chenyitian-shanshu_SIRL-Gurobi__s3,chenyitian-shanshu/SIRL-Gurobi,39,3,code_failure,code_failure
p39__chenyitian-shanshu_SIRL-Gurobi__s4,chenyitian-shanshu/SIRL-Gurobi,39,4,code_failure,code_failure
p39__chenyitian-shanshu_SIRL-Gurobi__s5,chenyitian-shanshu/SIRL-Gurobi,39,5,loud,loud_bug
p39__chenyitian-shanshu_SIRL-Gurobi__s6,chenyitian-shanshu/SIRL-Gurobi,39,6,code_failure,code_failure
p39__chenyitian-shanshu_SIRL-Gurobi__s7,chenyitian-shanshu/SIRL-Gurobi,39,7,code_failure,schema_failure
p39__chenyitian-shanshu_SIRL-Gurobi__s8,chenyitian-shanshu/SIRL-Gurobi,39,8,loud,loud_bug
p39__chenyitian-shanshu_SIRL-Gurobi__s9,chenyitian-shanshu/SIRL-Gurobi,39,9,loud,loud_bug
p40__chenyitian-shanshu_SIRL-Gurobi__s0,chenyitian-shanshu/SIRL-Gurobi,40,0,code_failure,code_failure
p40__chenyitian-shanshu_SIRL-Gurobi__s1,chenyitian-shanshu/SIRL-Gurobi,40,1,code_failure,schema_failure
p40__chenyitian-shanshu_SIRL-Gurobi__s2,chenyitian-shanshu/SIRL-Gurobi,40,2,loud,loud_bug
p40__chenyitian-shanshu_SIRL-Gurobi__s3,chenyitian-shanshu/SIRL-Gurobi,40,3,loud,loud_bug
p40__chenyitian-shanshu_SIRL-Gurobi__s4,chenyitian-shanshu/SIRL-Gurobi,40,4,loud,loud_bug
p40__chenyitian-shanshu_SIRL-Gurobi__s5,chenyitian-shanshu/SIRL-Gurobi,40,5,loud,loud_bug
p40__chenyitian-shanshu_SIRL-Gurobi__s6,chenyitian-shanshu/SIRL-Gurobi,40,6,code_failure,schema_failure
p40__chenyitian-shanshu_SIRL-Gurobi__s7,chenyitian-shanshu/SIRL-Gurobi,40,7,loud,loud_bug
p40__chenyitian-shanshu_SIRL-Gurobi__s8,chenyitian-shanshu/SIRL-Gurobi,40,8,loud,loud_bug
p40__chenyitian-shanshu_SIRL-Gurobi__s9,chenyitian-shanshu/SIRL-Gurobi,40,9,code_failure,code_failure
p41__chenyitian-shanshu_SIRL-Gurobi__s0,chenyitian-shanshu/SIRL-Gurobi,41,0,loud,loud_bug
p41__chenyitian-shanshu_SIRL-Gurobi__s1,chenyitian-shanshu/SIRL-Gurobi,41,1,silent,silent_bug
p41__chenyitian-shanshu_SIRL-Gurobi__s2,chenyitian-shanshu/SIRL-Gurobi,41,2,loud,loud_bug
p41__chenyitian-shanshu_SIRL-Gurobi__s3,chenyitian-shanshu/SIRL-Gurobi,41,3,silent,silent_bug
p41__chenyitian-shanshu_SIRL-Gurobi__s4,chenyitian-shanshu/SIRL-Gurobi,41,4,silent,silent_bug
p41__chenyitian-shanshu_SIRL-Gurobi__s5,chenyitian-shanshu/SIRL-Gurobi,41,5,silent,silent_bug
p41__chenyitian-shanshu_SIRL-Gurobi__s6,chenyitian-shanshu/SIRL-Gurobi,41,6,loud,loud_bug
p41__chenyitian-shanshu_SIRL-Gurobi__s7,chenyitian-shanshu/SIRL-Gurobi,41,7,code_failure,schema_failure
p41__chenyitian-shanshu_SIRL-Gurobi__s8,chenyitian-shanshu/SIRL-Gurobi,41,8,correct,correct
p41__chenyitian-shanshu_SIRL-Gurobi__s9,chenyitian-shanshu/SIRL-Gurobi,41,9,code_failure,schema_failure
