run_id,model,problem_id,original_problem_id,sample,label,raw_label,final_label,extraction_mode,code_ran,schema_ok,objective_match,has_build_model,failed_checks,failed_requirement_checks,formulation_violations,flagged_formulation_violations,audit_error,prompt_hash,response_time_sec,prompt_eval_count,eval_count,output_truncated,silent_bug_type,silent_bug_requirements,silent_bug_source,report_categories,total_requirement_count,layer1_requirement_count,canonical_layer1_requirement_count,layer2_active_probe_count,total_diagnostic_requirement_count,failed_requirement_check_count,formulation_violation_count,total_violation_count,error_type,error_detail
p1__gemma3_12b__s0,gemma3:12b,1,1,0,loud_bug,loud_bug,loud_bug,clean_fenced,True,True,False,True,"p1.R1.C1,p1.R3.C1,p1.R4.C1,p1.R7.C1,p1.R7.C2","p1.R1.C1,p1.R3.C1,p1.R4.C1",,,,7b8f2f9e2fc982b156775039f06a4cc975127aef503212a8931b5efa7398762b,65.391,1402,740,False,,,none,,7,6,6,6,12,3,0,3,,
p1__gemma3_12b__s1,gemma3:12b,1,1,1,code_failure,code_failure,code_failure,clean_fenced,False,False,False,False,,,,,,7b8f2f9e2fc982b156775039f06a4cc975127aef503212a8931b5efa7398762b,77.178,1402,728,False,,,none,,,,,,,0,0,0,runtime_error,"Traceback (most recent call last):
  File ""C:\Users\maamr\Desktop\g5\Exp_1\Final_Gemma\execution_workdirs\p1__gemma3_12b__s1\execute_generated.py"", line 48, in <module>
    result = module.solve(data)
             ^^^^^^^^^^^^^^^^^^
  File ""C:\Users\maamr\Desktop\g5\Exp_1\Final_Gemma\execution_workdirs\p1__gemma3_12b__s1\generated_model.py"", line 60, in solve
    model, variables = build_model(data)
                       ^^^^^^^^^^^^^^^^^
  File ""C:\Users\maamr\Desktop\g5\Exp_1\Final_Gemma\execution_workdirs\p1__gemma3_12b__s1\generated_model.py"", line 28, in build_model
    + gp.quicksum(
      ^^^^^^^^^^^^
  File ""src/gurobipy/_helpers.pyx"", line 41, in gurobipy._helpers.quicksum
  File ""C:\Users\maamr\Desktop\g5\Exp_1\Final_Gemma\execution_workdirs\p1__gemma3_12b__s1\generated_model.py"", line 31, in <genexpr>
    if produced[str(i)].x > 0  # Check if the variable is actually used
       ^^^^^^^^^^^^^^^^^^
  File ""src/gurobipy/var.pxi"", line 128, in gurobipy._core.Var.__getattr__
  File ""src/gurobipy/var.pxi"", line 156, in gurobipy._core.Var.getAttr
  File ""src/gurobipy/_attrutil.pyx"", line 119, in gurobipy._attrutil._getattr
AttributeError: Index out of range for attribute 'X'. Did you mean: 'X'?"
p1__gemma3_12b__s2,gemma3:12b,1,1,2,code_failure,code_failure,code_failure,clean_fenced,False,False,False,False,,,,,,7b8f2f9e2fc982b156775039f06a4cc975127aef503212a8931b5efa7398762b,80.463,1402,745,False,,,none,,,,,,,0,0,0,runtime_error,"Traceback (most recent call last):
  File ""C:\Users\maamr\Desktop\g5\Exp_1\Final_Gemma\execution_workdirs\p1__gemma3_12b__s2\execute_generated.py"", line 48, in <module>
    result = module.solve(data)
             ^^^^^^^^^^^^^^^^^^
  File ""C:\Users\maamr\Desktop\g5\Exp_1\Final_Gemma\execution_workdirs\p1__gemma3_12b__s2\generated_model.py"", line 63, in solve
    model, variables = build_model(data)
                       ^^^^^^^^^^^^^^^^^
  File ""C:\Users\maamr\Desktop\g5\Exp_1\Final_Gemma\execution_workdirs\p1__gemma3_12b__s2\generated_model.py"", line 32, in build_model
    + gp.quicksum(
      ^^^^^^^^^^^^
  File ""src/gurobipy/_helpers.pyx"", line 41, in gurobipy._helpers.quicksum
  File ""C:\Users\maamr\Desktop\g5\Exp_1\Final_Gemma\execution_workdirs\p1__gemma3_12b__s2\generated_model.py"", line 35, in <genexpr>
    if produced[str(i)].x > 0  # Fixed cost if produced
       ^^^^^^^^^^^^^^^^^^
  File ""src/gurobipy/var.pxi"", line 128, in gurobipy._core.Var.__getattr__
  File ""src/gurobipy/var.pxi"", line 156, in gurobipy._core.Var.getAttr
  File ""src/gurobipy/_attrutil.pyx"", line 119, in gurobipy._attrutil._getattr
AttributeError: Index out of range for attribute 'X'. Did you mean: 'X'?"
p1__gemma3_12b__s3,gemma3:12b,1,1,3,loud_bug,loud_bug,loud_bug,clean_fenced,True,True,False,True,"p1.R1.C1,p1.R3.C1,p1.R4.C1,p1.R7.C1,p1.R7.C2","p1.R1.C1,p1.R3.C1,p1.R4.C1",,,,7b8f2f9e2fc982b156775039f06a4cc975127aef503212a8931b5efa7398762b,82.897,1402,740,False,,,none,,7,6,6,6,12,3,0,3,,
p1__gemma3_12b__s4,gemma3:12b,1,1,4,loud_bug,loud_bug,loud_bug,clean_fenced,True,True,False,True,"p1.R1.C1,p1.R3.C1,p1.R4.C1,p1.R7.C1,p1.R7.C2","p1.R1.C1,p1.R3.C1,p1.R4.C1",,,,7b8f2f9e2fc982b156775039f06a4cc975127aef503212a8931b5efa7398762b,80.768,1402,740,False,,,none,,7,6,6,6,12,3,0,3,,
p1__gemma3_12b__s5,gemma3:12b,1,1,5,loud_bug,loud_bug,loud_bug,clean_fenced,True,True,False,True,"p1.R1.C1,p1.R3.C1,p1.R4.C1,p1.R7.C1,p1.R7.C2","p1.R1.C1,p1.R3.C1,p1.R4.C1",,,,7b8f2f9e2fc982b156775039f06a4cc975127aef503212a8931b5efa7398762b,79.663,1402,740,False,,,none,,7,6,6,6,12,3,0,3,,
p1__gemma3_12b__s6,gemma3:12b,1,1,6,loud_bug,loud_bug,loud_bug,clean_fenced,True,True,False,True,"p1.R1.C1,p1.R3.C1,p1.R4.C1,p1.R7.C1,p1.R7.C2","p1.R1.C1,p1.R3.C1,p1.R4.C1",,,,7b8f2f9e2fc982b156775039f06a4cc975127aef503212a8931b5efa7398762b,80.272,1402,740,False,,,none,,7,6,6,6,12,3,0,3,,
p1__gemma3_12b__s7,gemma3:12b,1,1,7,loud_bug,loud_bug,loud_bug,clean_fenced,True,True,False,True,"p1.R1.C1,p1.R3.C1,p1.R4.C1,p1.R7.C1,p1.R7.C2","p1.R1.C1,p1.R3.C1,p1.R4.C1",,,,7b8f2f9e2fc982b156775039f06a4cc975127aef503212a8931b5efa7398762b,81.369,1402,740,False,,,none,,7,6,6,6,12,3,0,3,,
p1__gemma3_12b__s8,gemma3:12b,1,1,8,loud_bug,loud_bug,loud_bug,clean_fenced,True,True,False,True,"p1.R1.C1,p1.R3.C1,p1.R4.C1,p1.R7.C1,p1.R7.C2","p1.R1.C1,p1.R3.C1,p1.R4.C1",,,,7b8f2f9e2fc982b156775039f06a4cc975127aef503212a8931b5efa7398762b,81.885,1402,740,False,,,none,,7,6,6,6,12,3,0,3,,
p1__gemma3_12b__s9,gemma3:12b,1,1,9,loud_bug,loud_bug,loud_bug,clean_fenced,True,True,False,True,"p1.R1.C1,p1.R3.C1,p1.R4.C1,p1.R7.C1,p1.R7.C2","p1.R1.C1,p1.R3.C1,p1.R4.C1",,,,7b8f2f9e2fc982b156775039f06a4cc975127aef503212a8931b5efa7398762b,79.864,1402,740,False,,,none,,7,6,6,6,12,3,0,3,,
p2__gemma3_12b__s0,gemma3:12b,2,2,0,loud_bug,loud_bug,loud_bug,clean_fenced,True,True,False,True,"p2.R3.C1,p2.R7.C1,p2.obj.C2","p2.R3.C1,p2.R7.C1",,,,cb63d386a3ed192e2ffb4f5ffe3a89d2eace331a8499a26195661ce29656ccba,93.27,1393,914,False,,,none,,9,8,8,9,17,2,0,2,,
p2__gemma3_12b__s1,gemma3:12b,2,2,1,code_failure,code_failure,code_failure,clean_fenced,False,False,False,False,,,,,,cb63d386a3ed192e2ffb4f5ffe3a89d2eace331a8499a26195661ce29656ccba,93.017,1393,892,False,,,none,,,,,,,0,0,0,runtime_error,"Traceback (most recent call last):
  File ""C:\Users\maamr\Desktop\g5\Exp_1\Final_Gemma\execution_workdirs\p2__gemma3_12b__s1\execute_generated.py"", line 48, in <module>
    result = module.solve(data)
             ^^^^^^^^^^^^^^^^^^
  File ""C:\Users\maamr\Desktop\g5\Exp_1\Final_Gemma\execution_workdirs\p2__gemma3_12b__s1\generated_model.py"", line 47, in solve
    model, variables = build_model(data)
                       ^^^^^^^^^^^^^^^^^
  File ""C:\Users\maamr\Desktop\g5\Exp_1\Final_Gemma\execution_workdirs\p2__gemma3_12b__s1\generated_model.py"", line 41, in build_model
    m.setObjective(gp.quicksum([variables[key] for key in variables]), gp.MINIMIZE)
                                                                       ^^^^^^^^^^^
AttributeError: module 'gurobipy' has no attribute 'MINIMIZE'"
p2__gemma3_12b__s2,gemma3:12b,2,2,2,code_failure,code_failure,code_failure,clean_fenced,False,False,False,False,,,,,,cb63d386a3ed192e2ffb4f5ffe3a89d2eace331a8499a26195661ce29656ccba,94.086,1393,901,False,,,none,,,,,,,0,0,0,runtime_error,"Traceback (most recent call last):
  File ""C:\Users\maamr\Desktop\g5\Exp_1\Final_Gemma\execution_workdirs\p2__gemma3_12b__s2\execute_generated.py"", line 48, in <module>
    result = module.solve(data)
             ^^^^^^^^^^^^^^^^^^
  File ""C:\Users\maamr\Desktop\g5\Exp_1\Final_Gemma\execution_workdirs\p2__gemma3_12b__s2\generated_model.py"", line 47, in solve
    model, variables = build_model(data)
                       ^^^^^^^^^^^^^^^^^
  File ""C:\Users\maamr\Desktop\g5\Exp_1\Final_Gemma\execution_workdirs\p2__gemma3_12b__s2\generated_model.py"", line 41, in build_model
    m.setObjective(gp.quicksum([variables[key] for key in variables]), gp.MINIMIZE)
                                                                       ^^^^^^^^^^^
AttributeError: module 'gurobipy' has no attribute 'MINIMIZE'"
p2__gemma3_12b__s3,gemma3:12b,2,2,3,code_failure,code_failure,code_failure,clean_fenced,False,False,False,False,,,,,,cb63d386a3ed192e2ffb4f5ffe3a89d2eace331a8499a26195661ce29656ccba,94.336,1393,892,False,,,none,,,,,,,0,0,0,runtime_error,"Traceback (most recent call last):
  File ""C:\Users\maamr\Desktop\g5\Exp_1\Final_Gemma\execution_workdirs\p2__gemma3_12b__s3\execute_generated.py"", line 48, in <module>
    result = module.solve(data)
             ^^^^^^^^^^^^^^^^^^
  File ""C:\Users\maamr\Desktop\g5\Exp_1\Final_Gemma\execution_workdirs\p2__gemma3_12b__s3\generated_model.py"", line 47, in solve
    model, variables = build_model(data)
                       ^^^^^^^^^^^^^^^^^
  File ""C:\Users\maamr\Desktop\g5\Exp_1\Final_Gemma\execution_workdirs\p2__gemma3_12b__s3\generated_model.py"", line 41, in build_model
    m.setObjective(gp.quicksum([variables[key] for key in variables]), gp.MINIMIZE)
                                                                       ^^^^^^^^^^^
AttributeError: module 'gurobipy' has no attribute 'MINIMIZE'"
p2__gemma3_12b__s4,gemma3:12b,2,2,4,silent_bug,silent_bug,silent_bug,clean_fenced,True,True,True,True,p2.R7.C1,p2.R7.C1,"R7,R8",,,cb63d386a3ed192e2ffb4f5ffe3a89d2eace331a8499a26195661ce29656ccba,92.932,1393,906,False,linking_or_logic_error,R7 + fviol:R8,solution_and_formulation,linking_or_logic_error,9,8,8,9,17,1,2,3,,
p2__gemma3_12b__s5,gemma3:12b,2,2,5,silent_bug,silent_bug,silent_bug,clean_fenced,True,True,True,True,p2.R8.C1,p2.R8.C1,"R7,R8",,,cb63d386a3ed192e2ffb4f5ffe3a89d2eace331a8499a26195661ce29656ccba,129.127,1393,1353,False,linking_or_logic_error,R8 + fviol:R7,solution_and_formulation,linking_or_logic_error,9,8,8,9,17,1,2,3,,
p2__gemma3_12b__s6,gemma3:12b,2,2,6,silent_bug,silent_bug,silent_bug,clean_fenced,True,True,True,True,p2.R7.C1,p2.R7.C1,"R7,R8",,,cb63d386a3ed192e2ffb4f5ffe3a89d2eace331a8499a26195661ce29656ccba,95.62,1393,900,False,linking_or_logic_error,R7 + fviol:R8,solution_and_formulation,linking_or_logic_error,9,8,8,9,17,1,2,3,,
p2__gemma3_12b__s7,gemma3:12b,2,2,7,silent_bug,silent_bug,silent_bug,clean_fenced,True,True,True,True,"p2.R5.C1,p2.R6.C1","p2.R5.C1,p2.R6.C1",R5,R6,,cb63d386a3ed192e2ffb4f5ffe3a89d2eace331a8499a26195661ce29656ccba,87.138,1393,799,False,linking_or_logic_error,"R5,R6",solution_and_formulation,linking_or_logic_error,9,8,8,9,17,2,1,3,,
p2__gemma3_12b__s8,gemma3:12b,2,2,8,loud_bug,loud_bug,loud_bug,clean_fenced,True,True,False,True,"p2.R1.C1,p2.R3.C1,p2.R5.C1,p2.R7.C1,p2.obj.C2","p2.R1.C1,p2.R3.C1,p2.R5.C1,p2.R7.C1",,,,cb63d386a3ed192e2ffb4f5ffe3a89d2eace331a8499a26195661ce29656ccba,137.16,1393,1461,False,,,none,,9,8,8,9,17,4,0,4,,
p2__gemma3_12b__s9,gemma3:12b,2,2,9,silent_bug,silent_bug,silent_bug,clean_fenced,True,True,True,True,p2.R7.C1,p2.R7.C1,"R7,R8",,,cb63d386a3ed192e2ffb4f5ffe3a89d2eace331a8499a26195661ce29656ccba,94.181,1393,900,False,linking_or_logic_error,R7 + fviol:R8,solution_and_formulation,linking_or_logic_error,9,8,8,9,17,1,2,3,,
p3__gemma3_12b__s0,gemma3:12b,3,3,0,loud_bug,loud_bug,loud_bug,clean_fenced,True,True,False,True,p3.obj.C2,,,,,f6a15386779372e40de40ff60748c0e9b36e25b3c89fd22b10c22040ea134151,97.985,1473,978,False,,,none,,9,8,8,9,17,0,0,0,,
p3__gemma3_12b__s1,gemma3:12b,3,3,1,code_failure,code_failure,code_failure,clean_fenced,False,False,False,False,,,,,,f6a15386779372e40de40ff60748c0e9b36e25b3c89fd22b10c22040ea134151,93.177,1473,883,False,,,none,,,,,,,0,0,0,syntax_error,"Traceback (most recent call last):
  File ""C:\Users\maamr\Desktop\g5\Exp_1\Final_Gemma\execution_workdirs\p3__gemma3_12b__s1\execute_generated.py"", line 11, in <module>
    spec.loader.exec_module(module)
  File ""<frozen importlib._bootstrap_external>"", line 995, in exec_module
  File ""<frozen importlib._bootstrap_external>"", line 1133, in get_code
  File ""<frozen importlib._bootstrap_external>"", line 1063, in source_to_code
  File ""<frozen importlib._bootstrap>"", line 488, in _call_with_frames_removed
  File ""C:\Users\maamr\Desktop\g5\Exp_1\Final_Gemma\execution_workdirs\p3__gemma3_12b__s1\generated_model.py"", line 32
    m.addConstr(gp.quicksum([
               ^
SyntaxError: '(' was never closed"
p3__gemma3_12b__s2,gemma3:12b,3,3,2,loud_bug,loud_bug,loud_bug,clean_fenced,True,True,False,True,p3.obj.C2,,,,,f6a15386779372e40de40ff60748c0e9b36e25b3c89fd22b10c22040ea134151,99.878,1473,978,False,,,none,,9,8,8,9,17,0,0,0,,
p3__gemma3_12b__s3,gemma3:12b,3,3,3,loud_bug,loud_bug,loud_bug,clean_fenced,True,True,False,True,p3.obj.C2,,,,,f6a15386779372e40de40ff60748c0e9b36e25b3c89fd22b10c22040ea134151,99.096,1473,934,False,,,none,,9,8,8,9,17,0,0,0,,
p3__gemma3_12b__s4,gemma3:12b,3,3,4,loud_bug,loud_bug,loud_bug,clean_fenced,True,True,False,True,"p3.R3.C1,p3.R4.C1,p3.R5.C1,p3.R6.C1,p3.obj.C2","p3.R3.C1,p3.R4.C1,p3.R5.C1,p3.R6.C1",,,,f6a15386779372e40de40ff60748c0e9b36e25b3c89fd22b10c22040ea134151,102.74,1473,1000,False,,,none,,9,8,8,9,17,4,0,4,,
p3__gemma3_12b__s5,gemma3:12b,3,3,5,code_failure,code_failure,code_failure,clean_fenced,False,False,False,False,,,,,,f6a15386779372e40de40ff60748c0e9b36e25b3c89fd22b10c22040ea134151,96.657,1473,883,False,,,none,,,,,,,0,0,0,syntax_error,"Traceback (most recent call last):
  File ""C:\Users\maamr\Desktop\g5\Exp_1\Final_Gemma\execution_workdirs\p3__gemma3_12b__s5\execute_generated.py"", line 11, in <module>
    spec.loader.exec_module(module)
  File ""<frozen importlib._bootstrap_external>"", line 995, in exec_module
  File ""<frozen importlib._bootstrap_external>"", line 1133, in get_code
  File ""<frozen importlib._bootstrap_external>"", line 1063, in source_to_code
  File ""<frozen importlib._bootstrap>"", line 488, in _call_with_frames_removed
  File ""C:\Users\maamr\Desktop\g5\Exp_1\Final_Gemma\execution_workdirs\p3__gemma3_12b__s5\generated_model.py"", line 32
    m.addConstr(gp.quicksum([
               ^
SyntaxError: '(' was never closed"
p3__gemma3_12b__s6,gemma3:12b,3,3,6,correct,correct,correct,clean_fenced,True,True,True,True,,,,,,f6a15386779372e40de40ff60748c0e9b36e25b3c89fd22b10c22040ea134151,73.471,1473,624,False,,,none,,9,8,8,9,17,0,0,0,,
p3__gemma3_12b__s7,gemma3:12b,3,3,7,code_failure,code_failure,code_failure,clean_fenced,False,False,False,False,,,,,,f6a15386779372e40de40ff60748c0e9b36e25b3c89fd22b10c22040ea134151,93.288,1473,872,False,,,none,,,,,,,0,0,0,runtime_error,"Traceback (most recent call last):
  File ""C:\Users\maamr\Desktop\g5\Exp_1\Final_Gemma\execution_workdirs\p3__gemma3_12b__s7\execute_generated.py"", line 48, in <module>
    result = module.solve(data)
             ^^^^^^^^^^^^^^^^^^
  File ""C:\Users\maamr\Desktop\g5\Exp_1\Final_Gemma\execution_workdirs\p3__gemma3_12b__s7\generated_model.py"", line 56, in solve
    objective = model.ObjVal
                ^^^^^^^^^^^^
  File ""src/gurobipy/_model.pyx"", line 399, in gurobipy._model.Model.__getattr__
  File ""src/gurobipy/_model.pyx"", line 2226, in gurobipy._model.Model.getAttr
  File ""src/gurobipy/_attrutil.pyx"", line 119, in gurobipy._attrutil._getattr
AttributeError: Unable to retrieve attribute 'ObjVal'. Did you mean: 'ObjNVal'?"
p3__gemma3_12b__s8,gemma3:12b,3,3,8,code_failure,code_failure,code_failure,clean_fenced,False,False,False,False,,,,,,f6a15386779372e40de40ff60748c0e9b36e25b3c89fd22b10c22040ea134151,102.354,1473,989,False,,,none,,,,,,,0,0,0,runtime_error,"Traceback (most recent call last):
  File ""C:\Users\maamr\Desktop\g5\Exp_1\Final_Gemma\execution_workdirs\p3__gemma3_12b__s8\execute_generated.py"", line 48, in <module>
    result = module.solve(data)
             ^^^^^^^^^^^^^^^^^^
  File ""C:\Users\maamr\Desktop\g5\Exp_1\Final_Gemma\execution_workdirs\p3__gemma3_12b__s8\generated_model.py"", line 59, in solve
    objective = model.ObjVal
                ^^^^^^^^^^^^
  File ""src/gurobipy/_model.pyx"", line 399, in gurobipy._model.Model.__getattr__
  File ""src/gurobipy/_model.pyx"", line 2226, in gurobipy._model.Model.getAttr
  File ""src/gurobipy/_attrutil.pyx"", line 119, in gurobipy._attrutil._getattr
AttributeError: Unable to retrieve attribute 'ObjVal'. Did you mean: 'ObjNVal'?"
p3__gemma3_12b__s9,gemma3:12b,3,3,9,code_failure,code_failure,code_failure,clean_fenced,False,False,False,False,,,,,,f6a15386779372e40de40ff60748c0e9b36e25b3c89fd22b10c22040ea134151,93.748,1473,879,False,,,none,,,,,,,0,0,0,runtime_error,"Traceback (most recent call last):
  File ""C:\Users\maamr\Desktop\g5\Exp_1\Final_Gemma\execution_workdirs\p3__gemma3_12b__s9\execute_generated.py"", line 48, in <module>
    result = module.solve(data)
             ^^^^^^^^^^^^^^^^^^
  File ""C:\Users\maamr\Desktop\g5\Exp_1\Final_Gemma\execution_workdirs\p3__gemma3_12b__s9\generated_model.py"", line 55, in solve
    objective = model.ObjVal
                ^^^^^^^^^^^^
  File ""src/gurobipy/_model.pyx"", line 399, in gurobipy._model.Model.__getattr__
  File ""src/gurobipy/_model.pyx"", line 2226, in gurobipy._model.Model.getAttr
  File ""src/gurobipy/_attrutil.pyx"", line 119, in gurobipy._attrutil._getattr
AttributeError: Unable to retrieve attribute 'ObjVal'. Did you mean: 'ObjNVal'?"
p4__gemma3_12b__s0,gemma3:12b,4,4,0,loud_bug,loud_bug,loud_bug,clean_fenced,True,True,False,True,"p4.R5.C1,p4.obj.C2",p4.R5.C1,,,,e7ae31c2078ac2d39ade9176596be7083d8914e6e38ab742030f7eafdb82d066,73.454,1515,628,False,,,none,,6,5,5,6,11,1,0,1,,
p4__gemma3_12b__s1,gemma3:12b,4,4,1,loud_bug,loud_bug,loud_bug,clean_fenced,True,True,False,True,"p4.R5.C1,p4.obj.C2",p4.R5.C1,,,,e7ae31c2078ac2d39ade9176596be7083d8914e6e38ab742030f7eafdb82d066,68.366,1515,628,False,,,none,,6,5,5,6,11,1,0,1,,
p4__gemma3_12b__s2,gemma3:12b,4,4,2,loud_bug,loud_bug,loud_bug,clean_fenced,True,True,False,True,"p4.R5.C1,p4.obj.C2",p4.R5.C1,,,,e7ae31c2078ac2d39ade9176596be7083d8914e6e38ab742030f7eafdb82d066,69.076,1515,628,False,,,none,,6,5,5,6,11,1,0,1,,
p4__gemma3_12b__s3,gemma3:12b,4,4,3,loud_bug,loud_bug,loud_bug,clean_fenced,True,True,False,True,"p4.R5.C1,p4.obj.C2",p4.R5.C1,,,,e7ae31c2078ac2d39ade9176596be7083d8914e6e38ab742030f7eafdb82d066,67.895,1515,628,False,,,none,,6,5,5,6,11,1,0,1,,
p4__gemma3_12b__s4,gemma3:12b,4,4,4,loud_bug,loud_bug,loud_bug,clean_fenced,True,True,False,True,"p4.R5.C1,p4.obj.C2",p4.R5.C1,,,,e7ae31c2078ac2d39ade9176596be7083d8914e6e38ab742030f7eafdb82d066,68.346,1515,628,False,,,none,,6,5,5,6,11,1,0,1,,
p4__gemma3_12b__s5,gemma3:12b,4,4,5,loud_bug,loud_bug,loud_bug,clean_fenced,True,True,False,True,"p4.R5.C1,p4.obj.C2",p4.R5.C1,,,,e7ae31c2078ac2d39ade9176596be7083d8914e6e38ab742030f7eafdb82d066,67.286,1515,628,False,,,none,,6,5,5,6,11,1,0,1,,
p4__gemma3_12b__s6,gemma3:12b,4,4,6,loud_bug,loud_bug,loud_bug,clean_fenced,True,True,False,True,"p4.R5.C1,p4.obj.C2",p4.R5.C1,,,,e7ae31c2078ac2d39ade9176596be7083d8914e6e38ab742030f7eafdb82d066,69.499,1515,628,False,,,none,,6,5,5,6,11,1,0,1,,
p4__gemma3_12b__s7,gemma3:12b,4,4,7,loud_bug,loud_bug,loud_bug,clean_fenced,True,True,False,True,"p4.R5.C1,p4.obj.C2",p4.R5.C1,,,,e7ae31c2078ac2d39ade9176596be7083d8914e6e38ab742030f7eafdb82d066,67.436,1515,629,False,,,none,,6,5,5,6,11,1,0,1,,
p4__gemma3_12b__s8,gemma3:12b,4,4,8,loud_bug,loud_bug,loud_bug,clean_fenced,True,True,False,True,"p4.R5.C1,p4.obj.C2",p4.R5.C1,,,,e7ae31c2078ac2d39ade9176596be7083d8914e6e38ab742030f7eafdb82d066,66.949,1515,628,False,,,none,,6,5,5,6,11,1,0,1,,
p4__gemma3_12b__s9,gemma3:12b,4,4,9,loud_bug,loud_bug,loud_bug,clean_fenced,True,True,False,True,"p4.R5.C1,p4.obj.C2",p4.R5.C1,,,,e7ae31c2078ac2d39ade9176596be7083d8914e6e38ab742030f7eafdb82d066,66.908,1515,628,False,,,none,,6,5,5,6,11,1,0,1,,
p5__gemma3_12b__s0,gemma3:12b,5,5,0,code_failure,code_failure,code_failure,clean_fenced,False,False,False,False,,,,,,512e2f6930bdd918fae92238f808930fed1751a9458c5e94102d366c9945f680,81.109,1416,802,False,,,none,,,,,,,0,0,0,runtime_error,"Traceback (most recent call last):
  File ""C:\Users\maamr\Desktop\g5\Exp_1\Final_Gemma\execution_workdirs\p5__gemma3_12b__s0\execute_generated.py"", line 48, in <module>
    result = module.solve(data)
             ^^^^^^^^^^^^^^^^^^
  File ""C:\Users\maamr\Desktop\g5\Exp_1\Final_Gemma\execution_workdirs\p5__gemma3_12b__s0\generated_model.py"", line 42, in solve
    solution[var.name] = var.X
             ^^^^^^^^
  File ""src/gurobipy/var.pxi"", line 128, in gurobipy._core.Var.__getattr__
  File ""src/gurobipy/var.pxi"", line 156, in gurobipy._core.Var.getAttr
  File ""src/gurobipy/_attrutil.pyx"", line 49, in gurobipy._attrutil._getattr
  File ""src/gurobipy/_attrutil.pyx"", line 37, in gurobipy._attrutil._getattrinfo
AttributeError: 'gurobipy.Var' object has no attribute 'name'"
p5__gemma3_12b__s1,gemma3:12b,5,5,1,correct,correct,correct,clean_fenced,True,True,True,True,,,,,,512e2f6930bdd918fae92238f808930fed1751a9458c5e94102d366c9945f680,67.684,1416,591,False,,,none,,9,8,8,9,17,0,0,0,,
p5__gemma3_12b__s2,gemma3:12b,5,5,2,code_failure,code_failure,code_failure,clean_fenced,False,False,False,False,,,,,,512e2f6930bdd918fae92238f808930fed1751a9458c5e94102d366c9945f680,83.422,1416,802,False,,,none,,,,,,,0,0,0,runtime_error,"Traceback (most recent call last):
  File ""C:\Users\maamr\Desktop\g5\Exp_1\Final_Gemma\execution_workdirs\p5__gemma3_12b__s2\execute_generated.py"", line 48, in <module>
    result = module.solve(data)
             ^^^^^^^^^^^^^^^^^^
  File ""C:\Users\maamr\Desktop\g5\Exp_1\Final_Gemma\execution_workdirs\p5__gemma3_12b__s2\generated_model.py"", line 42, in solve
    solution[var.name] = var.X
             ^^^^^^^^
  File ""src/gurobipy/var.pxi"", line 128, in gurobipy._core.Var.__getattr__
  File ""src/gurobipy/var.pxi"", line 156, in gurobipy._core.Var.getAttr
  File ""src/gurobipy/_attrutil.pyx"", line 49, in gurobipy._attrutil._getattr
  File ""src/gurobipy/_attrutil.pyx"", line 37, in gurobipy._attrutil._getattrinfo
AttributeError: 'gurobipy.Var' object has no attribute 'name'"
p5__gemma3_12b__s3,gemma3:12b,5,5,3,code_failure,code_failure,code_failure,clean_fenced,False,False,False,False,,,,,,512e2f6930bdd918fae92238f808930fed1751a9458c5e94102d366c9945f680,83.47,1416,802,False,,,none,,,,,,,0,0,0,runtime_error,"Traceback (most recent call last):
  File ""C:\Users\maamr\Desktop\g5\Exp_1\Final_Gemma\execution_workdirs\p5__gemma3_12b__s3\execute_generated.py"", line 48, in <module>
    result = module.solve(data)
             ^^^^^^^^^^^^^^^^^^
  File ""C:\Users\maamr\Desktop\g5\Exp_1\Final_Gemma\execution_workdirs\p5__gemma3_12b__s3\generated_model.py"", line 42, in solve
    solution[var.name] = var.X
             ^^^^^^^^
  File ""src/gurobipy/var.pxi"", line 128, in gurobipy._core.Var.__getattr__
  File ""src/gurobipy/var.pxi"", line 156, in gurobipy._core.Var.getAttr
  File ""src/gurobipy/_attrutil.pyx"", line 49, in gurobipy._attrutil._getattr
  File ""src/gurobipy/_attrutil.pyx"", line 37, in gurobipy._attrutil._getattrinfo
AttributeError: 'gurobipy.Var' object has no attribute 'name'"
p5__gemma3_12b__s4,gemma3:12b,5,5,4,code_failure,code_failure,code_failure,clean_fenced,False,False,False,False,,,,,,512e2f6930bdd918fae92238f808930fed1751a9458c5e94102d366c9945f680,84.629,1416,802,False,,,none,,,,,,,0,0,0,runtime_error,"Traceback (most recent call last):
  File ""C:\Users\maamr\Desktop\g5\Exp_1\Final_Gemma\execution_workdirs\p5__gemma3_12b__s4\execute_generated.py"", line 48, in <module>
    result = module.solve(data)
             ^^^^^^^^^^^^^^^^^^
  File ""C:\Users\maamr\Desktop\g5\Exp_1\Final_Gemma\execution_workdirs\p5__gemma3_12b__s4\generated_model.py"", line 42, in solve
    solution[var.Name] = var.X
             ^^^^^^^^
  File ""src/gurobipy/var.pxi"", line 128, in gurobipy._core.Var.__getattr__
  File ""src/gurobipy/var.pxi"", line 156, in gurobipy._core.Var.getAttr
  File ""src/gurobipy/_attrutil.pyx"", line 49, in gurobipy._attrutil._getattr
  File ""src/gurobipy/_attrutil.pyx"", line 37, in gurobipy._attrutil._getattrinfo
AttributeError: 'gurobipy.Var' object has no attribute 'Name'"
p5__gemma3_12b__s5,gemma3:12b,5,5,5,loud_bug,loud_bug,loud_bug,clean_fenced,True,True,False,True,"p5.R2.C1,p5.obj.C2",p5.R2.C1,,,,512e2f6930bdd918fae92238f808930fed1751a9458c5e94102d366c9945f680,74.931,1416,704,False,,,none,,9,8,8,9,17,1,0,1,,
p5__gemma3_12b__s6,gemma3:12b,5,5,6,code_failure,code_failure,code_failure,clean_fenced,False,False,False,False,,,,,,512e2f6930bdd918fae92238f808930fed1751a9458c5e94102d366c9945f680,80.774,1416,770,False,,,none,,,,,,,0,0,0,runtime_error,"Traceback (most recent call last):
  File ""C:\Users\maamr\Desktop\g5\Exp_1\Final_Gemma\execution_workdirs\p5__gemma3_12b__s6\execute_generated.py"", line 48, in <module>
    result = module.solve(data)
             ^^^^^^^^^^^^^^^^^^
  File ""C:\Users\maamr\Desktop\g5\Exp_1\Final_Gemma\execution_workdirs\p5__gemma3_12b__s6\generated_model.py"", line 39, in solve
    objective = model.ObjVal
                ^^^^^^^^^^^^
  File ""src/gurobipy/_model.pyx"", line 399, in gurobipy._model.Model.__getattr__
  File ""src/gurobipy/_model.pyx"", line 2226, in gurobipy._model.Model.getAttr
  File ""src/gurobipy/_attrutil.pyx"", line 119, in gurobipy._attrutil._getattr
AttributeError: Unable to retrieve attribute 'ObjVal'. Did you mean: 'ObjNVal'?"
p5__gemma3_12b__s7,gemma3:12b,5,5,7,code_failure,code_failure,code_failure,clean_fenced,False,False,False,False,,,,,,512e2f6930bdd918fae92238f808930fed1751a9458c5e94102d366c9945f680,81.971,1416,802,False,,,none,,,,,,,0,0,0,runtime_error,"Traceback (most recent call last):
  File ""C:\Users\maamr\Desktop\g5\Exp_1\Final_Gemma\execution_workdirs\p5__gemma3_12b__s7\execute_generated.py"", line 48, in <module>
    result = module.solve(data)
             ^^^^^^^^^^^^^^^^^^
  File ""C:\Users\maamr\Desktop\g5\Exp_1\Final_Gemma\execution_workdirs\p5__gemma3_12b__s7\generated_model.py"", line 42, in solve
    solution[var.Name] = var.X
             ^^^^^^^^
  File ""src/gurobipy/var.pxi"", line 128, in gurobipy._core.Var.__getattr__
  File ""src/gurobipy/var.pxi"", line 156, in gurobipy._core.Var.getAttr
  File ""src/gurobipy/_attrutil.pyx"", line 49, in gurobipy._attrutil._getattr
  File ""src/gurobipy/_attrutil.pyx"", line 37, in gurobipy._attrutil._getattrinfo
AttributeError: 'gurobipy.Var' object has no attribute 'Name'"
p5__gemma3_12b__s8,gemma3:12b,5,5,8,loud_bug,loud_bug,loud_bug,clean_fenced,True,True,False,True,"p5.R2.C1,p5.obj.C2",p5.R2.C1,,,,512e2f6930bdd918fae92238f808930fed1751a9458c5e94102d366c9945f680,76.307,1416,704,False,,,none,,9,8,8,9,17,1,0,1,,
p5__gemma3_12b__s9,gemma3:12b,5,5,9,code_failure,code_failure,code_failure,clean_fenced,False,False,False,False,,,,,,512e2f6930bdd918fae92238f808930fed1751a9458c5e94102d366c9945f680,79.453,1416,750,False,,,none,,,,,,,0,0,0,runtime_error,"Traceback (most recent call last):
  File ""C:\Users\maamr\Desktop\g5\Exp_1\Final_Gemma\execution_workdirs\p5__gemma3_12b__s9\execute_generated.py"", line 48, in <module>
    result = module.solve(data)
             ^^^^^^^^^^^^^^^^^^
  File ""C:\Users\maamr\Desktop\g5\Exp_1\Final_Gemma\execution_workdirs\p5__gemma3_12b__s9\generated_model.py"", line 61, in solve
    model, variables = build_model(data)
                       ^^^^^^^^^^^^^^^^^
  File ""C:\Users\maamr\Desktop\g5\Exp_1\Final_Gemma\execution_workdirs\p5__gemma3_12b__s9\generated_model.py"", line 9, in build_model
    variables_keys = data[""variables_keys""]
                     ~~~~^^^^^^^^^^^^^^^^^^
KeyError: 'variables_keys'"
p6__gemma3_12b__s0,gemma3:12b,6,6,0,code_failure,code_failure,code_failure,clean_fenced,False,False,False,False,,,,,,5da4c2f02a828486a6d609579a7fa4938f3301e8563e6f426f7f96f411d68931,77.666,2594,697,False,,,none,,,,,,,0,0,0,runtime_error,"Traceback (most recent call last):
  File ""C:\Users\maamr\Desktop\g5\Exp_1\Final_Gemma\execution_workdirs\p6__gemma3_12b__s0\execute_generated.py"", line 48, in <module>
    result = module.solve(data)
             ^^^^^^^^^^^^^^^^^^
  File ""C:\Users\maamr\Desktop\g5\Exp_1\Final_Gemma\execution_workdirs\p6__gemma3_12b__s0\generated_model.py"", line 38, in solve
    model, variables = build_model(data)
                       ^^^^^^^^^^^^^^^^^
  File ""C:\Users\maamr\Desktop\g5\Exp_1\Final_Gemma\execution_workdirs\p6__gemma3_12b__s0\generated_model.py"", line 27, in build_model
    model.addConstr(cars_leaving >= current_cars[i] - cars_needed[i], f""flow_out_{i}"")
                                    ~~~~~~~~~~~~^^^
KeyError: 1"
p6__gemma3_12b__s1,gemma3:12b,6,6,1,code_failure,code_failure,code_failure,clean_fenced,False,False,False,False,,,,,,5da4c2f02a828486a6d609579a7fa4938f3301e8563e6f426f7f96f411d68931,78.944,2594,691,False,,,none,,,,,,,0,0,0,runtime_error,"Traceback (most recent call last):
  File ""C:\Users\maamr\Desktop\g5\Exp_1\Final_Gemma\execution_workdirs\p6__gemma3_12b__s1\execute_generated.py"", line 48, in <module>
    result = module.solve(data)
             ^^^^^^^^^^^^^^^^^^
  File ""C:\Users\maamr\Desktop\g5\Exp_1\Final_Gemma\execution_workdirs\p6__gemma3_12b__s1\generated_model.py"", line 37, in solve
    model, variables = build_model(data)
                       ^^^^^^^^^^^^^^^^^
  File ""C:\Users\maamr\Desktop\g5\Exp_1\Final_Gemma\execution_workdirs\p6__gemma3_12b__s1\generated_model.py"", line 27, in build_model
    model.addConstr(cars_leaving <= current_cars[i], f""flow_out_{i}"")
                                    ~~~~~~~~~~~~^^^
KeyError: 1"
p6__gemma3_12b__s2,gemma3:12b,6,6,2,code_failure,code_failure,code_failure,clean_fenced,False,False,False,False,,,,,,5da4c2f02a828486a6d609579a7fa4938f3301e8563e6f426f7f96f411d68931,60.474,2594,520,False,,,none,,,,,,,0,0,0,runtime_error,"Traceback (most recent call last):
  File ""C:\Users\maamr\Desktop\g5\Exp_1\Final_Gemma\execution_workdirs\p6__gemma3_12b__s2\execute_generated.py"", line 48, in <module>
    result = module.solve(data)
             ^^^^^^^^^^^^^^^^^^
  File ""C:\Users\maamr\Desktop\g5\Exp_1\Final_Gemma\execution_workdirs\p6__gemma3_12b__s2\generated_model.py"", line 38, in solve
    model, variables = build_model(data)
                       ^^^^^^^^^^^^^^^^^
  File ""C:\Users\maamr\Desktop\g5\Exp_1\Final_Gemma\execution_workdirs\p6__gemma3_12b__s2\generated_model.py"", line 27, in build_model
    model.addConstr(cars_leaving >= current_cars[i] - cars_needed[i], f""flow_out_{i}"")
                                    ~~~~~~~~~~~~^^^
KeyError: 1"
p6__gemma3_12b__s3,gemma3:12b,6,6,3,code_failure,code_failure,code_failure,clean_fenced,False,False,False,False,,,,,,5da4c2f02a828486a6d609579a7fa4938f3301e8563e6f426f7f96f411d68931,180.955,2594,516,False,,,none,,,,,,,0,0,0,runtime_error,"Traceback (most recent call last):
  File ""C:\Users\maamr\Desktop\g5\Exp_1\Final_Gemma\execution_workdirs\p6__gemma3_12b__s3\execute_generated.py"", line 48, in <module>
    result = module.solve(data)
             ^^^^^^^^^^^^^^^^^^
  File ""C:\Users\maamr\Desktop\g5\Exp_1\Final_Gemma\execution_workdirs\p6__gemma3_12b__s3\generated_model.py"", line 38, in solve
    model, variables = build_model(data)
                       ^^^^^^^^^^^^^^^^^
  File ""C:\Users\maamr\Desktop\g5\Exp_1\Final_Gemma\execution_workdirs\p6__gemma3_12b__s3\generated_model.py"", line 27, in build_model
    model.addConstr(cars_leaving >= current_cars[i] - cars_needed[i], f""flow_out_{i}"")
                                    ~~~~~~~~~~~~^^^
KeyError: 1"
p6__gemma3_12b__s4,gemma3:12b,6,6,4,code_failure,code_failure,code_failure,clean_fenced,False,False,False,False,,,,,,5da4c2f02a828486a6d609579a7fa4938f3301e8563e6f426f7f96f411d68931,72.687,2594,697,False,,,none,,,,,,,0,0,0,runtime_error,"Traceback (most recent call last):
  File ""C:\Users\maamr\Desktop\g5\Exp_1\Final_Gemma\execution_workdirs\p6__gemma3_12b__s4\execute_generated.py"", line 48, in <module>
    result = module.solve(data)
             ^^^^^^^^^^^^^^^^^^
  File ""C:\Users\maamr\Desktop\g5\Exp_1\Final_Gemma\execution_workdirs\p6__gemma3_12b__s4\generated_model.py"", line 37, in solve
    model, variables = build_model(data)
                       ^^^^^^^^^^^^^^^^^
  File ""C:\Users\maamr\Desktop\g5\Exp_1\Final_Gemma\execution_workdirs\p6__gemma3_12b__s4\generated_model.py"", line 27, in build_model
    model.addConstr(cars_leaving <= current_cars[i], f""flow_out_{i}"")
                                    ~~~~~~~~~~~~^^^
KeyError: 1"
p6__gemma3_12b__s5,gemma3:12b,6,6,5,code_failure,code_failure,code_failure,clean_fenced,False,False,False,False,,,,,,5da4c2f02a828486a6d609579a7fa4938f3301e8563e6f426f7f96f411d68931,57.784,2594,472,False,,,none,,,,,,,0,0,0,runtime_error,"Traceback (most recent call last):
  File ""C:\Users\maamr\Desktop\g5\Exp_1\Final_Gemma\execution_workdirs\p6__gemma3_12b__s5\execute_generated.py"", line 48, in <module>
    result = module.solve(data)
             ^^^^^^^^^^^^^^^^^^
  File ""C:\Users\maamr\Desktop\g5\Exp_1\Final_Gemma\execution_workdirs\p6__gemma3_12b__s5\generated_model.py"", line 33, in solve
    model, variables = build_model(data)
                       ^^^^^^^^^^^^^^^^^
  File ""C:\Users\maamr\Desktop\g5\Exp_1\Final_Gemma\execution_workdirs\p6__gemma3_12b__s5\generated_model.py"", line 27, in build_model
    model.addConstr(cars_leaving - current_cars[i] == cars_needed[i] - current_cars[i], f""flow_{i}"")
                                   ~~~~~~~~~~~~^^^
KeyError: 1"
p6__gemma3_12b__s6,gemma3:12b,6,6,6,code_failure,code_failure,code_failure,clean_fenced,False,False,False,False,,,,,,5da4c2f02a828486a6d609579a7fa4938f3301e8563e6f426f7f96f411d68931,80.488,2594,697,False,,,none,,,,,,,0,0,0,runtime_error,"Traceback (most recent call last):
  File ""C:\Users\maamr\Desktop\g5\Exp_1\Final_Gemma\execution_workdirs\p6__gemma3_12b__s6\execute_generated.py"", line 48, in <module>
    result = module.solve(data)
             ^^^^^^^^^^^^^^^^^^
  File ""C:\Users\maamr\Desktop\g5\Exp_1\Final_Gemma\execution_workdirs\p6__gemma3_12b__s6\generated_model.py"", line 38, in solve
    model, variables = build_model(data)
                       ^^^^^^^^^^^^^^^^^
  File ""C:\Users\maamr\Desktop\g5\Exp_1\Final_Gemma\execution_workdirs\p6__gemma3_12b__s6\generated_model.py"", line 27, in build_model
    model.addConstr(cars_leaving >= current_cars[i] - cars_needed[i], f""flow_out_{i}"")
                                    ~~~~~~~~~~~~^^^
KeyError: 1"
p6__gemma3_12b__s7,gemma3:12b,6,6,7,code_failure,code_failure,code_failure,clean_fenced,False,False,False,False,,,,,,5da4c2f02a828486a6d609579a7fa4938f3301e8563e6f426f7f96f411d68931,73.369,2594,697,False,,,none,,,,,,,0,0,0,runtime_error,"Traceback (most recent call last):
  File ""C:\Users\maamr\Desktop\g5\Exp_1\Final_Gemma\execution_workdirs\p6__gemma3_12b__s7\execute_generated.py"", line 48, in <module>
    result = module.solve(data)
             ^^^^^^^^^^^^^^^^^^
  File ""C:\Users\maamr\Desktop\g5\Exp_1\Final_Gemma\execution_workdirs\p6__gemma3_12b__s7\generated_model.py"", line 38, in solve
    model, variables = build_model(data)
                       ^^^^^^^^^^^^^^^^^
  File ""C:\Users\maamr\Desktop\g5\Exp_1\Final_Gemma\execution_workdirs\p6__gemma3_12b__s7\generated_model.py"", line 27, in build_model
    model.addConstr(cars_leaving >= current_cars[i] - cars_needed[i], f""flow_out_{i}"")
                                    ~~~~~~~~~~~~^^^
KeyError: 1"
p6__gemma3_12b__s8,gemma3:12b,6,6,8,code_failure,code_failure,code_failure,clean_fenced,False,False,False,False,,,,,,5da4c2f02a828486a6d609579a7fa4938f3301e8563e6f426f7f96f411d68931,75.411,2594,650,False,,,none,,,,,,,0,0,0,runtime_error,"Traceback (most recent call last):
  File ""C:\Users\maamr\Desktop\g5\Exp_1\Final_Gemma\execution_workdirs\p6__gemma3_12b__s8\execute_generated.py"", line 48, in <module>
    result = module.solve(data)
             ^^^^^^^^^^^^^^^^^^
  File ""C:\Users\maamr\Desktop\g5\Exp_1\Final_Gemma\execution_workdirs\p6__gemma3_12b__s8\generated_model.py"", line 46, in solve
    model, variables = build_model(data)
                       ^^^^^^^^^^^^^^^^^
  File ""C:\Users\maamr\Desktop\g5\Exp_1\Final_Gemma\execution_workdirs\p6__gemma3_12b__s8\generated_model.py"", line 16, in build_model
    var = model.addVar(vtype=GRB.CONTINUOUS, name=f""x_{i}_{j}"",
          ^^^^^^^^^^^^^^^^^^^^^^^^^^^^^^^^^^^^^^^^^^^^^^^^^^^^^
  File ""src/gurobipy/_model.pyx"", line 3214, in gurobipy._model.Model.addVar
TypeError: must be real number, not NoneType"
p6__gemma3_12b__s9,gemma3:12b,6,6,9,code_failure,code_failure,code_failure,clean_fenced,False,False,False,False,,,,,,5da4c2f02a828486a6d609579a7fa4938f3301e8563e6f426f7f96f411d68931,76.229,2594,696,False,,,none,,,,,,,0,0,0,runtime_error,"Traceback (most recent call last):
  File ""C:\Users\maamr\Desktop\g5\Exp_1\Final_Gemma\execution_workdirs\p6__gemma3_12b__s9\execute_generated.py"", line 48, in <module>
    result = module.solve(data)
             ^^^^^^^^^^^^^^^^^^
  File ""C:\Users\maamr\Desktop\g5\Exp_1\Final_Gemma\execution_workdirs\p6__gemma3_12b__s9\generated_model.py"", line 38, in solve
    model, variables = build_model(data)
                       ^^^^^^^^^^^^^^^^^
  File ""C:\Users\maamr\Desktop\g5\Exp_1\Final_Gemma\execution_workdirs\p6__gemma3_12b__s9\generated_model.py"", line 27, in build_model
    model.addConstr(cars_leaving >= current_cars[i] - cars_needed[i], f""flow_out_{i}"")
                                    ~~~~~~~~~~~~^^^
KeyError: 1"
p7__gemma3_12b__s0,gemma3:12b,7,7,0,code_failure,code_failure,code_failure,recovered_unclosed_fence,False,False,False,False,,,,,,892befbe62d04a1714971532caa8264c422382e126c29e8bdb237f761eed87e2,77.5,3399,697,False,,,none,,,,,,,0,0,0,syntax_error,"Traceback (most recent call last):
  File ""C:\Users\maamr\Desktop\g5\Exp_1\Final_Gemma\execution_workdirs\p7__gemma3_12b__s0\execute_generated.py"", line 11, in <module>
    spec.loader.exec_module(module)
  File ""<frozen importlib._bootstrap_external>"", line 995, in exec_module
  File ""<frozen importlib._bootstrap_external>"", line 1133, in get_code
  File ""<frozen importlib._bootstrap_external>"", line 1063, in source_to_code
  File ""<frozen importlib._bootstrap>"", line 488, in _call_with_frames_removed
  File ""C:\Users\maamr\Desktop\g5\Exp_1\Final_Gemma\execution_workdirs\p7__gemma3_12b__s0\generated_model.py"", line 57
    model.addConstr(variables[var_name] >= order_quantity - variables[iv_var_name] - variables[bk_var
                                                                                              ^
SyntaxError: '[' was never closed"
p7__gemma3_12b__s1,gemma3:12b,7,7,1,code_failure,code_failure,code_failure,recovered_unclosed_fence,False,False,False,False,,,,,,892befbe62d04a1714971532caa8264c422382e126c29e8bdb237f761eed87e2,105.855,3399,697,False,,,none,,,,,,,0,0,0,syntax_error,"Traceback (most recent call last):
  File ""C:\Users\maamr\Desktop\g5\Exp_1\Final_Gemma\execution_workdirs\p7__gemma3_12b__s1\execute_generated.py"", line 11, in <module>
    spec.loader.exec_module(module)
  File ""<frozen importlib._bootstrap_external>"", line 995, in exec_module
  File ""<frozen importlib._bootstrap_external>"", line 1133, in get_code
  File ""<frozen importlib._bootstrap_external>"", line 1063, in source_to_code
  File ""<frozen importlib._bootstrap>"", line 488, in _call_with_frames_removed
  File ""C:\Users\maamr\Desktop\g5\Exp_1\Final_Gemma\execution_workdirs\p7__gemma3_12b__s1\generated_model.py"", line 63
    if quarter ==
                 ^
SyntaxError: invalid syntax"
p7__gemma3_12b__s2,gemma3:12b,7,7,2,code_failure,code_failure,code_failure,recovered_unclosed_fence,False,False,False,False,,,,,,892befbe62d04a1714971532caa8264c422382e126c29e8bdb237f761eed87e2,104.156,3399,697,False,,,none,,,,,,,0,0,0,syntax_error,"Traceback (most recent call last):
  File ""C:\Users\maamr\Desktop\g5\Exp_1\Final_Gemma\execution_workdirs\p7__gemma3_12b__s2\execute_generated.py"", line 11, in <module>
    spec.loader.exec_module(module)
  File ""<frozen importlib._bootstrap_external>"", line 995, in exec_module
  File ""<frozen importlib._bootstrap_external>"", line 1133, in get_code
  File ""<frozen importlib._bootstrap_external>"", line 1063, in source_to_code
  File ""<frozen importlib._bootstrap>"", line 488, in _call_with_frames_removed
  File ""C:\Users\maamr\Desktop\g5\Exp_1\Final_Gemma\execution_workdirs\p7__gemma3_12b__s2\generated_model.py"", line 62
    for quarter in quarters:
                            ^
IndentationError: expected an indented block after 'for' statement on line 62"
p7__gemma3_12b__s3,gemma3:12b,7,7,3,code_failure,code_failure,code_failure,recovered_unclosed_fence,False,False,False,False,,,,,,892befbe62d04a1714971532caa8264c422382e126c29e8bdb237f761eed87e2,103.059,3399,697,False,,,none,,,,,,,0,0,0,syntax_error,"Traceback (most recent call last):
  File ""C:\Users\maamr\Desktop\g5\Exp_1\Final_Gemma\execution_workdirs\p7__gemma3_12b__s3\execute_generated.py"", line 11, in <module>
    spec.loader.exec_module(module)
  File ""<frozen importlib._bootstrap_external>"", line 995, in exec_module
  File ""<frozen importlib._bootstrap_external>"", line 1133, in get_code
  File ""<frozen importlib._bootstrap_external>"", line 1063, in source_to_code
  File ""<frozen importlib._bootstrap>"", line 488, in _call_with_frames_removed
  File ""C:\Users\maamr\Desktop\g5\Exp_1\Final_Gemma\execution_workdirs\p7__gemma3_12b__s3\generated_model.py"", line 58
    model.addConstr(variables[var_name] >= order_quantity - variables[Iv_var_name] - variables[Bk_
                                                                                              ^
SyntaxError: '[' was never closed"
p7__gemma3_12b__s4,gemma3:12b,7,7,4,code_failure,code_failure,code_failure,recovered_unclosed_fence,False,False,False,False,,,,,,892befbe62d04a1714971532caa8264c422382e126c29e8bdb237f761eed87e2,102.679,3399,697,False,,,none,,,,,,,0,0,0,syntax_error,"Traceback (most recent call last):
  File ""C:\Users\maamr\Desktop\g5\Exp_1\Final_Gemma\execution_workdirs\p7__gemma3_12b__s4\execute_generated.py"", line 11, in <module>
    spec.loader.exec_module(module)
  File ""<frozen importlib._bootstrap_external>"", line 995, in exec_module
  File ""<frozen importlib._bootstrap_external>"", line 1133, in get_code
  File ""<frozen importlib._bootstrap_external>"", line 1063, in source_to_code
  File ""<frozen importlib._bootstrap>"", line 488, in _call_with_frames_removed
  File ""C:\Users\maamr\Desktop\g5\Exp_1\Final_Gemma\execution_workdirs\p7__gemma3_12b__s4\generated_model.py"", line 58
    model.addConstr(variables[var_name] >= order_quantity + variables[bk_var_name] - variables[iv_var_name], name=f""order_{
                                                                                                                          ^
SyntaxError: '{' was never closed"
p7__gemma3_12b__s5,gemma3:12b,7,7,5,contract_failure,contract_failure,contract_failure,recovered_unclosed_fence,False,False,False,True,,,,,,892befbe62d04a1714971532caa8264c422382e126c29e8bdb237f761eed87e2,98.2,3399,697,False,,,none,,,,,,,0,0,0,contract_failure,missing required function solve(data)
p7__gemma3_12b__s6,gemma3:12b,7,7,6,code_failure,code_failure,code_failure,recovered_unclosed_fence,False,False,False,False,,,,,,892befbe62d04a1714971532caa8264c422382e126c29e8bdb237f761eed87e2,102.808,3399,697,False,,,none,,,,,,,0,0,0,syntax_error,"Traceback (most recent call last):
  File ""C:\Users\maamr\Desktop\g5\Exp_1\Final_Gemma\execution_workdirs\p7__gemma3_12b__s6\execute_generated.py"", line 11, in <module>
    spec.loader.exec_module(module)
  File ""<frozen importlib._bootstrap_external>"", line 995, in exec_module
  File ""<frozen importlib._bootstrap_external>"", line 1133, in get_code
  File ""<frozen importlib._bootstrap_external>"", line 1063, in source_to_code
  File ""<frozen importlib._bootstrap>"", line 488, in _call_with_frames_removed
  File ""C:\Users\maamr\Desktop\g5\Exp_1\Final_Gemma\execution_workdirs\p7__gemma3_12b__s6\generated_model.py"", line 62
    variables[var_name] + variables[iv_var_name] - variables[bk_var_
                                                            ^
SyntaxError: '[' was never closed"
p7__gemma3_12b__s7,gemma3:12b,7,7,7,code_failure,code_failure,code_failure,recovered_unclosed_fence,False,False,False,False,,,,,,892befbe62d04a1714971532caa8264c422382e126c29e8bdb237f761eed87e2,103.456,3399,697,False,,,none,,,,,,,0,0,0,syntax_error,"Traceback (most recent call last):
  File ""C:\Users\maamr\Desktop\g5\Exp_1\Final_Gemma\execution_workdirs\p7__gemma3_12b__s7\execute_generated.py"", line 11, in <module>
    spec.loader.exec_module(module)
  File ""<frozen importlib._bootstrap_external>"", line 995, in exec_module
  File ""<frozen importlib._bootstrap_external>"", line 1133, in get_code
  File ""<frozen importlib._bootstrap_external>"", line 1063, in source_to_code
  File ""<frozen importlib._bootstrap>"", line 488, in _call_with_frames_removed
  File ""C:\Users\maamr\Desktop\g5\Exp_1\Final_Gemma\execution_workdirs\p7__gemma3_12b__s7\generated_model.py"", line 58
    model.addConstr(variables[var_name] + variables[iv_var_name] - variables[bk_var_name
                                                                            ^
SyntaxError: '[' was never closed"
p7__gemma3_12b__s8,gemma3:12b,7,7,8,code_failure,code_failure,code_failure,recovered_unclosed_fence,False,False,False,False,,,,,,892befbe62d04a1714971532caa8264c422382e126c29e8bdb237f761eed87e2,86.889,3399,697,False,,,none,,,,,,,0,0,0,syntax_error,"Traceback (most recent call last):
  File ""C:\Users\maamr\Desktop\g5\Exp_1\Final_Gemma\execution_workdirs\p7__gemma3_12b__s8\execute_generated.py"", line 11, in <module>
    spec.loader.exec_module(module)
  File ""<frozen importlib._bootstrap_external>"", line 995, in exec_module
  File ""<frozen importlib._bootstrap_external>"", line 1133, in get_code
  File ""<frozen importlib._bootstrap_external>"", line 1063, in source_to_code
  File ""<frozen importlib._bootstrap>"", line 488, in _call_with_frames_removed
  File ""C:\Users\maamr\Desktop\g5\Exp_1\Final_Gemma\execution_workdirs\p7__gemma3_12b__s8\generated_model.py"", line 58
    model.addConstr(variables[var_name] + variables[iv_var_name] - variables[bk_var_name
                                                                            ^
SyntaxError: '[' was never closed"
p7__gemma3_12b__s9,gemma3:12b,7,7,9,code_failure,code_failure,code_failure,recovered_unclosed_fence,False,False,False,False,,,,,,892befbe62d04a1714971532caa8264c422382e126c29e8bdb237f761eed87e2,104.629,3399,697,False,,,none,,,,,,,0,0,0,syntax_error,"Traceback (most recent call last):
  File ""C:\Users\maamr\Desktop\g5\Exp_1\Final_Gemma\execution_workdirs\p7__gemma3_12b__s9\execute_generated.py"", line 11, in <module>
    spec.loader.exec_module(module)
  File ""<frozen importlib._bootstrap_external>"", line 995, in exec_module
  File ""<frozen importlib._bootstrap_external>"", line 1133, in get_code
  File ""<frozen importlib._bootstrap_external>"", line 1063, in source_to_code
  File ""<frozen importlib._bootstrap>"", line 488, in _call_with_frames_removed
  File ""C:\Users\maamr\Desktop\g5\Exp_1\Final_Gemma\execution_workdirs\p7__gemma3_12b__s9\generated_model.py"", line 58
    model.addConstr(variables[var_name] + variables[Iv_var_name] - variables[Bk_var_name] >= order_quantity, name=
                   ^
SyntaxError: '(' was never closed"
p8__gemma3_12b__s0,gemma3:12b,8,8,0,code_failure,code_failure,code_failure,clean_fenced,False,False,False,False,,,,,,0764e3c78fe3ba50ce63376b5a3a68ac50241aac91ae2d3ab72773f5d754b9c6,93.787,1642,618,False,,,none,,,,,,,0,0,0,runtime_error,"Traceback (most recent call last):
  File ""C:\Users\maamr\Desktop\g5\Exp_1\Final_Gemma\execution_workdirs\p8__gemma3_12b__s0\execute_generated.py"", line 48, in <module>
    result = module.solve(data)
             ^^^^^^^^^^^^^^^^^^
  File ""C:\Users\maamr\Desktop\g5\Exp_1\Final_Gemma\execution_workdirs\p8__gemma3_12b__s0\generated_model.py"", line 39, in solve
    model, variables = build_model(data)
                       ^^^^^^^^^^^^^^^^^
  File ""C:\Users\maamr\Desktop\g5\Exp_1\Final_Gemma\execution_workdirs\p8__gemma3_12b__s0\generated_model.py"", line 23, in build_model
    gp.quicksum([variables[shift] if w in data[""shift_coverage""][shift] else 0
                                          ~~~~~~~~~~~~~~~~~~~~~~^^^^^^^
KeyError: 1"
p8__gemma3_12b__s1,gemma3:12b,8,8,1,code_failure,code_failure,code_failure,clean_fenced,False,False,False,False,,,,,,0764e3c78fe3ba50ce63376b5a3a68ac50241aac91ae2d3ab72773f5d754b9c6,67.894,1642,618,False,,,none,,,,,,,0,0,0,runtime_error,"Traceback (most recent call last):
  File ""C:\Users\maamr\Desktop\g5\Exp_1\Final_Gemma\execution_workdirs\p8__gemma3_12b__s1\execute_generated.py"", line 48, in <module>
    result = module.solve(data)
             ^^^^^^^^^^^^^^^^^^
  File ""C:\Users\maamr\Desktop\g5\Exp_1\Final_Gemma\execution_workdirs\p8__gemma3_12b__s1\generated_model.py"", line 39, in solve
    model, variables = build_model(data)
                       ^^^^^^^^^^^^^^^^^
  File ""C:\Users\maamr\Desktop\g5\Exp_1\Final_Gemma\execution_workdirs\p8__gemma3_12b__s1\generated_model.py"", line 23, in build_model
    gp.quicksum([variables[shift] if w in data[""shift_coverage""][shift] else 0
                                          ~~~~~~~~~~~~~~~~~~~~~~^^^^^^^
KeyError: 1"
p8__gemma3_12b__s2,gemma3:12b,8,8,2,code_failure,code_failure,code_failure,clean_fenced,False,False,False,False,,,,,,0764e3c78fe3ba50ce63376b5a3a68ac50241aac91ae2d3ab72773f5d754b9c6,62.489,1642,549,False,,,none,,,,,,,0,0,0,runtime_error,"Traceback (most recent call last):
  File ""C:\Users\maamr\Desktop\g5\Exp_1\Final_Gemma\execution_workdirs\p8__gemma3_12b__s2\execute_generated.py"", line 48, in <module>
    result = module.solve(data)
             ^^^^^^^^^^^^^^^^^^
  File ""C:\Users\maamr\Desktop\g5\Exp_1\Final_Gemma\execution_workdirs\p8__gemma3_12b__s2\generated_model.py"", line 33, in solve
    model, variables = build_model(data)
                       ^^^^^^^^^^^^^^^^^
  File ""C:\Users\maamr\Desktop\g5\Exp_1\Final_Gemma\execution_workdirs\p8__gemma3_12b__s2\generated_model.py"", line 23, in build_model
    m.addConstr(gp.quicksum([variables[shift] if w in data[""shift_coverage""][shift] else 0 for shift in data[""shifts""]]) >= required, f""window_{w}"")
                                                      ~~~~~~~~~~~~~~~~~~~~~~^^^^^^^
KeyError: 1"
p8__gemma3_12b__s3,gemma3:12b,8,8,3,code_failure,code_failure,code_failure,clean_fenced,False,False,False,False,,,,,,0764e3c78fe3ba50ce63376b5a3a68ac50241aac91ae2d3ab72773f5d754b9c6,67.504,1642,618,False,,,none,,,,,,,0,0,0,runtime_error,"Traceback (most recent call last):
  File ""C:\Users\maamr\Desktop\g5\Exp_1\Final_Gemma\execution_workdirs\p8__gemma3_12b__s3\execute_generated.py"", line 48, in <module>
    result = module.solve(data)
             ^^^^^^^^^^^^^^^^^^
  File ""C:\Users\maamr\Desktop\g5\Exp_1\Final_Gemma\execution_workdirs\p8__gemma3_12b__s3\generated_model.py"", line 39, in solve
    model, variables = build_model(data)
                       ^^^^^^^^^^^^^^^^^
  File ""C:\Users\maamr\Desktop\g5\Exp_1\Final_Gemma\execution_workdirs\p8__gemma3_12b__s3\generated_model.py"", line 23, in build_model
    gp.quicksum([variables[shift] if w in data[""shift_coverage""][shift] else 0
                                          ~~~~~~~~~~~~~~~~~~~~~~^^^^^^^
KeyError: 1"
p8__gemma3_12b__s4,gemma3:12b,8,8,4,code_failure,code_failure,code_failure,clean_fenced,False,False,False,False,,,,,,0764e3c78fe3ba50ce63376b5a3a68ac50241aac91ae2d3ab72773f5d754b9c6,67.589,1642,618,False,,,none,,,,,,,0,0,0,runtime_error,"Traceback (most recent call last):
  File ""C:\Users\maamr\Desktop\g5\Exp_1\Final_Gemma\execution_workdirs\p8__gemma3_12b__s4\execute_generated.py"", line 48, in <module>
    result = module.solve(data)
             ^^^^^^^^^^^^^^^^^^
  File ""C:\Users\maamr\Desktop\g5\Exp_1\Final_Gemma\execution_workdirs\p8__gemma3_12b__s4\generated_model.py"", line 39, in solve
    model, variables = build_model(data)
                       ^^^^^^^^^^^^^^^^^
  File ""C:\Users\maamr\Desktop\g5\Exp_1\Final_Gemma\execution_workdirs\p8__gemma3_12b__s4\generated_model.py"", line 23, in build_model
    gp.quicksum([variables[shift] if w in data[""shift_coverage""][shift] else 0
                                          ~~~~~~~~~~~~~~~~~~~~~~^^^^^^^
KeyError: 1"
p8__gemma3_12b__s5,gemma3:12b,8,8,5,code_failure,code_failure,code_failure,clean_fenced,False,False,False,False,,,,,,0764e3c78fe3ba50ce63376b5a3a68ac50241aac91ae2d3ab72773f5d754b9c6,68.223,1642,617,False,,,none,,,,,,,0,0,0,runtime_error,"Traceback (most recent call last):
  File ""C:\Users\maamr\Desktop\g5\Exp_1\Final_Gemma\execution_workdirs\p8__gemma3_12b__s5\execute_generated.py"", line 48, in <module>
    result = module.solve(data)
             ^^^^^^^^^^^^^^^^^^
  File ""C:\Users\maamr\Desktop\g5\Exp_1\Final_Gemma\execution_workdirs\p8__gemma3_12b__s5\generated_model.py"", line 39, in solve
    model, variables = build_model(data)
                       ^^^^^^^^^^^^^^^^^
  File ""C:\Users\maamr\Desktop\g5\Exp_1\Final_Gemma\execution_workdirs\p8__gemma3_12b__s5\generated_model.py"", line 23, in build_model
    gp.quicksum([variables[shift] if w in data[""shift_coverage""][shift] else 0
                                          ~~~~~~~~~~~~~~~~~~~~~~^^^^^^^
KeyError: 1"
p8__gemma3_12b__s6,gemma3:12b,8,8,6,code_failure,code_failure,code_failure,clean_fenced,False,False,False,False,,,,,,0764e3c78fe3ba50ce63376b5a3a68ac50241aac91ae2d3ab72773f5d754b9c6,68.011,1642,618,False,,,none,,,,,,,0,0,0,runtime_error,"Traceback (most recent call last):
  File ""C:\Users\maamr\Desktop\g5\Exp_1\Final_Gemma\execution_workdirs\p8__gemma3_12b__s6\execute_generated.py"", line 48, in <module>
    result = module.solve(data)
             ^^^^^^^^^^^^^^^^^^
  File ""C:\Users\maamr\Desktop\g5\Exp_1\Final_Gemma\execution_workdirs\p8__gemma3_12b__s6\generated_model.py"", line 39, in solve
    model, variables = build_model(data)
                       ^^^^^^^^^^^^^^^^^
  File ""C:\Users\maamr\Desktop\g5\Exp_1\Final_Gemma\execution_workdirs\p8__gemma3_12b__s6\generated_model.py"", line 23, in build_model
    gp.quicksum([variables[shift] if w in data[""shift_coverage""][shift] else 0
                                          ~~~~~~~~~~~~~~~~~~~~~~^^^^^^^
KeyError: 1"
p8__gemma3_12b__s7,gemma3:12b,8,8,7,code_failure,code_failure,code_failure,clean_fenced,False,False,False,False,,,,,,0764e3c78fe3ba50ce63376b5a3a68ac50241aac91ae2d3ab72773f5d754b9c6,68.712,1642,615,False,,,none,,,,,,,0,0,0,runtime_error,"Traceback (most recent call last):
  File ""C:\Users\maamr\Desktop\g5\Exp_1\Final_Gemma\execution_workdirs\p8__gemma3_12b__s7\execute_generated.py"", line 48, in <module>
    result = module.solve(data)
             ^^^^^^^^^^^^^^^^^^
  File ""C:\Users\maamr\Desktop\g5\Exp_1\Final_Gemma\execution_workdirs\p8__gemma3_12b__s7\generated_model.py"", line 42, in solve
    model, variables = build_model(data)
                       ^^^^^^^^^^^^^^^^^
  File ""C:\Users\maamr\Desktop\g5\Exp_1\Final_Gemma\execution_workdirs\p8__gemma3_12b__s7\generated_model.py"", line 27, in build_model
    gp.quicksum([variables[shift] if w in shift_coverage[shift] else 0
                                          ~~~~~~~~~~~~~~^^^^^^^
KeyError: 1"
p8__gemma3_12b__s8,gemma3:12b,8,8,8,code_failure,code_failure,code_failure,clean_fenced,False,False,False,False,,,,,,0764e3c78fe3ba50ce63376b5a3a68ac50241aac91ae2d3ab72773f5d754b9c6,62.35,1642,549,False,,,none,,,,,,,0,0,0,runtime_error,"Traceback (most recent call last):
  File ""C:\Users\maamr\Desktop\g5\Exp_1\Final_Gemma\execution_workdirs\p8__gemma3_12b__s8\execute_generated.py"", line 48, in <module>
    result = module.solve(data)
             ^^^^^^^^^^^^^^^^^^
  File ""C:\Users\maamr\Desktop\g5\Exp_1\Final_Gemma\execution_workdirs\p8__gemma3_12b__s8\generated_model.py"", line 33, in solve
    model, variables = build_model(data)
                       ^^^^^^^^^^^^^^^^^
  File ""C:\Users\maamr\Desktop\g5\Exp_1\Final_Gemma\execution_workdirs\p8__gemma3_12b__s8\generated_model.py"", line 23, in build_model
    m.addConstr(gp.quicksum([variables[shift] if window in data[""shift_coverage""][shift] else 0 for shift in data[""shifts""]]) >= required, f""window_{window}"")
                                                           ~~~~~~~~~~~~~~~~~~~~~~^^^^^^^
KeyError: 1"
p8__gemma3_12b__s9,gemma3:12b,8,8,9,code_failure,code_failure,code_failure,clean_fenced,False,False,False,False,,,,,,0764e3c78fe3ba50ce63376b5a3a68ac50241aac91ae2d3ab72773f5d754b9c6,60.547,1642,525,False,,,none,,,,,,,0,0,0,runtime_error,"Traceback (most recent call last):
  File ""C:\Users\maamr\Desktop\g5\Exp_1\Final_Gemma\execution_workdirs\p8__gemma3_12b__s9\execute_generated.py"", line 48, in <module>
    result = module.solve(data)
             ^^^^^^^^^^^^^^^^^^
  File ""C:\Users\maamr\Desktop\g5\Exp_1\Final_Gemma\execution_workdirs\p8__gemma3_12b__s9\generated_model.py"", line 31, in solve
    model, variables = build_model(data)
                       ^^^^^^^^^^^^^^^^^
  File ""C:\Users\maamr\Desktop\g5\Exp_1\Final_Gemma\execution_workdirs\p8__gemma3_12b__s9\generated_model.py"", line 22, in build_model
    m.addConstr(gp.quicksum([variables[shift] if window in data[""shift_coverage""][shift] else 0 for shift in data[""shifts""]]) >= data[""workers_required_by_window""][window], f""demand_{window}"")
                                                           ~~~~~~~~~~~~~~~~~~~~~~^^^^^^^
KeyError: 1"
p9__gemma3_12b__s0,gemma3:12b,9,9,0,loud_bug,loud_bug,loud_bug,clean_fenced,True,True,False,True,"p9.R_day5.C1,p9.R_day6.C1,p9.obj.C2","p9.R_day5.C1,p9.R_day6.C1",,,,134c5de45298561ff7ce03dc5fdcd59712009c1c751edc8814c5190494cb8810,94.501,1385,960,False,,,none,,10,9,9,10,19,2,0,2,,
p9__gemma3_12b__s1,gemma3:12b,9,9,1,schema_failure,schema_failure,schema_failure,clean_fenced,True,False,False,True,,,,,,134c5de45298561ff7ce03dc5fdcd59712009c1c751edc8814c5190494cb8810,114.187,1385,1265,False,,,none,,,,,,,0,0,0,schema_failure,missing top-level key: status; missing top-level key: objective; missing top-level key: solution; missing required experiment key: status; missing required experiment key: objective; missing required experiment key: solution
p9__gemma3_12b__s2,gemma3:12b,9,9,2,loud_bug,loud_bug,loud_bug,clean_fenced,True,True,False,True,"p9.R_day5.C1,p9.R_day6.C1,p9.obj.C2","p9.R_day5.C1,p9.R_day6.C1",,,,134c5de45298561ff7ce03dc5fdcd59712009c1c751edc8814c5190494cb8810,92.088,1385,960,False,,,none,,10,9,9,10,19,2,0,2,,
p9__gemma3_12b__s3,gemma3:12b,9,9,3,loud_bug,loud_bug,loud_bug,clean_fenced,True,True,False,True,"p9.R_day5.C1,p9.R_day6.C1,p9.obj.C2","p9.R_day5.C1,p9.R_day6.C1",,,,134c5de45298561ff7ce03dc5fdcd59712009c1c751edc8814c5190494cb8810,92.719,1385,960,False,,,none,,10,9,9,10,19,2,0,2,,
p9__gemma3_12b__s4,gemma3:12b,9,9,4,schema_failure,schema_failure,schema_failure,clean_fenced,True,False,False,True,,,,,,134c5de45298561ff7ce03dc5fdcd59712009c1c751edc8814c5190494cb8810,113.74,1385,1270,False,,,none,,,,,,,0,0,0,schema_failure,missing top-level key: status; missing top-level key: objective; missing top-level key: solution; missing required experiment key: status; missing required experiment key: objective; missing required experiment key: solution
p9__gemma3_12b__s5,gemma3:12b,9,9,5,loud_bug,loud_bug,loud_bug,clean_fenced,True,True,False,True,"p9.R_day5.C1,p9.R_day6.C1,p9.obj.C2","p9.R_day5.C1,p9.R_day6.C1",,,,134c5de45298561ff7ce03dc5fdcd59712009c1c751edc8814c5190494cb8810,116.963,1385,1303,False,,,none,,10,9,9,10,19,2,0,2,,
p9__gemma3_12b__s6,gemma3:12b,9,9,6,loud_bug,loud_bug,loud_bug,clean_fenced,True,True,False,True,"p9.R_day5.C1,p9.R_day6.C1,p9.obj.C2","p9.R_day5.C1,p9.R_day6.C1",,,,134c5de45298561ff7ce03dc5fdcd59712009c1c751edc8814c5190494cb8810,90.74,1385,960,False,,,none,,10,9,9,10,19,2,0,2,,
p9__gemma3_12b__s7,gemma3:12b,9,9,7,loud_bug,loud_bug,loud_bug,clean_fenced,True,True,False,True,"p9.R_day5.C1,p9.R_day6.C1,p9.obj.C2","p9.R_day5.C1,p9.R_day6.C1",,,,134c5de45298561ff7ce03dc5fdcd59712009c1c751edc8814c5190494cb8810,91.794,1385,960,False,,,none,,10,9,9,10,19,2,0,2,,
p9__gemma3_12b__s8,gemma3:12b,9,9,8,loud_bug,loud_bug,loud_bug,clean_fenced,True,True,False,True,"p9.R_day5.C1,p9.R_day6.C1,p9.obj.C2","p9.R_day5.C1,p9.R_day6.C1",,,,134c5de45298561ff7ce03dc5fdcd59712009c1c751edc8814c5190494cb8810,90.006,1385,960,False,,,none,,10,9,9,10,19,2,0,2,,
p9__gemma3_12b__s9,gemma3:12b,9,9,9,loud_bug,loud_bug,loud_bug,clean_fenced,True,True,False,True,"p9.R_day5.C1,p9.R_day6.C1,p9.obj.C2","p9.R_day5.C1,p9.R_day6.C1",,,,134c5de45298561ff7ce03dc5fdcd59712009c1c751edc8814c5190494cb8810,90.95,1385,960,False,,,none,,10,9,9,10,19,2,0,2,,
p10__gemma3_12b__s0,gemma3:12b,10,10,0,code_failure,code_failure,code_failure,clean_fenced,False,False,False,False,,,,,,9327588e2287d8ab61ffa62dff8a04a14601842b37c48d6a94a957d281d8634b,100.581,1522,1076,False,,,none,,,,,,,0,0,0,runtime_error,"Traceback (most recent call last):
  File ""C:\Users\maamr\Desktop\g5\Exp_1\Final_Gemma\execution_workdirs\p10__gemma3_12b__s0\execute_generated.py"", line 48, in <module>
    result = module.solve(data)
             ^^^^^^^^^^^^^^^^^^
  File ""C:\Users\maamr\Desktop\g5\Exp_1\Final_Gemma\execution_workdirs\p10__gemma3_12b__s0\generated_model.py"", line 46, in solve
    model, variables = build_model(data)
                       ^^^^^^^^^^^^^^^^^
  File ""C:\Users\maamr\Desktop\g5\Exp_1\Final_Gemma\execution_workdirs\p10__gemma3_12b__s0\generated_model.py"", line 38, in build_model
    gp.quicksum([data[""rental_cost""][p] * variables[""y_"" + p.lower()] for p in data[""products""]])
                                          ~~~~~~~~~^^^^^^^^^^^^^^^^^^
KeyError: 'y_shorts'"
p10__gemma3_12b__s1,gemma3:12b,10,10,1,code_failure,code_failure,code_failure,clean_fenced,False,False,False,False,,,,,,9327588e2287d8ab61ffa62dff8a04a14601842b37c48d6a94a957d281d8634b,104.084,1522,1076,False,,,none,,,,,,,0,0,0,runtime_error,"Traceback (most recent call last):
  File ""C:\Users\maamr\Desktop\g5\Exp_1\Final_Gemma\execution_workdirs\p10__gemma3_12b__s1\execute_generated.py"", line 48, in <module>
    result = module.solve(data)
             ^^^^^^^^^^^^^^^^^^
  File ""C:\Users\maamr\Desktop\g5\Exp_1\Final_Gemma\execution_workdirs\p10__gemma3_12b__s1\generated_model.py"", line 46, in solve
    model, variables = build_model(data)
                       ^^^^^^^^^^^^^^^^^
  File ""C:\Users\maamr\Desktop\g5\Exp_1\Final_Gemma\execution_workdirs\p10__gemma3_12b__s1\generated_model.py"", line 38, in build_model
    gp.quicksum([data[""rental_cost""][p] * variables[""y_"" + p.lower()] for p in data[""products""]])
                                          ~~~~~~~~~^^^^^^^^^^^^^^^^^^
KeyError: 'y_shorts'"
p10__gemma3_12b__s2,gemma3:12b,10,10,2,correct,correct,correct,clean_fenced,True,True,True,True,,,,,,9327588e2287d8ab61ffa62dff8a04a14601842b37c48d6a94a957d281d8634b,101.255,1522,1010,False,,,none,,7,6,6,7,13,0,0,0,,
p10__gemma3_12b__s3,gemma3:12b,10,10,3,loud_bug,loud_bug,loud_bug,clean_fenced,True,True,False,True,p10.obj.C2,,,,,9327588e2287d8ab61ffa62dff8a04a14601842b37c48d6a94a957d281d8634b,90.702,1522,853,False,,,none,,7,6,6,7,13,0,0,0,,
p10__gemma3_12b__s4,gemma3:12b,10,10,4,code_failure,code_failure,code_failure,clean_fenced,False,False,False,False,,,,,,9327588e2287d8ab61ffa62dff8a04a14601842b37c48d6a94a957d281d8634b,110.852,1522,1099,False,,,none,,,,,,,0,0,0,runtime_error,"Traceback (most recent call last):
  File ""C:\Users\maamr\Desktop\g5\Exp_1\Final_Gemma\execution_workdirs\p10__gemma3_12b__s4\execute_generated.py"", line 48, in <module>
    result = module.solve(data)
             ^^^^^^^^^^^^^^^^^^
  File ""C:\Users\maamr\Desktop\g5\Exp_1\Final_Gemma\execution_workdirs\p10__gemma3_12b__s4\generated_model.py"", line 35, in solve
    model, variables = build_model(data)
                       ^^^^^^^^^^^^^^^^^
  File ""C:\Users\maamr\Desktop\g5\Exp_1\Final_Gemma\execution_workdirs\p10__gemma3_12b__s4\generated_model.py"", line 28, in build_model
    gp.quicksum([data[""rental_cost""][p] * variables[""y_"" + p.lower()] for p in data[""products""]])
                                          ~~~~~~~~~^^^^^^^^^^^^^^^^^^
KeyError: 'y_shorts'"
p10__gemma3_12b__s5,gemma3:12b,10,10,5,correct,correct,correct,clean_fenced,True,True,True,True,,,,,,9327588e2287d8ab61ffa62dff8a04a14601842b37c48d6a94a957d281d8634b,104.353,1522,1013,False,,,none,,7,6,6,7,13,0,0,0,,
p10__gemma3_12b__s6,gemma3:12b,10,10,6,code_failure,code_failure,code_failure,clean_fenced,False,False,False,False,,,,,,9327588e2287d8ab61ffa62dff8a04a14601842b37c48d6a94a957d281d8634b,110.338,1522,1081,False,,,none,,,,,,,0,0,0,runtime_error,"Traceback (most recent call last):
  File ""C:\Users\maamr\Desktop\g5\Exp_1\Final_Gemma\execution_workdirs\p10__gemma3_12b__s6\execute_generated.py"", line 48, in <module>
    result = module.solve(data)
             ^^^^^^^^^^^^^^^^^^
  File ""C:\Users\maamr\Desktop\g5\Exp_1\Final_Gemma\execution_workdirs\p10__gemma3_12b__s6\generated_model.py"", line 46, in solve
    model, variables = build_model(data)
                       ^^^^^^^^^^^^^^^^^
  File ""C:\Users\maamr\Desktop\g5\Exp_1\Final_Gemma\execution_workdirs\p10__gemma3_12b__s6\generated_model.py"", line 38, in build_model
    gp.quicksum([data[""rental_cost""][p] * variables[""y_"" + p.lower()] for p in data[""products""]])
                                          ~~~~~~~~~^^^^^^^^^^^^^^^^^^
KeyError: 'y_shorts'"
p10__gemma3_12b__s7,gemma3:12b,10,10,7,code_failure,code_failure,code_failure,clean_fenced,False,False,False,False,,,,,,9327588e2287d8ab61ffa62dff8a04a14601842b37c48d6a94a957d281d8634b,105.409,1522,1081,False,,,none,,,,,,,0,0,0,runtime_error,"Traceback (most recent call last):
  File ""C:\Users\maamr\Desktop\g5\Exp_1\Final_Gemma\execution_workdirs\p10__gemma3_12b__s7\execute_generated.py"", line 48, in <module>
    result = module.solve(data)
             ^^^^^^^^^^^^^^^^^^
  File ""C:\Users\maamr\Desktop\g5\Exp_1\Final_Gemma\execution_workdirs\p10__gemma3_12b__s7\generated_model.py"", line 46, in solve
    model, variables = build_model(data)
                       ^^^^^^^^^^^^^^^^^
  File ""C:\Users\maamr\Desktop\g5\Exp_1\Final_Gemma\execution_workdirs\p10__gemma3_12b__s7\generated_model.py"", line 38, in build_model
    gp.quicksum([data[""rental_cost""][p] * variables[""y_"" + p.lower()] for p in data[""products""]])
                                          ~~~~~~~~~^^^^^^^^^^^^^^^^^^
KeyError: 'y_shorts'"
p10__gemma3_12b__s8,gemma3:12b,10,10,8,code_failure,code_failure,code_failure,clean_fenced,False,False,False,False,,,,,,9327588e2287d8ab61ffa62dff8a04a14601842b37c48d6a94a957d281d8634b,106.045,1522,1076,False,,,none,,,,,,,0,0,0,runtime_error,"Traceback (most recent call last):
  File ""C:\Users\maamr\Desktop\g5\Exp_1\Final_Gemma\execution_workdirs\p10__gemma3_12b__s8\execute_generated.py"", line 48, in <module>
    result = module.solve(data)
             ^^^^^^^^^^^^^^^^^^
  File ""C:\Users\maamr\Desktop\g5\Exp_1\Final_Gemma\execution_workdirs\p10__gemma3_12b__s8\generated_model.py"", line 46, in solve
    model, variables = build_model(data)
                       ^^^^^^^^^^^^^^^^^
  File ""C:\Users\maamr\Desktop\g5\Exp_1\Final_Gemma\execution_workdirs\p10__gemma3_12b__s8\generated_model.py"", line 38, in build_model
    gp.quicksum([data[""rental_cost""][p] * variables[""y_"" + p.lower()] for p in data[""products""]])
                                          ~~~~~~~~~^^^^^^^^^^^^^^^^^^
KeyError: 'y_shorts'"
p10__gemma3_12b__s9,gemma3:12b,10,10,9,code_failure,code_failure,code_failure,clean_fenced,False,False,False,False,,,,,,9327588e2287d8ab61ffa62dff8a04a14601842b37c48d6a94a957d281d8634b,107.774,1522,1081,False,,,none,,,,,,,0,0,0,runtime_error,"Traceback (most recent call last):
  File ""C:\Users\maamr\Desktop\g5\Exp_1\Final_Gemma\execution_workdirs\p10__gemma3_12b__s9\execute_generated.py"", line 48, in <module>
    result = module.solve(data)
             ^^^^^^^^^^^^^^^^^^
  File ""C:\Users\maamr\Desktop\g5\Exp_1\Final_Gemma\execution_workdirs\p10__gemma3_12b__s9\generated_model.py"", line 46, in solve
    model, variables = build_model(data)
                       ^^^^^^^^^^^^^^^^^
  File ""C:\Users\maamr\Desktop\g5\Exp_1\Final_Gemma\execution_workdirs\p10__gemma3_12b__s9\generated_model.py"", line 38, in build_model
    gp.quicksum([data[""rental_cost""][p] * variables[""y_"" + p.lower()] for p in data[""products""]])
                                          ~~~~~~~~~^^^^^^^^^^^^^^^^^^
KeyError: 'y_shorts'"
p11__gemma3_12b__s0,gemma3:12b,11,11,0,contract_failure,contract_failure,contract_failure,clean_fenced,False,False,False,False,,,,,,f690f97ab88220fc4e6afd67c9c5647767aef832350ff96eda56f701be6fca4b,179.757,2051,1994,False,,,none,,,,,,,0,0,0,contract_failure,missing required function build_model(data)
p11__gemma3_12b__s1,gemma3:12b,11,11,1,ollama_failure,ollama_failure,ollama_failure,,False,False,False,False,,,,,,f690f97ab88220fc4e6afd67c9c5647767aef832350ff96eda56f701be6fca4b,182.054,,,,,,none,,,,,,,0,0,0,ollama_failure,TimeoutError: timed out
p11__gemma3_12b__s2,gemma3:12b,11,11,2,ollama_failure,ollama_failure,ollama_failure,,False,False,False,False,,,,,,f690f97ab88220fc4e6afd67c9c5647767aef832350ff96eda56f701be6fca4b,182.061,,,,,,none,,,,,,,0,0,0,ollama_failure,TimeoutError: timed out
p11__gemma3_12b__s3,gemma3:12b,11,11,3,contract_failure,contract_failure,contract_failure,clean_fenced,False,False,False,False,,,,,,f690f97ab88220fc4e6afd67c9c5647767aef832350ff96eda56f701be6fca4b,173.768,2051,1909,False,,,none,,,,,,,0,0,0,contract_failure,missing required function build_model(data)
p11__gemma3_12b__s4,gemma3:12b,11,11,4,contract_failure,contract_failure,contract_failure,clean_fenced,False,False,False,False,,,,,,f690f97ab88220fc4e6afd67c9c5647767aef832350ff96eda56f701be6fca4b,166.346,2051,1798,False,,,none,,,,,,,0,0,0,contract_failure,missing required function build_model(data)
p11__gemma3_12b__s5,gemma3:12b,11,11,5,contract_failure,contract_failure,contract_failure,clean_fenced,False,False,False,False,,,,,,f690f97ab88220fc4e6afd67c9c5647767aef832350ff96eda56f701be6fca4b,166.738,2051,1793,False,,,none,,,,,,,0,0,0,contract_failure,missing required function build_model(data)
p11__gemma3_12b__s6,gemma3:12b,11,11,6,contract_failure,contract_failure,contract_failure,clean_fenced,False,False,False,False,,,,,,f690f97ab88220fc4e6afd67c9c5647767aef832350ff96eda56f701be6fca4b,176.721,2051,1893,False,,,none,,,,,,,0,0,0,contract_failure,missing required function build_model(data)
p11__gemma3_12b__s7,gemma3:12b,11,11,7,contract_failure,contract_failure,contract_failure,clean_fenced,False,False,False,False,,,,,,f690f97ab88220fc4e6afd67c9c5647767aef832350ff96eda56f701be6fca4b,171.432,2051,1805,False,,,none,,,,,,,0,0,0,contract_failure,missing required function build_model(data)
p11__gemma3_12b__s8,gemma3:12b,11,11,8,ollama_failure,ollama_failure,ollama_failure,,False,False,False,False,,,,,,f690f97ab88220fc4e6afd67c9c5647767aef832350ff96eda56f701be6fca4b,182.055,,,,,,none,,,,,,,0,0,0,ollama_failure,TimeoutError: timed out
p11__gemma3_12b__s9,gemma3:12b,11,11,9,ollama_failure,ollama_failure,ollama_failure,,False,False,False,False,,,,,,f690f97ab88220fc4e6afd67c9c5647767aef832350ff96eda56f701be6fca4b,182.049,,,,,,none,,,,,,,0,0,0,ollama_failure,TimeoutError: timed out
p12__gemma3_12b__s0,gemma3:12b,12,12,0,code_failure,code_failure,code_failure,recovered_unclosed_fence,False,False,False,False,,,,,,0fb92aed8d55bd8f0f144eaf25547d7b76d7cae8d7bb297875e14af44a384753,71.491,3656,440,False,,,none,,,,,,,0,0,0,syntax_error,"Traceback (most recent call last):
  File ""C:\Users\maamr\Desktop\g5\Exp_1\Final_Gemma\execution_workdirs\p12__gemma3_12b__s0\execute_generated.py"", line 11, in <module>
    spec.loader.exec_module(module)
  File ""<frozen importlib._bootstrap_external>"", line 995, in exec_module
  File ""<frozen importlib._bootstrap_external>"", line 1133, in get_code
  File ""<frozen importlib._bootstrap_external>"", line 1063, in source_to_code
  File ""<frozen importlib._bootstrap>"", line 488, in _call_with_frames_removed
  File ""C:\Users\maamr\Desktop\g5\Exp_1\Final_Gemma\execution_workdirs\p12__gemma3_12b__s0\generated_model.py"", line 32
    ""f_c2_s5"": f[""c2"", ""
                       ^
SyntaxError: unterminated string literal (detected at line 32)"
p12__gemma3_12b__s1,gemma3:12b,12,12,1,code_failure,code_failure,code_failure,recovered_unclosed_fence,False,False,False,False,,,,,,0fb92aed8d55bd8f0f144eaf25547d7b76d7cae8d7bb297875e14af44a384753,72.484,3656,440,False,,,none,,,,,,,0,0,0,syntax_error,"Traceback (most recent call last):
  File ""C:\Users\maamr\Desktop\g5\Exp_1\Final_Gemma\execution_workdirs\p12__gemma3_12b__s1\execute_generated.py"", line 11, in <module>
    spec.loader.exec_module(module)
  File ""<frozen importlib._bootstrap_external>"", line 995, in exec_module
  File ""<frozen importlib._bootstrap_external>"", line 1133, in get_code
  File ""<frozen importlib._bootstrap_external>"", line 1063, in source_to_code
  File ""<frozen importlib._bootstrap>"", line 488, in _call_with_frames_removed
  File ""C:\Users\maamr\Desktop\g5\Exp_1\Final_Gemma\execution_workdirs\p12__gemma3_12b__s1\generated_model.py"", line 19
    variables = {
                ^
SyntaxError: '{' was never closed"
p12__gemma3_12b__s2,gemma3:12b,12,12,2,code_failure,code_failure,code_failure,recovered_unclosed_fence,False,False,False,False,,,,,,0fb92aed8d55bd8f0f144eaf25547d7b76d7cae8d7bb297875e14af44a384753,73.229,3656,440,False,,,none,,,,,,,0,0,0,syntax_error,"Traceback (most recent call last):
  File ""C:\Users\maamr\Desktop\g5\Exp_1\Final_Gemma\execution_workdirs\p12__gemma3_12b__s2\execute_generated.py"", line 11, in <module>
    spec.loader.exec_module(module)
  File ""<frozen importlib._bootstrap_external>"", line 995, in exec_module
  File ""<frozen importlib._bootstrap_external>"", line 1133, in get_code
  File ""<frozen importlib._bootstrap_external>"", line 1063, in source_to_code
  File ""<frozen importlib._bootstrap>"", line 488, in _call_with_frames_removed
  File ""C:\Users\maamr\Desktop\g5\Exp_1\Final_Gemma\execution_workdirs\p12__gemma3_12b__s2\generated_model.py"", line 32
    ""f_c2_s5"": f[""c2"", ""
                       ^
SyntaxError: unterminated string literal (detected at line 32)"
p12__gemma3_12b__s3,gemma3:12b,12,12,3,code_failure,code_failure,code_failure,recovered_unclosed_fence,False,False,False,False,,,,,,0fb92aed8d55bd8f0f144eaf25547d7b76d7cae8d7bb297875e14af44a384753,73.304,3656,440,False,,,none,,,,,,,0,0,0,syntax_error,"Traceback (most recent call last):
  File ""C:\Users\maamr\Desktop\g5\Exp_1\Final_Gemma\execution_workdirs\p12__gemma3_12b__s3\execute_generated.py"", line 11, in <module>
    spec.loader.exec_module(module)
  File ""<frozen importlib._bootstrap_external>"", line 995, in exec_module
  File ""<frozen importlib._bootstrap_external>"", line 1133, in get_code
  File ""<frozen importlib._bootstrap_external>"", line 1063, in source_to_code
  File ""<frozen importlib._bootstrap>"", line 488, in _call_with_frames_removed
  File ""C:\Users\maamr\Desktop\g5\Exp_1\Final_Gemma\execution_workdirs\p12__gemma3_12b__s3\generated_model.py"", line 17
    variables = {
                ^
SyntaxError: '{' was never closed"
p12__gemma3_12b__s4,gemma3:12b,12,12,4,code_failure,code_failure,code_failure,recovered_unclosed_fence,False,False,False,False,,,,,,0fb92aed8d55bd8f0f144eaf25547d7b76d7cae8d7bb297875e14af44a384753,72.89,3656,440,False,,,none,,,,,,,0,0,0,syntax_error,"Traceback (most recent call last):
  File ""C:\Users\maamr\Desktop\g5\Exp_1\Final_Gemma\execution_workdirs\p12__gemma3_12b__s4\execute_generated.py"", line 11, in <module>
    spec.loader.exec_module(module)
  File ""<frozen importlib._bootstrap_external>"", line 995, in exec_module
  File ""<frozen importlib._bootstrap_external>"", line 1133, in get_code
  File ""<frozen importlib._bootstrap_external>"", line 1063, in source_to_code
  File ""<frozen importlib._bootstrap>"", line 488, in _call_with_frames_removed
  File ""C:\Users\maamr\Desktop\g5\Exp_1\Final_Gemma\execution_workdirs\p12__gemma3_12b__s4\generated_model.py"", line 32
    ""f_c2_s5"": f[""c2"", ""
                       ^
SyntaxError: unterminated string literal (detected at line 32)"
p12__gemma3_12b__s5,gemma3:12b,12,12,5,code_failure,code_failure,code_failure,recovered_unclosed_fence,False,False,False,False,,,,,,0fb92aed8d55bd8f0f144eaf25547d7b76d7cae8d7bb297875e14af44a384753,73.702,3656,440,False,,,none,,,,,,,0,0,0,syntax_error,"Traceback (most recent call last):
  File ""C:\Users\maamr\Desktop\g5\Exp_1\Final_Gemma\execution_workdirs\p12__gemma3_12b__s5\execute_generated.py"", line 11, in <module>
    spec.loader.exec_module(module)
  File ""<frozen importlib._bootstrap_external>"", line 995, in exec_module
  File ""<frozen importlib._bootstrap_external>"", line 1133, in get_code
  File ""<frozen importlib._bootstrap_external>"", line 1063, in source_to_code
  File ""<frozen importlib._bootstrap>"", line 488, in _call_with_frames_removed
  File ""C:\Users\maamr\Desktop\g5\Exp_1\Final_Gemma\execution_workdirs\p12__gemma3_12b__s5\generated_model.py"", line 32
    ""f_c2_s5"": f[""c2"", ""
                       ^
SyntaxError: unterminated string literal (detected at line 32)"
p12__gemma3_12b__s6,gemma3:12b,12,12,6,code_failure,code_failure,code_failure,recovered_unclosed_fence,False,False,False,False,,,,,,0fb92aed8d55bd8f0f144eaf25547d7b76d7cae8d7bb297875e14af44a384753,74.325,3656,440,False,,,none,,,,,,,0,0,0,syntax_error,"Traceback (most recent call last):
  File ""C:\Users\maamr\Desktop\g5\Exp_1\Final_Gemma\execution_workdirs\p12__gemma3_12b__s6\execute_generated.py"", line 11, in <module>
    spec.loader.exec_module(module)
  File ""<frozen importlib._bootstrap_external>"", line 995, in exec_module
  File ""<frozen importlib._bootstrap_external>"", line 1133, in get_code
  File ""<frozen importlib._bootstrap_external>"", line 1063, in source_to_code
  File ""<frozen importlib._bootstrap>"", line 488, in _call_with_frames_removed
  File ""C:\Users\maamr\Desktop\g5\Exp_1\Final_Gemma\execution_workdirs\p12__gemma3_12b__s6\generated_model.py"", line 32
    ""f_c2_s5"": f[""c2"", ""
                       ^
SyntaxError: unterminated string literal (detected at line 32)"
p12__gemma3_12b__s7,gemma3:12b,12,12,7,code_failure,code_failure,code_failure,recovered_unclosed_fence,False,False,False,False,,,,,,0fb92aed8d55bd8f0f144eaf25547d7b76d7cae8d7bb297875e14af44a384753,74.069,3656,440,False,,,none,,,,,,,0,0,0,syntax_error,"Traceback (most recent call last):
  File ""C:\Users\maamr\Desktop\g5\Exp_1\Final_Gemma\execution_workdirs\p12__gemma3_12b__s7\execute_generated.py"", line 11, in <module>
    spec.loader.exec_module(module)
  File ""<frozen importlib._bootstrap_external>"", line 995, in exec_module
  File ""<frozen importlib._bootstrap_external>"", line 1133, in get_code
  File ""<frozen importlib._bootstrap_external>"", line 1063, in source_to_code
  File ""<frozen importlib._bootstrap>"", line 488, in _call_with_frames_removed
  File ""C:\Users\maamr\Desktop\g5\Exp_1\Final_Gemma\execution_workdirs\p12__gemma3_12b__s7\generated_model.py"", line 17
    variables = {
                ^
SyntaxError: '{' was never closed"
p12__gemma3_12b__s8,gemma3:12b,12,12,8,code_failure,code_failure,code_failure,recovered_unclosed_fence,False,False,False,False,,,,,,0fb92aed8d55bd8f0f144eaf25547d7b76d7cae8d7bb297875e14af44a384753,75.607,3656,440,False,,,none,,,,,,,0,0,0,syntax_error,"Traceback (most recent call last):
  File ""C:\Users\maamr\Desktop\g5\Exp_1\Final_Gemma\execution_workdirs\p12__gemma3_12b__s8\execute_generated.py"", line 11, in <module>
    spec.loader.exec_module(module)
  File ""<frozen importlib._bootstrap_external>"", line 995, in exec_module
  File ""<frozen importlib._bootstrap_external>"", line 1133, in get_code
  File ""<frozen importlib._bootstrap_external>"", line 1063, in source_to_code
  File ""<frozen importlib._bootstrap>"", line 488, in _call_with_frames_removed
  File ""C:\Users\maamr\Desktop\g5\Exp_1\Final_Gemma\execution_workdirs\p12__gemma3_12b__s8\generated_model.py"", line 32
    ""f_c2_s5"": f[""c2"", ""
                       ^
SyntaxError: unterminated string literal (detected at line 32)"
p12__gemma3_12b__s9,gemma3:12b,12,12,9,code_failure,code_failure,code_failure,recovered_unclosed_fence,False,False,False,False,,,,,,0fb92aed8d55bd8f0f144eaf25547d7b76d7cae8d7bb297875e14af44a384753,74.957,3656,440,False,,,none,,,,,,,0,0,0,syntax_error,"Traceback (most recent call last):
  File ""C:\Users\maamr\Desktop\g5\Exp_1\Final_Gemma\execution_workdirs\p12__gemma3_12b__s9\execute_generated.py"", line 11, in <module>
    spec.loader.exec_module(module)
  File ""<frozen importlib._bootstrap_external>"", line 995, in exec_module
  File ""<frozen importlib._bootstrap_external>"", line 1133, in get_code
  File ""<frozen importlib._bootstrap_external>"", line 1063, in source_to_code
  File ""<frozen importlib._bootstrap>"", line 488, in _call_with_frames_removed
  File ""C:\Users\maamr\Desktop\g5\Exp_1\Final_Gemma\execution_workdirs\p12__gemma3_12b__s9\generated_model.py"", line 19
    variables = {
                ^
SyntaxError: '{' was never closed"
p13__gemma3_12b__s0,gemma3:12b,13,13,0,contract_failure,contract_failure,contract_failure,recovered_unclosed_fence,False,False,False,True,,,,,,10f76b9e88859cc988482f3a572d12fa880cb6abc0474b825bd7dfb620513fba,79.714,3585,511,False,,,none,,,,,,,0,0,0,contract_failure,missing required function solve(data)
p13__gemma3_12b__s1,gemma3:12b,13,13,1,contract_failure,contract_failure,contract_failure,recovered_unclosed_fence,False,False,False,True,,,,,,10f76b9e88859cc988482f3a572d12fa880cb6abc0474b825bd7dfb620513fba,77.024,3585,511,False,,,none,,,,,,,0,0,0,contract_failure,missing required function solve(data)
p13__gemma3_12b__s2,gemma3:12b,13,13,2,contract_failure,contract_failure,contract_failure,recovered_unclosed_fence,False,False,False,True,,,,,,10f76b9e88859cc988482f3a572d12fa880cb6abc0474b825bd7dfb620513fba,78.802,3585,511,False,,,none,,,,,,,0,0,0,contract_failure,missing required function solve(data)
p13__gemma3_12b__s3,gemma3:12b,13,13,3,code_failure,code_failure,code_failure,recovered_unclosed_fence,False,False,False,False,,,,,,10f76b9e88859cc988482f3a572d12fa880cb6abc0474b825bd7dfb620513fba,77.996,3585,511,False,,,none,,,,,,,0,0,0,syntax_error,"Traceback (most recent call last):
  File ""C:\Users\maamr\Desktop\g5\Exp_1\Final_Gemma\execution_workdirs\p13__gemma3_12b__s3\execute_generated.py"", line 11, in <module>
    spec.loader.exec_module(module)
  File ""<frozen importlib._bootstrap_external>"", line 995, in exec_module
  File ""<frozen importlib._bootstrap_external>"", line 1133, in get_code
  File ""<frozen importlib._bootstrap_external>"", line 1063, in source_to_code
  File ""<frozen importlib._bootstrap>"", line 488, in _call_with_frames_removed
  File ""C:\Users\maamr\Desktop\g5\Exp_1\Final_Gemma\execution_workdirs\p13__gemma3_12b__s3\generated_model.py"", line 22
    f_c2_s3 = model.addVar(vtype=GRB.
                          ^
SyntaxError: '(' was never closed"
p13__gemma3_12b__s4,gemma3:12b,13,13,4,contract_failure,contract_failure,contract_failure,recovered_unclosed_fence,False,False,False,True,,,,,,10f76b9e88859cc988482f3a572d12fa880cb6abc0474b825bd7dfb620513fba,78.671,3585,511,False,,,none,,,,,,,0,0,0,contract_failure,missing required function solve(data)
p13__gemma3_12b__s5,gemma3:12b,13,13,5,code_failure,code_failure,code_failure,recovered_unclosed_fence,False,False,False,False,,,,,,10f76b9e88859cc988482f3a572d12fa880cb6abc0474b825bd7dfb620513fba,78.668,3585,511,False,,,none,,,,,,,0,0,0,syntax_error,"Traceback (most recent call last):
  File ""C:\Users\maamr\Desktop\g5\Exp_1\Final_Gemma\execution_workdirs\p13__gemma3_12b__s5\execute_generated.py"", line 11, in <module>
    spec.loader.exec_module(module)
  File ""<frozen importlib._bootstrap_external>"", line 995, in exec_module
  File ""<frozen importlib._bootstrap_external>"", line 1133, in get_code
  File ""<frozen importlib._bootstrap_external>"", line 1063, in source_to_code
  File ""<frozen importlib._bootstrap>"", line 488, in _call_with_frames_removed
  File ""C:\Users\maamr\Desktop\g5\Exp_1\Final_Gemma\execution_workdirs\p13__gemma3_12b__s5\generated_model.py"", line 22
    f_c2_s3 = model.addVar(vtype=GRB.
                          ^
SyntaxError: '(' was never closed"
p13__gemma3_12b__s6,gemma3:12b,13,13,6,contract_failure,contract_failure,contract_failure,recovered_unclosed_fence,False,False,False,True,,,,,,10f76b9e88859cc988482f3a572d12fa880cb6abc0474b825bd7dfb620513fba,78.709,3585,511,False,,,none,,,,,,,0,0,0,contract_failure,missing required function solve(data)
p13__gemma3_12b__s7,gemma3:12b,13,13,7,code_failure,code_failure,code_failure,recovered_unclosed_fence,False,False,False,False,,,,,,10f76b9e88859cc988482f3a572d12fa880cb6abc0474b825bd7dfb620513fba,79.009,3585,511,False,,,none,,,,,,,0,0,0,syntax_error,"Traceback (most recent call last):
  File ""C:\Users\maamr\Desktop\g5\Exp_1\Final_Gemma\execution_workdirs\p13__gemma3_12b__s7\execute_generated.py"", line 11, in <module>
    spec.loader.exec_module(module)
  File ""<frozen importlib._bootstrap_external>"", line 995, in exec_module
  File ""<frozen importlib._bootstrap_external>"", line 1133, in get_code
  File ""<frozen importlib._bootstrap_external>"", line 1063, in source_to_code
  File ""<frozen importlib._bootstrap>"", line 488, in _call_with_frames_removed
  File ""C:\Users\maamr\Desktop\g5\Exp_1\Final_Gemma\execution_workdirs\p13__gemma3_12b__s7\generated_model.py"", line 23
    f_c2_s4 = model.addVar(
                          ^
SyntaxError: '(' was never closed"
p13__gemma3_12b__s8,gemma3:12b,13,13,8,code_failure,code_failure,code_failure,recovered_unclosed_fence,False,False,False,False,,,,,,10f76b9e88859cc988482f3a572d12fa880cb6abc0474b825bd7dfb620513fba,78.385,3585,511,False,,,none,,,,,,,0,0,0,syntax_error,"Traceback (most recent call last):
  File ""C:\Users\maamr\Desktop\g5\Exp_1\Final_Gemma\execution_workdirs\p13__gemma3_12b__s8\execute_generated.py"", line 11, in <module>
    spec.loader.exec_module(module)
  File ""<frozen importlib._bootstrap_external>"", line 995, in exec_module
  File ""<frozen importlib._bootstrap_external>"", line 1133, in get_code
  File ""<frozen importlib._bootstrap_external>"", line 1063, in source_to_code
  File ""<frozen importlib._bootstrap>"", line 488, in _call_with_frames_removed
  File ""C:\Users\maamr\Desktop\g5\Exp_1\Final_Gemma\execution_workdirs\p13__gemma3_12b__s8\generated_model.py"", line 20
    f_c1_s6 = model.addVar(vtype=GRB
                          ^
SyntaxError: '(' was never closed"
p13__gemma3_12b__s9,gemma3:12b,13,13,9,code_failure,code_failure,code_failure,recovered_unclosed_fence,False,False,False,False,,,,,,10f76b9e88859cc988482f3a572d12fa880cb6abc0474b825bd7dfb620513fba,78.465,3585,511,False,,,none,,,,,,,0,0,0,syntax_error,"Traceback (most recent call last):
  File ""C:\Users\maamr\Desktop\g5\Exp_1\Final_Gemma\execution_workdirs\p13__gemma3_12b__s9\execute_generated.py"", line 11, in <module>
    spec.loader.exec_module(module)
  File ""<frozen importlib._bootstrap_external>"", line 995, in exec_module
  File ""<frozen importlib._bootstrap_external>"", line 1133, in get_code
  File ""<frozen importlib._bootstrap_external>"", line 1063, in source_to_code
  File ""<frozen importlib._bootstrap>"", line 488, in _call_with_frames_removed
  File ""C:\Users\maamr\Desktop\g5\Exp_1\Final_Gemma\execution_workdirs\p13__gemma3_12b__s9\generated_model.py"", line 23
    f_c2_s4 = model.addVar(
                          ^
SyntaxError: '(' was never closed"
p14__gemma3_12b__s0,gemma3:12b,14,14,0,contract_failure,contract_failure,contract_failure,clean_fenced,False,False,False,False,,,,,,56a6ec625dfaaef77be1b3ce0e49637fed624fd0d7a6049de94693e0db66d02c,86.743,2051,673,False,,,none,,,,,,,0,0,0,contract_failure,missing required function build_model(data)
p14__gemma3_12b__s1,gemma3:12b,14,14,1,contract_failure,contract_failure,contract_failure,clean_fenced,False,False,False,False,,,,,,56a6ec625dfaaef77be1b3ce0e49637fed624fd0d7a6049de94693e0db66d02c,141.252,2051,1305,False,,,none,,,,,,,0,0,0,contract_failure,missing required function build_model(data)
p14__gemma3_12b__s2,gemma3:12b,14,14,2,contract_failure,contract_failure,contract_failure,clean_fenced,False,False,False,False,,,,,,56a6ec625dfaaef77be1b3ce0e49637fed624fd0d7a6049de94693e0db66d02c,87.982,2051,631,False,,,none,,,,,,,0,0,0,contract_failure,missing required function build_model(data)
p14__gemma3_12b__s3,gemma3:12b,14,14,3,contract_failure,contract_failure,contract_failure,clean_fenced,False,False,False,False,,,,,,56a6ec625dfaaef77be1b3ce0e49637fed624fd0d7a6049de94693e0db66d02c,90.825,2051,752,False,,,none,,,,,,,0,0,0,contract_failure,missing required function build_model(data)
p14__gemma3_12b__s4,gemma3:12b,14,14,4,contract_failure,contract_failure,contract_failure,clean_fenced,False,False,False,False,,,,,,56a6ec625dfaaef77be1b3ce0e49637fed624fd0d7a6049de94693e0db66d02c,81.65,2051,657,False,,,none,,,,,,,0,0,0,contract_failure,missing required function build_model(data)
p14__gemma3_12b__s5,gemma3:12b,14,14,5,contract_failure,contract_failure,contract_failure,clean_fenced,False,False,False,False,,,,,,56a6ec625dfaaef77be1b3ce0e49637fed624fd0d7a6049de94693e0db66d02c,96.91,2051,745,False,,,none,,,,,,,0,0,0,contract_failure,missing required function build_model(data)
p14__gemma3_12b__s6,gemma3:12b,14,14,6,contract_failure,contract_failure,contract_failure,clean_fenced,False,False,False,False,,,,,,56a6ec625dfaaef77be1b3ce0e49637fed624fd0d7a6049de94693e0db66d02c,159.099,2051,1376,False,,,none,,,,,,,0,0,0,contract_failure,missing required function build_model(data)
p14__gemma3_12b__s7,gemma3:12b,14,14,7,contract_failure,contract_failure,contract_failure,clean_fenced,False,False,False,False,,,,,,56a6ec625dfaaef77be1b3ce0e49637fed624fd0d7a6049de94693e0db66d02c,133.976,2051,1332,False,,,none,,,,,,,0,0,0,contract_failure,missing required function build_model(data)
p14__gemma3_12b__s8,gemma3:12b,14,14,8,contract_failure,contract_failure,contract_failure,clean_fenced,False,False,False,False,,,,,,56a6ec625dfaaef77be1b3ce0e49637fed624fd0d7a6049de94693e0db66d02c,76.043,2051,681,False,,,none,,,,,,,0,0,0,contract_failure,missing required function build_model(data)
p14__gemma3_12b__s9,gemma3:12b,14,14,9,contract_failure,contract_failure,contract_failure,clean_fenced,False,False,False,False,,,,,,56a6ec625dfaaef77be1b3ce0e49637fed624fd0d7a6049de94693e0db66d02c,149.094,2051,1431,False,,,none,,,,,,,0,0,0,contract_failure,missing required function build_model(data)
p15__gemma3_12b__s0,gemma3:12b,15,15,0,ollama_failure,ollama_failure,ollama_failure,,False,False,False,False,,,,,,49204103b0bb8c868e2cd55c8b71c7adfd3b52fb506a3baaaa6ab5cdc6ea2e03,182.034,,,,,,none,,,,,,,0,0,0,ollama_failure,TimeoutError: timed out
p15__gemma3_12b__s1,gemma3:12b,15,15,1,code_failure,code_failure,code_failure,recovered_unclosed_fence,False,False,False,False,,,,,,49204103b0bb8c868e2cd55c8b71c7adfd3b52fb506a3baaaa6ab5cdc6ea2e03,180.549,2051,2045,False,,,none,,,,,,,0,0,0,syntax_error,"Traceback (most recent call last):
  File ""C:\Users\maamr\Desktop\g5\Exp_1\Final_Gemma\execution_workdirs\p15__gemma3_12b__s1\execute_generated.py"", line 11, in <module>
    spec.loader.exec_module(module)
  File ""<frozen importlib._bootstrap_external>"", line 995, in exec_module
  File ""<frozen importlib._bootstrap_external>"", line 1133, in get_code
  File ""<frozen importlib._bootstrap_external>"", line 1063, in source_to_code
  File ""<frozen importlib._bootstrap>"", line 488, in _call_with_frames_removed
  File ""C:\Users\maamr\Desktop\g5\Exp_1\Final_Gemma\execution_workdirs\p15__gemma3_12b__s1\generated_model.py"", line 177
    except Exception as
                       ^
SyntaxError: invalid syntax"
p15__gemma3_12b__s2,gemma3:12b,15,15,2,contract_failure,contract_failure,contract_failure,recovered_unclosed_fence,False,False,False,False,,,,,,49204103b0bb8c868e2cd55c8b71c7adfd3b52fb506a3baaaa6ab5cdc6ea2e03,180.699,2051,2045,False,,,none,,,,,,,0,0,0,contract_failure,missing required function build_model(data)
p15__gemma3_12b__s3,gemma3:12b,15,15,3,contract_failure,contract_failure,contract_failure,clean_fenced,False,False,False,False,,,,,,49204103b0bb8c868e2cd55c8b71c7adfd3b52fb506a3baaaa6ab5cdc6ea2e03,179.238,2051,2017,False,,,none,,,,,,,0,0,0,contract_failure,missing required function build_model(data)
p15__gemma3_12b__s4,gemma3:12b,15,15,4,contract_failure,contract_failure,contract_failure,clean_fenced,False,False,False,False,,,,,,49204103b0bb8c868e2cd55c8b71c7adfd3b52fb506a3baaaa6ab5cdc6ea2e03,135.625,2051,1473,False,,,none,,,,,,,0,0,0,contract_failure,missing required function build_model(data)
p15__gemma3_12b__s5,gemma3:12b,15,15,5,contract_failure,contract_failure,contract_failure,clean_fenced,False,False,False,False,,,,,,49204103b0bb8c868e2cd55c8b71c7adfd3b52fb506a3baaaa6ab5cdc6ea2e03,135.064,2051,1478,False,,,none,,,,,,,0,0,0,contract_failure,missing required function build_model(data)
p15__gemma3_12b__s6,gemma3:12b,15,15,6,contract_failure,contract_failure,contract_failure,clean_fenced,False,False,False,False,,,,,,49204103b0bb8c868e2cd55c8b71c7adfd3b52fb506a3baaaa6ab5cdc6ea2e03,135.592,2051,1476,False,,,none,,,,,,,0,0,0,contract_failure,missing required function build_model(data)
p15__gemma3_12b__s7,gemma3:12b,15,15,7,contract_failure,contract_failure,contract_failure,clean_fenced,False,False,False,False,,,,,,49204103b0bb8c868e2cd55c8b71c7adfd3b52fb506a3baaaa6ab5cdc6ea2e03,180.112,2051,2044,False,,,none,,,,,,,0,0,0,contract_failure,missing required function build_model(data)
p15__gemma3_12b__s8,gemma3:12b,15,15,8,contract_failure,contract_failure,contract_failure,clean_fenced,False,False,False,False,,,,,,49204103b0bb8c868e2cd55c8b71c7adfd3b52fb506a3baaaa6ab5cdc6ea2e03,160.325,2051,1766,False,,,none,,,,,,,0,0,0,contract_failure,missing required function build_model(data)
p15__gemma3_12b__s9,gemma3:12b,15,15,9,contract_failure,contract_failure,contract_failure,clean_fenced,False,False,False,False,,,,,,49204103b0bb8c868e2cd55c8b71c7adfd3b52fb506a3baaaa6ab5cdc6ea2e03,175.041,2051,1985,False,,,none,,,,,,,0,0,0,contract_failure,missing required function build_model(data)
p16__gemma3_12b__s0,gemma3:12b,16,16,0,code_failure,code_failure,code_failure,recovered_unclosed_fence,False,False,False,False,,,,,,d932a9ed2ba298372702cd0cc7c48b69f547ad617d47c04768469def4e2847ee,25.841,4083,13,False,,,none,,,,,,,0,0,0,syntax_error,"Traceback (most recent call last):
  File ""C:\Users\maamr\Desktop\g5\Exp_1\Final_Gemma\execution_workdirs\p16__gemma3_12b__s0\execute_generated.py"", line 11, in <module>
    spec.loader.exec_module(module)
  File ""<frozen importlib._bootstrap_external>"", line 995, in exec_module
  File ""<frozen importlib._bootstrap_external>"", line 1133, in get_code
  File ""<frozen importlib._bootstrap_external>"", line 1063, in source_to_code
  File ""<frozen importlib._bootstrap>"", line 488, in _call_with_frames_removed
  File ""C:\Users\maamr\Desktop\g5\Exp_1\Final_Gemma\execution_workdirs\p16__gemma3_12b__s0\generated_model.py"", line 2
    from gurob
              ^
SyntaxError: invalid syntax"
p16__gemma3_12b__s1,gemma3:12b,16,16,1,code_failure,code_failure,code_failure,recovered_unclosed_fence,False,False,False,False,,,,,,d932a9ed2ba298372702cd0cc7c48b69f547ad617d47c04768469def4e2847ee,41.769,4083,13,False,,,none,,,,,,,0,0,0,syntax_error,"Traceback (most recent call last):
  File ""C:\Users\maamr\Desktop\g5\Exp_1\Final_Gemma\execution_workdirs\p16__gemma3_12b__s1\execute_generated.py"", line 11, in <module>
    spec.loader.exec_module(module)
  File ""<frozen importlib._bootstrap_external>"", line 995, in exec_module
  File ""<frozen importlib._bootstrap_external>"", line 1133, in get_code
  File ""<frozen importlib._bootstrap_external>"", line 1063, in source_to_code
  File ""<frozen importlib._bootstrap>"", line 488, in _call_with_frames_removed
  File ""C:\Users\maamr\Desktop\g5\Exp_1\Final_Gemma\execution_workdirs\p16__gemma3_12b__s1\generated_model.py"", line 2
    from gurob
              ^
SyntaxError: invalid syntax"
p16__gemma3_12b__s2,gemma3:12b,16,16,2,code_failure,code_failure,code_failure,recovered_unclosed_fence,False,False,False,False,,,,,,d932a9ed2ba298372702cd0cc7c48b69f547ad617d47c04768469def4e2847ee,34.673,4083,13,False,,,none,,,,,,,0,0,0,syntax_error,"Traceback (most recent call last):
  File ""C:\Users\maamr\Desktop\g5\Exp_1\Final_Gemma\execution_workdirs\p16__gemma3_12b__s2\execute_generated.py"", line 11, in <module>
    spec.loader.exec_module(module)
  File ""<frozen importlib._bootstrap_external>"", line 995, in exec_module
  File ""<frozen importlib._bootstrap_external>"", line 1133, in get_code
  File ""<frozen importlib._bootstrap_external>"", line 1063, in source_to_code
  File ""<frozen importlib._bootstrap>"", line 488, in _call_with_frames_removed
  File ""C:\Users\maamr\Desktop\g5\Exp_1\Final_Gemma\execution_workdirs\p16__gemma3_12b__s2\generated_model.py"", line 2
    from gurob
              ^
SyntaxError: invalid syntax"
p16__gemma3_12b__s3,gemma3:12b,16,16,3,code_failure,code_failure,code_failure,recovered_unclosed_fence,False,False,False,False,,,,,,d932a9ed2ba298372702cd0cc7c48b69f547ad617d47c04768469def4e2847ee,33.924,4083,13,False,,,none,,,,,,,0,0,0,syntax_error,"Traceback (most recent call last):
  File ""C:\Users\maamr\Desktop\g5\Exp_1\Final_Gemma\execution_workdirs\p16__gemma3_12b__s3\execute_generated.py"", line 11, in <module>
    spec.loader.exec_module(module)
  File ""<frozen importlib._bootstrap_external>"", line 995, in exec_module
  File ""<frozen importlib._bootstrap_external>"", line 1133, in get_code
  File ""<frozen importlib._bootstrap_external>"", line 1063, in source_to_code
  File ""<frozen importlib._bootstrap>"", line 488, in _call_with_frames_removed
  File ""C:\Users\maamr\Desktop\g5\Exp_1\Final_Gemma\execution_workdirs\p16__gemma3_12b__s3\generated_model.py"", line 2
    from gurob
              ^
SyntaxError: invalid syntax"
p16__gemma3_12b__s4,gemma3:12b,16,16,4,code_failure,code_failure,code_failure,recovered_unclosed_fence,False,False,False,False,,,,,,d932a9ed2ba298372702cd0cc7c48b69f547ad617d47c04768469def4e2847ee,35.648,4083,13,False,,,none,,,,,,,0,0,0,syntax_error,"Traceback (most recent call last):
  File ""C:\Users\maamr\Desktop\g5\Exp_1\Final_Gemma\execution_workdirs\p16__gemma3_12b__s4\execute_generated.py"", line 11, in <module>
    spec.loader.exec_module(module)
  File ""<frozen importlib._bootstrap_external>"", line 995, in exec_module
  File ""<frozen importlib._bootstrap_external>"", line 1133, in get_code
  File ""<frozen importlib._bootstrap_external>"", line 1063, in source_to_code
  File ""<frozen importlib._bootstrap>"", line 488, in _call_with_frames_removed
  File ""C:\Users\maamr\Desktop\g5\Exp_1\Final_Gemma\execution_workdirs\p16__gemma3_12b__s4\generated_model.py"", line 2
    from gurob
              ^
SyntaxError: invalid syntax"
p16__gemma3_12b__s5,gemma3:12b,16,16,5,code_failure,code_failure,code_failure,recovered_unclosed_fence,False,False,False,False,,,,,,d932a9ed2ba298372702cd0cc7c48b69f547ad617d47c04768469def4e2847ee,36.666,4083,13,False,,,none,,,,,,,0,0,0,syntax_error,"Traceback (most recent call last):
  File ""C:\Users\maamr\Desktop\g5\Exp_1\Final_Gemma\execution_workdirs\p16__gemma3_12b__s5\execute_generated.py"", line 11, in <module>
    spec.loader.exec_module(module)
  File ""<frozen importlib._bootstrap_external>"", line 995, in exec_module
  File ""<frozen importlib._bootstrap_external>"", line 1133, in get_code
  File ""<frozen importlib._bootstrap_external>"", line 1063, in source_to_code
  File ""<frozen importlib._bootstrap>"", line 488, in _call_with_frames_removed
  File ""C:\Users\maamr\Desktop\g5\Exp_1\Final_Gemma\execution_workdirs\p16__gemma3_12b__s5\generated_model.py"", line 2
    from gurob
              ^
SyntaxError: invalid syntax"
p16__gemma3_12b__s6,gemma3:12b,16,16,6,code_failure,code_failure,code_failure,recovered_unclosed_fence,False,False,False,False,,,,,,d932a9ed2ba298372702cd0cc7c48b69f547ad617d47c04768469def4e2847ee,33.474,4083,13,False,,,none,,,,,,,0,0,0,syntax_error,"Traceback (most recent call last):
  File ""C:\Users\maamr\Desktop\g5\Exp_1\Final_Gemma\execution_workdirs\p16__gemma3_12b__s6\execute_generated.py"", line 11, in <module>
    spec.loader.exec_module(module)
  File ""<frozen importlib._bootstrap_external>"", line 995, in exec_module
  File ""<frozen importlib._bootstrap_external>"", line 1133, in get_code
  File ""<frozen importlib._bootstrap_external>"", line 1063, in source_to_code
  File ""<frozen importlib._bootstrap>"", line 488, in _call_with_frames_removed
  File ""C:\Users\maamr\Desktop\g5\Exp_1\Final_Gemma\execution_workdirs\p16__gemma3_12b__s6\generated_model.py"", line 2
    from gurob
              ^
SyntaxError: invalid syntax"
p16__gemma3_12b__s7,gemma3:12b,16,16,7,code_failure,code_failure,code_failure,recovered_unclosed_fence,False,False,False,False,,,,,,d932a9ed2ba298372702cd0cc7c48b69f547ad617d47c04768469def4e2847ee,33.758,4083,13,False,,,none,,,,,,,0,0,0,syntax_error,"Traceback (most recent call last):
  File ""C:\Users\maamr\Desktop\g5\Exp_1\Final_Gemma\execution_workdirs\p16__gemma3_12b__s7\execute_generated.py"", line 11, in <module>
    spec.loader.exec_module(module)
  File ""<frozen importlib._bootstrap_external>"", line 995, in exec_module
  File ""<frozen importlib._bootstrap_external>"", line 1133, in get_code
  File ""<frozen importlib._bootstrap_external>"", line 1063, in source_to_code
  File ""<frozen importlib._bootstrap>"", line 488, in _call_with_frames_removed
  File ""C:\Users\maamr\Desktop\g5\Exp_1\Final_Gemma\execution_workdirs\p16__gemma3_12b__s7\generated_model.py"", line 2
    from gurob
              ^
SyntaxError: invalid syntax"
p16__gemma3_12b__s8,gemma3:12b,16,16,8,code_failure,code_failure,code_failure,recovered_unclosed_fence,False,False,False,False,,,,,,d932a9ed2ba298372702cd0cc7c48b69f547ad617d47c04768469def4e2847ee,35.042,4083,13,False,,,none,,,,,,,0,0,0,syntax_error,"Traceback (most recent call last):
  File ""C:\Users\maamr\Desktop\g5\Exp_1\Final_Gemma\execution_workdirs\p16__gemma3_12b__s8\execute_generated.py"", line 11, in <module>
    spec.loader.exec_module(module)
  File ""<frozen importlib._bootstrap_external>"", line 995, in exec_module
  File ""<frozen importlib._bootstrap_external>"", line 1133, in get_code
  File ""<frozen importlib._bootstrap_external>"", line 1063, in source_to_code
  File ""<frozen importlib._bootstrap>"", line 488, in _call_with_frames_removed
  File ""C:\Users\maamr\Desktop\g5\Exp_1\Final_Gemma\execution_workdirs\p16__gemma3_12b__s8\generated_model.py"", line 2
    from gurob
              ^
SyntaxError: invalid syntax"
p16__gemma3_12b__s9,gemma3:12b,16,16,9,code_failure,code_failure,code_failure,recovered_unclosed_fence,False,False,False,False,,,,,,d932a9ed2ba298372702cd0cc7c48b69f547ad617d47c04768469def4e2847ee,33.388,4083,13,False,,,none,,,,,,,0,0,0,syntax_error,"Traceback (most recent call last):
  File ""C:\Users\maamr\Desktop\g5\Exp_1\Final_Gemma\execution_workdirs\p16__gemma3_12b__s9\execute_generated.py"", line 11, in <module>
    spec.loader.exec_module(module)
  File ""<frozen importlib._bootstrap_external>"", line 995, in exec_module
  File ""<frozen importlib._bootstrap_external>"", line 1133, in get_code
  File ""<frozen importlib._bootstrap_external>"", line 1063, in source_to_code
  File ""<frozen importlib._bootstrap>"", line 488, in _call_with_frames_removed
  File ""C:\Users\maamr\Desktop\g5\Exp_1\Final_Gemma\execution_workdirs\p16__gemma3_12b__s9\generated_model.py"", line 2
    from gurob
              ^
SyntaxError: invalid syntax"
p17__gemma3_12b__s0,gemma3:12b,17,17,0,ollama_failure,ollama_failure,ollama_failure,,False,False,False,False,,,,,,7cedead140cd8323e58642f6e062e7bf93bb4f6e08791fd1ccc4183c0113e2b6,182.06,,,,,,none,,,,,,,0,0,0,ollama_failure,TimeoutError: timed out
p17__gemma3_12b__s1,gemma3:12b,17,17,1,code_failure,code_failure,code_failure,clean_fenced,False,False,False,False,,,,,,7cedead140cd8323e58642f6e062e7bf93bb4f6e08791fd1ccc4183c0113e2b6,109.121,2051,1215,False,,,none,,,,,,,0,0,0,syntax_error,"Traceback (most recent call last):
  File ""C:\Users\maamr\Desktop\g5\Exp_1\Final_Gemma\execution_workdirs\p17__gemma3_12b__s1\execute_generated.py"", line 11, in <module>
    spec.loader.exec_module(module)
  File ""<frozen importlib._bootstrap_external>"", line 995, in exec_module
  File ""<frozen importlib._bootstrap_external>"", line 1133, in get_code
  File ""<frozen importlib._bootstrap_external>"", line 1063, in source_to_code
  File ""<frozen importlib._bootstrap>"", line 488, in _call_with_frames_removed
  File ""C:\Users\maamr\Desktop\g5\Exp_1\Final_Gemma\execution_workdirs\p17__gemma3_12b__s1\generated_model.py"", line 9
    ""f_c5_s5"": {
    ^^^^^^^^^
SyntaxError: illegal target for annotation"
p17__gemma3_12b__s2,gemma3:12b,17,17,2,contract_failure,contract_failure,contract_failure,clean_fenced,False,False,False,False,,,,,,7cedead140cd8323e58642f6e062e7bf93bb4f6e08791fd1ccc4183c0113e2b6,138.988,2051,1598,False,,,none,,,,,,,0,0,0,contract_failure,missing required function build_model(data)
p17__gemma3_12b__s3,gemma3:12b,17,17,3,code_failure,code_failure,code_failure,clean_fenced,False,False,False,False,,,,,,7cedead140cd8323e58642f6e062e7bf93bb4f6e08791fd1ccc4183c0113e2b6,123.371,2051,1338,False,,,none,,,,,,,0,0,0,syntax_error,"Traceback (most recent call last):
  File ""C:\Users\maamr\Desktop\g5\Exp_1\Final_Gemma\execution_workdirs\p17__gemma3_12b__s3\execute_generated.py"", line 11, in <module>
    spec.loader.exec_module(module)
  File ""<frozen importlib._bootstrap_external>"", line 995, in exec_module
  File ""<frozen importlib._bootstrap_external>"", line 1133, in get_code
  File ""<frozen importlib._bootstrap_external>"", line 1063, in source_to_code
  File ""<frozen importlib._bootstrap>"", line 488, in _call_with_frames_removed
  File ""C:\Users\maamr\Desktop\g5\Exp_1\Final_Gemma\execution_workdirs\p17__gemma3_12b__s3\generated_model.py"", line 9
    ""f_c5_s5"": {
    ^^^^^^^^^
SyntaxError: illegal target for annotation"
p17__gemma3_12b__s4,gemma3:12b,17,17,4,contract_failure,contract_failure,contract_failure,clean_fenced,False,False,False,False,,,,,,7cedead140cd8323e58642f6e062e7bf93bb4f6e08791fd1ccc4183c0113e2b6,169.209,2051,1981,False,,,none,,,,,,,0,0,0,contract_failure,missing required function build_model(data)
p17__gemma3_12b__s5,gemma3:12b,17,17,5,code_failure,code_failure,code_failure,clean_fenced,False,False,False,False,,,,,,7cedead140cd8323e58642f6e062e7bf93bb4f6e08791fd1ccc4183c0113e2b6,109.745,2051,1143,False,,,none,,,,,,,0,0,0,syntax_error,"Traceback (most recent call last):
  File ""C:\Users\maamr\Desktop\g5\Exp_1\Final_Gemma\execution_workdirs\p17__gemma3_12b__s5\execute_generated.py"", line 11, in <module>
    spec.loader.exec_module(module)
  File ""<frozen importlib._bootstrap_external>"", line 995, in exec_module
  File ""<frozen importlib._bootstrap_external>"", line 1133, in get_code
  File ""<frozen importlib._bootstrap_external>"", line 1063, in source_to_code
  File ""<frozen importlib._bootstrap>"", line 488, in _call_with_frames_removed
  File ""C:\Users\maamr\Desktop\g5\Exp_1\Final_Gemma\execution_workdirs\p17__gemma3_12b__s5\generated_model.py"", line 9
    ""f_c5_s5"": {
    ^^^^^^^^^
SyntaxError: illegal target for annotation"
p17__gemma3_12b__s6,gemma3:12b,17,17,6,code_failure,code_failure,code_failure,clean_fenced,False,False,False,False,,,,,,7cedead140cd8323e58642f6e062e7bf93bb4f6e08791fd1ccc4183c0113e2b6,95.008,2051,1027,False,,,none,,,,,,,0,0,0,syntax_error,"Traceback (most recent call last):
  File ""C:\Users\maamr\Desktop\g5\Exp_1\Final_Gemma\execution_workdirs\p17__gemma3_12b__s6\execute_generated.py"", line 11, in <module>
    spec.loader.exec_module(module)
  File ""<frozen importlib._bootstrap_external>"", line 995, in exec_module
  File ""<frozen importlib._bootstrap_external>"", line 1133, in get_code
  File ""<frozen importlib._bootstrap_external>"", line 1063, in source_to_code
  File ""<frozen importlib._bootstrap>"", line 488, in _call_with_frames_removed
  File ""C:\Users\maamr\Desktop\g5\Exp_1\Final_Gemma\execution_workdirs\p17__gemma3_12b__s6\generated_model.py"", line 9
    ""f_c5_s5"": {
    ^^^^^^^^^
SyntaxError: illegal target for annotation"
p17__gemma3_12b__s7,gemma3:12b,17,17,7,contract_failure,contract_failure,contract_failure,clean_fenced,False,False,False,False,,,,,,7cedead140cd8323e58642f6e062e7bf93bb4f6e08791fd1ccc4183c0113e2b6,155.623,2051,1801,False,,,none,,,,,,,0,0,0,contract_failure,missing required function build_model(data)
p17__gemma3_12b__s8,gemma3:12b,17,17,8,code_failure,code_failure,code_failure,clean_fenced,False,False,False,False,,,,,,7cedead140cd8323e58642f6e062e7bf93bb4f6e08791fd1ccc4183c0113e2b6,104.177,2051,1139,False,,,none,,,,,,,0,0,0,syntax_error,"Traceback (most recent call last):
  File ""C:\Users\maamr\Desktop\g5\Exp_1\Final_Gemma\execution_workdirs\p17__gemma3_12b__s8\execute_generated.py"", line 11, in <module>
    spec.loader.exec_module(module)
  File ""<frozen importlib._bootstrap_external>"", line 995, in exec_module
  File ""<frozen importlib._bootstrap_external>"", line 1133, in get_code
  File ""<frozen importlib._bootstrap_external>"", line 1063, in source_to_code
  File ""<frozen importlib._bootstrap>"", line 488, in _call_with_frames_removed
  File ""C:\Users\maamr\Desktop\g5\Exp_1\Final_Gemma\execution_workdirs\p17__gemma3_12b__s8\generated_model.py"", line 9
    ""f_c5_s5"": {
    ^^^^^^^^^
SyntaxError: illegal target for annotation"
p17__gemma3_12b__s9,gemma3:12b,17,17,9,contract_failure,contract_failure,contract_failure,clean_fenced,False,False,False,False,,,,,,7cedead140cd8323e58642f6e062e7bf93bb4f6e08791fd1ccc4183c0113e2b6,145.268,2051,1600,False,,,none,,,,,,,0,0,0,contract_failure,missing required function build_model(data)
p18__gemma3_12b__s0,gemma3:12b,18,18,0,contract_failure,contract_failure,contract_failure,clean_fenced,False,False,False,False,,,,,,356045ba36a1a33f53d5e30373881a1415e93e51876ff4c20883989a216cf058,157.67,2051,1367,False,,,none,,,,,,,0,0,0,contract_failure,missing required function build_model(data)
p18__gemma3_12b__s1,gemma3:12b,18,18,1,contract_failure,contract_failure,contract_failure,clean_fenced,False,False,False,False,,,,,,356045ba36a1a33f53d5e30373881a1415e93e51876ff4c20883989a216cf058,139.06,2051,1372,False,,,none,,,,,,,0,0,0,contract_failure,missing required function build_model(data)
p18__gemma3_12b__s2,gemma3:12b,18,18,2,ollama_failure,ollama_failure,ollama_failure,,False,False,False,False,,,,,,356045ba36a1a33f53d5e30373881a1415e93e51876ff4c20883989a216cf058,182.048,,,,,,none,,,,,,,0,0,0,ollama_failure,TimeoutError: timed out
p18__gemma3_12b__s3,gemma3:12b,18,18,3,ollama_failure,ollama_failure,ollama_failure,,False,False,False,False,,,,,,356045ba36a1a33f53d5e30373881a1415e93e51876ff4c20883989a216cf058,182.046,,,,,,none,,,,,,,0,0,0,ollama_failure,TimeoutError: timed out
p18__gemma3_12b__s4,gemma3:12b,18,18,4,code_failure,code_failure,code_failure,recovered_unclosed_fence,False,False,False,False,,,,,,356045ba36a1a33f53d5e30373881a1415e93e51876ff4c20883989a216cf058,179.643,2051,2045,False,,,none,,,,,,,0,0,0,syntax_error,"Traceback (most recent call last):
  File ""C:\Users\maamr\Desktop\g5\Exp_1\Final_Gemma\execution_workdirs\p18__gemma3_12b__s4\execute_generated.py"", line 11, in <module>
    spec.loader.exec_module(module)
  File ""<frozen importlib._bootstrap_external>"", line 995, in exec_module
  File ""<frozen importlib._bootstrap_external>"", line 1133, in get_code
  File ""<frozen importlib._bootstrap_external>"", line 1063, in source_to_code
  File ""<frozen importlib._bootstrap>"", line 488, in _call_with_frames_removed
  File ""C:\Users\maamr\Desktop\g5\Exp_1\Final_Gemma\execution_workdirs\p18__gemma3_12b__s4\generated_model.py"", line 159
    solution = {
               ^
SyntaxError: '{' was never closed"
p18__gemma3_12b__s5,gemma3:12b,18,18,5,contract_failure,contract_failure,contract_failure,clean_fenced,False,False,False,False,,,,,,356045ba36a1a33f53d5e30373881a1415e93e51876ff4c20883989a216cf058,125.331,2051,1340,False,,,none,,,,,,,0,0,0,contract_failure,missing required function build_model(data)
p18__gemma3_12b__s6,gemma3:12b,18,18,6,contract_failure,contract_failure,contract_failure,clean_fenced,False,False,False,False,,,,,,356045ba36a1a33f53d5e30373881a1415e93e51876ff4c20883989a216cf058,131.37,2051,1432,False,,,none,,,,,,,0,0,0,contract_failure,missing required function build_model(data)
p18__gemma3_12b__s7,gemma3:12b,18,18,7,contract_failure,contract_failure,contract_failure,clean_fenced,False,False,False,False,,,,,,356045ba36a1a33f53d5e30373881a1415e93e51876ff4c20883989a216cf058,164.801,2051,1867,False,,,none,,,,,,,0,0,0,contract_failure,missing required function build_model(data)
p18__gemma3_12b__s8,gemma3:12b,18,18,8,code_failure,code_failure,code_failure,recovered_unclosed_fence,False,False,False,False,,,,,,356045ba36a1a33f53d5e30373881a1415e93e51876ff4c20883989a216cf058,178.471,2051,2045,False,,,none,,,,,,,0,0,0,syntax_error,"Traceback (most recent call last):
  File ""C:\Users\maamr\Desktop\g5\Exp_1\Final_Gemma\execution_workdirs\p18__gemma3_12b__s8\execute_generated.py"", line 11, in <module>
    spec.loader.exec_module(module)
  File ""<frozen importlib._bootstrap_external>"", line 995, in exec_module
  File ""<frozen importlib._bootstrap_external>"", line 1133, in get_code
  File ""<frozen importlib._bootstrap_external>"", line 1063, in source_to_code
  File ""<frozen importlib._bootstrap>"", line 488, in _call_with_frames_removed
  File ""C:\Users\maamr\Desktop\g5\Exp_1\Final_Gemma\execution_workdirs\p18__gemma3_12b__s8\generated_model.py"", line 160
    solution = {
               ^
SyntaxError: '{' was never closed"
p18__gemma3_12b__s9,gemma3:12b,18,18,9,contract_failure,contract_failure,contract_failure,clean_fenced,False,False,False,False,,,,,,356045ba36a1a33f53d5e30373881a1415e93e51876ff4c20883989a216cf058,136.791,2051,1474,False,,,none,,,,,,,0,0,0,contract_failure,missing required function build_model(data)
p19__gemma3_12b__s0,gemma3:12b,19,19,0,contract_failure,contract_failure,contract_failure,clean_fenced,False,False,False,False,,,,,,329e9365bc725e92f6036bd3fb35046b989feafb758003473f3d477079e82602,143.119,2051,1584,False,,,none,,,,,,,0,0,0,contract_failure,missing required function build_model(data)
p19__gemma3_12b__s1,gemma3:12b,19,19,1,contract_failure,contract_failure,contract_failure,clean_fenced,False,False,False,False,,,,,,329e9365bc725e92f6036bd3fb35046b989feafb758003473f3d477079e82602,137.938,2051,1535,False,,,none,,,,,,,0,0,0,contract_failure,missing required function build_model(data)
p19__gemma3_12b__s2,gemma3:12b,19,19,2,contract_failure,contract_failure,contract_failure,clean_fenced,False,False,False,False,,,,,,329e9365bc725e92f6036bd3fb35046b989feafb758003473f3d477079e82602,81.779,2051,790,False,,,none,,,,,,,0,0,0,contract_failure,missing required function build_model(data)
p19__gemma3_12b__s3,gemma3:12b,19,19,3,contract_failure,contract_failure,contract_failure,clean_fenced,False,False,False,False,,,,,,329e9365bc725e92f6036bd3fb35046b989feafb758003473f3d477079e82602,74.754,2051,710,False,,,none,,,,,,,0,0,0,contract_failure,missing required function build_model(data)
p19__gemma3_12b__s4,gemma3:12b,19,19,4,contract_failure,contract_failure,contract_failure,clean_fenced,False,False,False,False,,,,,,329e9365bc725e92f6036bd3fb35046b989feafb758003473f3d477079e82602,138.501,2051,1534,False,,,none,,,,,,,0,0,0,contract_failure,missing required function build_model(data)
p19__gemma3_12b__s5,gemma3:12b,19,19,5,contract_failure,contract_failure,contract_failure,clean_fenced,False,False,False,False,,,,,,329e9365bc725e92f6036bd3fb35046b989feafb758003473f3d477079e82602,139.265,2051,1545,False,,,none,,,,,,,0,0,0,contract_failure,missing required function build_model(data)
p19__gemma3_12b__s6,gemma3:12b,19,19,6,contract_failure,contract_failure,contract_failure,clean_fenced,False,False,False,False,,,,,,329e9365bc725e92f6036bd3fb35046b989feafb758003473f3d477079e82602,137.746,2051,1536,False,,,none,,,,,,,0,0,0,contract_failure,missing required function build_model(data)
p19__gemma3_12b__s7,gemma3:12b,19,19,7,contract_failure,contract_failure,contract_failure,clean_fenced,False,False,False,False,,,,,,329e9365bc725e92f6036bd3fb35046b989feafb758003473f3d477079e82602,138.678,2051,1545,False,,,none,,,,,,,0,0,0,contract_failure,missing required function build_model(data)
p19__gemma3_12b__s8,gemma3:12b,19,19,8,contract_failure,contract_failure,contract_failure,clean_fenced,False,False,False,False,,,,,,329e9365bc725e92f6036bd3fb35046b989feafb758003473f3d477079e82602,144.567,2051,1584,False,,,none,,,,,,,0,0,0,contract_failure,missing required function build_model(data)
p19__gemma3_12b__s9,gemma3:12b,19,19,9,contract_failure,contract_failure,contract_failure,clean_fenced,False,False,False,False,,,,,,329e9365bc725e92f6036bd3fb35046b989feafb758003473f3d477079e82602,154.055,2051,1535,False,,,none,,,,,,,0,0,0,contract_failure,missing required function build_model(data)
p20__gemma3_12b__s0,gemma3:12b,20,20,0,contract_failure,contract_failure,contract_failure,clean_fenced,False,False,False,False,,,,,,66c96c625bdc123111a3fa68cd50853f2a8e21115c57c27c27a4c045efbfed6f,135.504,2051,1495,False,,,none,,,,,,,0,0,0,contract_failure,missing required function build_model(data)
p20__gemma3_12b__s1,gemma3:12b,20,20,1,contract_failure,contract_failure,contract_failure,clean_fenced,False,False,False,False,,,,,,66c96c625bdc123111a3fa68cd50853f2a8e21115c57c27c27a4c045efbfed6f,168.737,2051,1322,False,,,none,,,,,,,0,0,0,contract_failure,missing required function build_model(data)
p20__gemma3_12b__s2,gemma3:12b,20,20,2,ollama_failure,ollama_failure,ollama_failure,,False,False,False,False,,,,,,66c96c625bdc123111a3fa68cd50853f2a8e21115c57c27c27a4c045efbfed6f,182.048,,,,,,none,,,,,,,0,0,0,ollama_failure,TimeoutError: timed out
p20__gemma3_12b__s3,gemma3:12b,20,20,3,contract_failure,contract_failure,contract_failure,clean_fenced,False,False,False,False,,,,,,66c96c625bdc123111a3fa68cd50853f2a8e21115c57c27c27a4c045efbfed6f,134.725,2051,1475,False,,,none,,,,,,,0,0,0,contract_failure,missing required function build_model(data)
p20__gemma3_12b__s4,gemma3:12b,20,20,4,contract_failure,contract_failure,contract_failure,clean_fenced,False,False,False,False,,,,,,66c96c625bdc123111a3fa68cd50853f2a8e21115c57c27c27a4c045efbfed6f,146.995,2051,1468,False,,,none,,,,,,,0,0,0,contract_failure,missing required function build_model(data)
p20__gemma3_12b__s5,gemma3:12b,20,20,5,contract_failure,contract_failure,contract_failure,clean_fenced,False,False,False,False,,,,,,66c96c625bdc123111a3fa68cd50853f2a8e21115c57c27c27a4c045efbfed6f,137.827,2051,1435,False,,,none,,,,,,,0,0,0,contract_failure,missing required function build_model(data)
p20__gemma3_12b__s6,gemma3:12b,20,20,6,contract_failure,contract_failure,contract_failure,clean_fenced,False,False,False,False,,,,,,66c96c625bdc123111a3fa68cd50853f2a8e21115c57c27c27a4c045efbfed6f,71.71,2051,643,False,,,none,,,,,,,0,0,0,contract_failure,missing required function build_model(data)
p20__gemma3_12b__s7,gemma3:12b,20,20,7,contract_failure,contract_failure,contract_failure,clean_fenced,False,False,False,False,,,,,,66c96c625bdc123111a3fa68cd50853f2a8e21115c57c27c27a4c045efbfed6f,159.982,2051,1412,False,,,none,,,,,,,0,0,0,contract_failure,missing required function build_model(data)
p20__gemma3_12b__s8,gemma3:12b,20,20,8,ollama_failure,ollama_failure,ollama_failure,,False,False,False,False,,,,,,66c96c625bdc123111a3fa68cd50853f2a8e21115c57c27c27a4c045efbfed6f,182.052,,,,,,none,,,,,,,0,0,0,ollama_failure,TimeoutError: timed out
p20__gemma3_12b__s9,gemma3:12b,20,20,9,contract_failure,contract_failure,contract_failure,clean_fenced,False,False,False,False,,,,,,66c96c625bdc123111a3fa68cd50853f2a8e21115c57c27c27a4c045efbfed6f,137.871,2051,1359,False,,,none,,,,,,,0,0,0,contract_failure,missing required function build_model(data)
p21__gemma3_12b__s0,gemma3:12b,21,21,0,loud_bug,loud_bug,loud_bug,clean_fenced,True,True,False,True,p21.obj.C2,,,,,0e30946074d42b98b450c8cccaae06425803a0d26ddc41a49c2fa85dace78ee0,74.806,1461,681,False,,,none,,10,9,9,10,19,0,0,0,,
p21__gemma3_12b__s1,gemma3:12b,21,21,1,loud_bug,loud_bug,loud_bug,clean_fenced,True,True,False,True,p21.obj.C2,,,,,0e30946074d42b98b450c8cccaae06425803a0d26ddc41a49c2fa85dace78ee0,81.181,1461,815,False,,,none,,10,9,9,10,19,0,0,0,,
p21__gemma3_12b__s2,gemma3:12b,21,21,2,code_failure,code_failure,code_failure,clean_fenced,False,False,False,False,,,,,,0e30946074d42b98b450c8cccaae06425803a0d26ddc41a49c2fa85dace78ee0,79.05,1461,789,False,,,none,,,,,,,0,0,0,runtime_error,"Traceback (most recent call last):
  File ""C:\Users\maamr\Desktop\g5\Exp_1\Final_Gemma\execution_workdirs\p21__gemma3_12b__s2\execute_generated.py"", line 48, in <module>
    result = module.solve(data)
             ^^^^^^^^^^^^^^^^^^
  File ""C:\Users\maamr\Desktop\g5\Exp_1\Final_Gemma\execution_workdirs\p21__gemma3_12b__s2\generated_model.py"", line 44, in solve
    objective = model.ObjVal
                ^^^^^^^^^^^^
  File ""src/gurobipy/_model.pyx"", line 399, in gurobipy._model.Model.__getattr__
  File ""src/gurobipy/_model.pyx"", line 2226, in gurobipy._model.Model.getAttr
  File ""src/gurobipy/_attrutil.pyx"", line 119, in gurobipy._attrutil._getattr
AttributeError: Unable to retrieve attribute 'ObjVal'. Did you mean: 'ObjNVal'?"
p21__gemma3_12b__s3,gemma3:12b,21,21,3,code_failure,code_failure,code_failure,clean_fenced,False,False,False,False,,,,,,0e30946074d42b98b450c8cccaae06425803a0d26ddc41a49c2fa85dace78ee0,78.766,1461,789,False,,,none,,,,,,,0,0,0,runtime_error,"Traceback (most recent call last):
  File ""C:\Users\maamr\Desktop\g5\Exp_1\Final_Gemma\execution_workdirs\p21__gemma3_12b__s3\execute_generated.py"", line 48, in <module>
    result = module.solve(data)
             ^^^^^^^^^^^^^^^^^^
  File ""C:\Users\maamr\Desktop\g5\Exp_1\Final_Gemma\execution_workdirs\p21__gemma3_12b__s3\generated_model.py"", line 44, in solve
    objective = model.ObjVal
                ^^^^^^^^^^^^
  File ""src/gurobipy/_model.pyx"", line 399, in gurobipy._model.Model.__getattr__
  File ""src/gurobipy/_model.pyx"", line 2226, in gurobipy._model.Model.getAttr
  File ""src/gurobipy/_attrutil.pyx"", line 119, in gurobipy._attrutil._getattr
AttributeError: Unable to retrieve attribute 'ObjVal'. Did you mean: 'ObjNVal'?"
p21__gemma3_12b__s4,gemma3:12b,21,21,4,code_failure,code_failure,code_failure,clean_fenced,False,False,False,False,,,,,,0e30946074d42b98b450c8cccaae06425803a0d26ddc41a49c2fa85dace78ee0,53.415,1461,452,False,,,none,,,,,,,0,0,0,runtime_error,"Traceback (most recent call last):
  File ""C:\Users\maamr\Desktop\g5\Exp_1\Final_Gemma\execution_workdirs\p21__gemma3_12b__s4\execute_generated.py"", line 48, in <module>
    result = module.solve(data)
             ^^^^^^^^^^^^^^^^^^
  File ""C:\Users\maamr\Desktop\g5\Exp_1\Final_Gemma\execution_workdirs\p21__gemma3_12b__s4\generated_model.py"", line 43, in solve
    solution[f""start_{day}""] = variables[f""start_{day}""].X
                               ~~~~~~~~~^^^^^^^^^^^^^^^^
KeyError: 'start_Monday'"
p21__gemma3_12b__s5,gemma3:12b,21,21,5,loud_bug,loud_bug,loud_bug,clean_fenced,True,True,False,True,p21.obj.C2,,,,,0e30946074d42b98b450c8cccaae06425803a0d26ddc41a49c2fa85dace78ee0,55.15,1461,467,False,,,none,,10,9,9,10,19,0,0,0,,
p21__gemma3_12b__s6,gemma3:12b,21,21,6,loud_bug,loud_bug,loud_bug,clean_fenced,True,True,False,True,"p21.R_cov_Sat.C1,p21.R_cov_Sun.C1,p21.obj.C2","p21.R_cov_Sat.C1,p21.R_cov_Sun.C1",,,,0e30946074d42b98b450c8cccaae06425803a0d26ddc41a49c2fa85dace78ee0,81.727,1461,822,False,,,none,,10,9,9,10,19,2,0,2,,
p21__gemma3_12b__s7,gemma3:12b,21,21,7,code_failure,code_failure,code_failure,clean_fenced,False,False,False,False,,,,,,0e30946074d42b98b450c8cccaae06425803a0d26ddc41a49c2fa85dace78ee0,80.061,1461,808,False,,,none,,,,,,,0,0,0,runtime_error,"Traceback (most recent call last):
  File ""C:\Users\maamr\Desktop\g5\Exp_1\Final_Gemma\execution_workdirs\p21__gemma3_12b__s7\execute_generated.py"", line 48, in <module>
    result = module.solve(data)
             ^^^^^^^^^^^^^^^^^^
  File ""C:\Users\maamr\Desktop\g5\Exp_1\Final_Gemma\execution_workdirs\p21__gemma3_12b__s7\generated_model.py"", line 44, in solve
    objective = model.ObjVal
                ^^^^^^^^^^^^
  File ""src/gurobipy/_model.pyx"", line 399, in gurobipy._model.Model.__getattr__
  File ""src/gurobipy/_model.pyx"", line 2226, in gurobipy._model.Model.getAttr
  File ""src/gurobipy/_attrutil.pyx"", line 119, in gurobipy._attrutil._getattr
AttributeError: Unable to retrieve attribute 'ObjVal'. Did you mean: 'ObjNVal'?"
p21__gemma3_12b__s8,gemma3:12b,21,21,8,code_failure,code_failure,code_failure,clean_fenced,False,False,False,False,,,,,,0e30946074d42b98b450c8cccaae06425803a0d26ddc41a49c2fa85dace78ee0,69.699,1461,676,False,,,none,,,,,,,0,0,0,runtime_error,"Traceback (most recent call last):
  File ""C:\Users\maamr\Desktop\g5\Exp_1\Final_Gemma\execution_workdirs\p21__gemma3_12b__s8\execute_generated.py"", line 48, in <module>
    result = module.solve(data)
             ^^^^^^^^^^^^^^^^^^
  File ""C:\Users\maamr\Desktop\g5\Exp_1\Final_Gemma\execution_workdirs\p21__gemma3_12b__s8\generated_model.py"", line 43, in solve
    solution[f""start_{day}""] = start_vars[f""start_{day}""].X
                               ^^^^^^^^^^
NameError: name 'start_vars' is not defined"
p21__gemma3_12b__s9,gemma3:12b,21,21,9,loud_bug,loud_bug,loud_bug,clean_fenced,True,True,False,True,p21.obj.C2,,,,,0e30946074d42b98b450c8cccaae06425803a0d26ddc41a49c2fa85dace78ee0,85.351,1461,873,False,,,none,,10,9,9,10,19,0,0,0,,
p22__gemma3_12b__s0,gemma3:12b,22,22,0,code_failure,code_failure,code_failure,clean_fenced,False,False,False,False,,,,,,7b337f06c64fb758705aab538e19f97efb0b66bdfe84c7a08664a72b5c502924,77.621,2316,750,False,,,none,,,,,,,0,0,0,runtime_error,"Traceback (most recent call last):
  File ""C:\Users\maamr\Desktop\g5\Exp_1\Final_Gemma\execution_workdirs\p22__gemma3_12b__s0\execute_generated.py"", line 48, in <module>
    result = module.solve(data)
             ^^^^^^^^^^^^^^^^^^
  File ""C:\Users\maamr\Desktop\g5\Exp_1\Final_Gemma\execution_workdirs\p22__gemma3_12b__s0\generated_model.py"", line 56, in solve
    model, variables = build_model(data)
                       ^^^^^^^^^^^^^^^^^
  File ""C:\Users\maamr\Desktop\g5\Exp_1\Final_Gemma\execution_workdirs\p22__gemma3_12b__s0\generated_model.py"", line 37, in build_model
    model.addConstr(x_A_C == x_A_B + x_A_D, ""flow_conservation_AC"")
                    ^^^^^
NameError: name 'x_A_C' is not defined. Did you mean: 'x_i_j'?"
p22__gemma3_12b__s1,gemma3:12b,22,22,1,code_failure,code_failure,code_failure,clean_fenced,False,False,False,False,,,,,,7b337f06c64fb758705aab538e19f97efb0b66bdfe84c7a08664a72b5c502924,96.96,2316,817,False,,,none,,,,,,,0,0,0,runtime_error,"Traceback (most recent call last):
  File ""C:\Users\maamr\Desktop\g5\Exp_1\Final_Gemma\execution_workdirs\p22__gemma3_12b__s1\execute_generated.py"", line 48, in <module>
    result = module.solve(data)
             ^^^^^^^^^^^^^^^^^^
  File ""C:\Users\maamr\Desktop\g5\Exp_1\Final_Gemma\execution_workdirs\p22__gemma3_12b__s1\generated_model.py"", line 63, in solve
    model, variables = build_model(data)
                       ^^^^^^^^^^^^^^^^^
  File ""C:\Users\maamr\Desktop\g5\Exp_1\Final_Gemma\execution_workdirs\p22__gemma3_12b__s1\generated_model.py"", line 57, in build_model
    model.addConstr(variables[f""{required_service_node}_{sink}""] == 1, name=""path_constraint2"")
                    ~~~~~~~~~^^^^^^^^^^^^^^^^^^^^^^^^^^^^^^^^^^^
KeyError: 'C_E'"
p22__gemma3_12b__s2,gemma3:12b,22,22,2,code_failure,code_failure,code_failure,clean_fenced,False,False,False,False,,,,,,7b337f06c64fb758705aab538e19f97efb0b66bdfe84c7a08664a72b5c502924,110.129,2316,1023,False,,,none,,,,,,,0,0,0,runtime_error,"Traceback (most recent call last):
  File ""C:\Users\maamr\Desktop\g5\Exp_1\Final_Gemma\execution_workdirs\p22__gemma3_12b__s2\execute_generated.py"", line 48, in <module>
    result = module.solve(data)
             ^^^^^^^^^^^^^^^^^^
  File ""C:\Users\maamr\Desktop\g5\Exp_1\Final_Gemma\execution_workdirs\p22__gemma3_12b__s2\generated_model.py"", line 62, in solve
    solution[""z""] = variables[""z""].X
                    ~~~~~~~~~^^^^^
KeyError: 'z'"
p22__gemma3_12b__s3,gemma3:12b,22,22,3,schema_failure,schema_failure,schema_failure,clean_fenced,True,False,False,True,,,,,,7b337f06c64fb758705aab538e19f97efb0b66bdfe84c7a08664a72b5c502924,103.702,2316,923,False,,,none,,,,,,,0,0,0,schema_failure,missing top-level key: solution; missing required experiment key: solution
p22__gemma3_12b__s4,gemma3:12b,22,22,4,code_failure,code_failure,code_failure,clean_fenced,False,False,False,False,,,,,,7b337f06c64fb758705aab538e19f97efb0b66bdfe84c7a08664a72b5c502924,149.609,2316,1549,False,,,none,,,,,,,0,0,0,runtime_error,"Traceback (most recent call last):
  File ""C:\Users\maamr\Desktop\g5\Exp_1\Final_Gemma\execution_workdirs\p22__gemma3_12b__s4\execute_generated.py"", line 48, in <module>
    result = module.solve(data)
             ^^^^^^^^^^^^^^^^^^
  File ""C:\Users\maamr\Desktop\g5\Exp_1\Final_Gemma\execution_workdirs\p22__gemma3_12b__s4\generated_model.py"", line 63, in solve
    objective = model.ObjVal
                ^^^^^^^^^^^^
  File ""src/gurobipy/_model.pyx"", line 399, in gurobipy._model.Model.__getattr__
  File ""src/gurobipy/_model.pyx"", line 2226, in gurobipy._model.Model.getAttr
  File ""src/gurobipy/_attrutil.pyx"", line 119, in gurobipy._attrutil._getattr
AttributeError: Unable to retrieve attribute 'ObjVal'. Did you mean: 'ObjNVal'?"
p22__gemma3_12b__s5,gemma3:12b,22,22,5,schema_failure,schema_failure,schema_failure,clean_fenced,True,False,False,True,,,,,,7b337f06c64fb758705aab538e19f97efb0b66bdfe84c7a08664a72b5c502924,99.925,2316,881,False,,,none,,,,,,,0,0,0,schema_failure,missing top-level key: solution; missing required experiment key: solution
p22__gemma3_12b__s6,gemma3:12b,22,22,6,code_failure,code_failure,code_failure,clean_fenced,False,False,False,False,,,,,,7b337f06c64fb758705aab538e19f97efb0b66bdfe84c7a08664a72b5c502924,107.146,2316,981,False,,,none,,,,,,,0,0,0,runtime_error,"Traceback (most recent call last):
  File ""C:\Users\maamr\Desktop\g5\Exp_1\Final_Gemma\execution_workdirs\p22__gemma3_12b__s6\execute_generated.py"", line 48, in <module>
    result = module.solve(data)
             ^^^^^^^^^^^^^^^^^^
  File ""C:\Users\maamr\Desktop\g5\Exp_1\Final_Gemma\execution_workdirs\p22__gemma3_12b__s6\generated_model.py"", line 68, in solve
    objective = model.ObjVal
                ^^^^^^^^^^^^
  File ""src/gurobipy/_model.pyx"", line 399, in gurobipy._model.Model.__getattr__
  File ""src/gurobipy/_model.pyx"", line 2226, in gurobipy._model.Model.getAttr
  File ""src/gurobipy/_attrutil.pyx"", line 119, in gurobipy._attrutil._getattr
AttributeError: Unable to retrieve attribute 'ObjVal'. Did you mean: 'ObjNVal'?"
p22__gemma3_12b__s7,gemma3:12b,22,22,7,code_failure,code_failure,code_failure,clean_fenced,False,False,False,False,,,,,,7b337f06c64fb758705aab538e19f97efb0b66bdfe84c7a08664a72b5c502924,94.695,2316,819,False,,,none,,,,,,,0,0,0,runtime_error,"Traceback (most recent call last):
  File ""C:\Users\maamr\Desktop\g5\Exp_1\Final_Gemma\execution_workdirs\p22__gemma3_12b__s7\execute_generated.py"", line 48, in <module>
    result = module.solve(data)
             ^^^^^^^^^^^^^^^^^^
  File ""C:\Users\maamr\Desktop\g5\Exp_1\Final_Gemma\execution_workdirs\p22__gemma3_12b__s7\generated_model.py"", line 59, in solve
    model, variables = build_model(data)
                       ^^^^^^^^^^^^^^^^^
  File ""C:\Users\maamr\Desktop\g5\Exp_1\Final_Gemma\execution_workdirs\p22__gemma3_12b__s7\generated_model.py"", line 47, in build_model
    inflow_sink = gp.quicksum([variables[f""{i}_{sink}""] * bandwidth[i][sink] for i in nodes if bandwidth[i][sink] > 0])
                               ~~~~~~~~~^^^^^^^^^^^^^^^
KeyError: 'A_E'"
p22__gemma3_12b__s8,gemma3:12b,22,22,8,loud_bug,loud_bug,loud_bug,clean_fenced,True,True,False,True,"p22.R_start_A.C1,p22.R_flow_D.C1,p22.R_visit_A_in.C1,p22.R_visit_A_out.C1,p22.R_visit_B_in.C1,p22.R_visit_B_out.C1,p22.R_visit_D_in.C1,p22.R_visit_D_out.C1,p22.R_visit_E_in.C1,p22.R_visit_E_out.C1,p22.obj.C2","p22.R_start_A.C1,p22.R_flow_D.C1,p22.R_visit_A_in.C1,p22.R_visit_A_out.C1,p22.R_visit_B_in.C1,p22.R_visit_B_out.C1,p22.R_visit_D_in.C1,p22.R_visit_D_out.C1,p22.R_visit_E_in.C1,p22.R_visit_E_out.C1",,,,7b337f06c64fb758705aab538e19f97efb0b66bdfe84c7a08664a72b5c502924,119.281,2316,1109,False,,,none,,36,35,35,36,71,10,0,10,,
p22__gemma3_12b__s9,gemma3:12b,22,22,9,code_failure,code_failure,code_failure,clean_fenced,False,False,False,False,,,,,,7b337f06c64fb758705aab538e19f97efb0b66bdfe84c7a08664a72b5c502924,107.878,2316,997,False,,,none,,,,,,,0,0,0,runtime_error,"Traceback (most recent call last):
  File ""C:\Users\maamr\Desktop\g5\Exp_1\Final_Gemma\execution_workdirs\p22__gemma3_12b__s9\execute_generated.py"", line 48, in <module>
    result = module.solve(data)
             ^^^^^^^^^^^^^^^^^^
  File ""C:\Users\maamr\Desktop\g5\Exp_1\Final_Gemma\execution_workdirs\p22__gemma3_12b__s9\generated_model.py"", line 61, in solve
    objective = model.ObjVal
                ^^^^^^^^^^^^
  File ""src/gurobipy/_model.pyx"", line 399, in gurobipy._model.Model.__getattr__
  File ""src/gurobipy/_model.pyx"", line 2226, in gurobipy._model.Model.getAttr
  File ""src/gurobipy/_attrutil.pyx"", line 119, in gurobipy._attrutil._getattr
AttributeError: Unable to retrieve attribute 'ObjVal'. Did you mean: 'ObjNVal'?"
p23__gemma3_12b__s0,gemma3:12b,23,23,0,ollama_failure,ollama_failure,ollama_failure,,False,False,False,False,,,,,,5965945cd07907db2d0ba3c94735898b37a45813287347b6646826563a1c6df1,182.067,,,,,,none,,,,,,,0,0,0,ollama_failure,TimeoutError: timed out
p23__gemma3_12b__s1,gemma3:12b,23,23,1,code_failure,code_failure,code_failure,clean_fenced,False,False,False,False,,,,,,5965945cd07907db2d0ba3c94735898b37a45813287347b6646826563a1c6df1,113.782,2051,1085,False,,,none,,,,,,,0,0,0,runtime_error,"Traceback (most recent call last):
  File ""C:\Users\maamr\Desktop\g5\Exp_1\Final_Gemma\execution_workdirs\p23__gemma3_12b__s1\execute_generated.py"", line 11, in <module>
    spec.loader.exec_module(module)
  File ""<frozen importlib._bootstrap_external>"", line 999, in exec_module
  File ""<frozen importlib._bootstrap>"", line 488, in _call_with_frames_removed
  File ""C:\Users\maamr\Desktop\g5\Exp_1\Final_Gemma\execution_workdirs\p23__gemma3_12b__s1\generated_model.py"", line 131, in <module>
    solution = solve()
               ^^^^^^^
  File ""C:\Users\maamr\Desktop\g5\Exp_1\Final_Gemma\execution_workdirs\p23__gemma3_12b__s1\generated_model.py"", line 28, in solve
    objective = gp.quicksum(reliability[a][spare_levels[b]] * variables[f""w_{a}_{b}_{c}""]
                ^^^^^^^^^^^^^^^^^^^^^^^^^^^^^^^^^^^^^^^^^^^^^^^^^^^^^^^^^^^^^^^^^^^^^^^^^
  File ""src/gurobipy/_helpers.pyx"", line 41, in gurobipy._helpers.quicksum
  File ""C:\Users\maamr\Desktop\g5\Exp_1\Final_Gemma\execution_workdirs\p23__gemma3_12b__s1\generated_model.py"", line 28, in <genexpr>
    objective = gp.quicksum(reliability[a][spare_levels[b]] * variables[f""w_{a}_{b}_{c}""]
                            ~~~~~~~~~~~^^^
KeyError: 1"
p23__gemma3_12b__s2,gemma3:12b,23,23,2,ollama_failure,ollama_failure,ollama_failure,,False,False,False,False,,,,,,5965945cd07907db2d0ba3c94735898b37a45813287347b6646826563a1c6df1,182.061,,,,,,none,,,,,,,0,0,0,ollama_failure,TimeoutError: timed out
p23__gemma3_12b__s3,gemma3:12b,23,23,3,ollama_failure,ollama_failure,ollama_failure,,False,False,False,False,,,,,,5965945cd07907db2d0ba3c94735898b37a45813287347b6646826563a1c6df1,182.079,,,,,,none,,,,,,,0,0,0,ollama_failure,TimeoutError: timed out
p23__gemma3_12b__s4,gemma3:12b,23,23,4,ollama_failure,ollama_failure,ollama_failure,,False,False,False,False,,,,,,5965945cd07907db2d0ba3c94735898b37a45813287347b6646826563a1c6df1,182.064,,,,,,none,,,,,,,0,0,0,ollama_failure,TimeoutError: timed out
p23__gemma3_12b__s5,gemma3:12b,23,23,5,contract_failure,contract_failure,contract_failure,clean_fenced,False,False,False,False,,,,,,5965945cd07907db2d0ba3c94735898b37a45813287347b6646826563a1c6df1,136.295,2051,896,False,,,none,,,,,,,0,0,0,contract_failure,missing required function build_model(data)
p23__gemma3_12b__s6,gemma3:12b,23,23,6,ollama_failure,ollama_failure,ollama_failure,,False,False,False,False,,,,,,5965945cd07907db2d0ba3c94735898b37a45813287347b6646826563a1c6df1,182.051,,,,,,none,,,,,,,0,0,0,ollama_failure,TimeoutError: timed out
p23__gemma3_12b__s7,gemma3:12b,23,23,7,contract_failure,contract_failure,contract_failure,clean_fenced,False,False,False,False,,,,,,5965945cd07907db2d0ba3c94735898b37a45813287347b6646826563a1c6df1,143.308,2051,985,False,,,none,,,,,,,0,0,0,contract_failure,missing required function build_model(data)
p23__gemma3_12b__s8,gemma3:12b,23,23,8,ollama_failure,ollama_failure,ollama_failure,,False,False,False,False,,,,,,5965945cd07907db2d0ba3c94735898b37a45813287347b6646826563a1c6df1,182.061,,,,,,none,,,,,,,0,0,0,ollama_failure,TimeoutError: timed out
p23__gemma3_12b__s9,gemma3:12b,23,23,9,contract_failure,contract_failure,contract_failure,clean_fenced,False,False,False,False,,,,,,5965945cd07907db2d0ba3c94735898b37a45813287347b6646826563a1c6df1,141.764,2051,950,False,,,none,,,,,,,0,0,0,contract_failure,missing required function build_model(data)
p24__gemma3_12b__s0,gemma3:12b,24,24,0,contract_failure,contract_failure,contract_failure,clean_fenced,False,False,False,False,,,,,,c792c6bc518aa1c35702d7b99f0ed912b16bf4ff92786c25c4796b3c12bbe21a,168.328,2051,1321,False,,,none,,,,,,,0,0,0,contract_failure,missing required function build_model(data)
p24__gemma3_12b__s1,gemma3:12b,24,24,1,ollama_failure,ollama_failure,ollama_failure,,False,False,False,False,,,,,,c792c6bc518aa1c35702d7b99f0ed912b16bf4ff92786c25c4796b3c12bbe21a,182.054,,,,,,none,,,,,,,0,0,0,ollama_failure,TimeoutError: timed out
p24__gemma3_12b__s2,gemma3:12b,24,24,2,contract_failure,contract_failure,contract_failure,clean_fenced,False,False,False,False,,,,,,c792c6bc518aa1c35702d7b99f0ed912b16bf4ff92786c25c4796b3c12bbe21a,105.506,2051,942,False,,,none,,,,,,,0,0,0,contract_failure,missing required function build_model(data)
p24__gemma3_12b__s3,gemma3:12b,24,24,3,contract_failure,contract_failure,contract_failure,clean_fenced,False,False,False,False,,,,,,c792c6bc518aa1c35702d7b99f0ed912b16bf4ff92786c25c4796b3c12bbe21a,124.786,2051,1188,False,,,none,,,,,,,0,0,0,contract_failure,missing required function build_model(data)
p24__gemma3_12b__s4,gemma3:12b,24,24,4,contract_failure,contract_failure,contract_failure,clean_fenced,False,False,False,False,,,,,,c792c6bc518aa1c35702d7b99f0ed912b16bf4ff92786c25c4796b3c12bbe21a,121.525,2051,1155,False,,,none,,,,,,,0,0,0,contract_failure,missing required function build_model(data)
p24__gemma3_12b__s5,gemma3:12b,24,24,5,contract_failure,contract_failure,contract_failure,clean_fenced,False,False,False,False,,,,,,c792c6bc518aa1c35702d7b99f0ed912b16bf4ff92786c25c4796b3c12bbe21a,104.753,2051,936,False,,,none,,,,,,,0,0,0,contract_failure,missing required function build_model(data)
p24__gemma3_12b__s6,gemma3:12b,24,24,6,contract_failure,contract_failure,contract_failure,clean_fenced,False,False,False,False,,,,,,c792c6bc518aa1c35702d7b99f0ed912b16bf4ff92786c25c4796b3c12bbe21a,133.727,2051,1304,False,,,none,,,,,,,0,0,0,contract_failure,missing required function build_model(data)
p24__gemma3_12b__s7,gemma3:12b,24,24,7,contract_failure,contract_failure,contract_failure,clean_fenced,False,False,False,False,,,,,,c792c6bc518aa1c35702d7b99f0ed912b16bf4ff92786c25c4796b3c12bbe21a,125.95,2051,1212,False,,,none,,,,,,,0,0,0,contract_failure,missing required function build_model(data)
p24__gemma3_12b__s8,gemma3:12b,24,24,8,contract_failure,contract_failure,contract_failure,clean_fenced,False,False,False,False,,,,,,c792c6bc518aa1c35702d7b99f0ed912b16bf4ff92786c25c4796b3c12bbe21a,146.729,2051,1481,False,,,none,,,,,,,0,0,0,contract_failure,missing required function build_model(data)
p24__gemma3_12b__s9,gemma3:12b,24,24,9,ollama_failure,ollama_failure,ollama_failure,,False,False,False,False,,,,,,c792c6bc518aa1c35702d7b99f0ed912b16bf4ff92786c25c4796b3c12bbe21a,182.063,,,,,,none,,,,,,,0,0,0,ollama_failure,TimeoutError: timed out
p25__gemma3_12b__s0,gemma3:12b,25,25,0,ollama_failure,ollama_failure,ollama_failure,,False,False,False,False,,,,,,b73d0822752e576d2d955f55e9893dc8727b9f21244be84ce28c6d91a1d10e4b,182.066,,,,,,none,,,,,,,0,0,0,ollama_failure,TimeoutError: timed out
p25__gemma3_12b__s1,gemma3:12b,25,25,1,ollama_failure,ollama_failure,ollama_failure,,False,False,False,False,,,,,,b73d0822752e576d2d955f55e9893dc8727b9f21244be84ce28c6d91a1d10e4b,182.075,,,,,,none,,,,,,,0,0,0,ollama_failure,TimeoutError: timed out
p25__gemma3_12b__s2,gemma3:12b,25,25,2,ollama_failure,ollama_failure,ollama_failure,,False,False,False,False,,,,,,b73d0822752e576d2d955f55e9893dc8727b9f21244be84ce28c6d91a1d10e4b,182.071,,,,,,none,,,,,,,0,0,0,ollama_failure,TimeoutError: timed out
p25__gemma3_12b__s3,gemma3:12b,25,25,3,ollama_failure,ollama_failure,ollama_failure,,False,False,False,False,,,,,,b73d0822752e576d2d955f55e9893dc8727b9f21244be84ce28c6d91a1d10e4b,182.033,,,,,,none,,,,,,,0,0,0,ollama_failure,TimeoutError: timed out
p25__gemma3_12b__s4,gemma3:12b,25,25,4,ollama_failure,ollama_failure,ollama_failure,,False,False,False,False,,,,,,b73d0822752e576d2d955f55e9893dc8727b9f21244be84ce28c6d91a1d10e4b,182.081,,,,,,none,,,,,,,0,0,0,ollama_failure,TimeoutError: timed out
p25__gemma3_12b__s5,gemma3:12b,25,25,5,code_failure,code_failure,code_failure,clean_fenced,False,False,False,False,,,,,,b73d0822752e576d2d955f55e9893dc8727b9f21244be84ce28c6d91a1d10e4b,168.344,2051,1964,False,,,none,,,,,,,0,0,0,runtime_error,"Traceback (most recent call last):
  File ""C:\Users\maamr\Desktop\g5\Exp_1\Final_Gemma\execution_workdirs\p25__gemma3_12b__s5\execute_generated.py"", line 11, in <module>
    spec.loader.exec_module(module)
  File ""<frozen importlib._bootstrap_external>"", line 999, in exec_module
  File ""<frozen importlib._bootstrap>"", line 488, in _call_with_frames_removed
  File ""C:\Users\maamr\Desktop\g5\Exp_1\Final_Gemma\execution_workdirs\p25__gemma3_12b__s5\generated_model.py"", line 130, in <module>
    solution = solve()
               ^^^^^^^
  File ""C:\Users\maamr\Desktop\g5\Exp_1\Final_Gemma\execution_workdirs\p25__gemma3_12b__s5\generated_model.py"", line 109, in solve
    obj = gp.quicksum(data[""10.198039""][key] * x[key] for key in x)
          ^^^^^^^^^^^^^^^^^^^^^^^^^^^^^^^^^^^^^^^^^^^^^^^^^^^^^^^^^
  File ""src/gurobipy/_helpers.pyx"", line 41, in gurobipy._helpers.quicksum
  File ""C:\Users\maamr\Desktop\g5\Exp_1\Final_Gemma\execution_workdirs\p25__gemma3_12b__s5\generated_model.py"", line 109, in <genexpr>
    obj = gp.quicksum(data[""10.198039""][key] * x[key] for key in x)
                      ~~~~~~~~~~~~~~~~~^^^^^
KeyError: '14,17'"
p25__gemma3_12b__s6,gemma3:12b,25,25,6,ollama_failure,ollama_failure,ollama_failure,,False,False,False,False,,,,,,b73d0822752e576d2d955f55e9893dc8727b9f21244be84ce28c6d91a1d10e4b,182.063,,,,,,none,,,,,,,0,0,0,ollama_failure,TimeoutError: timed out
p25__gemma3_12b__s7,gemma3:12b,25,25,7,code_failure,code_failure,code_failure,recovered_unclosed_fence,False,False,False,False,,,,,,b73d0822752e576d2d955f55e9893dc8727b9f21244be84ce28c6d91a1d10e4b,174.358,2051,2045,False,,,none,,,,,,,0,0,0,syntax_error,"Traceback (most recent call last):
  File ""C:\Users\maamr\Desktop\g5\Exp_1\Final_Gemma\execution_workdirs\p25__gemma3_12b__s7\execute_generated.py"", line 11, in <module>
    spec.loader.exec_module(module)
  File ""<frozen importlib._bootstrap_external>"", line 995, in exec_module
  File ""<frozen importlib._bootstrap_external>"", line 1133, in get_code
  File ""<frozen importlib._bootstrap_external>"", line 1063, in source_to_code
  File ""<frozen importlib._bootstrap>"", line 488, in _call_with_frames_removed
  File ""C:\Users\maamr\Desktop\g5\Exp_1\Final_Gemma\execution_workdirs\p25__gemma3_12b__s7\generated_model.py"", line 135
    solution[""variables""][var_name] = x[var_
                                       ^
SyntaxError: '[' was never closed"
p25__gemma3_12b__s8,gemma3:12b,25,25,8,ollama_failure,ollama_failure,ollama_failure,,False,False,False,False,,,,,,b73d0822752e576d2d955f55e9893dc8727b9f21244be84ce28c6d91a1d10e4b,182.065,,,,,,none,,,,,,,0,0,0,ollama_failure,TimeoutError: timed out
p25__gemma3_12b__s9,gemma3:12b,25,25,9,ollama_failure,ollama_failure,ollama_failure,,False,False,False,False,,,,,,b73d0822752e576d2d955f55e9893dc8727b9f21244be84ce28c6d91a1d10e4b,182.072,,,,,,none,,,,,,,0,0,0,ollama_failure,TimeoutError: timed out
p26__gemma3_12b__s0,gemma3:12b,26,26,0,contract_failure,contract_failure,contract_failure,clean_fenced,False,False,False,False,,,,,,d5839693463bfdbcb0d4963266969ce73cd2aa77362b984445e7e478daf0f78d,135.679,2051,1444,False,,,none,,,,,,,0,0,0,contract_failure,missing required function build_model(data)
p26__gemma3_12b__s1,gemma3:12b,26,26,1,contract_failure,contract_failure,contract_failure,clean_fenced,False,False,False,False,,,,,,d5839693463bfdbcb0d4963266969ce73cd2aa77362b984445e7e478daf0f78d,102.668,2051,960,False,,,none,,,,,,,0,0,0,contract_failure,missing required function build_model(data)
p26__gemma3_12b__s2,gemma3:12b,26,26,2,ollama_failure,ollama_failure,ollama_failure,,False,False,False,False,,,,,,d5839693463bfdbcb0d4963266969ce73cd2aa77362b984445e7e478daf0f78d,182.05,,,,,,none,,,,,,,0,0,0,ollama_failure,TimeoutError: timed out
p26__gemma3_12b__s3,gemma3:12b,26,26,3,ollama_failure,ollama_failure,ollama_failure,,False,False,False,False,,,,,,d5839693463bfdbcb0d4963266969ce73cd2aa77362b984445e7e478daf0f78d,182.049,,,,,,none,,,,,,,0,0,0,ollama_failure,TimeoutError: timed out
p26__gemma3_12b__s4,gemma3:12b,26,26,4,contract_failure,contract_failure,contract_failure,clean_fenced,False,False,False,False,,,,,,d5839693463bfdbcb0d4963266969ce73cd2aa77362b984445e7e478daf0f78d,101.656,2051,841,False,,,none,,,,,,,0,0,0,contract_failure,missing required function build_model(data)
p26__gemma3_12b__s5,gemma3:12b,26,26,5,contract_failure,contract_failure,contract_failure,clean_fenced,False,False,False,False,,,,,,d5839693463bfdbcb0d4963266969ce73cd2aa77362b984445e7e478daf0f78d,113.206,2051,951,False,,,none,,,,,,,0,0,0,contract_failure,missing required function build_model(data)
p26__gemma3_12b__s6,gemma3:12b,26,26,6,contract_failure,contract_failure,contract_failure,clean_fenced,False,False,False,False,,,,,,d5839693463bfdbcb0d4963266969ce73cd2aa77362b984445e7e478daf0f78d,118.216,2051,1232,False,,,none,,,,,,,0,0,0,contract_failure,missing required function build_model(data)
p26__gemma3_12b__s7,gemma3:12b,26,26,7,ollama_failure,ollama_failure,ollama_failure,,False,False,False,False,,,,,,d5839693463bfdbcb0d4963266969ce73cd2aa77362b984445e7e478daf0f78d,182.053,,,,,,none,,,,,,,0,0,0,ollama_failure,TimeoutError: timed out
p26__gemma3_12b__s8,gemma3:12b,26,26,8,contract_failure,contract_failure,contract_failure,clean_fenced,False,False,False,False,,,,,,d5839693463bfdbcb0d4963266969ce73cd2aa77362b984445e7e478daf0f78d,87.708,2051,846,False,,,none,,,,,,,0,0,0,contract_failure,missing required function build_model(data)
p26__gemma3_12b__s9,gemma3:12b,26,26,9,ollama_failure,ollama_failure,ollama_failure,,False,False,False,False,,,,,,d5839693463bfdbcb0d4963266969ce73cd2aa77362b984445e7e478daf0f78d,182.052,,,,,,none,,,,,,,0,0,0,ollama_failure,TimeoutError: timed out
p27__gemma3_12b__s0,gemma3:12b,27,27,0,contract_failure,contract_failure,contract_failure,clean_fenced,False,False,False,False,,,,,,4861c12f543fcce191f450127793fa1e6d0c5dda0aad28ad310e8e65874aff8c,116.563,2051,1187,False,,,none,,,,,,,0,0,0,contract_failure,missing required function build_model(data)
p27__gemma3_12b__s1,gemma3:12b,27,27,1,contract_failure,contract_failure,contract_failure,clean_fenced,False,False,False,False,,,,,,4861c12f543fcce191f450127793fa1e6d0c5dda0aad28ad310e8e65874aff8c,109.48,2051,1129,False,,,none,,,,,,,0,0,0,contract_failure,missing required function build_model(data)
p27__gemma3_12b__s2,gemma3:12b,27,27,2,code_failure,code_failure,code_failure,clean_fenced,False,False,False,False,,,,,,4861c12f543fcce191f450127793fa1e6d0c5dda0aad28ad310e8e65874aff8c,132.128,2051,1419,False,,,none,,,,,,,0,0,0,runtime_error,"Traceback (most recent call last):
  File ""C:\Users\maamr\Desktop\g5\Exp_1\Final_Gemma\execution_workdirs\p27__gemma3_12b__s2\execute_generated.py"", line 11, in <module>
    spec.loader.exec_module(module)
  File ""<frozen importlib._bootstrap_external>"", line 999, in exec_module
  File ""<frozen importlib._bootstrap>"", line 488, in _call_with_frames_removed
  File ""C:\Users\maamr\Desktop\g5\Exp_1\Final_Gemma\execution_workdirs\p27__gemma3_12b__s2\generated_model.py"", line 135, in <module>
    results = solve()
              ^^^^^^^
  File ""C:\Users\maamr\Desktop\g5\Exp_1\Final_Gemma\execution_workdirs\p27__gemma3_12b__s2\generated_model.py"", line 23, in solve
    u[f""u_{k}""] = model.addVar(vtype=GRB.NUMBER, lb=0, name=f""u_{k}"")
                                     ^^^^^^^^^^
AttributeError: type object 'GRB' has no attribute 'NUMBER'"
p27__gemma3_12b__s3,gemma3:12b,27,27,3,contract_failure,contract_failure,contract_failure,clean_fenced,False,False,False,False,,,,,,4861c12f543fcce191f450127793fa1e6d0c5dda0aad28ad310e8e65874aff8c,89.121,2051,840,False,,,none,,,,,,,0,0,0,contract_failure,missing required function build_model(data)
p27__gemma3_12b__s4,gemma3:12b,27,27,4,contract_failure,contract_failure,contract_failure,clean_fenced,False,False,False,False,,,,,,4861c12f543fcce191f450127793fa1e6d0c5dda0aad28ad310e8e65874aff8c,79.442,2051,716,False,,,none,,,,,,,0,0,0,contract_failure,missing required function build_model(data)
p27__gemma3_12b__s5,gemma3:12b,27,27,5,code_failure,code_failure,code_failure,clean_fenced,False,False,False,False,,,,,,4861c12f543fcce191f450127793fa1e6d0c5dda0aad28ad310e8e65874aff8c,90.395,2051,865,False,,,none,,,,,,,0,0,0,runtime_error,"Traceback (most recent call last):
  File ""C:\Users\maamr\Desktop\g5\Exp_1\Final_Gemma\execution_workdirs\p27__gemma3_12b__s5\execute_generated.py"", line 11, in <module>
    spec.loader.exec_module(module)
  File ""<frozen importlib._bootstrap_external>"", line 999, in exec_module
  File ""<frozen importlib._bootstrap>"", line 488, in _call_with_frames_removed
  File ""C:\Users\maamr\Desktop\g5\Exp_1\Final_Gemma\execution_workdirs\p27__gemma3_12b__s5\generated_model.py"", line 90, in <module>
    solution = solve()
               ^^^^^^^
  File ""C:\Users\maamr\Desktop\g5\Exp_1\Final_Gemma\execution_workdirs\p27__gemma3_12b__s5\generated_model.py"", line 9, in solve
    nodes = data[""nodes""]
            ^^^^
NameError: name 'data' is not defined"
p27__gemma3_12b__s6,gemma3:12b,27,27,6,code_failure,code_failure,code_failure,clean_fenced,False,False,False,False,,,,,,4861c12f543fcce191f450127793fa1e6d0c5dda0aad28ad310e8e65874aff8c,124.562,2051,1313,False,,,none,,,,,,,0,0,0,runtime_error,"Traceback (most recent call last):
  File ""C:\Users\maamr\Desktop\g5\Exp_1\Final_Gemma\execution_workdirs\p27__gemma3_12b__s6\execute_generated.py"", line 11, in <module>
    spec.loader.exec_module(module)
  File ""<frozen importlib._bootstrap_external>"", line 999, in exec_module
  File ""<frozen importlib._bootstrap>"", line 488, in _call_with_frames_removed
  File ""C:\Users\maamr\Desktop\g5\Exp_1\Final_Gemma\execution_workdirs\p27__gemma3_12b__s6\generated_model.py"", line 135, in <module>
    solution = solve()
               ^^^^^^^
  File ""C:\Users\maamr\Desktop\g5\Exp_1\Final_Gemma\execution_workdirs\p27__gemma3_12b__s6\generated_model.py"", line 23, in solve
    u[node] = model.addVar(vtype=GRB.NUMBER, lb=0, name=f""u_{node}"")
                                 ^^^^^^^^^^
AttributeError: type object 'GRB' has no attribute 'NUMBER'"
p27__gemma3_12b__s7,gemma3:12b,27,27,7,ollama_failure,ollama_failure,ollama_failure,,False,False,False,False,,,,,,4861c12f543fcce191f450127793fa1e6d0c5dda0aad28ad310e8e65874aff8c,182.042,,,,,,none,,,,,,,0,0,0,ollama_failure,TimeoutError: timed out
p27__gemma3_12b__s8,gemma3:12b,27,27,8,contract_failure,contract_failure,contract_failure,clean_fenced,False,False,False,False,,,,,,4861c12f543fcce191f450127793fa1e6d0c5dda0aad28ad310e8e65874aff8c,122.972,2051,1303,False,,,none,,,,,,,0,0,0,contract_failure,missing required function build_model(data)
p27__gemma3_12b__s9,gemma3:12b,27,27,9,contract_failure,contract_failure,contract_failure,clean_fenced,False,False,False,False,,,,,,4861c12f543fcce191f450127793fa1e6d0c5dda0aad28ad310e8e65874aff8c,89.737,2051,859,False,,,none,,,,,,,0,0,0,contract_failure,missing required function build_model(data)
p28__gemma3_12b__s0,gemma3:12b,28,28,0,contract_failure,contract_failure,contract_failure,clean_fenced,False,False,False,False,,,,,,357a8b20cce3eb7af3a34136f9998a7ef7ebf2032e9aaa9a7e60411831a0791a,163.129,2051,1813,False,,,none,,,,,,,0,0,0,contract_failure,missing required function build_model(data)
p28__gemma3_12b__s1,gemma3:12b,28,28,1,contract_failure,contract_failure,contract_failure,clean_fenced,False,False,False,False,,,,,,357a8b20cce3eb7af3a34136f9998a7ef7ebf2032e9aaa9a7e60411831a0791a,172.445,2051,1818,False,,,none,,,,,,,0,0,0,contract_failure,missing required function build_model(data)
p28__gemma3_12b__s2,gemma3:12b,28,28,2,contract_failure,contract_failure,contract_failure,clean_fenced,False,False,False,False,,,,,,357a8b20cce3eb7af3a34136f9998a7ef7ebf2032e9aaa9a7e60411831a0791a,171.978,2051,1813,False,,,none,,,,,,,0,0,0,contract_failure,missing required function build_model(data)
p28__gemma3_12b__s3,gemma3:12b,28,28,3,contract_failure,contract_failure,contract_failure,clean_fenced,False,False,False,False,,,,,,357a8b20cce3eb7af3a34136f9998a7ef7ebf2032e9aaa9a7e60411831a0791a,171.204,2051,1793,False,,,none,,,,,,,0,0,0,contract_failure,missing required function build_model(data)
p28__gemma3_12b__s4,gemma3:12b,28,28,4,contract_failure,contract_failure,contract_failure,clean_fenced,False,False,False,False,,,,,,357a8b20cce3eb7af3a34136f9998a7ef7ebf2032e9aaa9a7e60411831a0791a,176.52,2051,1825,False,,,none,,,,,,,0,0,0,contract_failure,missing required function build_model(data)
p28__gemma3_12b__s5,gemma3:12b,28,28,5,contract_failure,contract_failure,contract_failure,clean_fenced,False,False,False,False,,,,,,357a8b20cce3eb7af3a34136f9998a7ef7ebf2032e9aaa9a7e60411831a0791a,175.027,2051,1829,False,,,none,,,,,,,0,0,0,contract_failure,missing required function build_model(data)
p28__gemma3_12b__s6,gemma3:12b,28,28,6,contract_failure,contract_failure,contract_failure,clean_fenced,False,False,False,False,,,,,,357a8b20cce3eb7af3a34136f9998a7ef7ebf2032e9aaa9a7e60411831a0791a,162.691,2051,1833,False,,,none,,,,,,,0,0,0,contract_failure,missing required function build_model(data)
p28__gemma3_12b__s7,gemma3:12b,28,28,7,contract_failure,contract_failure,contract_failure,clean_fenced,False,False,False,False,,,,,,357a8b20cce3eb7af3a34136f9998a7ef7ebf2032e9aaa9a7e60411831a0791a,164.431,2051,1866,False,,,none,,,,,,,0,0,0,contract_failure,missing required function build_model(data)
p28__gemma3_12b__s8,gemma3:12b,28,28,8,contract_failure,contract_failure,contract_failure,clean_fenced,False,False,False,False,,,,,,357a8b20cce3eb7af3a34136f9998a7ef7ebf2032e9aaa9a7e60411831a0791a,172.492,2051,1831,False,,,none,,,,,,,0,0,0,contract_failure,missing required function build_model(data)
p28__gemma3_12b__s9,gemma3:12b,28,28,9,contract_failure,contract_failure,contract_failure,clean_fenced,False,False,False,False,,,,,,357a8b20cce3eb7af3a34136f9998a7ef7ebf2032e9aaa9a7e60411831a0791a,170.689,2051,1815,False,,,none,,,,,,,0,0,0,contract_failure,missing required function build_model(data)
p29__gemma3_12b__s0,gemma3:12b,29,29,0,correct,correct,correct,clean_fenced,True,True,True,True,,,,,,a0611ef91cc680d486ab338e99e2075b779c12fe5b1ef5721e56e8a19bb17a03,85.046,2430,669,False,,,none,,32,31,31,32,63,0,0,0,,
p29__gemma3_12b__s1,gemma3:12b,29,29,1,correct,correct,correct,clean_fenced,True,True,True,True,,,,,,a0611ef91cc680d486ab338e99e2075b779c12fe5b1ef5721e56e8a19bb17a03,70.687,2430,669,False,,,none,,32,31,31,32,63,0,0,0,,
p29__gemma3_12b__s2,gemma3:12b,29,29,2,correct,correct,correct,clean_fenced,True,True,True,True,,,,,,a0611ef91cc680d486ab338e99e2075b779c12fe5b1ef5721e56e8a19bb17a03,57.612,2430,498,False,,,none,,32,31,31,32,63,0,0,0,,
p29__gemma3_12b__s3,gemma3:12b,29,29,3,code_failure,code_failure,code_failure,clean_fenced,False,False,False,False,,,,,,a0611ef91cc680d486ab338e99e2075b779c12fe5b1ef5721e56e8a19bb17a03,69.687,2430,652,False,,,none,,,,,,,0,0,0,runtime_error,"Traceback (most recent call last):
  File ""C:\Users\maamr\Desktop\g5\Exp_1\Final_Gemma\execution_workdirs\p29__gemma3_12b__s3\execute_generated.py"", line 48, in <module>
    result = module.solve(data)
             ^^^^^^^^^^^^^^^^^^
  File ""C:\Users\maamr\Desktop\g5\Exp_1\Final_Gemma\execution_workdirs\p29__gemma3_12b__s3\generated_model.py"", line 38, in solve
    objective = model.ObjVal
                ^^^^^^^^^^^^
  File ""src/gurobipy/_model.pyx"", line 399, in gurobipy._model.Model.__getattr__
  File ""src/gurobipy/_model.pyx"", line 2226, in gurobipy._model.Model.getAttr
  File ""src/gurobipy/_attrutil.pyx"", line 119, in gurobipy._attrutil._getattr
AttributeError: Unable to retrieve attribute 'ObjVal'. Did you mean: 'ObjNVal'?"
p29__gemma3_12b__s4,gemma3:12b,29,29,4,code_failure,code_failure,code_failure,clean_fenced,False,False,False,False,,,,,,a0611ef91cc680d486ab338e99e2075b779c12fe5b1ef5721e56e8a19bb17a03,69.934,2430,652,False,,,none,,,,,,,0,0,0,runtime_error,"Traceback (most recent call last):
  File ""C:\Users\maamr\Desktop\g5\Exp_1\Final_Gemma\execution_workdirs\p29__gemma3_12b__s4\execute_generated.py"", line 48, in <module>
    result = module.solve(data)
             ^^^^^^^^^^^^^^^^^^
  File ""C:\Users\maamr\Desktop\g5\Exp_1\Final_Gemma\execution_workdirs\p29__gemma3_12b__s4\generated_model.py"", line 38, in solve
    objective = model.ObjVal
                ^^^^^^^^^^^^
  File ""src/gurobipy/_model.pyx"", line 399, in gurobipy._model.Model.__getattr__
  File ""src/gurobipy/_model.pyx"", line 2226, in gurobipy._model.Model.getAttr
  File ""src/gurobipy/_attrutil.pyx"", line 119, in gurobipy._attrutil._getattr
AttributeError: Unable to retrieve attribute 'ObjVal'. Did you mean: 'ObjNVal'?"
p29__gemma3_12b__s5,gemma3:12b,29,29,5,code_failure,code_failure,code_failure,clean_fenced,False,False,False,False,,,,,,a0611ef91cc680d486ab338e99e2075b779c12fe5b1ef5721e56e8a19bb17a03,69.357,2430,652,False,,,none,,,,,,,0,0,0,runtime_error,"Traceback (most recent call last):
  File ""C:\Users\maamr\Desktop\g5\Exp_1\Final_Gemma\execution_workdirs\p29__gemma3_12b__s5\execute_generated.py"", line 48, in <module>
    result = module.solve(data)
             ^^^^^^^^^^^^^^^^^^
  File ""C:\Users\maamr\Desktop\g5\Exp_1\Final_Gemma\execution_workdirs\p29__gemma3_12b__s5\generated_model.py"", line 38, in solve
    objective = model.ObjVal
                ^^^^^^^^^^^^
  File ""src/gurobipy/_model.pyx"", line 399, in gurobipy._model.Model.__getattr__
  File ""src/gurobipy/_model.pyx"", line 2226, in gurobipy._model.Model.getAttr
  File ""src/gurobipy/_attrutil.pyx"", line 119, in gurobipy._attrutil._getattr
AttributeError: Unable to retrieve attribute 'ObjVal'. Did you mean: 'ObjNVal'?"
p29__gemma3_12b__s6,gemma3:12b,29,29,6,correct,correct,correct,clean_fenced,True,True,True,True,,,,,,a0611ef91cc680d486ab338e99e2075b779c12fe5b1ef5721e56e8a19bb17a03,74.583,2430,669,False,,,none,,32,31,31,32,63,0,0,0,,
p29__gemma3_12b__s7,gemma3:12b,29,29,7,code_failure,code_failure,code_failure,clean_fenced,False,False,False,False,,,,,,a0611ef91cc680d486ab338e99e2075b779c12fe5b1ef5721e56e8a19bb17a03,69.77,2430,652,False,,,none,,,,,,,0,0,0,runtime_error,"Traceback (most recent call last):
  File ""C:\Users\maamr\Desktop\g5\Exp_1\Final_Gemma\execution_workdirs\p29__gemma3_12b__s7\execute_generated.py"", line 48, in <module>
    result = module.solve(data)
             ^^^^^^^^^^^^^^^^^^
  File ""C:\Users\maamr\Desktop\g5\Exp_1\Final_Gemma\execution_workdirs\p29__gemma3_12b__s7\generated_model.py"", line 38, in solve
    objective = model.ObjVal
                ^^^^^^^^^^^^
  File ""src/gurobipy/_model.pyx"", line 399, in gurobipy._model.Model.__getattr__
  File ""src/gurobipy/_model.pyx"", line 2226, in gurobipy._model.Model.getAttr
  File ""src/gurobipy/_attrutil.pyx"", line 119, in gurobipy._attrutil._getattr
AttributeError: Unable to retrieve attribute 'ObjVal'. Did you mean: 'ObjNVal'?"
p29__gemma3_12b__s8,gemma3:12b,29,29,8,correct,correct,correct,clean_fenced,True,True,True,True,,,,,,a0611ef91cc680d486ab338e99e2075b779c12fe5b1ef5721e56e8a19bb17a03,75.3,2430,669,False,,,none,,32,31,31,32,63,0,0,0,,
p29__gemma3_12b__s9,gemma3:12b,29,29,9,code_failure,code_failure,code_failure,clean_fenced,False,False,False,False,,,,,,a0611ef91cc680d486ab338e99e2075b779c12fe5b1ef5721e56e8a19bb17a03,69.571,2430,652,False,,,none,,,,,,,0,0,0,runtime_error,"Traceback (most recent call last):
  File ""C:\Users\maamr\Desktop\g5\Exp_1\Final_Gemma\execution_workdirs\p29__gemma3_12b__s9\execute_generated.py"", line 48, in <module>
    result = module.solve(data)
             ^^^^^^^^^^^^^^^^^^
  File ""C:\Users\maamr\Desktop\g5\Exp_1\Final_Gemma\execution_workdirs\p29__gemma3_12b__s9\generated_model.py"", line 38, in solve
    objective = model.ObjVal
                ^^^^^^^^^^^^
  File ""src/gurobipy/_model.pyx"", line 399, in gurobipy._model.Model.__getattr__
  File ""src/gurobipy/_model.pyx"", line 2226, in gurobipy._model.Model.getAttr
  File ""src/gurobipy/_attrutil.pyx"", line 119, in gurobipy._attrutil._getattr
AttributeError: Unable to retrieve attribute 'ObjVal'. Did you mean: 'ObjNVal'?"
p30__gemma3_12b__s0,gemma3:12b,30,30,0,loud_bug,loud_bug,loud_bug,clean_fenced,True,True,False,True,"p30.R_year2_budget.C1,p30.R_year3_budget.C1,p30.R_final_balance.C1,p30.obj.C2","p30.R_year2_budget.C1,p30.R_year3_budget.C1,p30.R_final_balance.C1",,,,3489c300b2e562f4274c68aee839f12de4681bdf8696a50a5e7a443af6f69bc5,116.618,1844,1285,False,,,none,,9,8,8,9,17,3,0,3,,
p30__gemma3_12b__s1,gemma3:12b,30,30,1,loud_bug,loud_bug,loud_bug,clean_fenced,True,True,False,True,"p30.R_year2_budget.C1,p30.R_year3_budget.C1,p30.R_final_balance.C1,p30.obj.C2","p30.R_year2_budget.C1,p30.R_year3_budget.C1,p30.R_final_balance.C1",,,,3489c300b2e562f4274c68aee839f12de4681bdf8696a50a5e7a443af6f69bc5,124.839,1844,1285,False,,,none,,9,8,8,9,17,3,0,3,,
p30__gemma3_12b__s2,gemma3:12b,30,30,2,code_failure,code_failure,code_failure,clean_fenced,False,False,False,False,,,,,,3489c300b2e562f4274c68aee839f12de4681bdf8696a50a5e7a443af6f69bc5,134.879,1844,1408,False,,,none,,,,,,,0,0,0,runtime_error,"Traceback (most recent call last):
  File ""C:\Users\maamr\Desktop\g5\Exp_1\Final_Gemma\execution_workdirs\p30__gemma3_12b__s2\execute_generated.py"", line 48, in <module>
    result = module.solve(data)
             ^^^^^^^^^^^^^^^^^^
  File ""C:\Users\maamr\Desktop\g5\Exp_1\Final_Gemma\execution_workdirs\p30__gemma3_12b__s2\generated_model.py"", line 108, in solve
    ""status"": status.name if status else ""unknown"",
              ^^^^^^^^^^^
AttributeError: 'int' object has no attribute 'name'"
p30__gemma3_12b__s3,gemma3:12b,30,30,3,loud_bug,loud_bug,loud_bug,clean_fenced,True,True,False,True,"p30.R_year2_budget.C1,p30.R_year3_budget.C1,p30.R_final_balance.C1,p30.obj.C2","p30.R_year2_budget.C1,p30.R_year3_budget.C1,p30.R_final_balance.C1",,,,3489c300b2e562f4274c68aee839f12de4681bdf8696a50a5e7a443af6f69bc5,124.894,1844,1285,False,,,none,,9,8,8,9,17,3,0,3,,
p30__gemma3_12b__s4,gemma3:12b,30,30,4,loud_bug,loud_bug,loud_bug,clean_fenced,True,True,False,True,"p30.R_year2_budget.C1,p30.R_year3_budget.C1,p30.R_final_balance.C1,p30.obj.C2","p30.R_year2_budget.C1,p30.R_year3_budget.C1,p30.R_final_balance.C1",,,,3489c300b2e562f4274c68aee839f12de4681bdf8696a50a5e7a443af6f69bc5,126.374,1844,1310,False,,,none,,9,8,8,9,17,3,0,3,,
p30__gemma3_12b__s5,gemma3:12b,30,30,5,loud_bug,loud_bug,loud_bug,clean_fenced,True,True,False,True,"p30.R_year2_budget.C1,p30.R_year3_budget.C1,p30.R_final_balance.C1,p30.obj.C2","p30.R_year2_budget.C1,p30.R_year3_budget.C1,p30.R_final_balance.C1",,,,3489c300b2e562f4274c68aee839f12de4681bdf8696a50a5e7a443af6f69bc5,125.533,1844,1285,False,,,none,,9,8,8,9,17,3,0,3,,
p30__gemma3_12b__s6,gemma3:12b,30,30,6,loud_bug,loud_bug,loud_bug,clean_fenced,True,True,False,True,"p30.R_year2_budget.C1,p30.R_year3_budget.C1,p30.R_final_balance.C1,p30.obj.C2","p30.R_year2_budget.C1,p30.R_year3_budget.C1,p30.R_final_balance.C1",,,,3489c300b2e562f4274c68aee839f12de4681bdf8696a50a5e7a443af6f69bc5,130.349,1844,1353,False,,,none,,9,8,8,9,17,3,0,3,,
p30__gemma3_12b__s7,gemma3:12b,30,30,7,loud_bug,loud_bug,loud_bug,clean_fenced,True,True,False,True,"p30.R_year2_budget.C1,p30.R_year3_budget.C1,p30.R_final_balance.C1,p30.obj.C2","p30.R_year2_budget.C1,p30.R_year3_budget.C1,p30.R_final_balance.C1",,,,3489c300b2e562f4274c68aee839f12de4681bdf8696a50a5e7a443af6f69bc5,124.799,1844,1285,False,,,none,,9,8,8,9,17,3,0,3,,
p30__gemma3_12b__s8,gemma3:12b,30,30,8,code_failure,code_failure,code_failure,clean_fenced,False,False,False,False,,,,,,3489c300b2e562f4274c68aee839f12de4681bdf8696a50a5e7a443af6f69bc5,135.56,1844,1386,False,,,none,,,,,,,0,0,0,runtime_error,"Traceback (most recent call last):
  File ""C:\Users\maamr\Desktop\g5\Exp_1\Final_Gemma\execution_workdirs\p30__gemma3_12b__s8\execute_generated.py"", line 48, in <module>
    result = module.solve(data)
             ^^^^^^^^^^^^^^^^^^
  File ""C:\Users\maamr\Desktop\g5\Exp_1\Final_Gemma\execution_workdirs\p30__gemma3_12b__s8\generated_model.py"", line 112, in solve
    ""status"": status.name if status else ""unknown"",  # Convert GRB.OPTIMAL to string
              ^^^^^^^^^^^
AttributeError: 'int' object has no attribute 'name'"
p30__gemma3_12b__s9,gemma3:12b,30,30,9,loud_bug,loud_bug,loud_bug,clean_fenced,True,True,False,True,"p30.R_year2_budget.C1,p30.R_year3_budget.C1,p30.R_final_balance.C1,p30.obj.C2","p30.R_year2_budget.C1,p30.R_year3_budget.C1,p30.R_final_balance.C1",,,,3489c300b2e562f4274c68aee839f12de4681bdf8696a50a5e7a443af6f69bc5,121.754,1844,1251,False,,,none,,9,8,8,9,17,3,0,3,,
p31__gemma3_12b__s0,gemma3:12b,31,31,0,code_failure,code_failure,code_failure,recovered_unclosed_fence,False,False,False,False,,,,,,b8c33f838c0cbe9b22f23c34e347c88c6cdd20c505bd1ba32107c9f9d051bc42,105.348,3118,978,False,,,none,,,,,,,0,0,0,syntax_error,"Traceback (most recent call last):
  File ""C:\Users\maamr\Desktop\g5\Exp_1\Final_Gemma\execution_workdirs\p31__gemma3_12b__s0\execute_generated.py"", line 11, in <module>
    spec.loader.exec_module(module)
  File ""<frozen importlib._bootstrap_external>"", line 995, in exec_module
  File ""<frozen importlib._bootstrap_external>"", line 1133, in get_code
  File ""<frozen importlib._bootstrap_external>"", line 1063, in source_to_code
  File ""<frozen importlib._bootstrap>"", line 488, in _call_with_frames_removed
  File ""C:\Users\maamr\Desktop\g5\Exp_1\Final_Gemma\execution_workdirs\p31__gemma3_12b__s0\generated_model.py"", line 79
    status_str = ""Status unknown
                 ^
SyntaxError: unterminated string literal (detected at line 79)"
p31__gemma3_12b__s1,gemma3:12b,31,31,1,code_failure,code_failure,code_failure,recovered_unclosed_fence,False,False,False,False,,,,,,b8c33f838c0cbe9b22f23c34e347c88c6cdd20c505bd1ba32107c9f9d051bc42,110.463,3118,978,False,,,none,,,,,,,0,0,0,syntax_error,"Traceback (most recent call last):
  File ""C:\Users\maamr\Desktop\g5\Exp_1\Final_Gemma\execution_workdirs\p31__gemma3_12b__s1\execute_generated.py"", line 11, in <module>
    spec.loader.exec_module(module)
  File ""<frozen importlib._bootstrap_external>"", line 995, in exec_module
  File ""<frozen importlib._bootstrap_external>"", line 1133, in get_code
  File ""<frozen importlib._bootstrap_external>"", line 1063, in source_to_code
  File ""<frozen importlib._bootstrap>"", line 488, in _call_with_frames_removed
  File ""C:\Users\maamr\Desktop\g5\Exp_1\Final_Gemma\execution_workdirs\p31__gemma3_12b__s1\generated_model.py"", line 76
    total_preferred_city = gp.quicksum(
                                      ^
SyntaxError: '(' was never closed"
p31__gemma3_12b__s2,gemma3:12b,31,31,2,code_failure,code_failure,code_failure,recovered_unclosed_fence,False,False,False,False,,,,,,b8c33f838c0cbe9b22f23c34e347c88c6cdd20c505bd1ba32107c9f9d051bc42,102.386,3118,978,False,,,none,,,,,,,0,0,0,syntax_error,"Traceback (most recent call last):
  File ""C:\Users\maamr\Desktop\g5\Exp_1\Final_Gemma\execution_workdirs\p31__gemma3_12b__s2\execute_generated.py"", line 11, in <module>
    spec.loader.exec_module(module)
  File ""<frozen importlib._bootstrap_external>"", line 995, in exec_module
  File ""<frozen importlib._bootstrap_external>"", line 1133, in get_code
  File ""<frozen importlib._bootstrap_external>"", line 1063, in source_to_code
  File ""<frozen importlib._bootstrap>"", line 488, in _call_with_frames_removed
  File ""C:\Users\maamr\Desktop\g5\Exp_1\Final_Gemma\execution_workdirs\p31__gemma3_12b__s2\generated_model.py"", line 65
    for
       ^
SyntaxError: invalid syntax"
p31__gemma3_12b__s3,gemma3:12b,31,31,3,contract_failure,contract_failure,contract_failure,recovered_unclosed_fence,False,False,False,True,,,,,,b8c33f838c0cbe9b22f23c34e347c88c6cdd20c505bd1ba32107c9f9d051bc42,101.807,3118,978,False,,,none,,,,,,,0,0,0,contract_failure,missing required function solve(data)
p31__gemma3_12b__s4,gemma3:12b,31,31,4,code_failure,code_failure,code_failure,recovered_unclosed_fence,False,False,False,False,,,,,,b8c33f838c0cbe9b22f23c34e347c88c6cdd20c505bd1ba32107c9f9d051bc42,110.653,3118,978,False,,,none,,,,,,,0,0,0,syntax_error,"Traceback (most recent call last):
  File ""C:\Users\maamr\Desktop\g5\Exp_1\Final_Gemma\execution_workdirs\p31__gemma3_12b__s4\execute_generated.py"", line 11, in <module>
    spec.loader.exec_module(module)
  File ""<frozen importlib._bootstrap_external>"", line 995, in exec_module
  File ""<frozen importlib._bootstrap_external>"", line 1133, in get_code
  File ""<frozen importlib._bootstrap_external>"", line 1063, in source_to_code
  File ""<frozen importlib._bootstrap>"", line 488, in _call_with_frames_removed
  File ""C:\Users\maamr\Desktop\g5\Exp_1\Final_Gemma\execution_workdirs\p31__gemma3_12b__s4\generated_model.py"", line 78
    for var_name
                ^
SyntaxError: invalid syntax"
p31__gemma3_12b__s5,gemma3:12b,31,31,5,loud_bug,loud_bug,loud_bug,clean_fenced,True,True,False,True,"p31.R_p2_preferred_specialty_lexicographic_best.C1,p31.R_p3_city_shortfall_definition.C1,p31.obj.C2","p31.R_p2_preferred_specialty_lexicographic_best.C1,p31.R_p3_city_shortfall_definition.C1",,,,b8c33f838c0cbe9b22f23c34e347c88c6cdd20c505bd1ba32107c9f9d051bc42,105.543,3118,910,False,,,none,,16,15,15,16,31,2,0,2,,
p31__gemma3_12b__s6,gemma3:12b,31,31,6,code_failure,code_failure,code_failure,recovered_unclosed_fence,False,False,False,False,,,,,,b8c33f838c0cbe9b22f23c34e347c88c6cdd20c505bd1ba32107c9f9d051bc42,103.425,3118,978,False,,,none,,,,,,,0,0,0,runtime_error,"Traceback (most recent call last):
  File ""C:\Users\maamr\Desktop\g5\Exp_1\Final_Gemma\execution_workdirs\p31__gemma3_12b__s6\execute_generated.py"", line 48, in <module>
    result = module.solve(data)
             ^^^^^^^^^^^^^^^^^^
  File ""C:\Users\maamr\Desktop\g5\Exp_1\Final_Gemma\execution_workdirs\p31__gemma3_12b__s6\generated_model.py"", line 65, in solve
    solution[""p3_shortfall""] = variables[""p3_shortfall""].X
                               ~~~~~~~~~^^^^^^^^^^^^^^^^
KeyError: 'p3_shortfall'"
p31__gemma3_12b__s7,gemma3:12b,31,31,7,contract_failure,contract_failure,contract_failure,recovered_unclosed_fence,False,False,False,True,,,,,,b8c33f838c0cbe9b22f23c34e347c88c6cdd20c505bd1ba32107c9f9d051bc42,181.584,3118,978,False,,,none,,,,,,,0,0,0,contract_failure,missing required function solve(data)
p31__gemma3_12b__s8,gemma3:12b,31,31,8,code_failure,code_failure,code_failure,recovered_unclosed_fence,False,False,False,False,,,,,,b8c33f838c0cbe9b22f23c34e347c88c6cdd20c505bd1ba32107c9f9d051bc42,103.087,3118,978,False,,,none,,,,,,,0,0,0,syntax_error,"Traceback (most recent call last):
  File ""C:\Users\maamr\Desktop\g5\Exp_1\Final_Gemma\execution_workdirs\p31__gemma3_12b__s8\execute_generated.py"", line 11, in <module>
    spec.loader.exec_module(module)
  File ""<frozen importlib._bootstrap_external>"", line 995, in exec_module
  File ""<frozen importlib._bootstrap_external>"", line 1133, in get_code
  File ""<frozen importlib._bootstrap_external>"", line 1063, in source_to_code
  File ""<frozen importlib._bootstrap>"", line 488, in _call_with_frames_removed
  File ""C:\Users\maamr\Desktop\g5\Exp_1\Final_Gemma\execution_workdirs\p31__gemma3_12b__s8\generated_model.py"", line 70
    model.addConstr(variables[f""x_{t}_Nanjiang_1""] + variables[f""x_{t}_Nanjiang_2""] + variables[f""
                                                                                                ^
SyntaxError: unterminated f-string literal (detected at line 70)"
p31__gemma3_12b__s9,gemma3:12b,31,31,9,code_failure,code_failure,code_failure,recovered_unclosed_fence,False,False,False,False,,,,,,b8c33f838c0cbe9b22f23c34e347c88c6cdd20c505bd1ba32107c9f9d051bc42,117.921,3118,978,False,,,none,,,,,,,0,0,0,syntax_error,"Traceback (most recent call last):
  File ""C:\Users\maamr\Desktop\g5\Exp_1\Final_Gemma\execution_workdirs\p31__gemma3_12b__s9\execute_generated.py"", line 11, in <module>
    spec.loader.exec_module(module)
  File ""<frozen importlib._bootstrap_external>"", line 995, in exec_module
  File ""<frozen importlib._bootstrap_external>"", line 1133, in get_code
  File ""<frozen importlib._bootstrap_external>"", line 1063, in source_to_code
  File ""<frozen importlib._bootstrap>"", line 488, in _call_with_frames_removed
  File ""C:\Users\maamr\Desktop\g5\Exp_1\Final_Gemma\execution_workdirs\p31__gemma3_12b__s9\generated_model.py"", line 73
    model.addConstr(donghai_assigned + nanjiang_assigned - p3_preferred_city_target <= p3_shortfall, f""P3Shortfall
                                                                                                     ^
SyntaxError: unterminated f-string literal (detected at line 73)"
p32__gemma3_12b__s0,gemma3:12b,32,32,0,code_failure,code_failure,code_failure,recovered_unclosed_fence,False,False,False,False,,,,,,27cd7990e927cb79b581988e002dd2887370b203ad095ad060abc2fef68811f7,80.542,3533,563,False,,,none,,,,,,,0,0,0,syntax_error,"Traceback (most recent call last):
  File ""C:\Users\maamr\Desktop\g5\Exp_1\Final_Gemma\execution_workdirs\p32__gemma3_12b__s0\execute_generated.py"", line 11, in <module>
    spec.loader.exec_module(module)
  File ""<frozen importlib._bootstrap_external>"", line 995, in exec_module
  File ""<frozen importlib._bootstrap_external>"", line 1133, in get_code
  File ""<frozen importlib._bootstrap_external>"", line 1063, in source_to_code
  File ""<frozen importlib._bootstrap>"", line 488, in _call_with_frames_removed
  File ""C:\Users\maamr\Desktop\g5\Exp_1\Final_Gemma\execution_workdirs\p32__gemma3_12b__s0\generated_model.py"", line 59
    solution[var_name] = variables[var
                                  ^
SyntaxError: '[' was never closed"
p32__gemma3_12b__s1,gemma3:12b,32,32,1,code_failure,code_failure,code_failure,recovered_unclosed_fence,False,False,False,False,,,,,,27cd7990e927cb79b581988e002dd2887370b203ad095ad060abc2fef68811f7,93.055,3533,563,False,,,none,,,,,,,0,0,0,syntax_error,"Traceback (most recent call last):
  File ""C:\Users\maamr\Desktop\g5\Exp_1\Final_Gemma\execution_workdirs\p32__gemma3_12b__s1\execute_generated.py"", line 11, in <module>
    spec.loader.exec_module(module)
  File ""<frozen importlib._bootstrap_external>"", line 995, in exec_module
  File ""<frozen importlib._bootstrap_external>"", line 1133, in get_code
  File ""<frozen importlib._bootstrap_external>"", line 1063, in source_to_code
  File ""<frozen importlib._bootstrap>"", line 488, in _call_with_frames_removed
  File ""C:\Users\maamr\Desktop\g5\Exp_1\Final_Gemma\execution_workdirs\p32__gemma3_12b__s1\generated_model.py"", line 57
    solution[var_name] = variables[
                                  ^
SyntaxError: '[' was never closed"
p32__gemma3_12b__s2,gemma3:12b,32,32,2,code_failure,code_failure,code_failure,recovered_unclosed_fence,False,False,False,False,,,,,,27cd7990e927cb79b581988e002dd2887370b203ad095ad060abc2fef68811f7,80.183,3533,563,False,,,none,,,,,,,0,0,0,runtime_error,"Traceback (most recent call last):
  File ""C:\Users\maamr\Desktop\g5\Exp_1\Final_Gemma\execution_workdirs\p32__gemma3_12b__s2\execute_generated.py"", line 48, in <module>
    result = module.solve(data)
             ^^^^^^^^^^^^^^^^^^
  File ""C:\Users\maamr\Desktop\g5\Exp_1\Final_Gemma\execution_workdirs\p32__gemma3_12b__s2\generated_model.py"", line 51, in solve
    model, variables = build_model(data)
                       ^^^^^^^^^^^^^^^^^
  File ""C:\Users\maamr\Desktop\g5\Exp_1\Final_Gemma\execution_workdirs\p32__gemma3_12b__s2\generated_model.py"", line 25, in build_model
    variables[""Cmax""] = model.getVarByName(""Cmax"")
                        ^^^^^^^^^^^^^^^^^^^^^^^^^^
  File ""src/gurobipy/_model.pyx"", line 668, in gurobipy._model.Model.getVarByName
gurobipy._exception.GurobiError: No variable names available to index"
p32__gemma3_12b__s3,gemma3:12b,32,32,3,code_failure,code_failure,code_failure,recovered_unclosed_fence,False,False,False,False,,,,,,27cd7990e927cb79b581988e002dd2887370b203ad095ad060abc2fef68811f7,78.45,3533,563,False,,,none,,,,,,,0,0,0,runtime_error,"Traceback (most recent call last):
  File ""C:\Users\maamr\Desktop\g5\Exp_1\Final_Gemma\execution_workdirs\p32__gemma3_12b__s3\execute_generated.py"", line 48, in <module>
    result = module.solve(data)
             ^^^^^^^^^^^^^^^^^^
  File ""C:\Users\maamr\Desktop\g5\Exp_1\Final_Gemma\execution_workdirs\p32__gemma3_12b__s3\generated_model.py"", line 52, in solve
    model, variables = build_model(data)
                       ^^^^^^^^^^^^^^^^^
  File ""C:\Users\maamr\Desktop\g5\Exp_1\Final_Gemma\execution_workdirs\p32__gemma3_12b__s3\generated_model.py"", line 25, in build_model
    variables[""Cmax""] = model.getVarByName(""Cmax"")
                        ^^^^^^^^^^^^^^^^^^^^^^^^^^
  File ""src/gurobipy/_model.pyx"", line 668, in gurobipy._model.Model.getVarByName
gurobipy._exception.GurobiError: No variable names available to index"
p32__gemma3_12b__s4,gemma3:12b,32,32,4,code_failure,code_failure,code_failure,recovered_unclosed_fence,False,False,False,False,,,,,,27cd7990e927cb79b581988e002dd2887370b203ad095ad060abc2fef68811f7,89.952,3533,563,False,,,none,,,,,,,0,0,0,syntax_error,"Traceback (most recent call last):
  File ""C:\Users\maamr\Desktop\g5\Exp_1\Final_Gemma\execution_workdirs\p32__gemma3_12b__s4\execute_generated.py"", line 11, in <module>
    spec.loader.exec_module(module)
  File ""<frozen importlib._bootstrap_external>"", line 995, in exec_module
  File ""<frozen importlib._bootstrap_external>"", line 1133, in get_code
  File ""<frozen importlib._bootstrap_external>"", line 1063, in source_to_code
  File ""<frozen importlib._bootstrap>"", line 488, in _call_with_frames_removed
  File ""C:\Users\maamr\Desktop\g5\Exp_1\Final_Gemma\execution_workdirs\p32__gemma3_12b__s4\generated_model.py"", line 56
    for var
           ^
SyntaxError: invalid syntax"
p32__gemma3_12b__s5,gemma3:12b,32,32,5,code_failure,code_failure,code_failure,recovered_unclosed_fence,False,False,False,False,,,,,,27cd7990e927cb79b581988e002dd2887370b203ad095ad060abc2fef68811f7,89.631,3533,563,False,,,none,,,,,,,0,0,0,syntax_error,"Traceback (most recent call last):
  File ""C:\Users\maamr\Desktop\g5\Exp_1\Final_Gemma\execution_workdirs\p32__gemma3_12b__s5\execute_generated.py"", line 11, in <module>
    spec.loader.exec_module(module)
  File ""<frozen importlib._bootstrap_external>"", line 995, in exec_module
  File ""<frozen importlib._bootstrap_external>"", line 1133, in get_code
  File ""<frozen importlib._bootstrap_external>"", line 1063, in source_to_code
  File ""<frozen importlib._bootstrap>"", line 488, in _call_with_frames_removed
  File ""C:\Users\maamr\Desktop\g5\Exp_1\Final_Gemma\execution_workdirs\p32__gemma3_12b__s5\generated_model.py"", line 62
    def solve(data: dict) -> dict:
                                  ^
IndentationError: expected an indented block after function definition on line 62"
p32__gemma3_12b__s6,gemma3:12b,32,32,6,code_failure,code_failure,code_failure,recovered_unclosed_fence,False,False,False,False,,,,,,27cd7990e927cb79b581988e002dd2887370b203ad095ad060abc2fef68811f7,88.934,3533,563,False,,,none,,,,,,,0,0,0,syntax_error,"Traceback (most recent call last):
  File ""C:\Users\maamr\Desktop\g5\Exp_1\Final_Gemma\execution_workdirs\p32__gemma3_12b__s6\execute_generated.py"", line 11, in <module>
    spec.loader.exec_module(module)
  File ""<frozen importlib._bootstrap_external>"", line 995, in exec_module
  File ""<frozen importlib._bootstrap_external>"", line 1133, in get_code
  File ""<frozen importlib._bootstrap_external>"", line 1063, in source_to_code
  File ""<frozen importlib._bootstrap>"", line 488, in _call_with_frames_removed
  File ""C:\Users\maamr\Desktop\g5\Exp_1\Final_Gemma\execution_workdirs\p32__gemma3_12b__s6\generated_model.py"", line 54
    objective =
               ^
SyntaxError: invalid syntax"
p32__gemma3_12b__s7,gemma3:12b,32,32,7,code_failure,code_failure,code_failure,recovered_unclosed_fence,False,False,False,False,,,,,,27cd7990e927cb79b581988e002dd2887370b203ad095ad060abc2fef68811f7,92.754,3533,563,False,,,none,,,,,,,0,0,0,syntax_error,"Traceback (most recent call last):
  File ""C:\Users\maamr\Desktop\g5\Exp_1\Final_Gemma\execution_workdirs\p32__gemma3_12b__s7\execute_generated.py"", line 11, in <module>
    spec.loader.exec_module(module)
  File ""<frozen importlib._bootstrap_external>"", line 995, in exec_module
  File ""<frozen importlib._bootstrap_external>"", line 1133, in get_code
  File ""<frozen importlib._bootstrap_external>"", line 1063, in source_to_code
  File ""<frozen importlib._bootstrap>"", line 488, in _call_with_frames_removed
  File ""C:\Users\maamr\Desktop\g5\Exp_1\Final_Gemma\execution_workdirs\p32__gemma3_12b__s7\generated_model.py"", line 60
    solution[var_name]
                      ^
SyntaxError: expected 'except' or 'finally' block"
p32__gemma3_12b__s8,gemma3:12b,32,32,8,code_failure,code_failure,code_failure,recovered_unclosed_fence,False,False,False,False,,,,,,27cd7990e927cb79b581988e002dd2887370b203ad095ad060abc2fef68811f7,78.556,3533,563,False,,,none,,,,,,,0,0,0,runtime_error,"Traceback (most recent call last):
  File ""C:\Users\maamr\Desktop\g5\Exp_1\Final_Gemma\execution_workdirs\p32__gemma3_12b__s8\execute_generated.py"", line 48, in <module>
    result = module.solve(data)
             ^^^^^^^^^^^^^^^^^^
  File ""C:\Users\maamr\Desktop\g5\Exp_1\Final_Gemma\execution_workdirs\p32__gemma3_12b__s8\generated_model.py"", line 51, in solve
    model, variables = build_model(data)
                       ^^^^^^^^^^^^^^^^^
  File ""C:\Users\maamr\Desktop\g5\Exp_1\Final_Gemma\execution_workdirs\p32__gemma3_12b__s8\generated_model.py"", line 25, in build_model
    variables[""Cmax""] = model.getVarByName(""Cmax"")
                        ^^^^^^^^^^^^^^^^^^^^^^^^^^
  File ""src/gurobipy/_model.pyx"", line 668, in gurobipy._model.Model.getVarByName
gurobipy._exception.GurobiError: No variable names available to index"
p32__gemma3_12b__s9,gemma3:12b,32,32,9,code_failure,code_failure,code_failure,recovered_unclosed_fence,False,False,False,False,,,,,,27cd7990e927cb79b581988e002dd2887370b203ad095ad060abc2fef68811f7,80.059,3533,563,False,,,none,,,,,,,0,0,0,runtime_error,"Traceback (most recent call last):
  File ""C:\Users\maamr\Desktop\g5\Exp_1\Final_Gemma\execution_workdirs\p32__gemma3_12b__s9\execute_generated.py"", line 48, in <module>
    result = module.solve(data)
             ^^^^^^^^^^^^^^^^^^
  File ""C:\Users\maamr\Desktop\g5\Exp_1\Final_Gemma\execution_workdirs\p32__gemma3_12b__s9\generated_model.py"", line 52, in solve
    model, variables = build_model(data)
                       ^^^^^^^^^^^^^^^^^
  File ""C:\Users\maamr\Desktop\g5\Exp_1\Final_Gemma\execution_workdirs\p32__gemma3_12b__s9\generated_model.py"", line 25, in build_model
    variables[""Cmax""] = model.getVarByName(""Cmax"")
                        ^^^^^^^^^^^^^^^^^^^^^^^^^^
  File ""src/gurobipy/_model.pyx"", line 668, in gurobipy._model.Model.getVarByName
gurobipy._exception.GurobiError: No variable names available to index"
p33__gemma3_12b__s0,gemma3:12b,33,33,0,loud_bug,loud_bug,loud_bug,clean_fenced,True,True,False,True,"p33.R_year3_budget.C1,p33.R_final_balance.C1,p33.obj.C2","p33.R_year3_budget.C1,p33.R_final_balance.C1",,,,ea393c4deb4322533c78397f420a9381f7e5a1d12798be65059308d715c806f6,151.363,1872,1551,False,,,none,,9,8,8,9,17,2,0,2,,
p33__gemma3_12b__s1,gemma3:12b,33,33,1,loud_bug,loud_bug,loud_bug,clean_fenced,True,True,False,True,"p33.R_year2_budget.C1,p33.R_year3_budget.C1,p33.R_final_balance.C1,p33.obj.C2","p33.R_year2_budget.C1,p33.R_year3_budget.C1,p33.R_final_balance.C1",,,,ea393c4deb4322533c78397f420a9381f7e5a1d12798be65059308d715c806f6,129.899,1872,1345,False,,,none,,9,8,8,9,17,3,0,3,,
p33__gemma3_12b__s2,gemma3:12b,33,33,2,loud_bug,loud_bug,loud_bug,clean_fenced,True,True,False,True,"p33.R_year2_budget.C1,p33.R_year3_budget.C1,p33.R_final_balance.C1,p33.obj.C2","p33.R_year2_budget.C1,p33.R_year3_budget.C1,p33.R_final_balance.C1",,,,ea393c4deb4322533c78397f420a9381f7e5a1d12798be65059308d715c806f6,131.525,1872,1365,False,,,none,,9,8,8,9,17,3,0,3,,
p33__gemma3_12b__s3,gemma3:12b,33,33,3,loud_bug,loud_bug,loud_bug,clean_fenced,True,True,False,True,"p33.R_year2_budget.C1,p33.R_year3_budget.C1,p33.R_final_balance.C1,p33.obj.C2","p33.R_year2_budget.C1,p33.R_year3_budget.C1,p33.R_final_balance.C1",,,,ea393c4deb4322533c78397f420a9381f7e5a1d12798be65059308d715c806f6,132.06,1872,1365,False,,,none,,9,8,8,9,17,3,0,3,,
p33__gemma3_12b__s4,gemma3:12b,33,33,4,loud_bug,loud_bug,loud_bug,clean_fenced,True,True,False,True,"p33.R_year2_budget.C1,p33.R_year3_budget.C1,p33.R_final_balance.C1,p33.obj.C2","p33.R_year2_budget.C1,p33.R_year3_budget.C1,p33.R_final_balance.C1",,,,ea393c4deb4322533c78397f420a9381f7e5a1d12798be65059308d715c806f6,131.122,1872,1365,False,,,none,,9,8,8,9,17,3,0,3,,
p33__gemma3_12b__s5,gemma3:12b,33,33,5,loud_bug,loud_bug,loud_bug,clean_fenced,True,True,False,True,"p33.R_year2_budget.C1,p33.R_year3_budget.C1,p33.R_final_balance.C1,p33.obj.C2","p33.R_year2_budget.C1,p33.R_year3_budget.C1,p33.R_final_balance.C1",,,,ea393c4deb4322533c78397f420a9381f7e5a1d12798be65059308d715c806f6,130.935,1872,1365,False,,,none,,9,8,8,9,17,3,0,3,,
p33__gemma3_12b__s6,gemma3:12b,33,33,6,loud_bug,loud_bug,loud_bug,clean_fenced,True,True,False,True,"p33.R_year2_budget.C1,p33.R_year3_budget.C1,p33.R_final_balance.C1,p33.obj.C2","p33.R_year2_budget.C1,p33.R_year3_budget.C1,p33.R_final_balance.C1",,,,ea393c4deb4322533c78397f420a9381f7e5a1d12798be65059308d715c806f6,131.931,1872,1366,False,,,none,,9,8,8,9,17,3,0,3,,
p33__gemma3_12b__s7,gemma3:12b,33,33,7,loud_bug,loud_bug,loud_bug,clean_fenced,True,True,False,True,"p33.R_year2_budget.C1,p33.R_year3_budget.C1,p33.R_final_balance.C1,p33.obj.C2","p33.R_year2_budget.C1,p33.R_year3_budget.C1,p33.R_final_balance.C1",,,,ea393c4deb4322533c78397f420a9381f7e5a1d12798be65059308d715c806f6,131.917,1872,1365,False,,,none,,9,8,8,9,17,3,0,3,,
p33__gemma3_12b__s8,gemma3:12b,33,33,8,loud_bug,loud_bug,loud_bug,clean_fenced,True,True,False,True,"p33.R_year2_budget.C1,p33.R_year3_budget.C1,p33.R_final_balance.C1,p33.obj.C2","p33.R_year2_budget.C1,p33.R_year3_budget.C1,p33.R_final_balance.C1",,,,ea393c4deb4322533c78397f420a9381f7e5a1d12798be65059308d715c806f6,132.129,1872,1361,False,,,none,,9,8,8,9,17,3,0,3,,
p33__gemma3_12b__s9,gemma3:12b,33,33,9,loud_bug,loud_bug,loud_bug,clean_fenced,True,True,False,True,"p33.R_year2_budget.C1,p33.R_year3_budget.C1,p33.R_final_balance.C1,p33.obj.C2","p33.R_year2_budget.C1,p33.R_year3_budget.C1,p33.R_final_balance.C1",,,,ea393c4deb4322533c78397f420a9381f7e5a1d12798be65059308d715c806f6,132.142,1872,1365,False,,,none,,9,8,8,9,17,3,0,3,,
p34__gemma3_12b__s0,gemma3:12b,34,34,0,code_failure,code_failure,code_failure,clean_fenced,False,False,False,False,,,,,,b6609641d8d903b4caf2b18925bdb5919e180535f141cae0386381b7d2cddb54,76.602,1275,656,False,,,none,,,,,,,0,0,0,runtime_error,"Traceback (most recent call last):
  File ""C:\Users\maamr\Desktop\g5\Exp_1\Final_Gemma\execution_workdirs\p34__gemma3_12b__s0\execute_generated.py"", line 48, in <module>
    result = module.solve(data)
             ^^^^^^^^^^^^^^^^^^
  File ""C:\Users\maamr\Desktop\g5\Exp_1\Final_Gemma\execution_workdirs\p34__gemma3_12b__s0\generated_model.py"", line 28, in solve
    model, variables = build_model(data)
                       ^^^^^^^^^^^^^^^^^
  File ""C:\Users\maamr\Desktop\g5\Exp_1\Final_Gemma\execution_workdirs\p34__gemma3_12b__s0\generated_model.py"", line 17, in build_model
    model.addConstr(4 * trucks_A + 7 * trucks_B >= data[""warehouses""][0] * 240, ""raw_material_A"")
  File ""src/gurobipy/_model.pyx"", line 4147, in gurobipy._model.Model.addConstr
TypeError: unsupported operand type(s) for -: 'gurobipy._core.LinExpr' and 'str'"
p34__gemma3_12b__s1,gemma3:12b,34,34,1,code_failure,code_failure,code_failure,clean_fenced,False,False,False,False,,,,,,b6609641d8d903b4caf2b18925bdb5919e180535f141cae0386381b7d2cddb54,68.235,1275,651,False,,,none,,,,,,,0,0,0,runtime_error,"Traceback (most recent call last):
  File ""C:\Users\maamr\Desktop\g5\Exp_1\Final_Gemma\execution_workdirs\p34__gemma3_12b__s1\execute_generated.py"", line 48, in <module>
    result = module.solve(data)
             ^^^^^^^^^^^^^^^^^^
  File ""C:\Users\maamr\Desktop\g5\Exp_1\Final_Gemma\execution_workdirs\p34__gemma3_12b__s1\generated_model.py"", line 28, in solve
    model, variables = build_model(data)
                       ^^^^^^^^^^^^^^^^^
  File ""C:\Users\maamr\Desktop\g5\Exp_1\Final_Gemma\execution_workdirs\p34__gemma3_12b__s1\generated_model.py"", line 17, in build_model
    model.addConstr(4 * trucks_A + 7 * trucks_B >= data[""warehouses""][0] * 240, ""RawMaterialA"")
  File ""src/gurobipy/_model.pyx"", line 4147, in gurobipy._model.Model.addConstr
TypeError: unsupported operand type(s) for -: 'gurobipy._core.LinExpr' and 'str'"
p34__gemma3_12b__s2,gemma3:12b,34,34,2,code_failure,code_failure,code_failure,clean_fenced,False,False,False,False,,,,,,b6609641d8d903b4caf2b18925bdb5919e180535f141cae0386381b7d2cddb54,67.816,1275,651,False,,,none,,,,,,,0,0,0,runtime_error,"Traceback (most recent call last):
  File ""C:\Users\maamr\Desktop\g5\Exp_1\Final_Gemma\execution_workdirs\p34__gemma3_12b__s2\execute_generated.py"", line 48, in <module>
    result = module.solve(data)
             ^^^^^^^^^^^^^^^^^^
  File ""C:\Users\maamr\Desktop\g5\Exp_1\Final_Gemma\execution_workdirs\p34__gemma3_12b__s2\generated_model.py"", line 28, in solve
    model, variables = build_model(data)
                       ^^^^^^^^^^^^^^^^^
  File ""C:\Users\maamr\Desktop\g5\Exp_1\Final_Gemma\execution_workdirs\p34__gemma3_12b__s2\generated_model.py"", line 17, in build_model
    model.addConstr(4 * trucks_A + 7 * trucks_B >= data[""warehouses""][0] * 240, ""RawMaterialA"")
  File ""src/gurobipy/_model.pyx"", line 4147, in gurobipy._model.Model.addConstr
TypeError: unsupported operand type(s) for -: 'gurobipy._core.LinExpr' and 'str'"
p34__gemma3_12b__s3,gemma3:12b,34,34,3,code_failure,code_failure,code_failure,clean_fenced,False,False,False,False,,,,,,b6609641d8d903b4caf2b18925bdb5919e180535f141cae0386381b7d2cddb54,80.902,1275,828,False,,,none,,,,,,,0,0,0,runtime_error,"Traceback (most recent call last):
  File ""C:\Users\maamr\Desktop\g5\Exp_1\Final_Gemma\execution_workdirs\p34__gemma3_12b__s3\execute_generated.py"", line 48, in <module>
    result = module.solve(data)
             ^^^^^^^^^^^^^^^^^^
  File ""C:\Users\maamr\Desktop\g5\Exp_1\Final_Gemma\execution_workdirs\p34__gemma3_12b__s3\generated_model.py"", line 40, in solve
    model, variables = build_model(data)
                       ^^^^^^^^^^^^^^^^^
  File ""C:\Users\maamr\Desktop\g5\Exp_1\Final_Gemma\execution_workdirs\p34__gemma3_12b__s3\generated_model.py"", line 19, in build_model
    model.addConstr(raw_material_A_constraint, ""raw_material_A"")
  File ""src/gurobipy/_model.pyx"", line 4147, in gurobipy._model.Model.addConstr
TypeError: unsupported operand type(s) for -: 'gurobipy._core.LinExpr' and 'str'"
p34__gemma3_12b__s4,gemma3:12b,34,34,4,code_failure,code_failure,code_failure,clean_fenced,False,False,False,False,,,,,,b6609641d8d903b4caf2b18925bdb5919e180535f141cae0386381b7d2cddb54,68.429,1275,657,False,,,none,,,,,,,0,0,0,runtime_error,"Traceback (most recent call last):
  File ""C:\Users\maamr\Desktop\g5\Exp_1\Final_Gemma\execution_workdirs\p34__gemma3_12b__s4\execute_generated.py"", line 48, in <module>
    result = module.solve(data)
             ^^^^^^^^^^^^^^^^^^
  File ""C:\Users\maamr\Desktop\g5\Exp_1\Final_Gemma\execution_workdirs\p34__gemma3_12b__s4\generated_model.py"", line 28, in solve
    model, variables = build_model(data)
                       ^^^^^^^^^^^^^^^^^
  File ""C:\Users\maamr\Desktop\g5\Exp_1\Final_Gemma\execution_workdirs\p34__gemma3_12b__s4\generated_model.py"", line 17, in build_model
    model.addConstr(4 * trucks_A + 7 * trucks_B >= data[""warehouses""][0] * 240, ""raw_material_A"")
  File ""src/gurobipy/_model.pyx"", line 4147, in gurobipy._model.Model.addConstr
TypeError: unsupported operand type(s) for -: 'gurobipy._core.LinExpr' and 'str'"
p34__gemma3_12b__s5,gemma3:12b,34,34,5,code_failure,code_failure,code_failure,clean_fenced,False,False,False,False,,,,,,b6609641d8d903b4caf2b18925bdb5919e180535f141cae0386381b7d2cddb54,68.466,1275,657,False,,,none,,,,,,,0,0,0,runtime_error,"Traceback (most recent call last):
  File ""C:\Users\maamr\Desktop\g5\Exp_1\Final_Gemma\execution_workdirs\p34__gemma3_12b__s5\execute_generated.py"", line 48, in <module>
    result = module.solve(data)
             ^^^^^^^^^^^^^^^^^^
  File ""C:\Users\maamr\Desktop\g5\Exp_1\Final_Gemma\execution_workdirs\p34__gemma3_12b__s5\generated_model.py"", line 28, in solve
    model, variables = build_model(data)
                       ^^^^^^^^^^^^^^^^^
  File ""C:\Users\maamr\Desktop\g5\Exp_1\Final_Gemma\execution_workdirs\p34__gemma3_12b__s5\generated_model.py"", line 17, in build_model
    model.addConstr(4 * trucks_A + 7 * trucks_B >= data[""warehouses""][0] * 240, ""raw_material_A"")
  File ""src/gurobipy/_model.pyx"", line 4147, in gurobipy._model.Model.addConstr
TypeError: unsupported operand type(s) for -: 'gurobipy._core.LinExpr' and 'str'"
p34__gemma3_12b__s6,gemma3:12b,34,34,6,code_failure,code_failure,code_failure,clean_fenced,False,False,False,False,,,,,,b6609641d8d903b4caf2b18925bdb5919e180535f141cae0386381b7d2cddb54,83.518,1275,828,False,,,none,,,,,,,0,0,0,runtime_error,"Traceback (most recent call last):
  File ""C:\Users\maamr\Desktop\g5\Exp_1\Final_Gemma\execution_workdirs\p34__gemma3_12b__s6\execute_generated.py"", line 48, in <module>
    result = module.solve(data)
             ^^^^^^^^^^^^^^^^^^
  File ""C:\Users\maamr\Desktop\g5\Exp_1\Final_Gemma\execution_workdirs\p34__gemma3_12b__s6\generated_model.py"", line 40, in solve
    model, variables = build_model(data)
                       ^^^^^^^^^^^^^^^^^
  File ""C:\Users\maamr\Desktop\g5\Exp_1\Final_Gemma\execution_workdirs\p34__gemma3_12b__s6\generated_model.py"", line 19, in build_model
    model.addConstr(raw_material_A_constraint, ""raw_material_A"")
  File ""src/gurobipy/_model.pyx"", line 4147, in gurobipy._model.Model.addConstr
TypeError: unsupported operand type(s) for -: 'gurobipy._core.LinExpr' and 'str'"
p34__gemma3_12b__s7,gemma3:12b,34,34,7,code_failure,code_failure,code_failure,clean_fenced,False,False,False,False,,,,,,b6609641d8d903b4caf2b18925bdb5919e180535f141cae0386381b7d2cddb54,69.086,1275,657,False,,,none,,,,,,,0,0,0,runtime_error,"Traceback (most recent call last):
  File ""C:\Users\maamr\Desktop\g5\Exp_1\Final_Gemma\execution_workdirs\p34__gemma3_12b__s7\execute_generated.py"", line 48, in <module>
    result = module.solve(data)
             ^^^^^^^^^^^^^^^^^^
  File ""C:\Users\maamr\Desktop\g5\Exp_1\Final_Gemma\execution_workdirs\p34__gemma3_12b__s7\generated_model.py"", line 28, in solve
    model, variables = build_model(data)
                       ^^^^^^^^^^^^^^^^^
  File ""C:\Users\maamr\Desktop\g5\Exp_1\Final_Gemma\execution_workdirs\p34__gemma3_12b__s7\generated_model.py"", line 17, in build_model
    model.addConstr(4 * trucks_A + 7 * trucks_B >= data[""warehouses""][0] * 240, ""raw_material_A"")
  File ""src/gurobipy/_model.pyx"", line 4147, in gurobipy._model.Model.addConstr
TypeError: unsupported operand type(s) for -: 'gurobipy._core.LinExpr' and 'str'"
p34__gemma3_12b__s8,gemma3:12b,34,34,8,code_failure,code_failure,code_failure,clean_fenced,False,False,False,False,,,,,,b6609641d8d903b4caf2b18925bdb5919e180535f141cae0386381b7d2cddb54,81.382,1275,828,False,,,none,,,,,,,0,0,0,runtime_error,"Traceback (most recent call last):
  File ""C:\Users\maamr\Desktop\g5\Exp_1\Final_Gemma\execution_workdirs\p34__gemma3_12b__s8\execute_generated.py"", line 48, in <module>
    result = module.solve(data)
             ^^^^^^^^^^^^^^^^^^
  File ""C:\Users\maamr\Desktop\g5\Exp_1\Final_Gemma\execution_workdirs\p34__gemma3_12b__s8\generated_model.py"", line 40, in solve
    model, variables = build_model(data)
                       ^^^^^^^^^^^^^^^^^
  File ""C:\Users\maamr\Desktop\g5\Exp_1\Final_Gemma\execution_workdirs\p34__gemma3_12b__s8\generated_model.py"", line 19, in build_model
    model.addConstr(raw_material_A_constraint, ""raw_material_A"")
  File ""src/gurobipy/_model.pyx"", line 4147, in gurobipy._model.Model.addConstr
TypeError: unsupported operand type(s) for -: 'gurobipy._core.LinExpr' and 'str'"
p34__gemma3_12b__s9,gemma3:12b,34,34,9,code_failure,code_failure,code_failure,clean_fenced,False,False,False,False,,,,,,b6609641d8d903b4caf2b18925bdb5919e180535f141cae0386381b7d2cddb54,68.659,1275,657,False,,,none,,,,,,,0,0,0,runtime_error,"Traceback (most recent call last):
  File ""C:\Users\maamr\Desktop\g5\Exp_1\Final_Gemma\execution_workdirs\p34__gemma3_12b__s9\execute_generated.py"", line 48, in <module>
    result = module.solve(data)
             ^^^^^^^^^^^^^^^^^^
  File ""C:\Users\maamr\Desktop\g5\Exp_1\Final_Gemma\execution_workdirs\p34__gemma3_12b__s9\generated_model.py"", line 28, in solve
    model, variables = build_model(data)
                       ^^^^^^^^^^^^^^^^^
  File ""C:\Users\maamr\Desktop\g5\Exp_1\Final_Gemma\execution_workdirs\p34__gemma3_12b__s9\generated_model.py"", line 17, in build_model
    model.addConstr(4 * trucks_A + 7 * trucks_B >= data[""warehouses""][0] * 240, ""raw_material_A"")
  File ""src/gurobipy/_model.pyx"", line 4147, in gurobipy._model.Model.addConstr
TypeError: unsupported operand type(s) for -: 'gurobipy._core.LinExpr' and 'str'"
p35__gemma3_12b__s0,gemma3:12b,35,35,0,code_failure,code_failure,code_failure,clean_fenced,False,False,False,False,,,,,,3c61bd4942e6e32ccee80bee1c35a64d1e4f7b75856a34e7edf9a01c15646a8d,89.926,1955,924,False,,,none,,,,,,,0,0,0,runtime_error,"Traceback (most recent call last):
  File ""C:\Users\maamr\Desktop\g5\Exp_1\Final_Gemma\execution_workdirs\p35__gemma3_12b__s0\execute_generated.py"", line 48, in <module>
    result = module.solve(data)
             ^^^^^^^^^^^^^^^^^^
  File ""C:\Users\maamr\Desktop\g5\Exp_1\Final_Gemma\execution_workdirs\p35__gemma3_12b__s0\generated_model.py"", line 49, in solve
    model, variables = build_model(data)
                       ^^^^^^^^^^^^^^^^^
  File ""C:\Users\maamr\Desktop\g5\Exp_1\Final_Gemma\execution_workdirs\p35__gemma3_12b__s0\generated_model.py"", line 12, in build_model
    model.Expr().add(variables[f""x_{i}_{k}""])
    ^^^^^^^^^^
  File ""src/gurobipy/_model.pyx"", line 399, in gurobipy._model.Model.__getattr__
  File ""src/gurobipy/_model.pyx"", line 2212, in gurobipy._model.Model.getAttr
  File ""src/gurobipy/_attrutil.pyx"", line 37, in gurobipy._attrutil._getattrinfo
AttributeError: 'gurobipy.Model' object has no attribute 'Expr'"
p35__gemma3_12b__s1,gemma3:12b,35,35,1,code_failure,code_failure,code_failure,clean_fenced,False,False,False,False,,,,,,3c61bd4942e6e32ccee80bee1c35a64d1e4f7b75856a34e7edf9a01c15646a8d,130.668,1955,1347,False,,,none,,,,,,,0,0,0,runtime_error,"Traceback (most recent call last):
  File ""C:\Users\maamr\Desktop\g5\Exp_1\Final_Gemma\execution_workdirs\p35__gemma3_12b__s1\execute_generated.py"", line 48, in <module>
    result = module.solve(data)
             ^^^^^^^^^^^^^^^^^^
  File ""C:\Users\maamr\Desktop\g5\Exp_1\Final_Gemma\execution_workdirs\p35__gemma3_12b__s1\generated_model.py"", line 48, in solve
    model, variables = build_model(data)
                       ^^^^^^^^^^^^^^^^^
  File ""C:\Users\maamr\Desktop\g5\Exp_1\Final_Gemma\execution_workdirs\p35__gemma3_12b__s1\generated_model.py"", line 12, in build_model
    model.Expr().add(variables[f""x_{i}_{k}""])
    ^^^^^^^^^^
  File ""src/gurobipy/_model.pyx"", line 399, in gurobipy._model.Model.__getattr__
  File ""src/gurobipy/_model.pyx"", line 2212, in gurobipy._model.Model.getAttr
  File ""src/gurobipy/_attrutil.pyx"", line 37, in gurobipy._attrutil._getattrinfo
AttributeError: 'gurobipy.Model' object has no attribute 'Expr'"
p35__gemma3_12b__s2,gemma3:12b,35,35,2,code_failure,code_failure,code_failure,clean_fenced,False,False,False,False,,,,,,3c61bd4942e6e32ccee80bee1c35a64d1e4f7b75856a34e7edf9a01c15646a8d,93.742,1955,853,False,,,none,,,,,,,0,0,0,runtime_error,"Traceback (most recent call last):
  File ""C:\Users\maamr\Desktop\g5\Exp_1\Final_Gemma\execution_workdirs\p35__gemma3_12b__s2\execute_generated.py"", line 48, in <module>
    result = module.solve(data)
             ^^^^^^^^^^^^^^^^^^
  File ""C:\Users\maamr\Desktop\g5\Exp_1\Final_Gemma\execution_workdirs\p35__gemma3_12b__s2\generated_model.py"", line 48, in solve
    model, variables = build_model(data)
                       ^^^^^^^^^^^^^^^^^
  File ""C:\Users\maamr\Desktop\g5\Exp_1\Final_Gemma\execution_workdirs\p35__gemma3_12b__s2\generated_model.py"", line 12, in build_model
    model.Expr().add(variables[f""x_{i}_{k}""])
    ^^^^^^^^^^
  File ""src/gurobipy/_model.pyx"", line 399, in gurobipy._model.Model.__getattr__
  File ""src/gurobipy/_model.pyx"", line 2212, in gurobipy._model.Model.getAttr
  File ""src/gurobipy/_attrutil.pyx"", line 37, in gurobipy._attrutil._getattrinfo
AttributeError: 'gurobipy.Model' object has no attribute 'Expr'"
p35__gemma3_12b__s3,gemma3:12b,35,35,3,code_failure,code_failure,code_failure,clean_fenced,False,False,False,False,,,,,,3c61bd4942e6e32ccee80bee1c35a64d1e4f7b75856a34e7edf9a01c15646a8d,101.84,1955,972,False,,,none,,,,,,,0,0,0,runtime_error,"Traceback (most recent call last):
  File ""C:\Users\maamr\Desktop\g5\Exp_1\Final_Gemma\execution_workdirs\p35__gemma3_12b__s3\execute_generated.py"", line 48, in <module>
    result = module.solve(data)
             ^^^^^^^^^^^^^^^^^^
  File ""C:\Users\maamr\Desktop\g5\Exp_1\Final_Gemma\execution_workdirs\p35__gemma3_12b__s3\generated_model.py"", line 51, in solve
    model, variables = build_model(data)
                       ^^^^^^^^^^^^^^^^^
  File ""C:\Users\maamr\Desktop\g5\Exp_1\Final_Gemma\execution_workdirs\p35__gemma3_12b__s3\generated_model.py"", line 12, in build_model
    variables[f""x_{source}_{station}""].setAttr(""x_1_1"", ""nonnegative shipment from production point to station"")
  File ""src/gurobipy/var.pxi"", line 190, in gurobipy._core.Var.setAttr
  File ""src/gurobipy/_attrutil.pyx"", line 215, in gurobipy._attrutil._setattr
  File ""src/gurobipy/_attrutil.pyx"", line 37, in gurobipy._attrutil._getattrinfo
AttributeError: 'gurobipy.Var' object has no attribute 'x_1_1'"
p35__gemma3_12b__s4,gemma3:12b,35,35,4,code_failure,code_failure,code_failure,clean_fenced,False,False,False,False,,,,,,3c61bd4942e6e32ccee80bee1c35a64d1e4f7b75856a34e7edf9a01c15646a8d,98.292,1955,916,False,,,none,,,,,,,0,0,0,runtime_error,"Traceback (most recent call last):
  File ""C:\Users\maamr\Desktop\g5\Exp_1\Final_Gemma\execution_workdirs\p35__gemma3_12b__s4\execute_generated.py"", line 48, in <module>
    result = module.solve(data)
             ^^^^^^^^^^^^^^^^^^
  File ""C:\Users\maamr\Desktop\g5\Exp_1\Final_Gemma\execution_workdirs\p35__gemma3_12b__s4\generated_model.py"", line 49, in solve
    model, variables = build_model(data)
                       ^^^^^^^^^^^^^^^^^
  File ""C:\Users\maamr\Desktop\g5\Exp_1\Final_Gemma\execution_workdirs\p35__gemma3_12b__s4\generated_model.py"", line 12, in build_model
    model.Expr().add(variables[f""x_{i}_{k}""])
    ^^^^^^^^^^
  File ""src/gurobipy/_model.pyx"", line 399, in gurobipy._model.Model.__getattr__
  File ""src/gurobipy/_model.pyx"", line 2212, in gurobipy._model.Model.getAttr
  File ""src/gurobipy/_attrutil.pyx"", line 37, in gurobipy._attrutil._getattrinfo
AttributeError: 'gurobipy.Model' object has no attribute 'Expr'"
p35__gemma3_12b__s5,gemma3:12b,35,35,5,code_failure,code_failure,code_failure,clean_fenced,False,False,False,False,,,,,,3c61bd4942e6e32ccee80bee1c35a64d1e4f7b75856a34e7edf9a01c15646a8d,99.123,1955,928,False,,,none,,,,,,,0,0,0,runtime_error,"Traceback (most recent call last):
  File ""C:\Users\maamr\Desktop\g5\Exp_1\Final_Gemma\execution_workdirs\p35__gemma3_12b__s5\execute_generated.py"", line 48, in <module>
    result = module.solve(data)
             ^^^^^^^^^^^^^^^^^^
  File ""C:\Users\maamr\Desktop\g5\Exp_1\Final_Gemma\execution_workdirs\p35__gemma3_12b__s5\generated_model.py"", line 49, in solve
    model, variables = build_model(data)
                       ^^^^^^^^^^^^^^^^^
  File ""C:\Users\maamr\Desktop\g5\Exp_1\Final_Gemma\execution_workdirs\p35__gemma3_12b__s5\generated_model.py"", line 12, in build_model
    model.Expr().add(variables[f""x_{i}_{k}""])
    ^^^^^^^^^^
  File ""src/gurobipy/_model.pyx"", line 399, in gurobipy._model.Model.__getattr__
  File ""src/gurobipy/_model.pyx"", line 2212, in gurobipy._model.Model.getAttr
  File ""src/gurobipy/_attrutil.pyx"", line 37, in gurobipy._attrutil._getattrinfo
AttributeError: 'gurobipy.Model' object has no attribute 'Expr'"
p35__gemma3_12b__s6,gemma3:12b,35,35,6,code_failure,code_failure,code_failure,clean_fenced,False,False,False,False,,,,,,3c61bd4942e6e32ccee80bee1c35a64d1e4f7b75856a34e7edf9a01c15646a8d,95.471,1955,887,False,,,none,,,,,,,0,0,0,runtime_error,"Traceback (most recent call last):
  File ""C:\Users\maamr\Desktop\g5\Exp_1\Final_Gemma\execution_workdirs\p35__gemma3_12b__s6\execute_generated.py"", line 48, in <module>
    result = module.solve(data)
             ^^^^^^^^^^^^^^^^^^
  File ""C:\Users\maamr\Desktop\g5\Exp_1\Final_Gemma\execution_workdirs\p35__gemma3_12b__s6\generated_model.py"", line 48, in solve
    model, variables = build_model(data)
                       ^^^^^^^^^^^^^^^^^
  File ""C:\Users\maamr\Desktop\g5\Exp_1\Final_Gemma\execution_workdirs\p35__gemma3_12b__s6\generated_model.py"", line 12, in build_model
    model.Expr().add(variables[f""x_{i}_{k}""])
    ^^^^^^^^^^
  File ""src/gurobipy/_model.pyx"", line 399, in gurobipy._model.Model.__getattr__
  File ""src/gurobipy/_model.pyx"", line 2212, in gurobipy._model.Model.getAttr
  File ""src/gurobipy/_attrutil.pyx"", line 37, in gurobipy._attrutil._getattrinfo
AttributeError: 'gurobipy.Model' object has no attribute 'Expr'"
p35__gemma3_12b__s7,gemma3:12b,35,35,7,code_failure,code_failure,code_failure,clean_fenced,False,False,False,False,,,,,,3c61bd4942e6e32ccee80bee1c35a64d1e4f7b75856a34e7edf9a01c15646a8d,100.745,1955,930,False,,,none,,,,,,,0,0,0,runtime_error,"Traceback (most recent call last):
  File ""C:\Users\maamr\Desktop\g5\Exp_1\Final_Gemma\execution_workdirs\p35__gemma3_12b__s7\execute_generated.py"", line 48, in <module>
    result = module.solve(data)
             ^^^^^^^^^^^^^^^^^^
  File ""C:\Users\maamr\Desktop\g5\Exp_1\Final_Gemma\execution_workdirs\p35__gemma3_12b__s7\generated_model.py"", line 50, in solve
    model, variables = build_model(data)
                       ^^^^^^^^^^^^^^^^^
  File ""C:\Users\maamr\Desktop\g5\Exp_1\Final_Gemma\execution_workdirs\p35__gemma3_12b__s7\generated_model.py"", line 12, in build_model
    model.Expr().add(variables[f""x_{i}_{k}""])
    ^^^^^^^^^^
  File ""src/gurobipy/_model.pyx"", line 399, in gurobipy._model.Model.__getattr__
  File ""src/gurobipy/_model.pyx"", line 2212, in gurobipy._model.Model.getAttr
  File ""src/gurobipy/_attrutil.pyx"", line 37, in gurobipy._attrutil._getattrinfo
AttributeError: 'gurobipy.Model' object has no attribute 'Expr'"
p35__gemma3_12b__s8,gemma3:12b,35,35,8,code_failure,code_failure,code_failure,clean_fenced,False,False,False,False,,,,,,3c61bd4942e6e32ccee80bee1c35a64d1e4f7b75856a34e7edf9a01c15646a8d,96.201,1955,887,False,,,none,,,,,,,0,0,0,runtime_error,"Traceback (most recent call last):
  File ""C:\Users\maamr\Desktop\g5\Exp_1\Final_Gemma\execution_workdirs\p35__gemma3_12b__s8\execute_generated.py"", line 48, in <module>
    result = module.solve(data)
             ^^^^^^^^^^^^^^^^^^
  File ""C:\Users\maamr\Desktop\g5\Exp_1\Final_Gemma\execution_workdirs\p35__gemma3_12b__s8\generated_model.py"", line 48, in solve
    model, variables = build_model(data)
                       ^^^^^^^^^^^^^^^^^
  File ""C:\Users\maamr\Desktop\g5\Exp_1\Final_Gemma\execution_workdirs\p35__gemma3_12b__s8\generated_model.py"", line 12, in build_model
    model.Expr().add(variables[f""x_{i}_{k}""])
    ^^^^^^^^^^
  File ""src/gurobipy/_model.pyx"", line 399, in gurobipy._model.Model.__getattr__
  File ""src/gurobipy/_model.pyx"", line 2212, in gurobipy._model.Model.getAttr
  File ""src/gurobipy/_attrutil.pyx"", line 37, in gurobipy._attrutil._getattrinfo
AttributeError: 'gurobipy.Model' object has no attribute 'Expr'"
p35__gemma3_12b__s9,gemma3:12b,35,35,9,code_failure,code_failure,code_failure,clean_fenced,False,False,False,False,,,,,,3c61bd4942e6e32ccee80bee1c35a64d1e4f7b75856a34e7edf9a01c15646a8d,96.939,1955,911,False,,,none,,,,,,,0,0,0,runtime_error,"Traceback (most recent call last):
  File ""C:\Users\maamr\Desktop\g5\Exp_1\Final_Gemma\execution_workdirs\p35__gemma3_12b__s9\execute_generated.py"", line 48, in <module>
    result = module.solve(data)
             ^^^^^^^^^^^^^^^^^^
  File ""C:\Users\maamr\Desktop\g5\Exp_1\Final_Gemma\execution_workdirs\p35__gemma3_12b__s9\generated_model.py"", line 49, in solve
    model, variables = build_model(data)
                       ^^^^^^^^^^^^^^^^^
  File ""C:\Users\maamr\Desktop\g5\Exp_1\Final_Gemma\execution_workdirs\p35__gemma3_12b__s9\generated_model.py"", line 12, in build_model
    model.Expr().add(variables[f""x_{i}_{k}""])
    ^^^^^^^^^^
  File ""src/gurobipy/_model.pyx"", line 399, in gurobipy._model.Model.__getattr__
  File ""src/gurobipy/_model.pyx"", line 2212, in gurobipy._model.Model.getAttr
  File ""src/gurobipy/_attrutil.pyx"", line 37, in gurobipy._attrutil._getattrinfo
AttributeError: 'gurobipy.Model' object has no attribute 'Expr'"
p36__gemma3_12b__s0,gemma3:12b,36,36,0,code_failure,code_failure,code_failure,clean_fenced,False,False,False,False,,,,,,1741849203fbf3e6069f8706cfcba89240297e96c2b5094448785840a75bbe51,103.657,2308,972,False,,,none,,,,,,,0,0,0,runtime_error,"Traceback (most recent call last):
  File ""C:\Users\maamr\Desktop\g5\Exp_1\Final_Gemma\execution_workdirs\p36__gemma3_12b__s0\execute_generated.py"", line 48, in <module>
    result = module.solve(data)
             ^^^^^^^^^^^^^^^^^^
  File ""C:\Users\maamr\Desktop\g5\Exp_1\Final_Gemma\execution_workdirs\p36__gemma3_12b__s0\generated_model.py"", line 75, in solve
    model, variables = build_model(data)
                       ^^^^^^^^^^^^^^^^^
  File ""C:\Users\maamr\Desktop\g5\Exp_1\Final_Gemma\execution_workdirs\p36__gemma3_12b__s0\generated_model.py"", line 31, in build_model
    objective = gp.quicksum(
                ^^^^^^^^^^^^
  File ""src/gurobipy/_helpers.pyx"", line 41, in gurobipy._helpers.quicksum
  File ""C:\Users\maamr\Desktop\g5\Exp_1\Final_Gemma\execution_workdirs\p36__gemma3_12b__s0\generated_model.py"", line 32, in <genexpr>
    fee_per_100sqm_by_length[l] * variables[f""x_{s}_{l}""]
    ~~~~~~~~~~~~~~~~~~~~~~~~^^^
KeyError: 1"
p36__gemma3_12b__s1,gemma3:12b,36,36,1,code_failure,code_failure,code_failure,clean_fenced,False,False,False,False,,,,,,1741849203fbf3e6069f8706cfcba89240297e96c2b5094448785840a75bbe51,106.537,2308,972,False,,,none,,,,,,,0,0,0,runtime_error,"Traceback (most recent call last):
  File ""C:\Users\maamr\Desktop\g5\Exp_1\Final_Gemma\execution_workdirs\p36__gemma3_12b__s1\execute_generated.py"", line 48, in <module>
    result = module.solve(data)
             ^^^^^^^^^^^^^^^^^^
  File ""C:\Users\maamr\Desktop\g5\Exp_1\Final_Gemma\execution_workdirs\p36__gemma3_12b__s1\generated_model.py"", line 75, in solve
    model, variables = build_model(data)
                       ^^^^^^^^^^^^^^^^^
  File ""C:\Users\maamr\Desktop\g5\Exp_1\Final_Gemma\execution_workdirs\p36__gemma3_12b__s1\generated_model.py"", line 31, in build_model
    objective = gp.quicksum(
                ^^^^^^^^^^^^
  File ""src/gurobipy/_helpers.pyx"", line 41, in gurobipy._helpers.quicksum
  File ""C:\Users\maamr\Desktop\g5\Exp_1\Final_Gemma\execution_workdirs\p36__gemma3_12b__s1\generated_model.py"", line 32, in <genexpr>
    fee_per_100sqm_by_length[l] * variables[f""x_{s}_{l}""]
    ~~~~~~~~~~~~~~~~~~~~~~~~^^^
KeyError: 1"
p36__gemma3_12b__s2,gemma3:12b,36,36,2,code_failure,code_failure,code_failure,clean_fenced,False,False,False,False,,,,,,1741849203fbf3e6069f8706cfcba89240297e96c2b5094448785840a75bbe51,111.628,2308,1023,False,,,none,,,,,,,0,0,0,runtime_error,"Traceback (most recent call last):
  File ""C:\Users\maamr\Desktop\g5\Exp_1\Final_Gemma\execution_workdirs\p36__gemma3_12b__s2\execute_generated.py"", line 48, in <module>
    result = module.solve(data)
             ^^^^^^^^^^^^^^^^^^
  File ""C:\Users\maamr\Desktop\g5\Exp_1\Final_Gemma\execution_workdirs\p36__gemma3_12b__s2\generated_model.py"", line 74, in solve
    model, variables = build_model(data)
                       ^^^^^^^^^^^^^^^^^
  File ""C:\Users\maamr\Desktop\g5\Exp_1\Final_Gemma\execution_workdirs\p36__gemma3_12b__s2\generated_model.py"", line 36, in build_model
    objective = gp.quicksum(
                ^^^^^^^^^^^^
  File ""src/gurobipy/_helpers.pyx"", line 41, in gurobipy._helpers.quicksum
  File ""C:\Users\maamr\Desktop\g5\Exp_1\Final_Gemma\execution_workdirs\p36__gemma3_12b__s2\generated_model.py"", line 37, in <genexpr>
    fee_per_100sqm_by_length[l] * variables[f""x_{s}_{l}""]
    ~~~~~~~~~~~~~~~~~~~~~~~~^^^
KeyError: 1"
p36__gemma3_12b__s3,gemma3:12b,36,36,3,code_failure,code_failure,code_failure,clean_fenced,False,False,False,False,,,,,,1741849203fbf3e6069f8706cfcba89240297e96c2b5094448785840a75bbe51,129.042,2308,1295,False,,,none,,,,,,,0,0,0,runtime_error,"Traceback (most recent call last):
  File ""C:\Users\maamr\Desktop\g5\Exp_1\Final_Gemma\execution_workdirs\p36__gemma3_12b__s3\execute_generated.py"", line 48, in <module>
    result = module.solve(data)
             ^^^^^^^^^^^^^^^^^^
  File ""C:\Users\maamr\Desktop\g5\Exp_1\Final_Gemma\execution_workdirs\p36__gemma3_12b__s3\generated_model.py"", line 84, in solve
    model, variables = build_model(data)
                       ^^^^^^^^^^^^^^^^^
  File ""C:\Users\maamr\Desktop\g5\Exp_1\Final_Gemma\execution_workdirs\p36__gemma3_12b__s3\generated_model.py"", line 35, in build_model
    objective = gp.quicksum(
                ^^^^^^^^^^^^
  File ""src/gurobipy/_helpers.pyx"", line 41, in gurobipy._helpers.quicksum
  File ""C:\Users\maamr\Desktop\g5\Exp_1\Final_Gemma\execution_workdirs\p36__gemma3_12b__s3\generated_model.py"", line 36, in <genexpr>
    fee_per_100sqm_by_length[l] * variables[f""x_{s}_{l}""]
    ~~~~~~~~~~~~~~~~~~~~~~~~^^^
KeyError: 1"
p36__gemma3_12b__s4,gemma3:12b,36,36,4,code_failure,code_failure,code_failure,clean_fenced,False,False,False,False,,,,,,1741849203fbf3e6069f8706cfcba89240297e96c2b5094448785840a75bbe51,105.196,2308,987,False,,,none,,,,,,,0,0,0,runtime_error,"Traceback (most recent call last):
  File ""C:\Users\maamr\Desktop\g5\Exp_1\Final_Gemma\execution_workdirs\p36__gemma3_12b__s4\execute_generated.py"", line 48, in <module>
    result = module.solve(data)
             ^^^^^^^^^^^^^^^^^^
  File ""C:\Users\maamr\Desktop\g5\Exp_1\Final_Gemma\execution_workdirs\p36__gemma3_12b__s4\generated_model.py"", line 79, in solve
    model, variables = build_model(data)
                       ^^^^^^^^^^^^^^^^^
  File ""C:\Users\maamr\Desktop\g5\Exp_1\Final_Gemma\execution_workdirs\p36__gemma3_12b__s4\generated_model.py"", line 52, in build_model
    gp.quicksum(variables[f""x_{s}_{l}""] for l in contract_lengths if l == 4) <= 0,
    ^^^^^^^^^^^^^^^^^^^^^^^^^^^^^^^^^^^^^^^^^^^^^^^^^^^^^^^^^^^^^^^^^^^^^^^^
  File ""src/gurobipy/_helpers.pyx"", line 41, in gurobipy._helpers.quicksum
  File ""C:\Users\maamr\Desktop\g5\Exp_1\Final_Gemma\execution_workdirs\p36__gemma3_12b__s4\generated_model.py"", line 52, in <genexpr>
    gp.quicksum(variables[f""x_{s}_{l}""] for l in contract_lengths if l == 4) <= 0,
                ~~~~~~~~~^^^^^^^^^^^^^^
KeyError: 'x_2_4'"
p36__gemma3_12b__s5,gemma3:12b,36,36,5,code_failure,code_failure,code_failure,clean_fenced,False,False,False,False,,,,,,1741849203fbf3e6069f8706cfcba89240297e96c2b5094448785840a75bbe51,101.554,2308,886,False,,,none,,,,,,,0,0,0,runtime_error,"Traceback (most recent call last):
  File ""C:\Users\maamr\Desktop\g5\Exp_1\Final_Gemma\execution_workdirs\p36__gemma3_12b__s5\execute_generated.py"", line 48, in <module>
    result = module.solve(data)
             ^^^^^^^^^^^^^^^^^^
  File ""C:\Users\maamr\Desktop\g5\Exp_1\Final_Gemma\execution_workdirs\p36__gemma3_12b__s5\generated_model.py"", line 67, in solve
    model, variables = build_model(data)
                       ^^^^^^^^^^^^^^^^^
  File ""C:\Users\maamr\Desktop\g5\Exp_1\Final_Gemma\execution_workdirs\p36__gemma3_12b__s5\generated_model.py"", line 31, in build_model
    objective = gp.quicksum(
                ^^^^^^^^^^^^
  File ""src/gurobipy/_helpers.pyx"", line 41, in gurobipy._helpers.quicksum
  File ""C:\Users\maamr\Desktop\g5\Exp_1\Final_Gemma\execution_workdirs\p36__gemma3_12b__s5\generated_model.py"", line 32, in <genexpr>
    fee_per_100sqm_by_length[l] * variables[f""x_{s}_{l}""]
    ~~~~~~~~~~~~~~~~~~~~~~~~^^^
KeyError: 1"
p36__gemma3_12b__s6,gemma3:12b,36,36,6,code_failure,code_failure,code_failure,clean_fenced,False,False,False,False,,,,,,1741849203fbf3e6069f8706cfcba89240297e96c2b5094448785840a75bbe51,105.184,2308,988,False,,,none,,,,,,,0,0,0,runtime_error,"Traceback (most recent call last):
  File ""C:\Users\maamr\Desktop\g5\Exp_1\Final_Gemma\execution_workdirs\p36__gemma3_12b__s6\execute_generated.py"", line 48, in <module>
    result = module.solve(data)
             ^^^^^^^^^^^^^^^^^^
  File ""C:\Users\maamr\Desktop\g5\Exp_1\Final_Gemma\execution_workdirs\p36__gemma3_12b__s6\generated_model.py"", line 75, in solve
    model, variables = build_model(data)
                       ^^^^^^^^^^^^^^^^^
  File ""C:\Users\maamr\Desktop\g5\Exp_1\Final_Gemma\execution_workdirs\p36__gemma3_12b__s6\generated_model.py"", line 31, in build_model
    objective = gp.quicksum(
                ^^^^^^^^^^^^
  File ""src/gurobipy/_helpers.pyx"", line 41, in gurobipy._helpers.quicksum
  File ""C:\Users\maamr\Desktop\g5\Exp_1\Final_Gemma\execution_workdirs\p36__gemma3_12b__s6\generated_model.py"", line 32, in <genexpr>
    fee_per_100sqm_by_length[l] * variables[f""x_{s}_{l}""]
    ~~~~~~~~~~~~~~~~~~~~~~~~^^^
KeyError: 1"
p36__gemma3_12b__s7,gemma3:12b,36,36,7,code_failure,code_failure,code_failure,clean_fenced,False,False,False,False,,,,,,1741849203fbf3e6069f8706cfcba89240297e96c2b5094448785840a75bbe51,125.592,2308,1213,False,,,none,,,,,,,0,0,0,runtime_error,"Traceback (most recent call last):
  File ""C:\Users\maamr\Desktop\g5\Exp_1\Final_Gemma\execution_workdirs\p36__gemma3_12b__s7\execute_generated.py"", line 48, in <module>
    result = module.solve(data)
             ^^^^^^^^^^^^^^^^^^
  File ""C:\Users\maamr\Desktop\g5\Exp_1\Final_Gemma\execution_workdirs\p36__gemma3_12b__s7\generated_model.py"", line 75, in solve
    model, variables = build_model(data)
                       ^^^^^^^^^^^^^^^^^
  File ""C:\Users\maamr\Desktop\g5\Exp_1\Final_Gemma\execution_workdirs\p36__gemma3_12b__s7\generated_model.py"", line 31, in build_model
    objective = gp.quicksum(
                ^^^^^^^^^^^^
  File ""src/gurobipy/_helpers.pyx"", line 41, in gurobipy._helpers.quicksum
  File ""C:\Users\maamr\Desktop\g5\Exp_1\Final_Gemma\execution_workdirs\p36__gemma3_12b__s7\generated_model.py"", line 32, in <genexpr>
    fee_per_100sqm_by_length[l] * variables[f""x_{s}_{l}""]
    ~~~~~~~~~~~~~~~~~~~~~~~~^^^
KeyError: 1"
p36__gemma3_12b__s8,gemma3:12b,36,36,8,code_failure,code_failure,code_failure,clean_fenced,False,False,False,False,,,,,,1741849203fbf3e6069f8706cfcba89240297e96c2b5094448785840a75bbe51,121.559,2308,1197,False,,,none,,,,,,,0,0,0,runtime_error,"Traceback (most recent call last):
  File ""C:\Users\maamr\Desktop\g5\Exp_1\Final_Gemma\execution_workdirs\p36__gemma3_12b__s8\execute_generated.py"", line 48, in <module>
    result = module.solve(data)
             ^^^^^^^^^^^^^^^^^^
  File ""C:\Users\maamr\Desktop\g5\Exp_1\Final_Gemma\execution_workdirs\p36__gemma3_12b__s8\generated_model.py"", line 73, in solve
    model, variables = build_model(data)
                       ^^^^^^^^^^^^^^^^^
  File ""C:\Users\maamr\Desktop\g5\Exp_1\Final_Gemma\execution_workdirs\p36__gemma3_12b__s8\generated_model.py"", line 31, in build_model
    objective = gp.quicksum(
                ^^^^^^^^^^^^
  File ""src/gurobipy/_helpers.pyx"", line 41, in gurobipy._helpers.quicksum
  File ""C:\Users\maamr\Desktop\g5\Exp_1\Final_Gemma\execution_workdirs\p36__gemma3_12b__s8\generated_model.py"", line 32, in <genexpr>
    fee_per_100sqm_by_length[l] * variables[f""x_{s}_{l}""]
    ~~~~~~~~~~~~~~~~~~~~~~~~^^^
KeyError: 1"
p36__gemma3_12b__s9,gemma3:12b,36,36,9,code_failure,code_failure,code_failure,clean_fenced,False,False,False,False,,,,,,1741849203fbf3e6069f8706cfcba89240297e96c2b5094448785840a75bbe51,114.391,2308,1095,False,,,none,,,,,,,0,0,0,runtime_error,"Traceback (most recent call last):
  File ""C:\Users\maamr\Desktop\g5\Exp_1\Final_Gemma\execution_workdirs\p36__gemma3_12b__s9\execute_generated.py"", line 48, in <module>
    result = module.solve(data)
             ^^^^^^^^^^^^^^^^^^
  File ""C:\Users\maamr\Desktop\g5\Exp_1\Final_Gemma\execution_workdirs\p36__gemma3_12b__s9\generated_model.py"", line 89, in solve
    model, variables = build_model(data)
                       ^^^^^^^^^^^^^^^^^
  File ""C:\Users\maamr\Desktop\g5\Exp_1\Final_Gemma\execution_workdirs\p36__gemma3_12b__s9\generated_model.py"", line 35, in build_model
    objective = gp.quicksum(
                ^^^^^^^^^^^^
  File ""src/gurobipy/_helpers.pyx"", line 41, in gurobipy._helpers.quicksum
  File ""C:\Users\maamr\Desktop\g5\Exp_1\Final_Gemma\execution_workdirs\p36__gemma3_12b__s9\generated_model.py"", line 36, in <genexpr>
    fee_per_100sqm_by_length[l] * variables[f""x_{s}_{l}""]
    ~~~~~~~~~~~~~~~~~~~~~~~~^^^
KeyError: 1"
p37__gemma3_12b__s0,gemma3:12b,37,37,0,code_failure,code_failure,code_failure,clean_fenced,False,False,False,False,,,,,,7074a3c288e27997c8ca33783d68aac2ca27e5304017768b74f0b427349653bc,135.634,1691,1415,False,,,none,,,,,,,0,0,0,runtime_error,"Traceback (most recent call last):
  File ""C:\Users\maamr\Desktop\g5\Exp_1\Final_Gemma\execution_workdirs\p37__gemma3_12b__s0\execute_generated.py"", line 48, in <module>
    result = module.solve(data)
             ^^^^^^^^^^^^^^^^^^
  File ""C:\Users\maamr\Desktop\g5\Exp_1\Final_Gemma\execution_workdirs\p37__gemma3_12b__s0\generated_model.py"", line 72, in solve
    model, variables = build_model(data)
                       ^^^^^^^^^^^^^^^^^
  File ""C:\Users\maamr\Desktop\g5\Exp_1\Final_Gemma\execution_workdirs\p37__gemma3_12b__s0\generated_model.py"", line 52, in build_model
    model.addConstr(variables[""cash_2""] == variables[""cash_1""] - (data[""purchase_price""][1] * variables[""buy_1""]) + (data[""selling_price""][1] * variables[""sell_1""]))
                                                                  ~~~~~~~~~~~~~~~~~~~~~~^^^
KeyError: 1"
p37__gemma3_12b__s1,gemma3:12b,37,37,1,code_failure,code_failure,code_failure,clean_fenced,False,False,False,False,,,,,,7074a3c288e27997c8ca33783d68aac2ca27e5304017768b74f0b427349653bc,144.279,1691,1545,False,,,none,,,,,,,0,0,0,runtime_error,"Traceback (most recent call last):
  File ""C:\Users\maamr\Desktop\g5\Exp_1\Final_Gemma\execution_workdirs\p37__gemma3_12b__s1\execute_generated.py"", line 48, in <module>
    result = module.solve(data)
             ^^^^^^^^^^^^^^^^^^
  File ""C:\Users\maamr\Desktop\g5\Exp_1\Final_Gemma\execution_workdirs\p37__gemma3_12b__s1\generated_model.py"", line 88, in solve
    model, variables = build_model(data)
                       ^^^^^^^^^^^^^^^^^
  File ""C:\Users\maamr\Desktop\g5\Exp_1\Final_Gemma\execution_workdirs\p37__gemma3_12b__s1\generated_model.py"", line 54, in build_model
    variables[""cash_1""] == data[""initial_cash""] - variables[""buy_1""] - variables[""sell_1""] * data[""selling_price""][1], ""cash_flow_1""
                                                                                             ~~~~~~~~~~~~~~~~~~~~~^^^
KeyError: 1"
p37__gemma3_12b__s2,gemma3:12b,37,37,2,code_failure,code_failure,code_failure,clean_fenced,False,False,False,False,,,,,,7074a3c288e27997c8ca33783d68aac2ca27e5304017768b74f0b427349653bc,139.796,1691,1465,False,,,none,,,,,,,0,0,0,runtime_error,"Traceback (most recent call last):
  File ""C:\Users\maamr\Desktop\g5\Exp_1\Final_Gemma\execution_workdirs\p37__gemma3_12b__s2\execute_generated.py"", line 48, in <module>
    result = module.solve(data)
             ^^^^^^^^^^^^^^^^^^
  File ""C:\Users\maamr\Desktop\g5\Exp_1\Final_Gemma\execution_workdirs\p37__gemma3_12b__s2\generated_model.py"", line 74, in solve
    model, variables = build_model(data)
                       ^^^^^^^^^^^^^^^^^
  File ""C:\Users\maamr\Desktop\g5\Exp_1\Final_Gemma\execution_workdirs\p37__gemma3_12b__s2\generated_model.py"", line 60, in build_model
    data[""selling_price""][1] * variables[""sell_1""] - data[""purchase_price""][1] * variables[""buy_1""] +
    ~~~~~~~~~~~~~~~~~~~~~^^^
KeyError: 1"
p37__gemma3_12b__s3,gemma3:12b,37,37,3,code_failure,code_failure,code_failure,clean_fenced,False,False,False,False,,,,,,7074a3c288e27997c8ca33783d68aac2ca27e5304017768b74f0b427349653bc,128.069,1691,1311,False,,,none,,,,,,,0,0,0,runtime_error,"Traceback (most recent call last):
  File ""C:\Users\maamr\Desktop\g5\Exp_1\Final_Gemma\execution_workdirs\p37__gemma3_12b__s3\execute_generated.py"", line 48, in <module>
    result = module.solve(data)
             ^^^^^^^^^^^^^^^^^^
  File ""C:\Users\maamr\Desktop\g5\Exp_1\Final_Gemma\execution_workdirs\p37__gemma3_12b__s3\generated_model.py"", line 69, in solve
    model, variables = build_model(data)
                       ^^^^^^^^^^^^^^^^^
  File ""C:\Users\maamr\Desktop\g5\Exp_1\Final_Gemma\execution_workdirs\p37__gemma3_12b__s3\generated_model.py"", line 62, in build_model
    profit = gp.quicksum([data[""selling_price""][str(i)] * variables[""sell_i""] - data[""purchase_price""][str(i)] * variables[""buy_i""] for i in data[""months""]])
                                                          ~~~~~~~~~^^^^^^^^^^
KeyError: 'sell_i'"
p37__gemma3_12b__s4,gemma3:12b,37,37,4,code_failure,code_failure,code_failure,clean_fenced,False,False,False,False,,,,,,7074a3c288e27997c8ca33783d68aac2ca27e5304017768b74f0b427349653bc,144.329,1691,1536,False,,,none,,,,,,,0,0,0,runtime_error,"Traceback (most recent call last):
  File ""C:\Users\maamr\Desktop\g5\Exp_1\Final_Gemma\execution_workdirs\p37__gemma3_12b__s4\execute_generated.py"", line 48, in <module>
    result = module.solve(data)
             ^^^^^^^^^^^^^^^^^^
  File ""C:\Users\maamr\Desktop\g5\Exp_1\Final_Gemma\execution_workdirs\p37__gemma3_12b__s4\generated_model.py"", line 101, in solve
    objective = model.ObjVal
                ^^^^^^^^^^^^
  File ""src/gurobipy/_model.pyx"", line 399, in gurobipy._model.Model.__getattr__
  File ""src/gurobipy/_model.pyx"", line 2226, in gurobipy._model.Model.getAttr
  File ""src/gurobipy/_attrutil.pyx"", line 119, in gurobipy._attrutil._getattr
AttributeError: Unable to retrieve attribute 'ObjVal'. Did you mean: 'ObjNVal'?"
p37__gemma3_12b__s5,gemma3:12b,37,37,5,code_failure,code_failure,code_failure,clean_fenced,False,False,False,False,,,,,,7074a3c288e27997c8ca33783d68aac2ca27e5304017768b74f0b427349653bc,144.222,1691,1519,False,,,none,,,,,,,0,0,0,runtime_error,"Traceback (most recent call last):
  File ""C:\Users\maamr\Desktop\g5\Exp_1\Final_Gemma\execution_workdirs\p37__gemma3_12b__s5\execute_generated.py"", line 48, in <module>
    result = module.solve(data)
             ^^^^^^^^^^^^^^^^^^
  File ""C:\Users\maamr\Desktop\g5\Exp_1\Final_Gemma\execution_workdirs\p37__gemma3_12b__s5\generated_model.py"", line 111, in solve
    model, variables = build_model(data)
                       ^^^^^^^^^^^^^^^^^
  File ""C:\Users\maamr\Desktop\g5\Exp_1\Final_Gemma\execution_workdirs\p37__gemma3_12b__s5\generated_model.py"", line 97, in build_model
    data[""selling_price""][1] * variables[""sell_1""]
    ~~~~~~~~~~~~~~~~~~~~~^^^
KeyError: 1"
p37__gemma3_12b__s6,gemma3:12b,37,37,6,code_failure,code_failure,code_failure,clean_fenced,False,False,False,False,,,,,,7074a3c288e27997c8ca33783d68aac2ca27e5304017768b74f0b427349653bc,143.474,1691,1470,False,,,none,,,,,,,0,0,0,runtime_error,"Traceback (most recent call last):
  File ""C:\Users\maamr\Desktop\g5\Exp_1\Final_Gemma\execution_workdirs\p37__gemma3_12b__s6\execute_generated.py"", line 48, in <module>
    result = module.solve(data)
             ^^^^^^^^^^^^^^^^^^
  File ""C:\Users\maamr\Desktop\g5\Exp_1\Final_Gemma\execution_workdirs\p37__gemma3_12b__s6\generated_model.py"", line 74, in solve
    model, variables = build_model(data)
                       ^^^^^^^^^^^^^^^^^
  File ""C:\Users\maamr\Desktop\g5\Exp_1\Final_Gemma\execution_workdirs\p37__gemma3_12b__s6\generated_model.py"", line 60, in build_model
    data[""selling_price""][1] * variables[""sell_1""] - data[""purchase_price""][1] * variables[""buy_1""] +
    ~~~~~~~~~~~~~~~~~~~~~^^^
KeyError: 1"
p37__gemma3_12b__s7,gemma3:12b,37,37,7,code_failure,code_failure,code_failure,clean_fenced,False,False,False,False,,,,,,7074a3c288e27997c8ca33783d68aac2ca27e5304017768b74f0b427349653bc,142.752,1691,1480,False,,,none,,,,,,,0,0,0,runtime_error,"Traceback (most recent call last):
  File ""C:\Users\maamr\Desktop\g5\Exp_1\Final_Gemma\execution_workdirs\p37__gemma3_12b__s7\execute_generated.py"", line 48, in <module>
    result = module.solve(data)
             ^^^^^^^^^^^^^^^^^^
  File ""C:\Users\maamr\Desktop\g5\Exp_1\Final_Gemma\execution_workdirs\p37__gemma3_12b__s7\generated_model.py"", line 83, in solve
    model, variables = build_model(data)
                       ^^^^^^^^^^^^^^^^^
  File ""C:\Users\maamr\Desktop\g5\Exp_1\Final_Gemma\execution_workdirs\p37__gemma3_12b__s7\generated_model.py"", line 67, in build_model
    data[""selling_price""][1] * variables[""sell_1""] - data[""purchase_price""][1] * variables[""buy_1""] +
    ~~~~~~~~~~~~~~~~~~~~~^^^
KeyError: 1"
p37__gemma3_12b__s8,gemma3:12b,37,37,8,code_failure,code_failure,code_failure,clean_fenced,False,False,False,False,,,,,,7074a3c288e27997c8ca33783d68aac2ca27e5304017768b74f0b427349653bc,141.168,1691,1480,False,,,none,,,,,,,0,0,0,runtime_error,"Traceback (most recent call last):
  File ""C:\Users\maamr\Desktop\g5\Exp_1\Final_Gemma\execution_workdirs\p37__gemma3_12b__s8\execute_generated.py"", line 48, in <module>
    result = module.solve(data)
             ^^^^^^^^^^^^^^^^^^
  File ""C:\Users\maamr\Desktop\g5\Exp_1\Final_Gemma\execution_workdirs\p37__gemma3_12b__s8\generated_model.py"", line 76, in solve
    model, variables = build_model(data)
                       ^^^^^^^^^^^^^^^^^
  File ""C:\Users\maamr\Desktop\g5\Exp_1\Final_Gemma\execution_workdirs\p37__gemma3_12b__s8\generated_model.py"", line 60, in build_model
    data[""selling_price""][1] * variables[""sell_1""] - data[""purchase_price""][1] * variables[""buy_1""] +
    ~~~~~~~~~~~~~~~~~~~~~^^^
KeyError: 1"
p37__gemma3_12b__s9,gemma3:12b,37,37,9,code_failure,code_failure,code_failure,clean_fenced,False,False,False,False,,,,,,7074a3c288e27997c8ca33783d68aac2ca27e5304017768b74f0b427349653bc,132.397,1691,1364,False,,,none,,,,,,,0,0,0,runtime_error,"Traceback (most recent call last):
  File ""C:\Users\maamr\Desktop\g5\Exp_1\Final_Gemma\execution_workdirs\p37__gemma3_12b__s9\execute_generated.py"", line 48, in <module>
    result = module.solve(data)
             ^^^^^^^^^^^^^^^^^^
  File ""C:\Users\maamr\Desktop\g5\Exp_1\Final_Gemma\execution_workdirs\p37__gemma3_12b__s9\generated_model.py"", line 63, in solve
    model, variables = build_model(data)
                       ^^^^^^^^^^^^^^^^^
  File ""C:\Users\maamr\Desktop\g5\Exp_1\Final_Gemma\execution_workdirs\p37__gemma3_12b__s9\generated_model.py"", line 44, in build_model
    model.addConstr(variables[""cash_2""] == variables[""cash_1""] - (data[""purchase_price""][1] * variables[""buy_1""]) + (data[""selling_price""][1] * variables[""sell_1""]), ""cash_flow_1"")
                                                                  ~~~~~~~~~~~~~~~~~~~~~~^^^
KeyError: 1"
p38__gemma3_12b__s0,gemma3:12b,38,38,0,code_failure,code_failure,code_failure,recovered_unclosed_fence,False,False,False,False,,,,,,00d230ac67d88ddccbde01d7eaeb306a33e8f15ea9b642f343eb656dd0cf6efe,108.232,3121,975,False,,,none,,,,,,,0,0,0,syntax_error,"Traceback (most recent call last):
  File ""C:\Users\maamr\Desktop\g5\Exp_1\Final_Gemma\execution_workdirs\p38__gemma3_12b__s0\execute_generated.py"", line 11, in <module>
    spec.loader.exec_module(module)
  File ""<frozen importlib._bootstrap_external>"", line 995, in exec_module
  File ""<frozen importlib._bootstrap_external>"", line 1133, in get_code
  File ""<frozen importlib._bootstrap_external>"", line 1063, in source_to_code
  File ""<frozen importlib._bootstrap>"", line 488, in _call_with_frames_removed
  File ""C:\Users\maamr\Desktop\g5\Exp_1\Final_Gemma\execution_workdirs\p38__gemma3_12b__s0\generated_model.py"", line 73
    gp.quicksum([external_storage_cost_per_cubic_m_month * variables[f""external_
                                                                     ^
SyntaxError: unterminated f-string literal (detected at line 73)"
p38__gemma3_12b__s1,gemma3:12b,38,38,1,code_failure,code_failure,code_failure,recovered_unclosed_fence,False,False,False,False,,,,,,00d230ac67d88ddccbde01d7eaeb306a33e8f15ea9b642f343eb656dd0cf6efe,120.182,3121,975,False,,,none,,,,,,,0,0,0,syntax_error,"Traceback (most recent call last):
  File ""C:\Users\maamr\Desktop\g5\Exp_1\Final_Gemma\execution_workdirs\p38__gemma3_12b__s1\execute_generated.py"", line 11, in <module>
    spec.loader.exec_module(module)
  File ""<frozen importlib._bootstrap_external>"", line 995, in exec_module
  File ""<frozen importlib._bootstrap_external>"", line 1133, in get_code
  File ""<frozen importlib._bootstrap_external>"", line 1063, in source_to_code
  File ""<frozen importlib._bootstrap>"", line 488, in _call_with_frames_removed
  File ""C:\Users\maamr\Desktop\g5\Exp_1\Final_Gemma\execution_workdirs\p38__gemma3_12b__s1\generated_model.py"", line 72
    gp.quicksum([external_storage_cost_
                ^
SyntaxError: '[' was never closed"
p38__gemma3_12b__s2,gemma3:12b,38,38,2,code_failure,code_failure,code_failure,recovered_unclosed_fence,False,False,False,False,,,,,,00d230ac67d88ddccbde01d7eaeb306a33e8f15ea9b642f343eb656dd0cf6efe,112.387,3121,975,False,,,none,,,,,,,0,0,0,syntax_error,"Traceback (most recent call last):
  File ""C:\Users\maamr\Desktop\g5\Exp_1\Final_Gemma\execution_workdirs\p38__gemma3_12b__s2\execute_generated.py"", line 11, in <module>
    spec.loader.exec_module(module)
  File ""<frozen importlib._bootstrap_external>"", line 995, in exec_module
  File ""<frozen importlib._bootstrap_external>"", line 1133, in get_code
  File ""<frozen importlib._bootstrap_external>"", line 1063, in source_to_code
  File ""<frozen importlib._bootstrap>"", line 488, in _call_with_frames_removed
  File ""C:\Users\maamr\Desktop\g5\Exp_1\Final_Gemma\execution_workdirs\p38__gemma3_12b__s2\generated_model.py"", line 72
    gp.quicksum([external_storage_cost_
                ^
SyntaxError: '[' was never closed"
p38__gemma3_12b__s3,gemma3:12b,38,38,3,code_failure,code_failure,code_failure,recovered_unclosed_fence,False,False,False,False,,,,,,00d230ac67d88ddccbde01d7eaeb306a33e8f15ea9b642f343eb656dd0cf6efe,115.748,3121,975,False,,,none,,,,,,,0,0,0,syntax_error,"Traceback (most recent call last):
  File ""C:\Users\maamr\Desktop\g5\Exp_1\Final_Gemma\execution_workdirs\p38__gemma3_12b__s3\execute_generated.py"", line 11, in <module>
    spec.loader.exec_module(module)
  File ""<frozen importlib._bootstrap_external>"", line 995, in exec_module
  File ""<frozen importlib._bootstrap_external>"", line 1133, in get_code
  File ""<frozen importlib._bootstrap_external>"", line 1063, in source_to_code
  File ""<frozen importlib._bootstrap>"", line 488, in _call_with_frames_removed
  File ""C:\Users\maamr\Desktop\g5\Exp_1\Final_Gemma\execution_workdirs\p38__gemma3_12b__s3\generated_model.py"", line 72
    gp.quicksum([external_storage_cost_
                ^
SyntaxError: '[' was never closed"
p38__gemma3_12b__s4,gemma3:12b,38,38,4,code_failure,code_failure,code_failure,recovered_unclosed_fence,False,False,False,False,,,,,,00d230ac67d88ddccbde01d7eaeb306a33e8f15ea9b642f343eb656dd0cf6efe,108.422,3121,975,False,,,none,,,,,,,0,0,0,syntax_error,"Traceback (most recent call last):
  File ""C:\Users\maamr\Desktop\g5\Exp_1\Final_Gemma\execution_workdirs\p38__gemma3_12b__s4\execute_generated.py"", line 11, in <module>
    spec.loader.exec_module(module)
  File ""<frozen importlib._bootstrap_external>"", line 995, in exec_module
  File ""<frozen importlib._bootstrap_external>"", line 1133, in get_code
  File ""<frozen importlib._bootstrap_external>"", line 1063, in source_to_code
  File ""<frozen importlib._bootstrap>"", line 488, in _call_with_frames_removed
  File ""C:\Users\maamr\Desktop\g5\Exp_1\Final_Gemma\execution_workdirs\p38__gemma3_12b__s4\generated_model.py"", line 101
    gp.quicksum([own_storage_cost_per_cubic_m_month * variables[f
                                                               ^
SyntaxError: '[' was never closed"
p38__gemma3_12b__s5,gemma3:12b,38,38,5,code_failure,code_failure,code_failure,recovered_unclosed_fence,False,False,False,False,,,,,,00d230ac67d88ddccbde01d7eaeb306a33e8f15ea9b642f343eb656dd0cf6efe,119.789,3121,975,False,,,none,,,,,,,0,0,0,syntax_error,"Traceback (most recent call last):
  File ""C:\Users\maamr\Desktop\g5\Exp_1\Final_Gemma\execution_workdirs\p38__gemma3_12b__s5\execute_generated.py"", line 11, in <module>
    spec.loader.exec_module(module)
  File ""<frozen importlib._bootstrap_external>"", line 995, in exec_module
  File ""<frozen importlib._bootstrap_external>"", line 1133, in get_code
  File ""<frozen importlib._bootstrap_external>"", line 1063, in source_to_code
  File ""<frozen importlib._bootstrap>"", line 488, in _call_with_frames_removed
  File ""C:\Users\maamr\Desktop\g5\Exp_1\Final_Gemma\execution_workdirs\p38__gemma3_12b__s5\generated_model.py"", line 105
    [
    ^
SyntaxError: '[' was never closed"
p38__gemma3_12b__s6,gemma3:12b,38,38,6,code_failure,code_failure,code_failure,recovered_unclosed_fence,False,False,False,False,,,,,,00d230ac67d88ddccbde01d7eaeb306a33e8f15ea9b642f343eb656dd0cf6efe,120.153,3121,975,False,,,none,,,,,,,0,0,0,syntax_error,"Traceback (most recent call last):
  File ""C:\Users\maamr\Desktop\g5\Exp_1\Final_Gemma\execution_workdirs\p38__gemma3_12b__s6\execute_generated.py"", line 11, in <module>
    spec.loader.exec_module(module)
  File ""<frozen importlib._bootstrap_external>"", line 995, in exec_module
  File ""<frozen importlib._bootstrap_external>"", line 1133, in get_code
  File ""<frozen importlib._bootstrap_external>"", line 1063, in source_to_code
  File ""<frozen importlib._bootstrap>"", line 488, in _call_with_frames_removed
  File ""C:\Users\maamr\Desktop\g5\Exp_1\Final_Gemma\execution_workdirs\p38__gemma3_12b__s6\generated_model.py"", line 73
    gp.quicksum([external_storage_cost_per_cubic_m_month * variables[f""external_
                                                                     ^
SyntaxError: unterminated f-string literal (detected at line 73)"
p38__gemma3_12b__s7,gemma3:12b,38,38,7,code_failure,code_failure,code_failure,recovered_unclosed_fence,False,False,False,False,,,,,,00d230ac67d88ddccbde01d7eaeb306a33e8f15ea9b642f343eb656dd0cf6efe,108.518,3121,975,False,,,none,,,,,,,0,0,0,syntax_error,"Traceback (most recent call last):
  File ""C:\Users\maamr\Desktop\g5\Exp_1\Final_Gemma\execution_workdirs\p38__gemma3_12b__s7\execute_generated.py"", line 11, in <module>
    spec.loader.exec_module(module)
  File ""<frozen importlib._bootstrap_external>"", line 995, in exec_module
  File ""<frozen importlib._bootstrap_external>"", line 1133, in get_code
  File ""<frozen importlib._bootstrap_external>"", line 1063, in source_to_code
  File ""<frozen importlib._bootstrap>"", line 488, in _call_with_frames_removed
  File ""C:\Users\maamr\Desktop\g5\Exp_1\Final_Gemma\execution_workdirs\p38__gemma3_12b__s7\generated_model.py"", line 97
    for var in variables.values():
                                  ^
IndentationError: expected an indented block after 'for' statement on line 97"
p38__gemma3_12b__s8,gemma3:12b,38,38,8,code_failure,code_failure,code_failure,recovered_unclosed_fence,False,False,False,False,,,,,,00d230ac67d88ddccbde01d7eaeb306a33e8f15ea9b642f343eb656dd0cf6efe,105.585,3121,975,False,,,none,,,,,,,0,0,0,syntax_error,"Traceback (most recent call last):
  File ""C:\Users\maamr\Desktop\g5\Exp_1\Final_Gemma\execution_workdirs\p38__gemma3_12b__s8\execute_generated.py"", line 11, in <module>
    spec.loader.exec_module(module)
  File ""<frozen importlib._bootstrap_external>"", line 995, in exec_module
  File ""<frozen importlib._bootstrap_external>"", line 1133, in get_code
  File ""<frozen importlib._bootstrap_external>"", line 1063, in source_to_code
  File ""<frozen importlib._bootstrap>"", line 488, in _call_with_frames_removed
  File ""C:\Users\maamr\Desktop\g5\Exp_1\Final_Gemma\execution_workdirs\p38__gemma3_12b__s8\generated_model.py"", line 73
    gp.quicksum([external_storage_cost_per_cubic_m_month * variables[f""external
                                                                     ^
SyntaxError: unterminated f-string literal (detected at line 73)"
p38__gemma3_12b__s9,gemma3:12b,38,38,9,code_failure,code_failure,code_failure,recovered_unclosed_fence,False,False,False,False,,,,,,00d230ac67d88ddccbde01d7eaeb306a33e8f15ea9b642f343eb656dd0cf6efe,113.343,3121,975,False,,,none,,,,,,,0,0,0,syntax_error,"Traceback (most recent call last):
  File ""C:\Users\maamr\Desktop\g5\Exp_1\Final_Gemma\execution_workdirs\p38__gemma3_12b__s9\execute_generated.py"", line 11, in <module>
    spec.loader.exec_module(module)
  File ""<frozen importlib._bootstrap_external>"", line 995, in exec_module
  File ""<frozen importlib._bootstrap_external>"", line 1133, in get_code
  File ""<frozen importlib._bootstrap_external>"", line 1063, in source_to_code
  File ""<frozen importlib._bootstrap>"", line 488, in _call_with_frames_removed
  File ""C:\Users\maamr\Desktop\g5\Exp_1\Final_Gemma\execution_workdirs\p38__gemma3_12b__s9\generated_model.py"", line 72
    gp.quicksum([external_storage_cost_
                ^
SyntaxError: '[' was never closed"
p39__gemma3_12b__s0,gemma3:12b,39,39,0,loud_bug,loud_bug,loud_bug,clean_fenced,True,True,False,True,"p39.R_prec_E_F.C1,p39.R_prec_F_B.C1,p39.R_cmax_C.C1,p39.R_cmax_E.C1,p39.R_cmax_F.C1,p39.R_machine_span.C1,p39.obj.C2","p39.R_prec_E_F.C1,p39.R_prec_F_B.C1,p39.R_cmax_C.C1,p39.R_cmax_E.C1,p39.R_cmax_F.C1,p39.R_machine_span.C1",,,,d7f2323e3280451a0ee3c343967405eabe5108e6262c32b8e897b31946c56d49,135.921,1641,1391,False,,,none,,17,16,16,17,33,6,0,6,,
p39__gemma3_12b__s1,gemma3:12b,39,39,1,code_failure,code_failure,code_failure,clean_fenced,False,False,False,False,,,,,,d7f2323e3280451a0ee3c343967405eabe5108e6262c32b8e897b31946c56d49,131.285,1641,1375,False,,,none,,,,,,,0,0,0,runtime_error,"Traceback (most recent call last):
  File ""C:\Users\maamr\Desktop\g5\Exp_1\Final_Gemma\execution_workdirs\p39__gemma3_12b__s1\execute_generated.py"", line 48, in <module>
    result = module.solve(data)
             ^^^^^^^^^^^^^^^^^^
  File ""C:\Users\maamr\Desktop\g5\Exp_1\Final_Gemma\execution_workdirs\p39__gemma3_12b__s1\generated_model.py"", line 68, in solve
    model, variables = build_model(data)
                       ^^^^^^^^^^^^^^^^^
  File ""C:\Users\maamr\Desktop\g5\Exp_1\Final_Gemma\execution_workdirs\p39__gemma3_12b__s1\generated_model.py"", line 42, in build_model
    model.addConstr(variables[prec[1]] >= variables[prec[0]] + durations[prec[0]], name=f""precedence_{prec[0]}_{prec[1]}"")
                    ~~~~~~~~~^^^^^^^^^
KeyError: 'G'"
p39__gemma3_12b__s2,gemma3:12b,39,39,2,loud_bug,loud_bug,loud_bug,clean_fenced,True,True,False,True,"p39.R_cmax_C.C1,p39.R_machine_span.C1,p39.obj.C2","p39.R_cmax_C.C1,p39.R_machine_span.C1",,,,d7f2323e3280451a0ee3c343967405eabe5108e6262c32b8e897b31946c56d49,121.275,1641,1246,False,,,none,,17,16,16,17,33,2,0,2,,
p39__gemma3_12b__s3,gemma3:12b,39,39,3,code_failure,code_failure,code_failure,clean_fenced,False,False,False,False,,,,,,d7f2323e3280451a0ee3c343967405eabe5108e6262c32b8e897b31946c56d49,119.666,1641,1256,False,,,none,,,,,,,0,0,0,runtime_error,"Traceback (most recent call last):
  File ""C:\Users\maamr\Desktop\g5\Exp_1\Final_Gemma\execution_workdirs\p39__gemma3_12b__s3\execute_generated.py"", line 48, in <module>
    result = module.solve(data)
             ^^^^^^^^^^^^^^^^^^
  File ""C:\Users\maamr\Desktop\g5\Exp_1\Final_Gemma\execution_workdirs\p39__gemma3_12b__s3\generated_model.py"", line 73, in solve
    objective = model.ObjVal
                ^^^^^^^^^^^^
  File ""src/gurobipy/_model.pyx"", line 399, in gurobipy._model.Model.__getattr__
  File ""src/gurobipy/_model.pyx"", line 2226, in gurobipy._model.Model.getAttr
  File ""src/gurobipy/_attrutil.pyx"", line 119, in gurobipy._attrutil._getattr
AttributeError: Unable to retrieve attribute 'ObjVal'. Did you mean: 'ObjNVal'?"
p39__gemma3_12b__s4,gemma3:12b,39,39,4,loud_bug,loud_bug,loud_bug,clean_fenced,True,True,False,True,"p39.R_machine_span.C1,p39.obj.C2",p39.R_machine_span.C1,,,,d7f2323e3280451a0ee3c343967405eabe5108e6262c32b8e897b31946c56d49,138.187,1641,1482,False,,,none,,17,16,16,17,33,1,0,1,,
p39__gemma3_12b__s5,gemma3:12b,39,39,5,code_failure,code_failure,code_failure,clean_fenced,False,False,False,False,,,,,,d7f2323e3280451a0ee3c343967405eabe5108e6262c32b8e897b31946c56d49,124.181,1641,1291,False,,,none,,,,,,,0,0,0,runtime_error,"Traceback (most recent call last):
  File ""C:\Users\maamr\Desktop\g5\Exp_1\Final_Gemma\execution_workdirs\p39__gemma3_12b__s5\execute_generated.py"", line 48, in <module>
    result = module.solve(data)
             ^^^^^^^^^^^^^^^^^^
  File ""C:\Users\maamr\Desktop\g5\Exp_1\Final_Gemma\execution_workdirs\p39__gemma3_12b__s5\generated_model.py"", line 96, in solve
    ""machine_span"": variables[""machine_span""].X
                    ^^^^^^^^^^^^^^^^^^^^^^^^^^^
AttributeError: 'gurobipy._core.LinExpr' object has no attribute 'X'"
p39__gemma3_12b__s6,gemma3:12b,39,39,6,loud_bug,loud_bug,loud_bug,clean_fenced,True,True,False,True,"p39.R_prec_F_B.C1,p39.R_machine_span.C1,p39.obj.C2","p39.R_prec_F_B.C1,p39.R_machine_span.C1",,,,d7f2323e3280451a0ee3c343967405eabe5108e6262c32b8e897b31946c56d49,129.931,1641,1396,False,,,none,,17,16,16,17,33,2,0,2,,
p39__gemma3_12b__s7,gemma3:12b,39,39,7,loud_bug,loud_bug,loud_bug,clean_fenced,True,True,False,True,"p39.R_machine_span.C1,p39.obj.C2",p39.R_machine_span.C1,,,,d7f2323e3280451a0ee3c343967405eabe5108e6262c32b8e897b31946c56d49,131.169,1641,1417,False,,,none,,17,16,16,17,33,1,0,1,,
p39__gemma3_12b__s8,gemma3:12b,39,39,8,code_failure,code_failure,code_failure,clean_fenced,False,False,False,False,,,,,,d7f2323e3280451a0ee3c343967405eabe5108e6262c32b8e897b31946c56d49,139.773,1641,1530,False,,,none,,,,,,,0,0,0,runtime_error,"Traceback (most recent call last):
  File ""C:\Users\maamr\Desktop\g5\Exp_1\Final_Gemma\execution_workdirs\p39__gemma3_12b__s8\execute_generated.py"", line 48, in <module>
    result = module.solve(data)
             ^^^^^^^^^^^^^^^^^^
  File ""C:\Users\maamr\Desktop\g5\Exp_1\Final_Gemma\execution_workdirs\p39__gemma3_12b__s8\generated_model.py"", line 73, in solve
    model, variables = build_model(data)
                       ^^^^^^^^^^^^^^^^^
  File ""C:\Users\maamr\Desktop\g5\Exp_1\Final_Gemma\execution_workdirs\p39__gemma3_12b__s8\generated_model.py"", line 42, in build_model
    model.addConstr(variables[prec[1]] >= variables[prec[0]] + durations[prec[0]], name=f""precedence_{prec[0]}_{prec[1]}"")
                    ~~~~~~~~~^^^^^^^^^
KeyError: 'G'"
p39__gemma3_12b__s9,gemma3:12b,39,39,9,code_failure,code_failure,code_failure,clean_fenced,False,False,False,False,,,,,,d7f2323e3280451a0ee3c343967405eabe5108e6262c32b8e897b31946c56d49,138.555,1641,1480,False,,,none,,,,,,,0,0,0,runtime_error,"Traceback (most recent call last):
  File ""C:\Users\maamr\Desktop\g5\Exp_1\Final_Gemma\execution_workdirs\p39__gemma3_12b__s9\execute_generated.py"", line 48, in <module>
    result = module.solve(data)
             ^^^^^^^^^^^^^^^^^^
  File ""C:\Users\maamr\Desktop\g5\Exp_1\Final_Gemma\execution_workdirs\p39__gemma3_12b__s9\generated_model.py"", line 68, in solve
    model, variables = build_model(data)
                       ^^^^^^^^^^^^^^^^^
  File ""C:\Users\maamr\Desktop\g5\Exp_1\Final_Gemma\execution_workdirs\p39__gemma3_12b__s9\generated_model.py"", line 42, in build_model
    model.addConstr(variables[prec[1]] >= variables[prec[0]] + durations[prec[0]], name=f""precedence_{prec[0]}_{prec[1]}"")
                    ~~~~~~~~~^^^^^^^^^
KeyError: 'G'"
p40__gemma3_12b__s0,gemma3:12b,40,40,0,code_failure,code_failure,code_failure,recovered_unclosed_fence,False,False,False,False,,,,,,fbf640ca83aab7a2419bf405eef5e31aba5a9061b64b7e934b304cb71a94cf30,160.036,2336,1760,False,,,none,,,,,,,0,0,0,syntax_error,"Traceback (most recent call last):
  File ""C:\Users\maamr\Desktop\g5\Exp_1\Final_Gemma\execution_workdirs\p40__gemma3_12b__s0\execute_generated.py"", line 11, in <module>
    spec.loader.exec_module(module)
  File ""<frozen importlib._bootstrap_external>"", line 995, in exec_module
  File ""<frozen importlib._bootstrap_external>"", line 1133, in get_code
  File ""<frozen importlib._bootstrap_external>"", line 1063, in source_to_code
  File ""<frozen importlib._bootstrap>"", line 488, in _call_with_frames_removed
  File ""C:\Users\maamr\Desktop\g5\Exp_1\Final_Gemma\execution_workdirs\p40__gemma3_12b__s0\generated_model.py"", line 98
    ""y3_A
    ^
SyntaxError: unterminated string literal (detected at line 98)"
p40__gemma3_12b__s1,gemma3:12b,40,40,1,code_failure,code_failure,code_failure,clean_fenced,False,False,False,False,,,,,,fbf640ca83aab7a2419bf405eef5e31aba5a9061b64b7e934b304cb71a94cf30,163.298,2336,1584,False,,,none,,,,,,,0,0,0,runtime_error,"Traceback (most recent call last):
  File ""C:\Users\maamr\Desktop\g5\Exp_1\Final_Gemma\execution_workdirs\p40__gemma3_12b__s1\execute_generated.py"", line 48, in <module>
    result = module.solve(data)
             ^^^^^^^^^^^^^^^^^^
  File ""C:\Users\maamr\Desktop\g5\Exp_1\Final_Gemma\execution_workdirs\p40__gemma3_12b__s1\generated_model.py"", line 81, in solve
    model, variables = build_model(data)
                       ^^^^^^^^^^^^^^^^^
  File ""C:\Users\maamr\Desktop\g5\Exp_1\Final_Gemma\execution_workdirs\p40__gemma3_12b__s1\generated_model.py"", line 71, in build_model
    data[""method_worker_requirements""][""task2_B""][""fixed_setup_cost""] * variables[""y2_B""],
    ~~~~~~~~~~~~~~~~~~~~~~~~~~~~~~~~~~~~~~~~~~~~~^^^^^^^^^^^^^^^^^^^^
KeyError: 'fixed_setup_cost'"
p40__gemma3_12b__s2,gemma3:12b,40,40,2,code_failure,code_failure,code_failure,recovered_unclosed_fence,False,False,False,False,,,,,,fbf640ca83aab7a2419bf405eef5e31aba5a9061b64b7e934b304cb71a94cf30,175.767,2336,1760,False,,,none,,,,,,,0,0,0,syntax_error,"Traceback (most recent call last):
  File ""C:\Users\maamr\Desktop\g5\Exp_1\Final_Gemma\execution_workdirs\p40__gemma3_12b__s2\execute_generated.py"", line 11, in <module>
    spec.loader.exec_module(module)
  File ""<frozen importlib._bootstrap_external>"", line 995, in exec_module
  File ""<frozen importlib._bootstrap_external>"", line 1133, in get_code
  File ""<frozen importlib._bootstrap_external>"", line 1063, in source_to_code
  File ""<frozen importlib._bootstrap>"", line 488, in _call_with_frames_removed
  File ""C:\Users\maamr\Desktop\g5\Exp_1\Final_Gemma\execution_workdirs\p40__gemma3_12b__s2\generated_model.py"", line 93
    solution = {
               ^
SyntaxError: '{' was never closed"
p40__gemma3_12b__s3,gemma3:12b,40,40,3,code_failure,code_failure,code_failure,clean_fenced,False,False,False,False,,,,,,fbf640ca83aab7a2419bf405eef5e31aba5a9061b64b7e934b304cb71a94cf30,178.706,2336,1742,False,,,none,,,,,,,0,0,0,runtime_error,"Traceback (most recent call last):
  File ""C:\Users\maamr\Desktop\g5\Exp_1\Final_Gemma\execution_workdirs\p40__gemma3_12b__s3\execute_generated.py"", line 48, in <module>
    result = module.solve(data)
             ^^^^^^^^^^^^^^^^^^
  File ""C:\Users\maamr\Desktop\g5\Exp_1\Final_Gemma\execution_workdirs\p40__gemma3_12b__s3\generated_model.py"", line 87, in solve
    model, variables = build_model(data)
                       ^^^^^^^^^^^^^^^^^
  File ""C:\Users\maamr\Desktop\g5\Exp_1\Final_Gemma\execution_workdirs\p40__gemma3_12b__s3\generated_model.py"", line 77, in build_model
    data[""method_worker_requirements""][""task2_B""][""fixed_setup_cost""] * variables[""y2_B""],
    ~~~~~~~~~~~~~~~~~~~~~~~~~~~~~~~~~~~~~~~~~~~~~^^^^^^^^^^^^^^^^^^^^
KeyError: 'fixed_setup_cost'"
p40__gemma3_12b__s4,gemma3:12b,40,40,4,code_failure,code_failure,code_failure,recovered_unclosed_fence,False,False,False,True,,,,,,fbf640ca83aab7a2419bf405eef5e31aba5a9061b64b7e934b304cb71a94cf30,179.715,2336,1760,False,,,none,,,,,,,0,0,0,,
p40__gemma3_12b__s5,gemma3:12b,40,40,5,code_failure,code_failure,code_failure,recovered_unclosed_fence,False,False,False,False,,,,,,fbf640ca83aab7a2419bf405eef5e31aba5a9061b64b7e934b304cb71a94cf30,178.217,2336,1760,False,,,none,,,,,,,0,0,0,syntax_error,"Traceback (most recent call last):
  File ""C:\Users\maamr\Desktop\g5\Exp_1\Final_Gemma\execution_workdirs\p40__gemma3_12b__s5\execute_generated.py"", line 11, in <module>
    spec.loader.exec_module(module)
  File ""<frozen importlib._bootstrap_external>"", line 995, in exec_module
  File ""<frozen importlib._bootstrap_external>"", line 1133, in get_code
  File ""<frozen importlib._bootstrap_external>"", line 1063, in source_to_code
  File ""<frozen importlib._bootstrap>"", line 488, in _call_with_frames_removed
  File ""C:\Users\maamr\Desktop\g5\Exp_1\Final_Gemma\execution_workdirs\p40__gemma3_12b__s5\generated_model.py"", line 111
    ""total_labor"": variables[""total_
                             ^
SyntaxError: unterminated string literal (detected at line 111)"
p40__gemma3_12b__s6,gemma3:12b,40,40,6,code_failure,code_failure,code_failure,recovered_unclosed_fence,False,False,False,False,,,,,,fbf640ca83aab7a2419bf405eef5e31aba5a9061b64b7e934b304cb71a94cf30,178.68,2336,1760,False,,,none,,,,,,,0,0,0,syntax_error,"Traceback (most recent call last):
  File ""C:\Users\maamr\Desktop\g5\Exp_1\Final_Gemma\execution_workdirs\p40__gemma3_12b__s6\execute_generated.py"", line 11, in <module>
    spec.loader.exec_module(module)
  File ""<frozen importlib._bootstrap_external>"", line 995, in exec_module
  File ""<frozen importlib._bootstrap_external>"", line 1133, in get_code
  File ""<frozen importlib._bootstrap_external>"", line 1063, in source_to_code
  File ""<frozen importlib._bootstrap>"", line 488, in _call_with_frames_removed
  File ""C:\Users\maamr\Desktop\g5\Exp_1\Final_Gemma\execution_workdirs\p40__gemma3_12b__s6\generated_model.py"", line 115
    elif status == GRB.INFEASIBLE:
                                  ^
IndentationError: expected an indented block after 'elif' statement on line 115"
p40__gemma3_12b__s7,gemma3:12b,40,40,7,code_failure,code_failure,code_failure,recovered_unclosed_fence,False,False,False,True,,,,,,fbf640ca83aab7a2419bf405eef5e31aba5a9061b64b7e934b304cb71a94cf30,180.577,2336,1760,False,,,none,,,,,,,0,0,0,,
p40__gemma3_12b__s8,gemma3:12b,40,40,8,code_failure,code_failure,code_failure,recovered_unclosed_fence,False,False,False,False,,,,,,fbf640ca83aab7a2419bf405eef5e31aba5a9061b64b7e934b304cb71a94cf30,177.961,2336,1760,False,,,none,,,,,,,0,0,0,syntax_error,"Traceback (most recent call last):
  File ""C:\Users\maamr\Desktop\g5\Exp_1\Final_Gemma\execution_workdirs\p40__gemma3_12b__s8\execute_generated.py"", line 11, in <module>
    spec.loader.exec_module(module)
  File ""<frozen importlib._bootstrap_external>"", line 995, in exec_module
  File ""<frozen importlib._bootstrap_external>"", line 1133, in get_code
  File ""<frozen importlib._bootstrap_external>"", line 1063, in source_to_code
  File ""<frozen importlib._bootstrap>"", line 488, in _call_with_frames_removed
  File ""C:\Users\maamr\Desktop\g5\Exp_1\Final_Gemma\execution_workdirs\p40__gemma3_12b__s8\generated_model.py"", line 114
    objective = float('inf
                      ^
SyntaxError: unterminated string literal (detected at line 114)"
p40__gemma3_12b__s9,gemma3:12b,40,40,9,code_failure,code_failure,code_failure,recovered_unclosed_fence,False,False,False,False,,,,,,fbf640ca83aab7a2419bf405eef5e31aba5a9061b64b7e934b304cb71a94cf30,178.782,2336,1760,False,,,none,,,,,,,0,0,0,syntax_error,"Traceback (most recent call last):
  File ""C:\Users\maamr\Desktop\g5\Exp_1\Final_Gemma\execution_workdirs\p40__gemma3_12b__s9\execute_generated.py"", line 11, in <module>
    spec.loader.exec_module(module)
  File ""<frozen importlib._bootstrap_external>"", line 995, in exec_module
  File ""<frozen importlib._bootstrap_external>"", line 1133, in get_code
  File ""<frozen importlib._bootstrap_external>"", line 1063, in source_to_code
  File ""<frozen importlib._bootstrap>"", line 488, in _call_with_frames_removed
  File ""C:\Users\maamr\Desktop\g5\Exp_1\Final_Gemma\execution_workdirs\p40__gemma3_12b__s9\generated_model.py"", line 95
    solution = {
               ^
SyntaxError: '{' was never closed"
p41__gemma3_12b__s0,gemma3:12b,41,41,0,loud_bug,loud_bug,loud_bug,clean_fenced,True,True,False,True,"p41.R_liquid_balance.C1,p41.R_solid_balance.C1,p41.obj.C2","p41.R_liquid_balance.C1,p41.R_solid_balance.C1",,,,7614afc6cc1999fa96fc7e84c3397e8ac5ae78f99fe17e25dcf01e1a57c70f43,89.814,1322,654,False,,,none,,6,5,5,6,11,2,0,2,,
p41__gemma3_12b__s1,gemma3:12b,41,41,1,loud_bug,loud_bug,loud_bug,clean_fenced,True,True,False,True,"p41.R_liquid_balance.C1,p41.R_solid_balance.C1,p41.obj.C2","p41.R_liquid_balance.C1,p41.R_solid_balance.C1",,,,7614afc6cc1999fa96fc7e84c3397e8ac5ae78f99fe17e25dcf01e1a57c70f43,79.107,1322,775,False,,,none,,6,5,5,6,11,2,0,2,,
p41__gemma3_12b__s2,gemma3:12b,41,41,2,loud_bug,loud_bug,loud_bug,clean_fenced,True,True,False,True,"p41.R_liquid_balance.C1,p41.R_solid_balance.C1,p41.obj.C2","p41.R_liquid_balance.C1,p41.R_solid_balance.C1",,,,7614afc6cc1999fa96fc7e84c3397e8ac5ae78f99fe17e25dcf01e1a57c70f43,69.367,1322,646,False,,,none,,6,5,5,6,11,2,0,2,,
p41__gemma3_12b__s3,gemma3:12b,41,41,3,loud_bug,loud_bug,loud_bug,clean_fenced,True,True,False,True,"p41.R_liquid_balance.C1,p41.R_solid_balance.C1,p41.obj.C2","p41.R_liquid_balance.C1,p41.R_solid_balance.C1",,,,7614afc6cc1999fa96fc7e84c3397e8ac5ae78f99fe17e25dcf01e1a57c70f43,79.225,1322,775,False,,,none,,6,5,5,6,11,2,0,2,,
p41__gemma3_12b__s4,gemma3:12b,41,41,4,code_failure,code_failure,code_failure,clean_fenced,False,False,False,False,,,,,,7614afc6cc1999fa96fc7e84c3397e8ac5ae78f99fe17e25dcf01e1a57c70f43,71.651,1322,668,False,,,none,,,,,,,0,0,0,runtime_error,"Traceback (most recent call last):
  File ""C:\Users\maamr\Desktop\g5\Exp_1\Final_Gemma\execution_workdirs\p41__gemma3_12b__s4\execute_generated.py"", line 48, in <module>
    result = module.solve(data)
             ^^^^^^^^^^^^^^^^^^
  File ""C:\Users\maamr\Desktop\g5\Exp_1\Final_Gemma\execution_workdirs\p41__gemma3_12b__s4\generated_model.py"", line 47, in solve
    objective = model.ObjVal
                ^^^^^^^^^^^^
  File ""src/gurobipy/_model.pyx"", line 399, in gurobipy._model.Model.__getattr__
  File ""src/gurobipy/_model.pyx"", line 2226, in gurobipy._model.Model.getAttr
  File ""src/gurobipy/_attrutil.pyx"", line 119, in gurobipy._attrutil._getattr
AttributeError: Unable to retrieve attribute 'ObjVal'. Did you mean: 'ObjNVal'?"
p41__gemma3_12b__s5,gemma3:12b,41,41,5,code_failure,code_failure,code_failure,clean_fenced,False,False,False,False,,,,,,7614afc6cc1999fa96fc7e84c3397e8ac5ae78f99fe17e25dcf01e1a57c70f43,68.501,1322,628,False,,,none,,,,,,,0,0,0,runtime_error,"Traceback (most recent call last):
  File ""C:\Users\maamr\Desktop\g5\Exp_1\Final_Gemma\execution_workdirs\p41__gemma3_12b__s5\execute_generated.py"", line 48, in <module>
    result = module.solve(data)
             ^^^^^^^^^^^^^^^^^^
  File ""C:\Users\maamr\Desktop\g5\Exp_1\Final_Gemma\execution_workdirs\p41__gemma3_12b__s5\generated_model.py"", line 47, in solve
    objective = model.ObjVal
                ^^^^^^^^^^^^
  File ""src/gurobipy/_model.pyx"", line 399, in gurobipy._model.Model.__getattr__
  File ""src/gurobipy/_model.pyx"", line 2226, in gurobipy._model.Model.getAttr
  File ""src/gurobipy/_attrutil.pyx"", line 119, in gurobipy._attrutil._getattr
AttributeError: Unable to retrieve attribute 'ObjVal'. Did you mean: 'ObjNVal'?"
p41__gemma3_12b__s6,gemma3:12b,41,41,6,code_failure,code_failure,code_failure,clean_fenced,False,False,False,False,,,,,,7614afc6cc1999fa96fc7e84c3397e8ac5ae78f99fe17e25dcf01e1a57c70f43,74.582,1322,714,False,,,none,,,,,,,0,0,0,runtime_error,"Traceback (most recent call last):
  File ""C:\Users\maamr\Desktop\g5\Exp_1\Final_Gemma\execution_workdirs\p41__gemma3_12b__s6\execute_generated.py"", line 48, in <module>
    result = module.solve(data)
             ^^^^^^^^^^^^^^^^^^
  File ""C:\Users\maamr\Desktop\g5\Exp_1\Final_Gemma\execution_workdirs\p41__gemma3_12b__s6\generated_model.py"", line 59, in solve
    objective = model.ObjVal
                ^^^^^^^^^^^^
  File ""src/gurobipy/_model.pyx"", line 399, in gurobipy._model.Model.__getattr__
  File ""src/gurobipy/_model.pyx"", line 2226, in gurobipy._model.Model.getAttr
  File ""src/gurobipy/_attrutil.pyx"", line 119, in gurobipy._attrutil._getattr
AttributeError: Unable to retrieve attribute 'ObjVal'. Did you mean: 'ObjNVal'?"
p41__gemma3_12b__s7,gemma3:12b,41,41,7,loud_bug,loud_bug,loud_bug,clean_fenced,True,True,False,True,"p41.R_liquid_balance.C1,p41.R_solid_balance.C1,p41.obj.C2","p41.R_liquid_balance.C1,p41.R_solid_balance.C1",,,,7614afc6cc1999fa96fc7e84c3397e8ac5ae78f99fe17e25dcf01e1a57c70f43,70.377,1322,653,False,,,none,,6,5,5,6,11,2,0,2,,
p41__gemma3_12b__s8,gemma3:12b,41,41,8,loud_bug,loud_bug,loud_bug,clean_fenced,True,True,False,True,"p41.R_liquid_balance.C1,p41.R_solid_balance.C1,p41.obj.C2","p41.R_liquid_balance.C1,p41.R_solid_balance.C1",,,,7614afc6cc1999fa96fc7e84c3397e8ac5ae78f99fe17e25dcf01e1a57c70f43,79.197,1322,771,False,,,none,,6,5,5,6,11,2,0,2,,
p41__gemma3_12b__s9,gemma3:12b,41,41,9,code_failure,code_failure,code_failure,clean_fenced,False,False,False,False,,,,,,7614afc6cc1999fa96fc7e84c3397e8ac5ae78f99fe17e25dcf01e1a57c70f43,69.123,1322,640,False,,,none,,,,,,,0,0,0,runtime_error,"Traceback (most recent call last):
  File ""C:\Users\maamr\Desktop\g5\Exp_1\Final_Gemma\execution_workdirs\p41__gemma3_12b__s9\execute_generated.py"", line 48, in <module>
    result = module.solve(data)
             ^^^^^^^^^^^^^^^^^^
  File ""C:\Users\maamr\Desktop\g5\Exp_1\Final_Gemma\execution_workdirs\p41__gemma3_12b__s9\generated_model.py"", line 46, in solve
    objective = model.ObjVal
                ^^^^^^^^^^^^
  File ""src/gurobipy/_model.pyx"", line 399, in gurobipy._model.Model.__getattr__
  File ""src/gurobipy/_model.pyx"", line 2226, in gurobipy._model.Model.getAttr
  File ""src/gurobipy/_attrutil.pyx"", line 119, in gurobipy._attrutil._getattr
AttributeError: Unable to retrieve attribute 'ObjVal'. Did you mean: 'ObjNVal'?"
