run_id,model,problem_id,original_problem_id,sample,label,raw_label,final_label,extraction_mode,code_ran,schema_ok,objective_match,has_build_model,failed_checks,failed_requirement_checks,formulation_violations,flagged_formulation_violations,audit_error,prompt_hash,response_time_sec,prompt_eval_count,eval_count,output_truncated,silent_bug_type,silent_bug_requirements,silent_bug_source,report_categories,total_requirement_count,layer1_requirement_count,canonical_layer1_requirement_count,layer2_active_probe_count,total_diagnostic_requirement_count,failed_requirement_check_count,formulation_violation_count,total_violation_count,error_type,error_detail
p1__llama3.3_70b__s0,llama3.3:70b,1,1,0,code_failure,code_failure,code_failure,clean_fenced,False,False,False,False,,,,,,7b8f2f9e2fc982b156775039f06a4cc975127aef503212a8931b5efa7398762b,59.21,1230,466,False,,,none,,,,,,,0,0,0,runtime_error,"Traceback (most recent call last):
  File ""/project/eick/maamr/sirl_exp1/results/llama33_70b_10samples_ctx8192/execution_workdirs/p1__llama3.3_70b__s0/execute_generated.py"", line 48, in <module>
    result = module.solve(data)
  File ""/project/eick/maamr/sirl_exp1/results/llama33_70b_10samples_ctx8192/execution_workdirs/p1__llama3.3_70b__s0/generated_model.py"", line 27, in solve
    model, _ = build_model(data)
  File ""/project/eick/maamr/sirl_exp1/results/llama33_70b_10samples_ctx8192/execution_workdirs/p1__llama3.3_70b__s0/generated_model.py"", line 22, in build_model
    gp.quicksum(data['fixed'] for i in range(len(data['cap'])) if produced[str(i+1)] > 0))
  File ""src/gurobipy/gurobi.pxi"", line 3842, in gurobipy.quicksum
  File ""/project/eick/maamr/sirl_exp1/results/llama33_70b_10samples_ctx8192/execution_workdirs/p1__llama3.3_70b__s0/generated_model.py"", line 22, in <genexpr>
    gp.quicksum(data['fixed'] for i in range(len(data['cap'])) if produced[str(i+1)] > 0))
TypeError: '>' not supported between instances of 'Var' and 'int'"
p1__llama3.3_70b__s1,llama3.3:70b,1,1,1,code_failure,code_failure,code_failure,clean_fenced,False,False,False,False,,,,,,7b8f2f9e2fc982b156775039f06a4cc975127aef503212a8931b5efa7398762b,35.714,1230,556,False,,,none,,,,,,,0,0,0,runtime_error,"Traceback (most recent call last):
  File ""/project/eick/maamr/sirl_exp1/results/llama33_70b_10samples_ctx8192/execution_workdirs/p1__llama3.3_70b__s1/execute_generated.py"", line 48, in <module>
    result = module.solve(data)
  File ""/project/eick/maamr/sirl_exp1/results/llama33_70b_10samples_ctx8192/execution_workdirs/p1__llama3.3_70b__s1/generated_model.py"", line 26, in solve
    model, variables = build_model(data)
  File ""/project/eick/maamr/sirl_exp1/results/llama33_70b_10samples_ctx8192/execution_workdirs/p1__llama3.3_70b__s1/generated_model.py"", line 14, in build_model
    gp.quicksum([data['fixed']*(produced[str(i+1)] > 0) for i in range(len(data['cap']))]))
  File ""/project/eick/maamr/sirl_exp1/results/llama33_70b_10samples_ctx8192/execution_workdirs/p1__llama3.3_70b__s1/generated_model.py"", line 14, in <listcomp>
    gp.quicksum([data['fixed']*(produced[str(i+1)] > 0) for i in range(len(data['cap']))]))
TypeError: '>' not supported between instances of 'Var' and 'int'"
p1__llama3.3_70b__s2,llama3.3:70b,1,1,2,code_failure,code_failure,code_failure,clean_fenced,False,False,False,False,,,,,,7b8f2f9e2fc982b156775039f06a4cc975127aef503212a8931b5efa7398762b,38.502,1230,601,False,,,none,,,,,,,0,0,0,runtime_error,"Traceback (most recent call last):
  File ""/project/eick/maamr/sirl_exp1/results/llama33_70b_10samples_ctx8192/execution_workdirs/p1__llama3.3_70b__s2/execute_generated.py"", line 48, in <module>
    result = module.solve(data)
  File ""/project/eick/maamr/sirl_exp1/results/llama33_70b_10samples_ctx8192/execution_workdirs/p1__llama3.3_70b__s2/generated_model.py"", line 26, in solve
    model, variables = build_model(data)
  File ""/project/eick/maamr/sirl_exp1/results/llama33_70b_10samples_ctx8192/execution_workdirs/p1__llama3.3_70b__s2/generated_model.py"", line 14, in build_model
    gp.quicksum([data['fixed']*(produced[str(i+1)] > 0) for i in range(len(data['cap']))]))
  File ""/project/eick/maamr/sirl_exp1/results/llama33_70b_10samples_ctx8192/execution_workdirs/p1__llama3.3_70b__s2/generated_model.py"", line 14, in <listcomp>
    gp.quicksum([data['fixed']*(produced[str(i+1)] > 0) for i in range(len(data['cap']))]))
TypeError: '>' not supported between instances of 'Var' and 'int'"
p1__llama3.3_70b__s3,llama3.3:70b,1,1,3,code_failure,code_failure,code_failure,clean_fenced,False,False,False,False,,,,,,7b8f2f9e2fc982b156775039f06a4cc975127aef503212a8931b5efa7398762b,38.305,1230,598,False,,,none,,,,,,,0,0,0,runtime_error,"Traceback (most recent call last):
  File ""/project/eick/maamr/sirl_exp1/results/llama33_70b_10samples_ctx8192/execution_workdirs/p1__llama3.3_70b__s3/execute_generated.py"", line 48, in <module>
    result = module.solve(data)
  File ""/project/eick/maamr/sirl_exp1/results/llama33_70b_10samples_ctx8192/execution_workdirs/p1__llama3.3_70b__s3/generated_model.py"", line 26, in solve
    model, variables = build_model(data)
  File ""/project/eick/maamr/sirl_exp1/results/llama33_70b_10samples_ctx8192/execution_workdirs/p1__llama3.3_70b__s3/generated_model.py"", line 14, in build_model
    gp.quicksum([data['fixed']*(produced[str(i+1)] > 0) for i in range(len(data['cap']))]))
  File ""/project/eick/maamr/sirl_exp1/results/llama33_70b_10samples_ctx8192/execution_workdirs/p1__llama3.3_70b__s3/generated_model.py"", line 14, in <listcomp>
    gp.quicksum([data['fixed']*(produced[str(i+1)] > 0) for i in range(len(data['cap']))]))
TypeError: '>' not supported between instances of 'Var' and 'int'"
p1__llama3.3_70b__s4,llama3.3:70b,1,1,4,code_failure,code_failure,code_failure,clean_fenced,False,False,False,False,,,,,,7b8f2f9e2fc982b156775039f06a4cc975127aef503212a8931b5efa7398762b,35.66,1230,556,False,,,none,,,,,,,0,0,0,runtime_error,"Traceback (most recent call last):
  File ""/project/eick/maamr/sirl_exp1/results/llama33_70b_10samples_ctx8192/execution_workdirs/p1__llama3.3_70b__s4/execute_generated.py"", line 48, in <module>
    result = module.solve(data)
  File ""/project/eick/maamr/sirl_exp1/results/llama33_70b_10samples_ctx8192/execution_workdirs/p1__llama3.3_70b__s4/generated_model.py"", line 26, in solve
    model, variables = build_model(data)
  File ""/project/eick/maamr/sirl_exp1/results/llama33_70b_10samples_ctx8192/execution_workdirs/p1__llama3.3_70b__s4/generated_model.py"", line 14, in build_model
    gp.quicksum([data['fixed']*(produced[str(i+1)] > 0) for i in range(len(data['cap']))]))
  File ""/project/eick/maamr/sirl_exp1/results/llama33_70b_10samples_ctx8192/execution_workdirs/p1__llama3.3_70b__s4/generated_model.py"", line 14, in <listcomp>
    gp.quicksum([data['fixed']*(produced[str(i+1)] > 0) for i in range(len(data['cap']))]))
TypeError: '>' not supported between instances of 'Var' and 'int'"
p1__llama3.3_70b__s5,llama3.3:70b,1,1,5,code_failure,code_failure,code_failure,clean_fenced,False,False,False,False,,,,,,7b8f2f9e2fc982b156775039f06a4cc975127aef503212a8931b5efa7398762b,36.014,1230,560,False,,,none,,,,,,,0,0,0,runtime_error,"Traceback (most recent call last):
  File ""/project/eick/maamr/sirl_exp1/results/llama33_70b_10samples_ctx8192/execution_workdirs/p1__llama3.3_70b__s5/execute_generated.py"", line 48, in <module>
    result = module.solve(data)
  File ""/project/eick/maamr/sirl_exp1/results/llama33_70b_10samples_ctx8192/execution_workdirs/p1__llama3.3_70b__s5/generated_model.py"", line 26, in solve
    model, variables = build_model(data)
  File ""/project/eick/maamr/sirl_exp1/results/llama33_70b_10samples_ctx8192/execution_workdirs/p1__llama3.3_70b__s5/generated_model.py"", line 14, in build_model
    gp.quicksum([data['fixed']*(produced[str(i+1)] > 0) for i in range(len(data['cap']))]))
  File ""/project/eick/maamr/sirl_exp1/results/llama33_70b_10samples_ctx8192/execution_workdirs/p1__llama3.3_70b__s5/generated_model.py"", line 14, in <listcomp>
    gp.quicksum([data['fixed']*(produced[str(i+1)] > 0) for i in range(len(data['cap']))]))
TypeError: '>' not supported between instances of 'Var' and 'int'"
p1__llama3.3_70b__s6,llama3.3:70b,1,1,6,code_failure,code_failure,code_failure,clean_fenced,False,False,False,False,,,,,,7b8f2f9e2fc982b156775039f06a4cc975127aef503212a8931b5efa7398762b,31.237,1230,485,False,,,none,,,,,,,0,0,0,runtime_error,"Traceback (most recent call last):
  File ""/project/eick/maamr/sirl_exp1/results/llama33_70b_10samples_ctx8192/execution_workdirs/p1__llama3.3_70b__s6/execute_generated.py"", line 48, in <module>
    result = module.solve(data)
  File ""/project/eick/maamr/sirl_exp1/results/llama33_70b_10samples_ctx8192/execution_workdirs/p1__llama3.3_70b__s6/generated_model.py"", line 26, in solve
    model, variables = build_model(data)
  File ""/project/eick/maamr/sirl_exp1/results/llama33_70b_10samples_ctx8192/execution_workdirs/p1__llama3.3_70b__s6/generated_model.py"", line 14, in build_model
    gp.quicksum([data['fixed']*(produced[str(i+1)] > 0) for i in range(len(data['cap']))]))
  File ""/project/eick/maamr/sirl_exp1/results/llama33_70b_10samples_ctx8192/execution_workdirs/p1__llama3.3_70b__s6/generated_model.py"", line 14, in <listcomp>
    gp.quicksum([data['fixed']*(produced[str(i+1)] > 0) for i in range(len(data['cap']))]))
TypeError: '>' not supported between instances of 'Var' and 'int'"
p1__llama3.3_70b__s7,llama3.3:70b,1,1,7,code_failure,code_failure,code_failure,clean_fenced,False,False,False,False,,,,,,7b8f2f9e2fc982b156775039f06a4cc975127aef503212a8931b5efa7398762b,30.838,1230,481,False,,,none,,,,,,,0,0,0,runtime_error,"Traceback (most recent call last):
  File ""/project/eick/maamr/sirl_exp1/results/llama33_70b_10samples_ctx8192/execution_workdirs/p1__llama3.3_70b__s7/execute_generated.py"", line 48, in <module>
    result = module.solve(data)
  File ""/project/eick/maamr/sirl_exp1/results/llama33_70b_10samples_ctx8192/execution_workdirs/p1__llama3.3_70b__s7/generated_model.py"", line 26, in solve
    model, variables = build_model(data)
  File ""/project/eick/maamr/sirl_exp1/results/llama33_70b_10samples_ctx8192/execution_workdirs/p1__llama3.3_70b__s7/generated_model.py"", line 14, in build_model
    gp.quicksum([data['fixed']*(produced[str(i+1)] > 0) for i in range(len(data['cap']))]))
  File ""/project/eick/maamr/sirl_exp1/results/llama33_70b_10samples_ctx8192/execution_workdirs/p1__llama3.3_70b__s7/generated_model.py"", line 14, in <listcomp>
    gp.quicksum([data['fixed']*(produced[str(i+1)] > 0) for i in range(len(data['cap']))]))
TypeError: '>' not supported between instances of 'Var' and 'int'"
p1__llama3.3_70b__s8,llama3.3:70b,1,1,8,code_failure,code_failure,code_failure,clean_fenced,False,False,False,False,,,,,,7b8f2f9e2fc982b156775039f06a4cc975127aef503212a8931b5efa7398762b,35.748,1230,559,False,,,none,,,,,,,0,0,0,runtime_error,"Traceback (most recent call last):
  File ""/project/eick/maamr/sirl_exp1/results/llama33_70b_10samples_ctx8192/execution_workdirs/p1__llama3.3_70b__s8/execute_generated.py"", line 48, in <module>
    result = module.solve(data)
  File ""/project/eick/maamr/sirl_exp1/results/llama33_70b_10samples_ctx8192/execution_workdirs/p1__llama3.3_70b__s8/generated_model.py"", line 26, in solve
    model, variables = build_model(data)
  File ""/project/eick/maamr/sirl_exp1/results/llama33_70b_10samples_ctx8192/execution_workdirs/p1__llama3.3_70b__s8/generated_model.py"", line 14, in build_model
    gp.quicksum([data['fixed']*(produced[str(i+1)] > 0) for i in range(len(data['cap']))]))
  File ""/project/eick/maamr/sirl_exp1/results/llama33_70b_10samples_ctx8192/execution_workdirs/p1__llama3.3_70b__s8/generated_model.py"", line 14, in <listcomp>
    gp.quicksum([data['fixed']*(produced[str(i+1)] > 0) for i in range(len(data['cap']))]))
TypeError: '>' not supported between instances of 'Var' and 'int'"
p1__llama3.3_70b__s9,llama3.3:70b,1,1,9,code_failure,code_failure,code_failure,clean_fenced,False,False,False,False,,,,,,7b8f2f9e2fc982b156775039f06a4cc975127aef503212a8931b5efa7398762b,30.867,1230,481,False,,,none,,,,,,,0,0,0,runtime_error,"Traceback (most recent call last):
  File ""/project/eick/maamr/sirl_exp1/results/llama33_70b_10samples_ctx8192/execution_workdirs/p1__llama3.3_70b__s9/execute_generated.py"", line 48, in <module>
    result = module.solve(data)
  File ""/project/eick/maamr/sirl_exp1/results/llama33_70b_10samples_ctx8192/execution_workdirs/p1__llama3.3_70b__s9/generated_model.py"", line 26, in solve
    model, variables = build_model(data)
  File ""/project/eick/maamr/sirl_exp1/results/llama33_70b_10samples_ctx8192/execution_workdirs/p1__llama3.3_70b__s9/generated_model.py"", line 14, in build_model
    gp.quicksum([data['fixed']*(produced[str(i+1)] > 0) for i in range(len(data['cap']))]))
  File ""/project/eick/maamr/sirl_exp1/results/llama33_70b_10samples_ctx8192/execution_workdirs/p1__llama3.3_70b__s9/generated_model.py"", line 14, in <listcomp>
    gp.quicksum([data['fixed']*(produced[str(i+1)] > 0) for i in range(len(data['cap']))]))
TypeError: '>' not supported between instances of 'Var' and 'int'"
p2__llama3.3_70b__s0,llama3.3:70b,2,2,0,correct,correct,correct,clean_fenced,True,True,True,True,,,,,,cb63d386a3ed192e2ffb4f5ffe3a89d2eace331a8499a26195661ce29656ccba,44.149,1242,653,False,,,none,,9,8,8,9,17,0,0,0,,
p2__llama3.3_70b__s1,llama3.3:70b,2,2,1,correct,correct,correct,clean_fenced,True,True,True,True,,,,,,cb63d386a3ed192e2ffb4f5ffe3a89d2eace331a8499a26195661ce29656ccba,42.015,1242,659,False,,,none,,9,8,8,9,17,0,0,0,,
p2__llama3.3_70b__s2,llama3.3:70b,2,2,2,correct,correct,correct,clean_fenced,True,True,True,True,,,,,,cb63d386a3ed192e2ffb4f5ffe3a89d2eace331a8499a26195661ce29656ccba,41.995,1242,659,False,,,none,,9,8,8,9,17,0,0,0,,
p2__llama3.3_70b__s3,llama3.3:70b,2,2,3,correct,correct,correct,clean_fenced,True,True,True,True,,,,,,cb63d386a3ed192e2ffb4f5ffe3a89d2eace331a8499a26195661ce29656ccba,41.989,1242,659,False,,,none,,9,8,8,9,17,0,0,0,,
p2__llama3.3_70b__s4,llama3.3:70b,2,2,4,correct,correct,correct,clean_fenced,True,True,True,True,,,,,,cb63d386a3ed192e2ffb4f5ffe3a89d2eace331a8499a26195661ce29656ccba,41.994,1242,659,False,,,none,,9,8,8,9,17,0,0,0,,
p2__llama3.3_70b__s5,llama3.3:70b,2,2,5,correct,correct,correct,clean_fenced,True,True,True,True,,,,,,cb63d386a3ed192e2ffb4f5ffe3a89d2eace331a8499a26195661ce29656ccba,41.994,1242,659,False,,,none,,9,8,8,9,17,0,0,0,,
p2__llama3.3_70b__s6,llama3.3:70b,2,2,6,correct,correct,correct,clean_fenced,True,True,True,True,,,,,,cb63d386a3ed192e2ffb4f5ffe3a89d2eace331a8499a26195661ce29656ccba,41.593,1242,652,False,,,none,,9,8,8,9,17,0,0,0,,
p2__llama3.3_70b__s7,llama3.3:70b,2,2,7,correct,correct,correct,clean_fenced,True,True,True,True,,,,,,cb63d386a3ed192e2ffb4f5ffe3a89d2eace331a8499a26195661ce29656ccba,45.501,1242,653,False,,,none,,9,8,8,9,17,0,0,0,,
p2__llama3.3_70b__s8,llama3.3:70b,2,2,8,correct,correct,correct,clean_fenced,True,True,True,True,,,,,,cb63d386a3ed192e2ffb4f5ffe3a89d2eace331a8499a26195661ce29656ccba,42.19,1242,659,False,,,none,,9,8,8,9,17,0,0,0,,
p2__llama3.3_70b__s9,llama3.3:70b,2,2,9,correct,correct,correct,clean_fenced,True,True,True,True,,,,,,cb63d386a3ed192e2ffb4f5ffe3a89d2eace331a8499a26195661ce29656ccba,41.656,1242,653,False,,,none,,9,8,8,9,17,0,0,0,,
p3__llama3.3_70b__s0,llama3.3:70b,3,3,0,silent_bug,silent_bug,silent_bug,clean_fenced,True,True,True,True,"p3.R2.C1,p3.R3.C1","p3.R2.C1,p3.R3.C1","R2,R3",,,06f21baafa3c1f9e7e43acc3898621e66105f47b1f9390380cc94ccadf2a4c92,37.268,1270,544,False,structural_constraint_error,"R2,R3",solution_and_formulation,constraint_misspecification,9,8,8,9,17,2,2,4,,
p3__llama3.3_70b__s1,llama3.3:70b,3,3,1,loud_bug,loud_bug,loud_bug,clean_fenced,True,True,False,True,"p3.R6.C1,p3.obj.C2",p3.R6.C1,,,,06f21baafa3c1f9e7e43acc3898621e66105f47b1f9390380cc94ccadf2a4c92,38.154,1270,596,False,,,none,,9,8,8,9,17,1,0,1,,
p3__llama3.3_70b__s2,llama3.3:70b,3,3,2,silent_bug,silent_bug,silent_bug,clean_fenced,True,True,True,True,"p3.R2.C1,p3.R3.C1","p3.R2.C1,p3.R3.C1","R2,R3",,,06f21baafa3c1f9e7e43acc3898621e66105f47b1f9390380cc94ccadf2a4c92,34.399,1270,538,False,structural_constraint_error,"R2,R3",solution_and_formulation,constraint_misspecification,9,8,8,9,17,2,2,4,,
p3__llama3.3_70b__s3,llama3.3:70b,3,3,3,silent_bug,silent_bug,silent_bug,clean_fenced,True,True,True,True,"p3.R2.C1,p3.R3.C1","p3.R2.C1,p3.R3.C1","R2,R3",,,06f21baafa3c1f9e7e43acc3898621e66105f47b1f9390380cc94ccadf2a4c92,37.089,1270,581,False,structural_constraint_error,"R2,R3",solution_and_formulation,constraint_misspecification,9,8,8,9,17,2,2,4,,
p3__llama3.3_70b__s4,llama3.3:70b,3,3,4,silent_bug,silent_bug,silent_bug,clean_fenced,True,True,True,True,"p3.R2.C1,p3.R3.C1","p3.R2.C1,p3.R3.C1","R2,R3",,,06f21baafa3c1f9e7e43acc3898621e66105f47b1f9390380cc94ccadf2a4c92,37.33,1270,584,False,structural_constraint_error,"R2,R3",solution_and_formulation,constraint_misspecification,9,8,8,9,17,2,2,4,,
p3__llama3.3_70b__s5,llama3.3:70b,3,3,5,code_failure,code_failure,code_failure,clean_fenced,False,False,False,False,,,,,,06f21baafa3c1f9e7e43acc3898621e66105f47b1f9390380cc94ccadf2a4c92,35.534,1270,555,False,,,none,,,,,,,0,0,0,runtime_error,"Traceback (most recent call last):
  File ""/project/eick/maamr/sirl_exp1/results/llama33_70b_10samples_ctx8192/execution_workdirs/p3__llama3.3_70b__s5/execute_generated.py"", line 48, in <module>
    result = module.solve(data)
  File ""/project/eick/maamr/sirl_exp1/results/llama33_70b_10samples_ctx8192/execution_workdirs/p3__llama3.3_70b__s5/generated_model.py"", line 40, in solve
    ""s2"": model.getVarByName(""s2"").X,
AttributeError: 'NoneType' object has no attribute 'X'"
p3__llama3.3_70b__s6,llama3.3:70b,3,3,6,silent_bug,silent_bug,silent_bug,clean_fenced,True,True,True,True,"p3.R2.C1,p3.R3.C1","p3.R2.C1,p3.R3.C1","R2,R3",,,06f21baafa3c1f9e7e43acc3898621e66105f47b1f9390380cc94ccadf2a4c92,37.486,1270,584,False,structural_constraint_error,"R2,R3",solution_and_formulation,constraint_misspecification,9,8,8,9,17,2,2,4,,
p3__llama3.3_70b__s7,llama3.3:70b,3,3,7,loud_bug,loud_bug,loud_bug,clean_fenced,True,True,False,True,"p3.R6.C1,p3.obj.C2",p3.R6.C1,,,,06f21baafa3c1f9e7e43acc3898621e66105f47b1f9390380cc94ccadf2a4c92,34.663,1270,539,False,,,none,,9,8,8,9,17,1,0,1,,
p3__llama3.3_70b__s8,llama3.3:70b,3,3,8,silent_bug,silent_bug,silent_bug,clean_fenced,True,True,True,True,"p3.R2.C1,p3.R3.C1","p3.R2.C1,p3.R3.C1","R2,R3",,,06f21baafa3c1f9e7e43acc3898621e66105f47b1f9390380cc94ccadf2a4c92,34.427,1270,538,False,structural_constraint_error,"R2,R3",solution_and_formulation,constraint_misspecification,9,8,8,9,17,2,2,4,,
p3__llama3.3_70b__s9,llama3.3:70b,3,3,9,silent_bug,silent_bug,silent_bug,clean_fenced,True,True,True,True,"p3.R2.C1,p3.R3.C1","p3.R2.C1,p3.R3.C1","R2,R3",,,06f21baafa3c1f9e7e43acc3898621e66105f47b1f9390380cc94ccadf2a4c92,38.432,1270,602,False,structural_constraint_error,"R2,R3",solution_and_formulation,constraint_misspecification,9,8,8,9,17,2,2,4,,
p4__llama3.3_70b__s0,llama3.3:70b,4,4,0,code_failure,code_failure,code_failure,clean_fenced,False,False,False,False,,,,,,e7ae31c2078ac2d39ade9176596be7083d8914e6e38ab742030f7eafdb82d066,35.582,1343,513,False,,,none,,,,,,,0,0,0,runtime_error,"Traceback (most recent call last):
  File ""/project/eick/maamr/sirl_exp1/results/llama33_70b_10samples_ctx8192/execution_workdirs/p4__llama3.3_70b__s0/execute_generated.py"", line 48, in <module>
    result = module.solve(data)
  File ""/project/eick/maamr/sirl_exp1/results/llama33_70b_10samples_ctx8192/execution_workdirs/p4__llama3.3_70b__s0/generated_model.py"", line 34, in solve
    ""chicken"": model.getVarByName(""chicken"").X,
AttributeError: 'NoneType' object has no attribute 'X'"
p4__llama3.3_70b__s1,llama3.3:70b,4,4,1,loud_bug,loud_bug,loud_bug,clean_fenced,True,True,False,True,"p4.R5.C1,p4.obj.C2",p4.R5.C1,,,,e7ae31c2078ac2d39ade9176596be7083d8914e6e38ab742030f7eafdb82d066,33.011,1343,516,False,,,none,,6,5,5,6,11,1,0,1,,
p4__llama3.3_70b__s2,llama3.3:70b,4,4,2,code_failure,code_failure,code_failure,clean_fenced,False,False,False,False,,,,,,e7ae31c2078ac2d39ade9176596be7083d8914e6e38ab742030f7eafdb82d066,29.403,1343,459,False,,,none,,,,,,,0,0,0,runtime_error,"Traceback (most recent call last):
  File ""/project/eick/maamr/sirl_exp1/results/llama33_70b_10samples_ctx8192/execution_workdirs/p4__llama3.3_70b__s2/execute_generated.py"", line 48, in <module>
    result = module.solve(data)
  File ""/project/eick/maamr/sirl_exp1/results/llama33_70b_10samples_ctx8192/execution_workdirs/p4__llama3.3_70b__s2/generated_model.py"", line 33, in solve
    solution = {
  File ""/project/eick/maamr/sirl_exp1/results/llama33_70b_10samples_ctx8192/execution_workdirs/p4__llama3.3_70b__s2/generated_model.py"", line 34, in <dictcomp>
    food: model.getVarByName(food).X for food in data[""foods""]
AttributeError: 'NoneType' object has no attribute 'X'"
p4__llama3.3_70b__s3,llama3.3:70b,4,4,3,code_failure,code_failure,code_failure,clean_fenced,False,False,False,False,,,,,,e7ae31c2078ac2d39ade9176596be7083d8914e6e38ab742030f7eafdb82d066,29.402,1343,459,False,,,none,,,,,,,0,0,0,runtime_error,"Traceback (most recent call last):
  File ""/project/eick/maamr/sirl_exp1/results/llama33_70b_10samples_ctx8192/execution_workdirs/p4__llama3.3_70b__s3/execute_generated.py"", line 48, in <module>
    result = module.solve(data)
  File ""/project/eick/maamr/sirl_exp1/results/llama33_70b_10samples_ctx8192/execution_workdirs/p4__llama3.3_70b__s3/generated_model.py"", line 33, in solve
    solution = {
  File ""/project/eick/maamr/sirl_exp1/results/llama33_70b_10samples_ctx8192/execution_workdirs/p4__llama3.3_70b__s3/generated_model.py"", line 34, in <dictcomp>
    food: model.getVarByName(food).X for food in data[""foods""]
AttributeError: 'NoneType' object has no attribute 'X'"
p4__llama3.3_70b__s4,llama3.3:70b,4,4,4,code_failure,code_failure,code_failure,clean_fenced,False,False,False,False,,,,,,e7ae31c2078ac2d39ade9176596be7083d8914e6e38ab742030f7eafdb82d066,29.408,1343,459,False,,,none,,,,,,,0,0,0,runtime_error,"Traceback (most recent call last):
  File ""/project/eick/maamr/sirl_exp1/results/llama33_70b_10samples_ctx8192/execution_workdirs/p4__llama3.3_70b__s4/execute_generated.py"", line 48, in <module>
    result = module.solve(data)
  File ""/project/eick/maamr/sirl_exp1/results/llama33_70b_10samples_ctx8192/execution_workdirs/p4__llama3.3_70b__s4/generated_model.py"", line 33, in solve
    solution = {
  File ""/project/eick/maamr/sirl_exp1/results/llama33_70b_10samples_ctx8192/execution_workdirs/p4__llama3.3_70b__s4/generated_model.py"", line 34, in <dictcomp>
    food: model.getVarByName(food).X for food in data[""foods""]
AttributeError: 'NoneType' object has no attribute 'X'"
p4__llama3.3_70b__s5,llama3.3:70b,4,4,5,loud_bug,loud_bug,loud_bug,clean_fenced,True,True,False,True,"p4.R5.C1,p4.obj.C2",p4.R5.C1,,,,e7ae31c2078ac2d39ade9176596be7083d8914e6e38ab742030f7eafdb82d066,32.025,1343,499,False,,,none,,6,5,5,6,11,1,0,1,,
p4__llama3.3_70b__s6,llama3.3:70b,4,4,6,loud_bug,loud_bug,loud_bug,clean_fenced,True,True,False,True,"p4.R5.C1,p4.obj.C2",p4.R5.C1,,,,e7ae31c2078ac2d39ade9176596be7083d8914e6e38ab742030f7eafdb82d066,33.235,1343,516,False,,,none,,6,5,5,6,11,1,0,1,,
p4__llama3.3_70b__s7,llama3.3:70b,4,4,7,code_failure,code_failure,code_failure,clean_fenced,False,False,False,False,,,,,,e7ae31c2078ac2d39ade9176596be7083d8914e6e38ab742030f7eafdb82d066,32.976,1343,513,False,,,none,,,,,,,0,0,0,runtime_error,"Traceback (most recent call last):
  File ""/project/eick/maamr/sirl_exp1/results/llama33_70b_10samples_ctx8192/execution_workdirs/p4__llama3.3_70b__s7/execute_generated.py"", line 48, in <module>
    result = module.solve(data)
  File ""/project/eick/maamr/sirl_exp1/results/llama33_70b_10samples_ctx8192/execution_workdirs/p4__llama3.3_70b__s7/generated_model.py"", line 34, in solve
    ""chicken"": model.getVarByName(""chicken"").X,
AttributeError: 'NoneType' object has no attribute 'X'"
p4__llama3.3_70b__s8,llama3.3:70b,4,4,8,code_failure,code_failure,code_failure,clean_fenced,False,False,False,False,,,,,,e7ae31c2078ac2d39ade9176596be7083d8914e6e38ab742030f7eafdb82d066,29.437,1343,459,False,,,none,,,,,,,0,0,0,runtime_error,"Traceback (most recent call last):
  File ""/project/eick/maamr/sirl_exp1/results/llama33_70b_10samples_ctx8192/execution_workdirs/p4__llama3.3_70b__s8/execute_generated.py"", line 48, in <module>
    result = module.solve(data)
  File ""/project/eick/maamr/sirl_exp1/results/llama33_70b_10samples_ctx8192/execution_workdirs/p4__llama3.3_70b__s8/generated_model.py"", line 33, in solve
    solution = {
  File ""/project/eick/maamr/sirl_exp1/results/llama33_70b_10samples_ctx8192/execution_workdirs/p4__llama3.3_70b__s8/generated_model.py"", line 34, in <dictcomp>
    food: model.getVarByName(food).X for food in data[""foods""]
AttributeError: 'NoneType' object has no attribute 'X'"
p4__llama3.3_70b__s9,llama3.3:70b,4,4,9,code_failure,code_failure,code_failure,clean_fenced,False,False,False,False,,,,,,e7ae31c2078ac2d39ade9176596be7083d8914e6e38ab742030f7eafdb82d066,29.433,1343,459,False,,,none,,,,,,,0,0,0,runtime_error,"Traceback (most recent call last):
  File ""/project/eick/maamr/sirl_exp1/results/llama33_70b_10samples_ctx8192/execution_workdirs/p4__llama3.3_70b__s9/execute_generated.py"", line 48, in <module>
    result = module.solve(data)
  File ""/project/eick/maamr/sirl_exp1/results/llama33_70b_10samples_ctx8192/execution_workdirs/p4__llama3.3_70b__s9/generated_model.py"", line 33, in solve
    solution = {
  File ""/project/eick/maamr/sirl_exp1/results/llama33_70b_10samples_ctx8192/execution_workdirs/p4__llama3.3_70b__s9/generated_model.py"", line 34, in <dictcomp>
    food: model.getVarByName(food).X for food in data[""foods""]
AttributeError: 'NoneType' object has no attribute 'X'"
p5__llama3.3_70b__s0,llama3.3:70b,5,5,0,correct,correct,correct,clean_fenced,True,True,True,True,,,,,,512e2f6930bdd918fae92238f808930fed1751a9458c5e94102d366c9945f680,43.766,1263,646,False,,,none,,9,8,8,9,17,0,0,0,,
p5__llama3.3_70b__s1,llama3.3:70b,5,5,1,correct,correct,correct,clean_fenced,True,True,True,True,,,,,,512e2f6930bdd918fae92238f808930fed1751a9458c5e94102d366c9945f680,41.307,1263,646,False,,,none,,9,8,8,9,17,0,0,0,,
p5__llama3.3_70b__s2,llama3.3:70b,5,5,2,correct,correct,correct,clean_fenced,True,True,True,True,,,,,,512e2f6930bdd918fae92238f808930fed1751a9458c5e94102d366c9945f680,38.638,1263,603,False,,,none,,9,8,8,9,17,0,0,0,,
p5__llama3.3_70b__s3,llama3.3:70b,5,5,3,correct,correct,correct,clean_fenced,True,True,True,True,,,,,,512e2f6930bdd918fae92238f808930fed1751a9458c5e94102d366c9945f680,41.3,1263,646,False,,,none,,9,8,8,9,17,0,0,0,,
p5__llama3.3_70b__s4,llama3.3:70b,5,5,4,correct,correct,correct,clean_fenced,True,True,True,True,,,,,,512e2f6930bdd918fae92238f808930fed1751a9458c5e94102d366c9945f680,41.416,1263,646,False,,,none,,9,8,8,9,17,0,0,0,,
p5__llama3.3_70b__s5,llama3.3:70b,5,5,5,correct,correct,correct,clean_fenced,True,True,True,True,,,,,,512e2f6930bdd918fae92238f808930fed1751a9458c5e94102d366c9945f680,41.218,1263,646,False,,,none,,9,8,8,9,17,0,0,0,,
p5__llama3.3_70b__s6,llama3.3:70b,5,5,6,correct,correct,correct,clean_fenced,True,True,True,True,,,,,,512e2f6930bdd918fae92238f808930fed1751a9458c5e94102d366c9945f680,41.255,1263,646,False,,,none,,9,8,8,9,17,0,0,0,,
p5__llama3.3_70b__s7,llama3.3:70b,5,5,7,correct,correct,correct,clean_fenced,True,True,True,True,,,,,,512e2f6930bdd918fae92238f808930fed1751a9458c5e94102d366c9945f680,41.305,1263,646,False,,,none,,9,8,8,9,17,0,0,0,,
p5__llama3.3_70b__s8,llama3.3:70b,5,5,8,correct,correct,correct,clean_fenced,True,True,True,True,,,,,,512e2f6930bdd918fae92238f808930fed1751a9458c5e94102d366c9945f680,41.292,1263,646,False,,,none,,9,8,8,9,17,0,0,0,,
p5__llama3.3_70b__s9,llama3.3:70b,5,5,9,correct,correct,correct,clean_fenced,True,True,True,True,,,,,,512e2f6930bdd918fae92238f808930fed1751a9458c5e94102d366c9945f680,41.384,1263,646,False,,,none,,9,8,8,9,17,0,0,0,,
p6__llama3.3_70b__s0,llama3.3:70b,6,6,0,silent_bug,silent_bug,silent_bug,clean_fenced,True,True,True,True,"p6.R_bal_1.C1,p6.R_bal_2.C1,p6.R_bal_3.C1","p6.R_bal_1.C1,p6.R_bal_2.C1,p6.R_bal_3.C1","R_bal_1,R_bal_2,R_bal_3",,,5da4c2f02a828486a6d609579a7fa4938f3301e8563e6f426f7f96f411d68931,129.2,2291,1958,False,structural_constraint_error,"R_bal_1,R_bal_2,R_bal_3",solution_and_formulation,constraint_misspecification,7,6,6,7,13,3,3,6,,
p6__llama3.3_70b__s1,llama3.3:70b,6,6,1,silent_bug,silent_bug,silent_bug,clean_fenced,True,True,True,True,"p6.R_bal_1.C1,p6.R_bal_2.C1,p6.R_bal_3.C1","p6.R_bal_1.C1,p6.R_bal_2.C1,p6.R_bal_3.C1","R_bal_1,R_bal_2,R_bal_3",,,5da4c2f02a828486a6d609579a7fa4938f3301e8563e6f426f7f96f411d68931,124.503,2291,1942,False,structural_constraint_error,"R_bal_1,R_bal_2,R_bal_3",solution_and_formulation,constraint_misspecification,7,6,6,7,13,3,3,6,,
p6__llama3.3_70b__s2,llama3.3:70b,6,6,2,silent_bug,silent_bug,silent_bug,clean_fenced,True,True,True,True,"p6.R_bal_1.C1,p6.R_bal_2.C1,p6.R_bal_3.C1","p6.R_bal_1.C1,p6.R_bal_2.C1,p6.R_bal_3.C1","R_bal_1,R_bal_2,R_bal_3",,,5da4c2f02a828486a6d609579a7fa4938f3301e8563e6f426f7f96f411d68931,125.415,2291,1958,False,structural_constraint_error,"R_bal_1,R_bal_2,R_bal_3",solution_and_formulation,constraint_misspecification,7,6,6,7,13,3,3,6,,
p6__llama3.3_70b__s3,llama3.3:70b,6,6,3,silent_bug,silent_bug,silent_bug,clean_fenced,True,True,True,True,"p6.R_bal_1.C1,p6.R_bal_2.C1,p6.R_bal_3.C1","p6.R_bal_1.C1,p6.R_bal_2.C1,p6.R_bal_3.C1","R_bal_1,R_bal_2,R_bal_3",,,5da4c2f02a828486a6d609579a7fa4938f3301e8563e6f426f7f96f411d68931,125.079,2291,1958,False,structural_constraint_error,"R_bal_1,R_bal_2,R_bal_3",solution_and_formulation,constraint_misspecification,7,6,6,7,13,3,3,6,,
p6__llama3.3_70b__s4,llama3.3:70b,6,6,4,code_failure,code_failure,code_failure,clean_fenced,False,False,False,False,,,,,,5da4c2f02a828486a6d609579a7fa4938f3301e8563e6f426f7f96f411d68931,152.624,2291,2388,False,,,none,,,,,,,0,0,0,runtime_error,"Traceback (most recent call last):
  File ""/project/eick/maamr/sirl_exp1/results/llama33_70b_10samples_ctx8192/execution_workdirs/p6__llama3.3_70b__s4/execute_generated.py"", line 48, in <module>
    result = module.solve(data)
  File ""/project/eick/maamr/sirl_exp1/results/llama33_70b_10samples_ctx8192/execution_workdirs/p6__llama3.3_70b__s4/generated_model.py"", line 89, in solve
    ""x_1_2"": variables[""x_1_2""].X,
  File ""src/gurobipy/var.pxi"", line 125, in gurobipy.Var.__getattr__
  File ""src/gurobipy/var.pxi"", line 153, in gurobipy.Var.getAttr
  File ""src/gurobipy/attrutil.pxi"", line 103, in gurobipy._getattr
AttributeError: Unable to retrieve attribute 'X'. Did you mean: 'Xn'?"
p6__llama3.3_70b__s5,llama3.3:70b,6,6,5,silent_bug,silent_bug,silent_bug,clean_fenced,True,True,True,True,"p6.R_bal_1.C1,p6.R_bal_2.C1,p6.R_bal_3.C1","p6.R_bal_1.C1,p6.R_bal_2.C1,p6.R_bal_3.C1","R_bal_1,R_bal_2,R_bal_3",,,5da4c2f02a828486a6d609579a7fa4938f3301e8563e6f426f7f96f411d68931,127.554,2291,1986,False,structural_constraint_error,"R_bal_1,R_bal_2,R_bal_3",solution_and_formulation,constraint_misspecification,7,6,6,7,13,3,3,6,,
p6__llama3.3_70b__s6,llama3.3:70b,6,6,6,silent_bug,silent_bug,silent_bug,clean_fenced,True,True,True,True,"p6.R_bal_1.C1,p6.R_bal_2.C1,p6.R_bal_3.C1","p6.R_bal_1.C1,p6.R_bal_2.C1,p6.R_bal_3.C1","R_bal_1,R_bal_2,R_bal_3",,,5da4c2f02a828486a6d609579a7fa4938f3301e8563e6f426f7f96f411d68931,125.509,2291,1958,False,structural_constraint_error,"R_bal_1,R_bal_2,R_bal_3",solution_and_formulation,constraint_misspecification,7,6,6,7,13,3,3,6,,
p6__llama3.3_70b__s7,llama3.3:70b,6,6,7,silent_bug,silent_bug,silent_bug,clean_fenced,True,True,True,True,"p6.R_bal_1.C1,p6.R_bal_2.C1,p6.R_bal_3.C1","p6.R_bal_1.C1,p6.R_bal_2.C1,p6.R_bal_3.C1","R_bal_1,R_bal_2,R_bal_3",,,5da4c2f02a828486a6d609579a7fa4938f3301e8563e6f426f7f96f411d68931,125.21,2291,1958,False,structural_constraint_error,"R_bal_1,R_bal_2,R_bal_3",solution_and_formulation,constraint_misspecification,7,6,6,7,13,3,3,6,,
p6__llama3.3_70b__s8,llama3.3:70b,6,6,8,silent_bug,silent_bug,silent_bug,clean_fenced,True,True,True,True,"p6.R_bal_1.C1,p6.R_bal_2.C1,p6.R_bal_3.C1","p6.R_bal_1.C1,p6.R_bal_2.C1,p6.R_bal_3.C1","R_bal_1,R_bal_2,R_bal_3",,,5da4c2f02a828486a6d609579a7fa4938f3301e8563e6f426f7f96f411d68931,125.124,2291,1958,False,structural_constraint_error,"R_bal_1,R_bal_2,R_bal_3",solution_and_formulation,constraint_misspecification,7,6,6,7,13,3,3,6,,
p6__llama3.3_70b__s9,llama3.3:70b,6,6,9,code_failure,code_failure,code_failure,clean_fenced,False,False,False,False,,,,,,5da4c2f02a828486a6d609579a7fa4938f3301e8563e6f426f7f96f411d68931,155.094,2291,2418,False,,,none,,,,,,,0,0,0,runtime_error,"Traceback (most recent call last):
  File ""/project/eick/maamr/sirl_exp1/results/llama33_70b_10samples_ctx8192/execution_workdirs/p6__llama3.3_70b__s9/execute_generated.py"", line 48, in <module>
    result = module.solve(data)
  File ""/project/eick/maamr/sirl_exp1/results/llama33_70b_10samples_ctx8192/execution_workdirs/p6__llama3.3_70b__s9/generated_model.py"", line 93, in solve
    ""x_1_2"": variables[""x_1_2""].X,
  File ""src/gurobipy/var.pxi"", line 125, in gurobipy.Var.__getattr__
  File ""src/gurobipy/var.pxi"", line 153, in gurobipy.Var.getAttr
  File ""src/gurobipy/attrutil.pxi"", line 103, in gurobipy._getattr
AttributeError: Unable to retrieve attribute 'X'. Did you mean: 'Xn'?"
p7__llama3.3_70b__s0,llama3.3:70b,7,7,0,loud_bug,loud_bug,loud_bug,clean_fenced,True,True,False,True,"p7.R_bal_I_1.C1,p7.R_bal_I_4.C1,p7.R_bal_II_4.C1,p7.R_bal_III_4.C1,p7.obj.C2","p7.R_bal_I_1.C1,p7.R_bal_I_4.C1,p7.R_bal_II_4.C1,p7.R_bal_III_4.C1",,,,892befbe62d04a1714971532caa8264c422382e126c29e8bdb237f761eed87e2,194.888,3052,2944,False,,,none,,25,24,24,25,49,4,0,4,,
p7__llama3.3_70b__s1,llama3.3:70b,7,7,1,code_failure,code_failure,code_failure,clean_fenced,False,False,False,False,,,,,,892befbe62d04a1714971532caa8264c422382e126c29e8bdb237f761eed87e2,157.885,3052,2449,False,,,none,,,,,,,0,0,0,runtime_error,"Traceback (most recent call last):
  File ""/project/eick/maamr/sirl_exp1/results/llama33_70b_10samples_ctx8192/execution_workdirs/p7__llama3.3_70b__s1/execute_generated.py"", line 48, in <module>
    result = module.solve(data)
  File ""/project/eick/maamr/sirl_exp1/results/llama33_70b_10samples_ctx8192/execution_workdirs/p7__llama3.3_70b__s1/generated_model.py"", line 82, in solve
    model, variables = build_model(data)
  File ""/project/eick/maamr/sirl_exp1/results/llama33_70b_10samples_ctx8192/execution_workdirs/p7__llama3.3_70b__s1/generated_model.py"", line 48, in build_model
    gp.quicksum([variables[f""x_I_{q}""].var * data[""hours_per_unit""][""I""],
  File ""src/gurobipy/var.pxi"", line 125, in gurobipy.Var.__getattr__
  File ""src/gurobipy/var.pxi"", line 153, in gurobipy.Var.getAttr
  File ""src/gurobipy/attrutil.pxi"", line 38, in gurobipy._getattr
  File ""src/gurobipy/attrutil.pxi"", line 26, in gurobipy._getattrinfo
AttributeError: 'gurobipy.Var' object has no attribute 'var'"
p7__llama3.3_70b__s2,llama3.3:70b,7,7,2,code_failure,code_failure,code_failure,clean_fenced,False,False,False,False,,,,,,892befbe62d04a1714971532caa8264c422382e126c29e8bdb237f761eed87e2,169.277,3052,2629,False,,,none,,,,,,,0,0,0,runtime_error,"Traceback (most recent call last):
  File ""/project/eick/maamr/sirl_exp1/results/llama33_70b_10samples_ctx8192/execution_workdirs/p7__llama3.3_70b__s2/execute_generated.py"", line 48, in <module>
    result = module.solve(data)
  File ""/project/eick/maamr/sirl_exp1/results/llama33_70b_10samples_ctx8192/execution_workdirs/p7__llama3.3_70b__s2/generated_model.py"", line 91, in solve
    ""x_I_1"": model.getVarByName(""x_I_1"").X,
AttributeError: 'NoneType' object has no attribute 'X'"
p7__llama3.3_70b__s3,llama3.3:70b,7,7,3,code_failure,code_failure,code_failure,clean_fenced,False,False,False,False,,,,,,892befbe62d04a1714971532caa8264c422382e126c29e8bdb237f761eed87e2,63.5,3052,983,False,,,none,,,,,,,0,0,0,runtime_error,"Traceback (most recent call last):
  File ""/project/eick/maamr/sirl_exp1/results/llama33_70b_10samples_ctx8192/execution_workdirs/p7__llama3.3_70b__s3/execute_generated.py"", line 48, in <module>
    result = module.solve(data)
  File ""/project/eick/maamr/sirl_exp1/results/llama33_70b_10samples_ctx8192/execution_workdirs/p7__llama3.3_70b__s3/generated_model.py"", line 57, in solve
    solution[variable_key] = model.getVarByName(variable_key).X
AttributeError: 'NoneType' object has no attribute 'X'"
p7__llama3.3_70b__s4,llama3.3:70b,7,7,4,code_failure,code_failure,code_failure,clean_fenced,False,False,False,False,,,,,,892befbe62d04a1714971532caa8264c422382e126c29e8bdb237f761eed87e2,52.76,3052,820,False,,,none,,,,,,,0,0,0,runtime_error,"Traceback (most recent call last):
  File ""/project/eick/maamr/sirl_exp1/results/llama33_70b_10samples_ctx8192/execution_workdirs/p7__llama3.3_70b__s4/execute_generated.py"", line 48, in <module>
    result = module.solve(data)
  File ""/project/eick/maamr/sirl_exp1/results/llama33_70b_10samples_ctx8192/execution_workdirs/p7__llama3.3_70b__s4/generated_model.py"", line 74, in solve
    model, _ = build_model(data)
  File ""/project/eick/maamr/sirl_exp1/results/llama33_70b_10samples_ctx8192/execution_workdirs/p7__llama3.3_70b__s4/generated_model.py"", line 69, in build_model
    model.setObjective(objective, 'min')
  File ""src/gurobipy/model.pxi"", line 1496, in gurobipy.Model.setObjective
ValueError: invalid literal for int() with base 10: 'min'"
p7__llama3.3_70b__s5,llama3.3:70b,7,7,5,silent_bug,silent_bug,silent_bug,clean_fenced,True,True,True,True,,,"R_bal_I_1,R_bal_I_2,R_bal_I_3,R_bal_I_4,R_bal_II_1,R_bal_II_2,R_bal_II_3,R_bal_II_4,R_bal_III_1,R_bal_III_2,R_bal_III_3,R_bal_III_4,R_nobacklog_end_I,R_nobacklog_end_II,R_nobacklog_end_III",,,892befbe62d04a1714971532caa8264c422382e126c29e8bdb237f761eed87e2,75.273,3052,1172,False,structural_constraint_error,"fviol:R_bal_I_1,R_bal_I_2,R_bal_I_3,R_bal_I_4,R_bal_II_1,R_bal_II_2,R_bal_II_3,R_bal_II_4,R_bal_III_1,R_bal_III_2,R_bal_III_3,R_bal_III_4,R_nobacklog_end_I,R_nobacklog_end_II,R_nobacklog_end_III",formulation_only,constraint_misspecification,25,24,24,25,49,0,15,15,,
p7__llama3.3_70b__s6,llama3.3:70b,7,7,6,loud_bug,loud_bug,loud_bug,clean_fenced,True,True,False,True,"p7.R_bal_I_1.C1,p7.R_bal_I_2.C1,p7.R_bal_I_3.C1,p7.R_bal_I_4.C1,p7.R_bal_II_1.C1,p7.R_bal_II_2.C1,p7.R_bal_II_3.C1,p7.R_bal_II_4.C1,p7.R_bal_III_1.C1,p7.R_bal_III_2.C1,p7.R_bal_III_3.C1,p7.R_bal_III_4.C1,p7.obj.C2","p7.R_bal_I_1.C1,p7.R_bal_I_2.C1,p7.R_bal_I_3.C1,p7.R_bal_I_4.C1,p7.R_bal_II_1.C1,p7.R_bal_II_2.C1,p7.R_bal_II_3.C1,p7.R_bal_II_4.C1,p7.R_bal_III_1.C1,p7.R_bal_III_2.C1,p7.R_bal_III_3.C1,p7.R_bal_III_4.C1",,,,892befbe62d04a1714971532caa8264c422382e126c29e8bdb237f761eed87e2,50.168,3052,780,False,,,none,,25,24,24,25,49,12,0,12,,
p7__llama3.3_70b__s7,llama3.3:70b,7,7,7,loud_bug,loud_bug,loud_bug,clean_fenced,True,True,False,True,"p7.R_bal_I_1.C1,p7.R_bal_I_2.C1,p7.R_bal_I_4.C1,p7.R_bal_II_4.C1,p7.R_bal_III_2.C1,p7.R_bal_III_3.C1,p7.R_bal_III_4.C1,p7.R_nobacklog_end_I.C1,p7.R_nobacklog_end_II.C1,p7.R_nobacklog_end_III.C1,p7.obj.C2","p7.R_bal_I_1.C1,p7.R_bal_I_2.C1,p7.R_bal_I_4.C1,p7.R_bal_II_4.C1,p7.R_bal_III_2.C1,p7.R_bal_III_3.C1,p7.R_bal_III_4.C1,p7.R_nobacklog_end_I.C1,p7.R_nobacklog_end_II.C1,p7.R_nobacklog_end_III.C1",,,,892befbe62d04a1714971532caa8264c422382e126c29e8bdb237f761eed87e2,182.663,3052,2829,False,,,none,,25,24,24,25,49,10,0,10,,
p7__llama3.3_70b__s8,llama3.3:70b,7,7,8,code_failure,code_failure,code_failure,clean_fenced,False,False,False,False,,,,,,892befbe62d04a1714971532caa8264c422382e126c29e8bdb237f761eed87e2,157.353,3052,2442,False,,,none,,,,,,,0,0,0,runtime_error,"Traceback (most recent call last):
  File ""/project/eick/maamr/sirl_exp1/results/llama33_70b_10samples_ctx8192/execution_workdirs/p7__llama3.3_70b__s8/execute_generated.py"", line 48, in <module>
    result = module.solve(data)
  File ""/project/eick/maamr/sirl_exp1/results/llama33_70b_10samples_ctx8192/execution_workdirs/p7__llama3.3_70b__s8/generated_model.py"", line 81, in solve
    model, _ = build_model(data)
  File ""/project/eick/maamr/sirl_exp1/results/llama33_70b_10samples_ctx8192/execution_workdirs/p7__llama3.3_70b__s8/generated_model.py"", line 70, in build_model
    model.addConstr(variables[f""Bk_{p}_1""] == max(0, data['orders'][f""{p}_1""] - variables[f""x_{p}_1""]))
  File ""src/gurobipy/linexpr.pxi"", line 473, in gurobipy.LinExpr.__richcmp__
NotImplementedError"
p7__llama3.3_70b__s9,llama3.3:70b,7,7,9,loud_bug,loud_bug,loud_bug,clean_fenced,True,True,False,True,"p7.R_bal_I_2.C1,p7.R_bal_I_3.C1,p7.R_bal_I_4.C1,p7.R_bal_II_3.C1,p7.R_bal_II_4.C1,p7.R_bal_III_4.C1,p7.obj.C2","p7.R_bal_I_2.C1,p7.R_bal_I_3.C1,p7.R_bal_I_4.C1,p7.R_bal_II_3.C1,p7.R_bal_II_4.C1,p7.R_bal_III_4.C1",,,,892befbe62d04a1714971532caa8264c422382e126c29e8bdb237f761eed87e2,69.936,3052,1086,False,,,none,,25,24,24,25,49,6,0,6,,
p8__llama3.3_70b__s0,llama3.3:70b,8,8,0,correct,correct,correct,clean_fenced,True,True,True,True,,,,,,0764e3c78fe3ba50ce63376b5a3a68ac50241aac91ae2d3ab72773f5d754b9c6,34.361,1459,487,False,,,none,,11,10,10,11,21,0,0,0,,
p8__llama3.3_70b__s1,llama3.3:70b,8,8,1,correct,correct,correct,clean_fenced,True,True,True,True,,,,,,0764e3c78fe3ba50ce63376b5a3a68ac50241aac91ae2d3ab72773f5d754b9c6,30.163,1459,471,False,,,none,,11,10,10,11,21,0,0,0,,
p8__llama3.3_70b__s2,llama3.3:70b,8,8,2,correct,correct,correct,clean_fenced,True,True,True,True,,,,,,0764e3c78fe3ba50ce63376b5a3a68ac50241aac91ae2d3ab72773f5d754b9c6,29.902,1459,467,False,,,none,,11,10,10,11,21,0,0,0,,
p8__llama3.3_70b__s3,llama3.3:70b,8,8,3,correct,correct,correct,clean_fenced,True,True,True,True,,,,,,0764e3c78fe3ba50ce63376b5a3a68ac50241aac91ae2d3ab72773f5d754b9c6,30.57,1459,477,False,,,none,,11,10,10,11,21,0,0,0,,
p8__llama3.3_70b__s4,llama3.3:70b,8,8,4,correct,correct,correct,clean_fenced,True,True,True,True,,,,,,0764e3c78fe3ba50ce63376b5a3a68ac50241aac91ae2d3ab72773f5d754b9c6,31.924,1459,499,False,,,none,,11,10,10,11,21,0,0,0,,
p8__llama3.3_70b__s5,llama3.3:70b,8,8,5,correct,correct,correct,clean_fenced,True,True,True,True,,,,,,0764e3c78fe3ba50ce63376b5a3a68ac50241aac91ae2d3ab72773f5d754b9c6,33.314,1459,521,False,,,none,,11,10,10,11,21,0,0,0,,
p8__llama3.3_70b__s6,llama3.3:70b,8,8,6,correct,correct,correct,clean_fenced,True,True,True,True,,,,,,0764e3c78fe3ba50ce63376b5a3a68ac50241aac91ae2d3ab72773f5d754b9c6,31.133,1459,484,False,,,none,,11,10,10,11,21,0,0,0,,
p8__llama3.3_70b__s7,llama3.3:70b,8,8,7,correct,correct,correct,clean_fenced,True,True,True,True,,,,,,0764e3c78fe3ba50ce63376b5a3a68ac50241aac91ae2d3ab72773f5d754b9c6,28.118,1459,435,False,,,none,,11,10,10,11,21,0,0,0,,
p8__llama3.3_70b__s8,llama3.3:70b,8,8,8,correct,correct,correct,clean_fenced,True,True,True,True,,,,,,0764e3c78fe3ba50ce63376b5a3a68ac50241aac91ae2d3ab72773f5d754b9c6,29.865,1459,464,False,,,none,,11,10,10,11,21,0,0,0,,
p8__llama3.3_70b__s9,llama3.3:70b,8,8,9,correct,correct,correct,clean_fenced,True,True,True,True,,,,,,0764e3c78fe3ba50ce63376b5a3a68ac50241aac91ae2d3ab72773f5d754b9c6,30.138,1459,468,False,,,none,,11,10,10,11,21,0,0,0,,
p9__llama3.3_70b__s0,llama3.3:70b,9,9,0,correct,correct,correct,clean_fenced,True,True,True,True,,,,,,134c5de45298561ff7ce03dc5fdcd59712009c1c751edc8814c5190494cb8810,38.011,1228,555,False,,,none,,10,9,9,10,19,0,0,0,,
p9__llama3.3_70b__s1,llama3.3:70b,9,9,1,loud_bug,loud_bug,loud_bug,clean_fenced,True,True,False,True,p9.obj.C2,,,,,134c5de45298561ff7ce03dc5fdcd59712009c1c751edc8814c5190494cb8810,35.726,1228,560,False,,,none,,10,9,9,10,19,0,0,0,,
p9__llama3.3_70b__s2,llama3.3:70b,9,9,2,loud_bug,loud_bug,loud_bug,clean_fenced,True,True,False,True,p9.obj.C2,,,,,134c5de45298561ff7ce03dc5fdcd59712009c1c751edc8814c5190494cb8810,35.343,1228,554,False,,,none,,10,9,9,10,19,0,0,0,,
p9__llama3.3_70b__s3,llama3.3:70b,9,9,3,loud_bug,loud_bug,loud_bug,clean_fenced,True,True,False,True,p9.obj.C2,,,,,134c5de45298561ff7ce03dc5fdcd59712009c1c751edc8814c5190494cb8810,35.534,1228,554,False,,,none,,10,9,9,10,19,0,0,0,,
p9__llama3.3_70b__s4,llama3.3:70b,9,9,4,loud_bug,loud_bug,loud_bug,clean_fenced,True,True,False,True,p9.obj.C2,,,,,134c5de45298561ff7ce03dc5fdcd59712009c1c751edc8814c5190494cb8810,35.502,1228,554,False,,,none,,10,9,9,10,19,0,0,0,,
p9__llama3.3_70b__s5,llama3.3:70b,9,9,5,loud_bug,loud_bug,loud_bug,clean_fenced,True,True,False,True,p9.obj.C2,,,,,134c5de45298561ff7ce03dc5fdcd59712009c1c751edc8814c5190494cb8810,35.622,1228,559,False,,,none,,10,9,9,10,19,0,0,0,,
p9__llama3.3_70b__s6,llama3.3:70b,9,9,6,correct,correct,correct,clean_fenced,True,True,True,True,,,,,,134c5de45298561ff7ce03dc5fdcd59712009c1c751edc8814c5190494cb8810,35.658,1228,559,False,,,none,,10,9,9,10,19,0,0,0,,
p9__llama3.3_70b__s7,llama3.3:70b,9,9,7,loud_bug,loud_bug,loud_bug,clean_fenced,True,True,False,True,p9.obj.C2,,,,,134c5de45298561ff7ce03dc5fdcd59712009c1c751edc8814c5190494cb8810,35.386,1228,555,False,,,none,,10,9,9,10,19,0,0,0,,
p9__llama3.3_70b__s8,llama3.3:70b,9,9,8,loud_bug,loud_bug,loud_bug,clean_fenced,True,True,False,True,p9.obj.C2,,,,,134c5de45298561ff7ce03dc5fdcd59712009c1c751edc8814c5190494cb8810,35.389,1228,555,False,,,none,,10,9,9,10,19,0,0,0,,
p9__llama3.3_70b__s9,llama3.3:70b,9,9,9,loud_bug,loud_bug,loud_bug,clean_fenced,True,True,False,True,p9.obj.C2,,,,,134c5de45298561ff7ce03dc5fdcd59712009c1c751edc8814c5190494cb8810,35.37,1228,554,False,,,none,,10,9,9,10,19,0,0,0,,
p10__llama3.3_70b__s0,llama3.3:70b,10,10,0,correct,correct,correct,clean_fenced,True,True,True,True,,,,,,9327588e2287d8ab61ffa62dff8a04a14601842b37c48d6a94a957d281d8634b,50.513,1367,751,False,,,none,,7,6,6,7,13,0,0,0,,
p10__llama3.3_70b__s1,llama3.3:70b,10,10,1,correct,correct,correct,clean_fenced,True,True,True,True,,,,,,9327588e2287d8ab61ffa62dff8a04a14601842b37c48d6a94a957d281d8634b,46.867,1367,736,False,,,none,,7,6,6,7,13,0,0,0,,
p10__llama3.3_70b__s2,llama3.3:70b,10,10,2,correct,correct,correct,clean_fenced,True,True,True,True,,,,,,9327588e2287d8ab61ffa62dff8a04a14601842b37c48d6a94a957d281d8634b,46.929,1367,736,False,,,none,,7,6,6,7,13,0,0,0,,
p10__llama3.3_70b__s3,llama3.3:70b,10,10,3,correct,correct,correct,clean_fenced,True,True,True,True,,,,,,9327588e2287d8ab61ffa62dff8a04a14601842b37c48d6a94a957d281d8634b,47.793,1367,751,False,,,none,,7,6,6,7,13,0,0,0,,
p10__llama3.3_70b__s4,llama3.3:70b,10,10,4,correct,correct,correct,clean_fenced,True,True,True,True,,,,,,9327588e2287d8ab61ffa62dff8a04a14601842b37c48d6a94a957d281d8634b,47.851,1367,752,False,,,none,,7,6,6,7,13,0,0,0,,
p10__llama3.3_70b__s5,llama3.3:70b,10,10,5,correct,correct,correct,clean_fenced,True,True,True,True,,,,,,9327588e2287d8ab61ffa62dff8a04a14601842b37c48d6a94a957d281d8634b,47.884,1367,751,False,,,none,,7,6,6,7,13,0,0,0,,
p10__llama3.3_70b__s6,llama3.3:70b,10,10,6,correct,correct,correct,clean_fenced,True,True,True,True,,,,,,9327588e2287d8ab61ffa62dff8a04a14601842b37c48d6a94a957d281d8634b,46.861,1367,736,False,,,none,,7,6,6,7,13,0,0,0,,
p10__llama3.3_70b__s7,llama3.3:70b,10,10,7,correct,correct,correct,clean_fenced,True,True,True,True,,,,,,9327588e2287d8ab61ffa62dff8a04a14601842b37c48d6a94a957d281d8634b,46.857,1367,736,False,,,none,,7,6,6,7,13,0,0,0,,
p10__llama3.3_70b__s8,llama3.3:70b,10,10,8,correct,correct,correct,clean_fenced,True,True,True,True,,,,,,9327588e2287d8ab61ffa62dff8a04a14601842b37c48d6a94a957d281d8634b,46.83,1367,736,False,,,none,,7,6,6,7,13,0,0,0,,
p10__llama3.3_70b__s9,llama3.3:70b,10,10,9,correct,correct,correct,clean_fenced,True,True,True,True,,,,,,9327588e2287d8ab61ffa62dff8a04a14601842b37c48d6a94a957d281d8634b,46.848,1367,736,False,,,none,,7,6,6,7,13,0,0,0,,
p11__llama3.3_70b__s0,llama3.3:70b,11,11,0,contract_failure,contract_failure,contract_failure,clean_fenced,False,False,False,True,,,,,,f690f97ab88220fc4e6afd67c9c5647767aef832350ff96eda56f701be6fca4b,90.754,7995,1191,False,,,none,,,,,,,0,0,0,contract_failure,missing required function solve(data)
p11__llama3.3_70b__s1,llama3.3:70b,11,11,1,contract_failure,contract_failure,contract_failure,clean_fenced,False,False,False,True,,,,,,f690f97ab88220fc4e6afd67c9c5647767aef832350ff96eda56f701be6fca4b,95.093,7995,1252,False,,,none,,,,,,,0,0,0,contract_failure,missing required function solve(data)
p11__llama3.3_70b__s2,llama3.3:70b,11,11,2,contract_failure,contract_failure,contract_failure,clean_fenced,False,False,False,True,,,,,,f690f97ab88220fc4e6afd67c9c5647767aef832350ff96eda56f701be6fca4b,93.849,7995,1226,False,,,none,,,,,,,0,0,0,contract_failure,missing required function solve(data)
p11__llama3.3_70b__s3,llama3.3:70b,11,11,3,code_failure,code_failure,code_failure,clean_fenced,False,False,False,False,,,,,,f690f97ab88220fc4e6afd67c9c5647767aef832350ff96eda56f701be6fca4b,140.103,7995,1929,False,,,none,,,,,,,0,0,0,runtime_error,"Traceback (most recent call last):
  File ""src/gurobipy/linexpr.pxi"", line 568, in gurobipy.LinExpr.__truediv__
TypeError: float() argument must be a string or a real number, not 'gurobipy.LinExpr'

During handling of the above exception, another exception occurred:

Traceback (most recent call last):
  File ""/project/eick/maamr/sirl_exp1/results/llama33_70b_10samples_ctx8192/execution_workdirs/p11__llama3.3_70b__s3/execute_generated.py"", line 11, in <module>
    spec.loader.exec_module(module)
  File ""<frozen importlib._bootstrap_external>"", line 883, in exec_module
  File ""<frozen importlib._bootstrap>"", line 241, in _call_with_frames_removed
  File ""/project/eick/maamr/sirl_exp1/results/llama33_70b_10samples_ctx8192/execution_workdirs/p11__llama3.3_70b__s3/generated_model.py"", line 181, in <module>
    solution = solve_model(data)
  File ""/project/eick/maamr/sirl_exp1/results/llama33_70b_10samples_ctx8192/execution_workdirs/p11__llama3.3_70b__s3/generated_model.py"", line 71, in solve_model
    model, variables = build_model(data)
  File ""/project/eick/maamr/sirl_exp1/results/llama33_70b_10samples_ctx8192/execution_workdirs/p11__llama3.3_70b__s3/generated_model.py"", line 59, in build_model
    model.addConstr(hardness / total_use >= data['min_hardness'], f'min_hardness')
  File ""src/gurobipy/linexpr.pxi"", line 570, in gurobipy.LinExpr.__truediv__
gurobipy.GurobiError: Divisor must be a constant"
p11__llama3.3_70b__s4,llama3.3:70b,11,11,4,code_failure,code_failure,code_failure,clean_fenced,False,False,False,False,,,,,,f690f97ab88220fc4e6afd67c9c5647767aef832350ff96eda56f701be6fca4b,129.468,7995,1769,False,,,none,,,,,,,0,0,0,runtime_error,"Traceback (most recent call last):
  File ""/project/eick/maamr/sirl_exp1/results/llama33_70b_10samples_ctx8192/execution_workdirs/p11__llama3.3_70b__s4/execute_generated.py"", line 11, in <module>
    spec.loader.exec_module(module)
  File ""<frozen importlib._bootstrap_external>"", line 883, in exec_module
  File ""<frozen importlib._bootstrap>"", line 241, in _call_with_frames_removed
  File ""/project/eick/maamr/sirl_exp1/results/llama33_70b_10samples_ctx8192/execution_workdirs/p11__llama3.3_70b__s4/generated_model.py"", line 151, in <module>
    result = solve_model(data)
  File ""/project/eick/maamr/sirl_exp1/results/llama33_70b_10samples_ctx8192/execution_workdirs/p11__llama3.3_70b__s4/generated_model.py"", line 58, in solve_model
    model, variables = build_model(data)
  File ""/project/eick/maamr/sirl_exp1/results/llama33_70b_10samples_ctx8192/execution_workdirs/p11__llama3.3_70b__s4/generated_model.py"", line 29, in build_model
    model.addConstr(variables[f'store_Jun'] <= data['storage_cap_per_oil'], f'storage_cap_{oil}')
KeyError: 'store_Jun'"
p11__llama3.3_70b__s5,llama3.3:70b,11,11,5,contract_failure,contract_failure,contract_failure,clean_fenced,False,False,False,True,,,,,,f690f97ab88220fc4e6afd67c9c5647767aef832350ff96eda56f701be6fca4b,134.644,7995,1847,False,,,none,,,,,,,0,0,0,contract_failure,missing required function solve(data)
p11__llama3.3_70b__s6,llama3.3:70b,11,11,6,code_failure,code_failure,code_failure,clean_fenced,False,False,False,False,,,,,,f690f97ab88220fc4e6afd67c9c5647767aef832350ff96eda56f701be6fca4b,134.408,7995,1844,False,,,none,,,,,,,0,0,0,runtime_error,"Traceback (most recent call last):
  File ""src/gurobipy/linexpr.pxi"", line 568, in gurobipy.LinExpr.__truediv__
TypeError: float() argument must be a string or a real number, not 'gurobipy.LinExpr'

During handling of the above exception, another exception occurred:

Traceback (most recent call last):
  File ""/project/eick/maamr/sirl_exp1/results/llama33_70b_10samples_ctx8192/execution_workdirs/p11__llama3.3_70b__s6/execute_generated.py"", line 11, in <module>
    spec.loader.exec_module(module)
  File ""<frozen importlib._bootstrap_external>"", line 883, in exec_module
  File ""<frozen importlib._bootstrap>"", line 241, in _call_with_frames_removed
  File ""/project/eick/maamr/sirl_exp1/results/llama33_70b_10samples_ctx8192/execution_workdirs/p11__llama3.3_70b__s6/generated_model.py"", line 170, in <module>
    solution = solve_model(data)
  File ""/project/eick/maamr/sirl_exp1/results/llama33_70b_10samples_ctx8192/execution_workdirs/p11__llama3.3_70b__s6/generated_model.py"", line 62, in solve_model
    model, variables = build_model(data)
  File ""/project/eick/maamr/sirl_exp1/results/llama33_70b_10samples_ctx8192/execution_workdirs/p11__llama3.3_70b__s6/generated_model.py"", line 32, in build_model
    hardness = gp.quicksum(data['hardness'][oil] * variables[f'use_{oil}_{month}'] / total_used for oil in data['vegetable_oils'] + data['non_vegetable_oils'])
  File ""src/gurobipy/gurobi.pxi"", line 3842, in gurobipy.quicksum
  File ""/project/eick/maamr/sirl_exp1/results/llama33_70b_10samples_ctx8192/execution_workdirs/p11__llama3.3_70b__s6/generated_model.py"", line 32, in <genexpr>
    hardness = gp.quicksum(data['hardness'][oil] * variables[f'use_{oil}_{month}'] / total_used for oil in data['vegetable_oils'] + data['non_vegetable_oils'])
  File ""src/gurobipy/linexpr.pxi"", line 570, in gurobipy.LinExpr.__truediv__
gurobipy.GurobiError: Divisor must be a constant"
p11__llama3.3_70b__s7,llama3.3:70b,11,11,7,contract_failure,contract_failure,contract_failure,clean_fenced,False,False,False,True,,,,,,f690f97ab88220fc4e6afd67c9c5647767aef832350ff96eda56f701be6fca4b,90.427,7995,1176,False,,,none,,,,,,,0,0,0,contract_failure,missing required function solve(data)
p11__llama3.3_70b__s8,llama3.3:70b,11,11,8,code_failure,code_failure,code_failure,clean_fenced,False,False,False,False,,,,,,f690f97ab88220fc4e6afd67c9c5647767aef832350ff96eda56f701be6fca4b,131.894,7995,1808,False,,,none,,,,,,,0,0,0,runtime_error,"Traceback (most recent call last):
  File ""src/gurobipy/linexpr.pxi"", line 568, in gurobipy.LinExpr.__truediv__
TypeError: float() argument must be a string or a real number, not 'gurobipy.LinExpr'

During handling of the above exception, another exception occurred:

Traceback (most recent call last):
  File ""/project/eick/maamr/sirl_exp1/results/llama33_70b_10samples_ctx8192/execution_workdirs/p11__llama3.3_70b__s8/execute_generated.py"", line 11, in <module>
    spec.loader.exec_module(module)
  File ""<frozen importlib._bootstrap_external>"", line 883, in exec_module
  File ""<frozen importlib._bootstrap>"", line 241, in _call_with_frames_removed
  File ""/project/eick/maamr/sirl_exp1/results/llama33_70b_10samples_ctx8192/execution_workdirs/p11__llama3.3_70b__s8/generated_model.py"", line 182, in <module>
    solution = solve_model(data)
  File ""/project/eick/maamr/sirl_exp1/results/llama33_70b_10samples_ctx8192/execution_workdirs/p11__llama3.3_70b__s8/generated_model.py"", line 72, in solve_model
    model, variables = build_model(data)
  File ""/project/eick/maamr/sirl_exp1/results/llama33_70b_10samples_ctx8192/execution_workdirs/p11__llama3.3_70b__s8/generated_model.py"", line 66, in build_model
    model.addConstr(hardness_expr / total_use_expr >= data['min_hardness'], f'min_hardness_{month}')
  File ""src/gurobipy/linexpr.pxi"", line 570, in gurobipy.LinExpr.__truediv__
gurobipy.GurobiError: Divisor must be a constant"
p11__llama3.3_70b__s9,llama3.3:70b,11,11,9,contract_failure,contract_failure,contract_failure,clean_fenced,False,False,False,True,,,,,,f690f97ab88220fc4e6afd67c9c5647767aef832350ff96eda56f701be6fca4b,130.396,7995,1783,False,,,none,,,,,,,0,0,0,contract_failure,missing required function solve(data)
p12__llama3.3_70b__s0,llama3.3:70b,12,12,0,correct,correct,correct,clean_fenced,True,True,True,True,,,,,,0fb92aed8d55bd8f0f144eaf25547d7b76d7cae8d7bb297875e14af44a384753,211.704,3102,3202,False,,,none,,5,17,4,18,35,0,0,0,,
p12__llama3.3_70b__s1,llama3.3:70b,12,12,1,correct,correct,correct,clean_fenced,True,True,True,True,,,,,,0fb92aed8d55bd8f0f144eaf25547d7b76d7cae8d7bb297875e14af44a384753,176.483,3102,2726,False,,,none,,5,17,4,18,35,0,0,0,,
p12__llama3.3_70b__s2,llama3.3:70b,12,12,2,correct,correct,correct,clean_fenced,True,True,True,True,,,,,,0fb92aed8d55bd8f0f144eaf25547d7b76d7cae8d7bb297875e14af44a384753,177.255,3102,2753,False,,,none,,5,17,4,18,35,0,0,0,,
p12__llama3.3_70b__s3,llama3.3:70b,12,12,3,correct,correct,correct,clean_fenced,True,True,True,True,,,,,,0fb92aed8d55bd8f0f144eaf25547d7b76d7cae8d7bb297875e14af44a384753,175.092,3102,2719,False,,,none,,5,17,4,18,35,0,0,0,,
p12__llama3.3_70b__s4,llama3.3:70b,12,12,4,correct,correct,correct,clean_fenced,True,True,True,True,,,,,,0fb92aed8d55bd8f0f144eaf25547d7b76d7cae8d7bb297875e14af44a384753,174.711,3102,2715,False,,,none,,5,17,4,18,35,0,0,0,,
p12__llama3.3_70b__s5,llama3.3:70b,12,12,5,correct,correct,correct,clean_fenced,True,True,True,True,,,,,,0fb92aed8d55bd8f0f144eaf25547d7b76d7cae8d7bb297875e14af44a384753,174.607,3102,2715,False,,,none,,5,17,4,18,35,0,0,0,,
p12__llama3.3_70b__s6,llama3.3:70b,12,12,6,correct,correct,correct,clean_fenced,True,True,True,True,,,,,,0fb92aed8d55bd8f0f144eaf25547d7b76d7cae8d7bb297875e14af44a384753,174.842,3102,2715,False,,,none,,5,17,4,18,35,0,0,0,,
p12__llama3.3_70b__s7,llama3.3:70b,12,12,7,correct,correct,correct,clean_fenced,True,True,True,True,,,,,,0fb92aed8d55bd8f0f144eaf25547d7b76d7cae8d7bb297875e14af44a384753,201.731,3102,3131,False,,,none,,5,17,4,18,35,0,0,0,,
p12__llama3.3_70b__s8,llama3.3:70b,12,12,8,correct,correct,correct,clean_fenced,True,True,True,True,,,,,,0fb92aed8d55bd8f0f144eaf25547d7b76d7cae8d7bb297875e14af44a384753,176.394,3102,2726,False,,,none,,5,17,4,18,35,0,0,0,,
p12__llama3.3_70b__s9,llama3.3:70b,12,12,9,correct,correct,correct,clean_fenced,True,True,True,True,,,,,,0fb92aed8d55bd8f0f144eaf25547d7b76d7cae8d7bb297875e14af44a384753,174.764,3102,2715,False,,,none,,5,17,4,18,35,0,0,0,,
p13__llama3.3_70b__s0,llama3.3:70b,13,13,0,correct,correct,correct,clean_fenced,True,True,True,True,,,,,,10f76b9e88859cc988482f3a572d12fa880cb6abc0474b825bd7dfb620513fba,214.434,3059,3250,False,,,none,,5,16,4,17,33,0,0,0,,
p13__llama3.3_70b__s1,llama3.3:70b,13,13,1,code_failure,code_failure,code_failure,clean_fenced,False,False,False,False,,,,,,10f76b9e88859cc988482f3a572d12fa880cb6abc0474b825bd7dfb620513fba,197.395,3059,3058,False,,,none,,,,,,,0,0,0,runtime_error,"Traceback (most recent call last):
  File ""/project/eick/maamr/sirl_exp1/results/llama33_70b_10samples_ctx8192/execution_workdirs/p13__llama3.3_70b__s1/execute_generated.py"", line 48, in <module>
    result = module.solve(data)
  File ""/project/eick/maamr/sirl_exp1/results/llama33_70b_10samples_ctx8192/execution_workdirs/p13__llama3.3_70b__s1/generated_model.py"", line 133, in solve
    ""y_c1"": variables[""y_c1""].X,
  File ""src/gurobipy/var.pxi"", line 125, in gurobipy.Var.__getattr__
  File ""src/gurobipy/var.pxi"", line 153, in gurobipy.Var.getAttr
  File ""src/gurobipy/attrutil.pxi"", line 103, in gurobipy._getattr
AttributeError: Unable to retrieve attribute 'X'. Did you mean: 'Xn'?"
p13__llama3.3_70b__s2,llama3.3:70b,13,13,2,correct,correct,correct,clean_fenced,True,True,True,True,,,,,,10f76b9e88859cc988482f3a572d12fa880cb6abc0474b825bd7dfb620513fba,209.044,3059,3250,False,,,none,,5,16,4,17,33,0,0,0,,
p13__llama3.3_70b__s3,llama3.3:70b,13,13,3,code_failure,code_failure,code_failure,clean_fenced,False,False,False,False,,,,,,10f76b9e88859cc988482f3a572d12fa880cb6abc0474b825bd7dfb620513fba,197.371,3059,3058,False,,,none,,,,,,,0,0,0,runtime_error,"Traceback (most recent call last):
  File ""/project/eick/maamr/sirl_exp1/results/llama33_70b_10samples_ctx8192/execution_workdirs/p13__llama3.3_70b__s3/execute_generated.py"", line 48, in <module>
    result = module.solve(data)
  File ""/project/eick/maamr/sirl_exp1/results/llama33_70b_10samples_ctx8192/execution_workdirs/p13__llama3.3_70b__s3/generated_model.py"", line 133, in solve
    ""y_c1"": variables[""y_c1""].X,
  File ""src/gurobipy/var.pxi"", line 125, in gurobipy.Var.__getattr__
  File ""src/gurobipy/var.pxi"", line 153, in gurobipy.Var.getAttr
  File ""src/gurobipy/attrutil.pxi"", line 103, in gurobipy._getattr
AttributeError: Unable to retrieve attribute 'X'. Did you mean: 'Xn'?"
p13__llama3.3_70b__s4,llama3.3:70b,13,13,4,code_failure,code_failure,code_failure,clean_fenced,False,False,False,False,,,,,,10f76b9e88859cc988482f3a572d12fa880cb6abc0474b825bd7dfb620513fba,196.927,3059,3062,False,,,none,,,,,,,0,0,0,runtime_error,"Traceback (most recent call last):
  File ""/project/eick/maamr/sirl_exp1/results/llama33_70b_10samples_ctx8192/execution_workdirs/p13__llama3.3_70b__s4/execute_generated.py"", line 48, in <module>
    result = module.solve(data)
  File ""/project/eick/maamr/sirl_exp1/results/llama33_70b_10samples_ctx8192/execution_workdirs/p13__llama3.3_70b__s4/generated_model.py"", line 133, in solve
    ""y_c1"": variables[""y_c1""].X,
  File ""src/gurobipy/var.pxi"", line 125, in gurobipy.Var.__getattr__
  File ""src/gurobipy/var.pxi"", line 153, in gurobipy.Var.getAttr
  File ""src/gurobipy/attrutil.pxi"", line 103, in gurobipy._getattr
AttributeError: Unable to retrieve attribute 'X'. Did you mean: 'Xn'?"
p13__llama3.3_70b__s5,llama3.3:70b,13,13,5,correct,correct,correct,clean_fenced,True,True,True,True,,,,,,10f76b9e88859cc988482f3a572d12fa880cb6abc0474b825bd7dfb620513fba,209.765,3059,3250,False,,,none,,5,16,4,17,33,0,0,0,,
p13__llama3.3_70b__s6,llama3.3:70b,13,13,6,correct,correct,correct,clean_fenced,True,True,True,True,,,,,,10f76b9e88859cc988482f3a572d12fa880cb6abc0474b825bd7dfb620513fba,209.328,3059,3254,False,,,none,,5,16,4,17,33,0,0,0,,
p13__llama3.3_70b__s7,llama3.3:70b,13,13,7,correct,correct,correct,clean_fenced,True,True,True,True,,,,,,10f76b9e88859cc988482f3a572d12fa880cb6abc0474b825bd7dfb620513fba,209.825,3059,3250,False,,,none,,5,16,4,17,33,0,0,0,,
p13__llama3.3_70b__s8,llama3.3:70b,13,13,8,code_failure,code_failure,code_failure,clean_fenced,False,False,False,False,,,,,,10f76b9e88859cc988482f3a572d12fa880cb6abc0474b825bd7dfb620513fba,196.86,3059,3062,False,,,none,,,,,,,0,0,0,runtime_error,"Traceback (most recent call last):
  File ""/project/eick/maamr/sirl_exp1/results/llama33_70b_10samples_ctx8192/execution_workdirs/p13__llama3.3_70b__s8/execute_generated.py"", line 48, in <module>
    result = module.solve(data)
  File ""/project/eick/maamr/sirl_exp1/results/llama33_70b_10samples_ctx8192/execution_workdirs/p13__llama3.3_70b__s8/generated_model.py"", line 133, in solve
    ""y_c1"": variables[""y_c1""].X,
  File ""src/gurobipy/var.pxi"", line 125, in gurobipy.Var.__getattr__
  File ""src/gurobipy/var.pxi"", line 153, in gurobipy.Var.getAttr
  File ""src/gurobipy/attrutil.pxi"", line 103, in gurobipy._getattr
AttributeError: Unable to retrieve attribute 'X'. Did you mean: 'Xn'?"
p13__llama3.3_70b__s9,llama3.3:70b,13,13,9,correct,correct,correct,clean_fenced,True,True,True,True,,,,,,10f76b9e88859cc988482f3a572d12fa880cb6abc0474b825bd7dfb620513fba,209.281,3059,3254,False,,,none,,5,16,4,17,33,0,0,0,,
p14__llama3.3_70b__s0,llama3.3:70b,14,14,0,correct,correct,correct,clean_fenced,True,True,True,True,,,,,,56a6ec625dfaaef77be1b3ce0e49637fed624fd0d7a6049de94693e0db66d02c,215.682,3576,3247,False,,,none,,5,18,4,19,37,0,0,0,,
p14__llama3.3_70b__s1,llama3.3:70b,14,14,1,code_failure,code_failure,code_failure,clean_fenced,False,False,False,False,,,,,,56a6ec625dfaaef77be1b3ce0e49637fed624fd0d7a6049de94693e0db66d02c,252.847,3576,3911,False,,,none,,,,,,,0,0,0,runtime_error,"Traceback (most recent call last):
  File ""/project/eick/maamr/sirl_exp1/results/llama33_70b_10samples_ctx8192/execution_workdirs/p14__llama3.3_70b__s1/execute_generated.py"", line 48, in <module>
    result = module.solve(data)
  File ""/project/eick/maamr/sirl_exp1/results/llama33_70b_10samples_ctx8192/execution_workdirs/p14__llama3.3_70b__s1/generated_model.py"", line 154, in solve
    ""y_c1"": variables[""y_c1""].X,
  File ""src/gurobipy/var.pxi"", line 125, in gurobipy.Var.__getattr__
  File ""src/gurobipy/var.pxi"", line 153, in gurobipy.Var.getAttr
  File ""src/gurobipy/attrutil.pxi"", line 103, in gurobipy._getattr
AttributeError: Unable to retrieve attribute 'X'. Did you mean: 'Xn'?"
p14__llama3.3_70b__s2,llama3.3:70b,14,14,2,correct,correct,correct,clean_fenced,True,True,True,True,,,,,,56a6ec625dfaaef77be1b3ce0e49637fed624fd0d7a6049de94693e0db66d02c,211.595,3576,3264,False,,,none,,5,18,4,19,37,0,0,0,,
p14__llama3.3_70b__s3,llama3.3:70b,14,14,3,code_failure,code_failure,code_failure,clean_fenced,False,False,False,False,,,,,,56a6ec625dfaaef77be1b3ce0e49637fed624fd0d7a6049de94693e0db66d02c,252.918,3576,3911,False,,,none,,,,,,,0,0,0,runtime_error,"Traceback (most recent call last):
  File ""/project/eick/maamr/sirl_exp1/results/llama33_70b_10samples_ctx8192/execution_workdirs/p14__llama3.3_70b__s3/execute_generated.py"", line 48, in <module>
    result = module.solve(data)
  File ""/project/eick/maamr/sirl_exp1/results/llama33_70b_10samples_ctx8192/execution_workdirs/p14__llama3.3_70b__s3/generated_model.py"", line 154, in solve
    ""y_c1"": variables[""y_c1""].X,
  File ""src/gurobipy/var.pxi"", line 125, in gurobipy.Var.__getattr__
  File ""src/gurobipy/var.pxi"", line 153, in gurobipy.Var.getAttr
  File ""src/gurobipy/attrutil.pxi"", line 103, in gurobipy._getattr
AttributeError: Unable to retrieve attribute 'X'. Did you mean: 'Xn'?"
p14__llama3.3_70b__s4,llama3.3:70b,14,14,4,code_failure,code_failure,code_failure,clean_fenced,False,False,False,False,,,,,,56a6ec625dfaaef77be1b3ce0e49637fed624fd0d7a6049de94693e0db66d02c,252.911,3576,3911,False,,,none,,,,,,,0,0,0,runtime_error,"Traceback (most recent call last):
  File ""/project/eick/maamr/sirl_exp1/results/llama33_70b_10samples_ctx8192/execution_workdirs/p14__llama3.3_70b__s4/execute_generated.py"", line 48, in <module>
    result = module.solve(data)
  File ""/project/eick/maamr/sirl_exp1/results/llama33_70b_10samples_ctx8192/execution_workdirs/p14__llama3.3_70b__s4/generated_model.py"", line 154, in solve
    ""y_c1"": variables[""y_c1""].X,
  File ""src/gurobipy/var.pxi"", line 125, in gurobipy.Var.__getattr__
  File ""src/gurobipy/var.pxi"", line 153, in gurobipy.Var.getAttr
  File ""src/gurobipy/attrutil.pxi"", line 103, in gurobipy._getattr
AttributeError: Unable to retrieve attribute 'X'. Did you mean: 'Xn'?"
p14__llama3.3_70b__s5,llama3.3:70b,14,14,5,code_failure,code_failure,code_failure,clean_fenced,False,False,False,False,,,,,,56a6ec625dfaaef77be1b3ce0e49637fed624fd0d7a6049de94693e0db66d02c,251.93,3576,3896,False,,,none,,,,,,,0,0,0,runtime_error,"Traceback (most recent call last):
  File ""/project/eick/maamr/sirl_exp1/results/llama33_70b_10samples_ctx8192/execution_workdirs/p14__llama3.3_70b__s5/execute_generated.py"", line 48, in <module>
    result = module.solve(data)
  File ""/project/eick/maamr/sirl_exp1/results/llama33_70b_10samples_ctx8192/execution_workdirs/p14__llama3.3_70b__s5/generated_model.py"", line 150, in solve
    ""y_c1"": variables[""y_c1""].X,
  File ""src/gurobipy/var.pxi"", line 125, in gurobipy.Var.__getattr__
  File ""src/gurobipy/var.pxi"", line 153, in gurobipy.Var.getAttr
  File ""src/gurobipy/attrutil.pxi"", line 103, in gurobipy._getattr
AttributeError: Unable to retrieve attribute 'X'. Did you mean: 'Xn'?"
p14__llama3.3_70b__s6,llama3.3:70b,14,14,6,code_failure,code_failure,code_failure,clean_fenced,False,False,False,False,,,,,,56a6ec625dfaaef77be1b3ce0e49637fed624fd0d7a6049de94693e0db66d02c,253.812,3576,3911,False,,,none,,,,,,,0,0,0,runtime_error,"Traceback (most recent call last):
  File ""/project/eick/maamr/sirl_exp1/results/llama33_70b_10samples_ctx8192/execution_workdirs/p14__llama3.3_70b__s6/execute_generated.py"", line 48, in <module>
    result = module.solve(data)
  File ""/project/eick/maamr/sirl_exp1/results/llama33_70b_10samples_ctx8192/execution_workdirs/p14__llama3.3_70b__s6/generated_model.py"", line 154, in solve
    ""y_c1"": variables[""y_c1""].X,
  File ""src/gurobipy/var.pxi"", line 125, in gurobipy.Var.__getattr__
  File ""src/gurobipy/var.pxi"", line 153, in gurobipy.Var.getAttr
  File ""src/gurobipy/attrutil.pxi"", line 103, in gurobipy._getattr
AttributeError: Unable to retrieve attribute 'X'. Did you mean: 'Xn'?"
p14__llama3.3_70b__s7,llama3.3:70b,14,14,7,code_failure,code_failure,code_failure,clean_fenced,False,False,False,False,,,,,,56a6ec625dfaaef77be1b3ce0e49637fed624fd0d7a6049de94693e0db66d02c,252.676,3576,3908,False,,,none,,,,,,,0,0,0,runtime_error,"Traceback (most recent call last):
  File ""/project/eick/maamr/sirl_exp1/results/llama33_70b_10samples_ctx8192/execution_workdirs/p14__llama3.3_70b__s7/execute_generated.py"", line 48, in <module>
    result = module.solve(data)
  File ""/project/eick/maamr/sirl_exp1/results/llama33_70b_10samples_ctx8192/execution_workdirs/p14__llama3.3_70b__s7/generated_model.py"", line 158, in solve
    ""y_c1"": variables[""y_c1""].X,
  File ""src/gurobipy/var.pxi"", line 125, in gurobipy.Var.__getattr__
  File ""src/gurobipy/var.pxi"", line 153, in gurobipy.Var.getAttr
  File ""src/gurobipy/attrutil.pxi"", line 103, in gurobipy._getattr
AttributeError: Unable to retrieve attribute 'X'. Did you mean: 'Xn'?"
p14__llama3.3_70b__s8,llama3.3:70b,14,14,8,correct,correct,correct,clean_fenced,True,True,True,True,,,,,,56a6ec625dfaaef77be1b3ce0e49637fed624fd0d7a6049de94693e0db66d02c,211.282,3576,3260,False,,,none,,5,18,4,19,37,0,0,0,,
p14__llama3.3_70b__s9,llama3.3:70b,14,14,9,code_failure,code_failure,code_failure,clean_fenced,False,False,False,False,,,,,,56a6ec625dfaaef77be1b3ce0e49637fed624fd0d7a6049de94693e0db66d02c,252.173,3576,3900,False,,,none,,,,,,,0,0,0,runtime_error,"Traceback (most recent call last):
  File ""/project/eick/maamr/sirl_exp1/results/llama33_70b_10samples_ctx8192/execution_workdirs/p14__llama3.3_70b__s9/execute_generated.py"", line 48, in <module>
    result = module.solve(data)
  File ""/project/eick/maamr/sirl_exp1/results/llama33_70b_10samples_ctx8192/execution_workdirs/p14__llama3.3_70b__s9/generated_model.py"", line 154, in solve
    ""y_c1"": variables[""y_c1""].X,
  File ""src/gurobipy/var.pxi"", line 125, in gurobipy.Var.__getattr__
  File ""src/gurobipy/var.pxi"", line 153, in gurobipy.Var.getAttr
  File ""src/gurobipy/attrutil.pxi"", line 103, in gurobipy._getattr
AttributeError: Unable to retrieve attribute 'X'. Did you mean: 'Xn'?"
p15__llama3.3_70b__s0,llama3.3:70b,15,15,0,correct,correct,correct,clean_fenced,True,True,True,True,,,,,,49204103b0bb8c868e2cd55c8b71c7adfd3b52fb506a3baaaa6ab5cdc6ea2e03,238.312,3761,3581,False,,,none,,5,19,4,20,39,0,0,0,,
p15__llama3.3_70b__s1,llama3.3:70b,15,15,1,correct,correct,correct,clean_fenced,True,True,True,True,,,,,,49204103b0bb8c868e2cd55c8b71c7adfd3b52fb506a3baaaa6ab5cdc6ea2e03,231.57,3761,3577,False,,,none,,5,19,4,20,39,0,0,0,,
p15__llama3.3_70b__s2,llama3.3:70b,15,15,2,correct,correct,correct,clean_fenced,True,True,True,True,,,,,,49204103b0bb8c868e2cd55c8b71c7adfd3b52fb506a3baaaa6ab5cdc6ea2e03,231.829,3761,3581,False,,,none,,5,19,4,20,39,0,0,0,,
p15__llama3.3_70b__s3,llama3.3:70b,15,15,3,correct,correct,correct,clean_fenced,True,True,True,True,,,,,,49204103b0bb8c868e2cd55c8b71c7adfd3b52fb506a3baaaa6ab5cdc6ea2e03,232.971,3761,3598,False,,,none,,5,19,4,20,39,0,0,0,,
p15__llama3.3_70b__s4,llama3.3:70b,15,15,4,correct,correct,correct,clean_fenced,True,True,True,True,,,,,,49204103b0bb8c868e2cd55c8b71c7adfd3b52fb506a3baaaa6ab5cdc6ea2e03,231.741,3761,3581,False,,,none,,5,19,4,20,39,0,0,0,,
p15__llama3.3_70b__s5,llama3.3:70b,15,15,5,correct,correct,correct,clean_fenced,True,True,True,True,,,,,,49204103b0bb8c868e2cd55c8b71c7adfd3b52fb506a3baaaa6ab5cdc6ea2e03,230.933,3761,3568,False,,,none,,5,19,4,20,39,0,0,0,,
p15__llama3.3_70b__s6,llama3.3:70b,15,15,6,correct,correct,correct,clean_fenced,True,True,True,True,,,,,,49204103b0bb8c868e2cd55c8b71c7adfd3b52fb506a3baaaa6ab5cdc6ea2e03,231.769,3761,3581,False,,,none,,5,19,4,20,39,0,0,0,,
p15__llama3.3_70b__s7,llama3.3:70b,15,15,7,correct,correct,correct,clean_fenced,True,True,True,True,,,,,,49204103b0bb8c868e2cd55c8b71c7adfd3b52fb506a3baaaa6ab5cdc6ea2e03,231.607,3761,3581,False,,,none,,5,19,4,20,39,0,0,0,,
p15__llama3.3_70b__s8,llama3.3:70b,15,15,8,correct,correct,correct,clean_fenced,True,True,True,True,,,,,,49204103b0bb8c868e2cd55c8b71c7adfd3b52fb506a3baaaa6ab5cdc6ea2e03,231.586,3761,3581,False,,,none,,5,19,4,20,39,0,0,0,,
p15__llama3.3_70b__s9,llama3.3:70b,15,15,9,correct,correct,correct,clean_fenced,True,True,True,True,,,,,,49204103b0bb8c868e2cd55c8b71c7adfd3b52fb506a3baaaa6ab5cdc6ea2e03,230.824,3761,3569,False,,,none,,5,19,4,20,39,0,0,0,,
p16__llama3.3_70b__s0,llama3.3:70b,16,16,0,correct,correct,correct,clean_fenced,True,True,True,True,,,,,,d932a9ed2ba298372702cd0cc7c48b69f547ad617d47c04768469def4e2847ee,204.168,3450,3076,False,,,none,,5,20,4,21,41,0,0,0,,
p16__llama3.3_70b__s1,llama3.3:70b,16,16,1,correct,correct,correct,clean_fenced,True,True,True,True,,,,,,d932a9ed2ba298372702cd0cc7c48b69f547ad617d47c04768469def4e2847ee,199.281,3450,3093,False,,,none,,5,20,4,21,41,0,0,0,,
p16__llama3.3_70b__s2,llama3.3:70b,16,16,2,correct,correct,correct,clean_fenced,True,True,True,True,,,,,,d932a9ed2ba298372702cd0cc7c48b69f547ad617d47c04768469def4e2847ee,199.347,3450,3093,False,,,none,,5,20,4,21,41,0,0,0,,
p16__llama3.3_70b__s3,llama3.3:70b,16,16,3,correct,correct,correct,clean_fenced,True,True,True,True,,,,,,d932a9ed2ba298372702cd0cc7c48b69f547ad617d47c04768469def4e2847ee,199.279,3450,3093,False,,,none,,5,20,4,21,41,0,0,0,,
p16__llama3.3_70b__s4,llama3.3:70b,16,16,4,correct,correct,correct,clean_fenced,True,True,True,True,,,,,,d932a9ed2ba298372702cd0cc7c48b69f547ad617d47c04768469def4e2847ee,199.329,3450,3093,False,,,none,,5,20,4,21,41,0,0,0,,
p16__llama3.3_70b__s5,llama3.3:70b,16,16,5,correct,correct,correct,clean_fenced,True,True,True,True,,,,,,d932a9ed2ba298372702cd0cc7c48b69f547ad617d47c04768469def4e2847ee,199.024,3450,3089,False,,,none,,5,20,4,21,41,0,0,0,,
p16__llama3.3_70b__s6,llama3.3:70b,16,16,6,correct,correct,correct,clean_fenced,True,True,True,True,,,,,,d932a9ed2ba298372702cd0cc7c48b69f547ad617d47c04768469def4e2847ee,200.675,3450,3114,False,,,none,,5,20,4,21,41,0,0,0,,
p16__llama3.3_70b__s7,llama3.3:70b,16,16,7,correct,correct,correct,clean_fenced,True,True,True,True,,,,,,d932a9ed2ba298372702cd0cc7c48b69f547ad617d47c04768469def4e2847ee,199.065,3450,3089,False,,,none,,5,20,4,21,41,0,0,0,,
p16__llama3.3_70b__s8,llama3.3:70b,16,16,8,correct,correct,correct,clean_fenced,True,True,True,True,,,,,,d932a9ed2ba298372702cd0cc7c48b69f547ad617d47c04768469def4e2847ee,199.363,3450,3093,False,,,none,,5,20,4,21,41,0,0,0,,
p16__llama3.3_70b__s9,llama3.3:70b,16,16,9,correct,correct,correct,clean_fenced,True,True,True,True,,,,,,d932a9ed2ba298372702cd0cc7c48b69f547ad617d47c04768469def4e2847ee,199.345,3450,3093,False,,,none,,5,20,4,21,41,0,0,0,,
p17__llama3.3_70b__s0,llama3.3:70b,17,17,0,code_failure,code_failure,code_failure,recovered_unclosed_fence,False,False,False,False,,,,,,7cedead140cd8323e58642f6e062e7bf93bb4f6e08791fd1ccc4183c0113e2b6,402.125,5680,6000,True,,,none,,,,,,,0,0,0,syntax_error,"Traceback (most recent call last):
  File ""/project/eick/maamr/sirl_exp1/results/llama33_70b_10samples_ctx8192/execution_workdirs/p17__llama3.3_70b__s0/execute_generated.py"", line 11, in <module>
    spec.loader.exec_module(module)
  File ""<frozen importlib._bootstrap_external>"", line 879, in exec_module
  File ""<frozen importlib._bootstrap_external>"", line 1017, in get_code
  File ""<frozen importlib._bootstrap_external>"", line 947, in source_to_code
  File ""<frozen importlib._bootstrap>"", line 241, in _call_with_frames_removed
  File ""/project/eick/maamr/sirl_exp1/results/llama33_70b_10samples_ctx8192/execution_workdirs/p17__llama3.3_70b__s0/generated_model.py"", line 229
    solution = {
               ^
SyntaxError: '{' was never closed"
p17__llama3.3_70b__s1,llama3.3:70b,17,17,1,code_failure,code_failure,code_failure,recovered_unclosed_fence,False,False,False,False,,,,,,7cedead140cd8323e58642f6e062e7bf93bb4f6e08791fd1ccc4183c0113e2b6,402.092,5680,6000,True,,,none,,,,,,,0,0,0,syntax_error,"Traceback (most recent call last):
  File ""/project/eick/maamr/sirl_exp1/results/llama33_70b_10samples_ctx8192/execution_workdirs/p17__llama3.3_70b__s1/execute_generated.py"", line 11, in <module>
    spec.loader.exec_module(module)
  File ""<frozen importlib._bootstrap_external>"", line 879, in exec_module
  File ""<frozen importlib._bootstrap_external>"", line 1017, in get_code
  File ""<frozen importlib._bootstrap_external>"", line 947, in source_to_code
  File ""<frozen importlib._bootstrap>"", line 241, in _call_with_frames_removed
  File ""/project/eick/maamr/sirl_exp1/results/llama33_70b_10samples_ctx8192/execution_workdirs/p17__llama3.3_70b__s1/generated_model.py"", line 218
    solution = {
               ^
SyntaxError: '{' was never closed"
p17__llama3.3_70b__s2,llama3.3:70b,17,17,2,code_failure,code_failure,code_failure,recovered_unclosed_fence,False,False,False,False,,,,,,7cedead140cd8323e58642f6e062e7bf93bb4f6e08791fd1ccc4183c0113e2b6,402.091,5680,6000,True,,,none,,,,,,,0,0,0,syntax_error,"Traceback (most recent call last):
  File ""/project/eick/maamr/sirl_exp1/results/llama33_70b_10samples_ctx8192/execution_workdirs/p17__llama3.3_70b__s2/execute_generated.py"", line 11, in <module>
    spec.loader.exec_module(module)
  File ""<frozen importlib._bootstrap_external>"", line 879, in exec_module
  File ""<frozen importlib._bootstrap_external>"", line 1017, in get_code
  File ""<frozen importlib._bootstrap_external>"", line 947, in source_to_code
  File ""<frozen importlib._bootstrap>"", line 241, in _call_with_frames_removed
  File ""/project/eick/maamr/sirl_exp1/results/llama33_70b_10samples_ctx8192/execution_workdirs/p17__llama3.3_70b__s2/generated_model.py"", line 218
    solution = {
               ^
SyntaxError: '{' was never closed"
p17__llama3.3_70b__s3,llama3.3:70b,17,17,3,code_failure,code_failure,code_failure,recovered_unclosed_fence,False,False,False,False,,,,,,7cedead140cd8323e58642f6e062e7bf93bb4f6e08791fd1ccc4183c0113e2b6,401.518,5680,6000,True,,,none,,,,,,,0,0,0,syntax_error,"Traceback (most recent call last):
  File ""/project/eick/maamr/sirl_exp1/results/llama33_70b_10samples_ctx8192/execution_workdirs/p17__llama3.3_70b__s3/execute_generated.py"", line 11, in <module>
    spec.loader.exec_module(module)
  File ""<frozen importlib._bootstrap_external>"", line 879, in exec_module
  File ""<frozen importlib._bootstrap_external>"", line 1017, in get_code
  File ""<frozen importlib._bootstrap_external>"", line 947, in source_to_code
  File ""<frozen importlib._bootstrap>"", line 241, in _call_with_frames_removed
  File ""/project/eick/maamr/sirl_exp1/results/llama33_70b_10samples_ctx8192/execution_workdirs/p17__llama3.3_70b__s3/generated_model.py"", line 232
    ""solution"": {
                ^
SyntaxError: '{' was never closed"
p17__llama3.3_70b__s4,llama3.3:70b,17,17,4,code_failure,code_failure,code_failure,recovered_unclosed_fence,False,False,False,False,,,,,,7cedead140cd8323e58642f6e062e7bf93bb4f6e08791fd1ccc4183c0113e2b6,402.066,5680,6000,True,,,none,,,,,,,0,0,0,syntax_error,"Traceback (most recent call last):
  File ""/project/eick/maamr/sirl_exp1/results/llama33_70b_10samples_ctx8192/execution_workdirs/p17__llama3.3_70b__s4/execute_generated.py"", line 11, in <module>
    spec.loader.exec_module(module)
  File ""<frozen importlib._bootstrap_external>"", line 879, in exec_module
  File ""<frozen importlib._bootstrap_external>"", line 1017, in get_code
  File ""<frozen importlib._bootstrap_external>"", line 947, in source_to_code
  File ""<frozen importlib._bootstrap>"", line 241, in _call_with_frames_removed
  File ""/project/eick/maamr/sirl_exp1/results/llama33_70b_10samples_ctx8192/execution_workdirs/p17__llama3.3_70b__s4/generated_model.py"", line 276
    ""f_c5_s5"": _.get(""f
                     ^
SyntaxError: unterminated string literal (detected at line 276)"
p17__llama3.3_70b__s5,llama3.3:70b,17,17,5,code_failure,code_failure,code_failure,recovered_unclosed_fence,False,False,False,False,,,,,,7cedead140cd8323e58642f6e062e7bf93bb4f6e08791fd1ccc4183c0113e2b6,402.24,5680,6000,True,,,none,,,,,,,0,0,0,syntax_error,"Traceback (most recent call last):
  File ""/project/eick/maamr/sirl_exp1/results/llama33_70b_10samples_ctx8192/execution_workdirs/p17__llama3.3_70b__s5/execute_generated.py"", line 11, in <module>
    spec.loader.exec_module(module)
  File ""<frozen importlib._bootstrap_external>"", line 879, in exec_module
  File ""<frozen importlib._bootstrap_external>"", line 1017, in get_code
  File ""<frozen importlib._bootstrap_external>"", line 947, in source_to_code
  File ""<frozen importlib._bootstrap>"", line 241, in _call_with_frames_removed
  File ""/project/eick/maamr/sirl_exp1/results/llama33_70b_10samples_ctx8192/execution_workdirs/p17__llama3.3_70b__s5/generated_model.py"", line 303
    ""f_c7_s8"": variables[""f
                         ^
SyntaxError: unterminated string literal (detected at line 303)"
p17__llama3.3_70b__s6,llama3.3:70b,17,17,6,code_failure,code_failure,code_failure,recovered_unclosed_fence,False,False,False,False,,,,,,7cedead140cd8323e58642f6e062e7bf93bb4f6e08791fd1ccc4183c0113e2b6,402.146,5680,6000,True,,,none,,,,,,,0,0,0,syntax_error,"Traceback (most recent call last):
  File ""/project/eick/maamr/sirl_exp1/results/llama33_70b_10samples_ctx8192/execution_workdirs/p17__llama3.3_70b__s6/execute_generated.py"", line 11, in <module>
    spec.loader.exec_module(module)
  File ""<frozen importlib._bootstrap_external>"", line 879, in exec_module
  File ""<frozen importlib._bootstrap_external>"", line 1017, in get_code
  File ""<frozen importlib._bootstrap_external>"", line 947, in source_to_code
  File ""<frozen importlib._bootstrap>"", line 241, in _call_with_frames_removed
  File ""/project/eick/maamr/sirl_exp1/results/llama33_70b_10samples_ctx8192/execution_workdirs/p17__llama3.3_70b__s6/generated_model.py"", line 295
    ""f_c7_s4"": variables[""
                         ^
SyntaxError: unterminated string literal (detected at line 295)"
p17__llama3.3_70b__s7,llama3.3:70b,17,17,7,code_failure,code_failure,code_failure,recovered_unclosed_fence,False,False,False,False,,,,,,7cedead140cd8323e58642f6e062e7bf93bb4f6e08791fd1ccc4183c0113e2b6,402.053,5680,6000,True,,,none,,,,,,,0,0,0,syntax_error,"Traceback (most recent call last):
  File ""/project/eick/maamr/sirl_exp1/results/llama33_70b_10samples_ctx8192/execution_workdirs/p17__llama3.3_70b__s7/execute_generated.py"", line 11, in <module>
    spec.loader.exec_module(module)
  File ""<frozen importlib._bootstrap_external>"", line 879, in exec_module
  File ""<frozen importlib._bootstrap_external>"", line 1017, in get_code
  File ""<frozen importlib._bootstrap_external>"", line 947, in source_to_code
  File ""<frozen importlib._bootstrap>"", line 241, in _call_with_frames_removed
  File ""/project/eick/maamr/sirl_exp1/results/llama33_70b_10samples_ctx8192/execution_workdirs/p17__llama3.3_70b__s7/generated_model.py"", line 295
    ""f_c7_s4"": variables[""
                         ^
SyntaxError: unterminated string literal (detected at line 295)"
p17__llama3.3_70b__s8,llama3.3:70b,17,17,8,code_failure,code_failure,code_failure,recovered_unclosed_fence,False,False,False,False,,,,,,7cedead140cd8323e58642f6e062e7bf93bb4f6e08791fd1ccc4183c0113e2b6,401.445,5680,6000,True,,,none,,,,,,,0,0,0,syntax_error,"Traceback (most recent call last):
  File ""/project/eick/maamr/sirl_exp1/results/llama33_70b_10samples_ctx8192/execution_workdirs/p17__llama3.3_70b__s8/execute_generated.py"", line 11, in <module>
    spec.loader.exec_module(module)
  File ""<frozen importlib._bootstrap_external>"", line 879, in exec_module
  File ""<frozen importlib._bootstrap_external>"", line 1017, in get_code
  File ""<frozen importlib._bootstrap_external>"", line 947, in source_to_code
  File ""<frozen importlib._bootstrap>"", line 241, in _call_with_frames_removed
  File ""/project/eick/maamr/sirl_exp1/results/llama33_70b_10samples_ctx8192/execution_workdirs/p17__llama3.3_70b__s8/generated_model.py"", line 286
    model.addConstr(variables[""f_c7_s9""] <= variables[""y
                                                      ^
SyntaxError: unterminated string literal (detected at line 286)"
p17__llama3.3_70b__s9,llama3.3:70b,17,17,9,code_failure,code_failure,code_failure,recovered_unclosed_fence,False,False,False,False,,,,,,7cedead140cd8323e58642f6e062e7bf93bb4f6e08791fd1ccc4183c0113e2b6,402.406,5680,6000,True,,,none,,,,,,,0,0,0,syntax_error,"Traceback (most recent call last):
  File ""/project/eick/maamr/sirl_exp1/results/llama33_70b_10samples_ctx8192/execution_workdirs/p17__llama3.3_70b__s9/execute_generated.py"", line 11, in <module>
    spec.loader.exec_module(module)
  File ""<frozen importlib._bootstrap_external>"", line 879, in exec_module
  File ""<frozen importlib._bootstrap_external>"", line 1017, in get_code
  File ""<frozen importlib._bootstrap_external>"", line 947, in source_to_code
  File ""<frozen importlib._bootstrap>"", line 241, in _call_with_frames_removed
  File ""/project/eick/maamr/sirl_exp1/results/llama33_70b_10samples_ctx8192/execution_workdirs/p17__llama3.3_70b__s9/generated_model.py"", line 218
    solution = {
               ^
SyntaxError: '{' was never closed"
p18__llama3.3_70b__s0,llama3.3:70b,18,18,0,schema_failure,schema_failure,schema_failure,clean_fenced,True,False,False,True,,,,,,356045ba36a1a33f53d5e30373881a1415e93e51876ff4c20883989a216cf058,282.397,4360,4232,False,,,none,,,,,,,0,0,0,schema_failure,missing top-level key: objective; missing required experiment key: objective
p18__llama3.3_70b__s1,llama3.3:70b,18,18,1,schema_failure,schema_failure,schema_failure,clean_fenced,True,False,False,True,,,,,,356045ba36a1a33f53d5e30373881a1415e93e51876ff4c20883989a216cf058,282.082,4360,4232,False,,,none,,,,,,,0,0,0,schema_failure,missing top-level key: objective; missing required experiment key: objective
p18__llama3.3_70b__s2,llama3.3:70b,18,18,2,schema_failure,schema_failure,schema_failure,clean_fenced,True,False,False,True,,,,,,356045ba36a1a33f53d5e30373881a1415e93e51876ff4c20883989a216cf058,281.671,4360,4232,False,,,none,,,,,,,0,0,0,schema_failure,missing top-level key: objective; missing required experiment key: objective
p18__llama3.3_70b__s3,llama3.3:70b,18,18,3,schema_failure,schema_failure,schema_failure,clean_fenced,True,False,False,True,,,,,,356045ba36a1a33f53d5e30373881a1415e93e51876ff4c20883989a216cf058,281.482,4360,4232,False,,,none,,,,,,,0,0,0,schema_failure,missing top-level key: objective; missing required experiment key: objective
p18__llama3.3_70b__s4,llama3.3:70b,18,18,4,schema_failure,schema_failure,schema_failure,clean_fenced,True,False,False,True,,,,,,356045ba36a1a33f53d5e30373881a1415e93e51876ff4c20883989a216cf058,281.656,4360,4232,False,,,none,,,,,,,0,0,0,schema_failure,missing top-level key: objective; missing required experiment key: objective
p18__llama3.3_70b__s5,llama3.3:70b,18,18,5,schema_failure,schema_failure,schema_failure,clean_fenced,True,False,False,True,,,,,,356045ba36a1a33f53d5e30373881a1415e93e51876ff4c20883989a216cf058,282.038,4360,4238,False,,,none,,,,,,,0,0,0,schema_failure,missing top-level key: objective; missing required experiment key: objective
p18__llama3.3_70b__s6,llama3.3:70b,18,18,6,schema_failure,schema_failure,schema_failure,clean_fenced,True,False,False,True,,,,,,356045ba36a1a33f53d5e30373881a1415e93e51876ff4c20883989a216cf058,282.045,4360,4232,False,,,none,,,,,,,0,0,0,schema_failure,missing top-level key: objective; missing required experiment key: objective
p18__llama3.3_70b__s7,llama3.3:70b,18,18,7,schema_failure,schema_failure,schema_failure,clean_fenced,True,False,False,True,,,,,,356045ba36a1a33f53d5e30373881a1415e93e51876ff4c20883989a216cf058,281.338,4360,4226,False,,,none,,,,,,,0,0,0,schema_failure,missing top-level key: objective; missing required experiment key: objective
p18__llama3.3_70b__s8,llama3.3:70b,18,18,8,schema_failure,schema_failure,schema_failure,clean_fenced,True,False,False,True,,,,,,356045ba36a1a33f53d5e30373881a1415e93e51876ff4c20883989a216cf058,283.091,4360,4247,False,,,none,,,,,,,0,0,0,schema_failure,missing top-level key: objective; missing required experiment key: objective
p18__llama3.3_70b__s9,llama3.3:70b,18,18,9,schema_failure,schema_failure,schema_failure,clean_fenced,True,False,False,True,,,,,,356045ba36a1a33f53d5e30373881a1415e93e51876ff4c20883989a216cf058,282.256,4360,4232,False,,,none,,,,,,,0,0,0,schema_failure,missing top-level key: objective; missing required experiment key: objective
p19__llama3.3_70b__s0,llama3.3:70b,19,19,0,schema_failure,schema_failure,schema_failure,clean_fenced,True,False,False,True,,,,,,329e9365bc725e92f6036bd3fb35046b989feafb758003473f3d477079e82602,296.4,4429,4454,False,,,none,,,,,,,0,0,0,schema_failure,missing top-level key: objective; missing required experiment key: objective
p19__llama3.3_70b__s1,llama3.3:70b,19,19,1,schema_failure,schema_failure,schema_failure,clean_fenced,True,False,False,True,,,,,,329e9365bc725e92f6036bd3fb35046b989feafb758003473f3d477079e82602,297.065,4429,4454,False,,,none,,,,,,,0,0,0,schema_failure,missing top-level key: objective; missing required experiment key: objective
p19__llama3.3_70b__s2,llama3.3:70b,19,19,2,schema_failure,schema_failure,schema_failure,clean_fenced,True,False,False,True,,,,,,329e9365bc725e92f6036bd3fb35046b989feafb758003473f3d477079e82602,297.919,4429,4480,False,,,none,,,,,,,0,0,0,schema_failure,missing top-level key: objective; missing required experiment key: objective
p19__llama3.3_70b__s3,llama3.3:70b,19,19,3,schema_failure,schema_failure,schema_failure,clean_fenced,True,False,False,True,,,,,,329e9365bc725e92f6036bd3fb35046b989feafb758003473f3d477079e82602,296.827,4429,4454,False,,,none,,,,,,,0,0,0,schema_failure,missing top-level key: objective; missing required experiment key: objective
p19__llama3.3_70b__s4,llama3.3:70b,19,19,4,schema_failure,schema_failure,schema_failure,clean_fenced,True,False,False,True,,,,,,329e9365bc725e92f6036bd3fb35046b989feafb758003473f3d477079e82602,296.293,4429,4454,False,,,none,,,,,,,0,0,0,schema_failure,missing top-level key: objective; missing required experiment key: objective
p19__llama3.3_70b__s5,llama3.3:70b,19,19,5,schema_failure,schema_failure,schema_failure,clean_fenced,True,False,False,True,,,,,,329e9365bc725e92f6036bd3fb35046b989feafb758003473f3d477079e82602,298.188,4429,4480,False,,,none,,,,,,,0,0,0,schema_failure,missing top-level key: objective; missing required experiment key: objective
p19__llama3.3_70b__s6,llama3.3:70b,19,19,6,schema_failure,schema_failure,schema_failure,clean_fenced,True,False,False,True,,,,,,329e9365bc725e92f6036bd3fb35046b989feafb758003473f3d477079e82602,296.483,4429,4454,False,,,none,,,,,,,0,0,0,schema_failure,missing top-level key: objective; missing required experiment key: objective
p19__llama3.3_70b__s7,llama3.3:70b,19,19,7,schema_failure,schema_failure,schema_failure,clean_fenced,True,False,False,True,,,,,,329e9365bc725e92f6036bd3fb35046b989feafb758003473f3d477079e82602,297.988,4429,4480,False,,,none,,,,,,,0,0,0,schema_failure,missing top-level key: objective; missing required experiment key: objective
p19__llama3.3_70b__s8,llama3.3:70b,19,19,8,schema_failure,schema_failure,schema_failure,clean_fenced,True,False,False,True,,,,,,329e9365bc725e92f6036bd3fb35046b989feafb758003473f3d477079e82602,296.556,4429,4450,False,,,none,,,,,,,0,0,0,schema_failure,missing top-level key: objective; missing required experiment key: objective
p19__llama3.3_70b__s9,llama3.3:70b,19,19,9,schema_failure,schema_failure,schema_failure,clean_fenced,True,False,False,True,,,,,,329e9365bc725e92f6036bd3fb35046b989feafb758003473f3d477079e82602,298.084,4429,4474,False,,,none,,,,,,,0,0,0,schema_failure,missing top-level key: objective; missing required experiment key: objective
p20__llama3.3_70b__s0,llama3.3:70b,20,20,0,correct,correct,correct,clean_fenced,True,True,True,True,,,,,,66c96c625bdc123111a3fa68cd50853f2a8e21115c57c27c27a4c045efbfed6f,245.379,3982,3692,False,,,none,,5,21,4,22,43,0,0,0,,
p20__llama3.3_70b__s1,llama3.3:70b,20,20,1,correct,correct,correct,clean_fenced,True,True,True,True,,,,,,66c96c625bdc123111a3fa68cd50853f2a8e21115c57c27c27a4c045efbfed6f,239.018,3982,3692,False,,,none,,5,21,4,22,43,0,0,0,,
p20__llama3.3_70b__s2,llama3.3:70b,20,20,2,correct,correct,correct,clean_fenced,True,True,True,True,,,,,,66c96c625bdc123111a3fa68cd50853f2a8e21115c57c27c27a4c045efbfed6f,238.955,3982,3692,False,,,none,,5,21,4,22,43,0,0,0,,
p20__llama3.3_70b__s3,llama3.3:70b,20,20,3,correct,correct,correct,clean_fenced,True,True,True,True,,,,,,66c96c625bdc123111a3fa68cd50853f2a8e21115c57c27c27a4c045efbfed6f,238.947,3982,3692,False,,,none,,5,21,4,22,43,0,0,0,,
p20__llama3.3_70b__s4,llama3.3:70b,20,20,4,correct,correct,correct,clean_fenced,True,True,True,True,,,,,,66c96c625bdc123111a3fa68cd50853f2a8e21115c57c27c27a4c045efbfed6f,239.563,3982,3700,False,,,none,,5,21,4,22,43,0,0,0,,
p20__llama3.3_70b__s5,llama3.3:70b,20,20,5,correct,correct,correct,clean_fenced,True,True,True,True,,,,,,66c96c625bdc123111a3fa68cd50853f2a8e21115c57c27c27a4c045efbfed6f,240.44,3982,3714,False,,,none,,5,21,4,22,43,0,0,0,,
p20__llama3.3_70b__s6,llama3.3:70b,20,20,6,correct,correct,correct,clean_fenced,True,True,True,True,,,,,,66c96c625bdc123111a3fa68cd50853f2a8e21115c57c27c27a4c045efbfed6f,238.567,3982,3685,False,,,none,,5,21,4,22,43,0,0,0,,
p20__llama3.3_70b__s7,llama3.3:70b,20,20,7,correct,correct,correct,clean_fenced,True,True,True,True,,,,,,66c96c625bdc123111a3fa68cd50853f2a8e21115c57c27c27a4c045efbfed6f,239.028,3982,3692,False,,,none,,5,21,4,22,43,0,0,0,,
p20__llama3.3_70b__s8,llama3.3:70b,20,20,8,correct,correct,correct,clean_fenced,True,True,True,True,,,,,,66c96c625bdc123111a3fa68cd50853f2a8e21115c57c27c27a4c045efbfed6f,239.482,3982,3699,False,,,none,,5,21,4,22,43,0,0,0,,
p20__llama3.3_70b__s9,llama3.3:70b,20,20,9,correct,correct,correct,clean_fenced,True,True,True,True,,,,,,66c96c625bdc123111a3fa68cd50853f2a8e21115c57c27c27a4c045efbfed6f,239.012,3982,3692,False,,,none,,5,21,4,22,43,0,0,0,,
p21__llama3.3_70b__s0,llama3.3:70b,21,21,0,code_failure,code_failure,code_failure,clean_fenced,False,False,False,False,,,,,,0e30946074d42b98b450c8cccaae06425803a0d26ddc41a49c2fa85dace78ee0,42.655,1302,621,False,,,none,,,,,,,0,0,0,runtime_error,"Traceback (most recent call last):
  File ""/project/eick/maamr/sirl_exp1/results/llama33_70b_10samples_ctx8192/execution_workdirs/p21__llama3.3_70b__s0/execute_generated.py"", line 48, in <module>
    result = module.solve(data)
  File ""/project/eick/maamr/sirl_exp1/results/llama33_70b_10samples_ctx8192/execution_workdirs/p21__llama3.3_70b__s0/generated_model.py"", line 48, in solve
    ""start_Monday"": model.getVarByName(""start_Monday"").X,
  File ""src/gurobipy/var.pxi"", line 125, in gurobipy.Var.__getattr__
  File ""src/gurobipy/var.pxi"", line 153, in gurobipy.Var.getAttr
  File ""src/gurobipy/attrutil.pxi"", line 103, in gurobipy._getattr
AttributeError: Unable to retrieve attribute 'X'. Did you mean: 'Xn'?"
p21__llama3.3_70b__s1,llama3.3:70b,21,21,1,code_failure,code_failure,code_failure,clean_fenced,False,False,False,False,,,,,,0e30946074d42b98b450c8cccaae06425803a0d26ddc41a49c2fa85dace78ee0,39.46,1302,619,False,,,none,,,,,,,0,0,0,runtime_error,"Traceback (most recent call last):
  File ""/project/eick/maamr/sirl_exp1/results/llama33_70b_10samples_ctx8192/execution_workdirs/p21__llama3.3_70b__s1/execute_generated.py"", line 48, in <module>
    result = module.solve(data)
  File ""/project/eick/maamr/sirl_exp1/results/llama33_70b_10samples_ctx8192/execution_workdirs/p21__llama3.3_70b__s1/generated_model.py"", line 34, in solve
    model, _ = build_model(data)
  File ""/project/eick/maamr/sirl_exp1/results/llama33_70b_10samples_ctx8192/execution_workdirs/p21__llama3.3_70b__s1/generated_model.py"", line 25, in build_model
    constraint += variables[days[next_index]]
KeyError: 'Tuesday'"
p21__llama3.3_70b__s2,llama3.3:70b,21,21,2,loud_bug,loud_bug,loud_bug,clean_fenced,True,True,False,True,"p21.R_cov_Sat.C1,p21.R_cov_Sun.C1,p21.obj.C2","p21.R_cov_Sat.C1,p21.R_cov_Sun.C1",,,,0e30946074d42b98b450c8cccaae06425803a0d26ddc41a49c2fa85dace78ee0,40.318,1302,633,False,,,none,,10,9,9,10,19,2,0,2,,
p21__llama3.3_70b__s3,llama3.3:70b,21,21,3,loud_bug,loud_bug,loud_bug,clean_fenced,True,True,False,True,"p21.R_cov_Sat.C1,p21.R_cov_Sun.C1,p21.obj.C2","p21.R_cov_Sat.C1,p21.R_cov_Sun.C1",,,,0e30946074d42b98b450c8cccaae06425803a0d26ddc41a49c2fa85dace78ee0,40.433,1302,635,False,,,none,,10,9,9,10,19,2,0,2,,
p21__llama3.3_70b__s4,llama3.3:70b,21,21,4,code_failure,code_failure,code_failure,clean_fenced,False,False,False,False,,,,,,0e30946074d42b98b450c8cccaae06425803a0d26ddc41a49c2fa85dace78ee0,38.099,1302,598,False,,,none,,,,,,,0,0,0,runtime_error,"Traceback (most recent call last):
  File ""/project/eick/maamr/sirl_exp1/results/llama33_70b_10samples_ctx8192/execution_workdirs/p21__llama3.3_70b__s4/execute_generated.py"", line 48, in <module>
    result = module.solve(data)
  File ""/project/eick/maamr/sirl_exp1/results/llama33_70b_10samples_ctx8192/execution_workdirs/p21__llama3.3_70b__s4/generated_model.py"", line 32, in solve
    model, _ = build_model(data)
  File ""/project/eick/maamr/sirl_exp1/results/llama33_70b_10samples_ctx8192/execution_workdirs/p21__llama3.3_70b__s4/generated_model.py"", line 22, in build_model
    constraint = gp.quicksum([variables[day] for day in variables if (days.index(day) <= index and days.index(day) > index - work_consecutive_days)])
  File ""/project/eick/maamr/sirl_exp1/results/llama33_70b_10samples_ctx8192/execution_workdirs/p21__llama3.3_70b__s4/generated_model.py"", line 22, in <listcomp>
    constraint = gp.quicksum([variables[day] for day in variables if (days.index(day) <= index and days.index(day) > index - work_consecutive_days)])
ValueError: 'start_Monday' is not in list"
p21__llama3.3_70b__s5,llama3.3:70b,21,21,5,code_failure,code_failure,code_failure,clean_fenced,False,False,False,False,,,,,,0e30946074d42b98b450c8cccaae06425803a0d26ddc41a49c2fa85dace78ee0,38.099,1302,598,False,,,none,,,,,,,0,0,0,runtime_error,"Traceback (most recent call last):
  File ""/project/eick/maamr/sirl_exp1/results/llama33_70b_10samples_ctx8192/execution_workdirs/p21__llama3.3_70b__s5/execute_generated.py"", line 48, in <module>
    result = module.solve(data)
  File ""/project/eick/maamr/sirl_exp1/results/llama33_70b_10samples_ctx8192/execution_workdirs/p21__llama3.3_70b__s5/generated_model.py"", line 35, in solve
    model, variables = build_model(data)
  File ""/project/eick/maamr/sirl_exp1/results/llama33_70b_10samples_ctx8192/execution_workdirs/p21__llama3.3_70b__s5/generated_model.py"", line 25, in build_model
    constraint += variables[days[next_index]]
KeyError: 'Tuesday'"
p21__llama3.3_70b__s6,llama3.3:70b,21,21,6,code_failure,code_failure,code_failure,clean_fenced,False,False,False,False,,,,,,0e30946074d42b98b450c8cccaae06425803a0d26ddc41a49c2fa85dace78ee0,38.159,1302,599,False,,,none,,,,,,,0,0,0,runtime_error,"Traceback (most recent call last):
  File ""/project/eick/maamr/sirl_exp1/results/llama33_70b_10samples_ctx8192/execution_workdirs/p21__llama3.3_70b__s6/execute_generated.py"", line 48, in <module>
    result = module.solve(data)
  File ""/project/eick/maamr/sirl_exp1/results/llama33_70b_10samples_ctx8192/execution_workdirs/p21__llama3.3_70b__s6/generated_model.py"", line 31, in solve
    model, _ = build_model(data)
  File ""/project/eick/maamr/sirl_exp1/results/llama33_70b_10samples_ctx8192/execution_workdirs/p21__llama3.3_70b__s6/generated_model.py"", line 22, in build_model
    constraint = gp.quicksum([variables[day] for day in variables if (days.index(day) <= index and days.index(day) > index - work_consecutive_days)])
  File ""/project/eick/maamr/sirl_exp1/results/llama33_70b_10samples_ctx8192/execution_workdirs/p21__llama3.3_70b__s6/generated_model.py"", line 22, in <listcomp>
    constraint = gp.quicksum([variables[day] for day in variables if (days.index(day) <= index and days.index(day) > index - work_consecutive_days)])
ValueError: 'start_Monday' is not in list"
p21__llama3.3_70b__s7,llama3.3:70b,21,21,7,code_failure,code_failure,code_failure,clean_fenced,False,False,False,False,,,,,,0e30946074d42b98b450c8cccaae06425803a0d26ddc41a49c2fa85dace78ee0,39.427,1302,619,False,,,none,,,,,,,0,0,0,runtime_error,"Traceback (most recent call last):
  File ""/project/eick/maamr/sirl_exp1/results/llama33_70b_10samples_ctx8192/execution_workdirs/p21__llama3.3_70b__s7/execute_generated.py"", line 48, in <module>
    result = module.solve(data)
  File ""/project/eick/maamr/sirl_exp1/results/llama33_70b_10samples_ctx8192/execution_workdirs/p21__llama3.3_70b__s7/generated_model.py"", line 34, in solve
    model, _ = build_model(data)
  File ""/project/eick/maamr/sirl_exp1/results/llama33_70b_10samples_ctx8192/execution_workdirs/p21__llama3.3_70b__s7/generated_model.py"", line 25, in build_model
    constraint += variables[days[next_index]]
KeyError: 'Tuesday'"
p21__llama3.3_70b__s8,llama3.3:70b,21,21,8,code_failure,code_failure,code_failure,clean_fenced,False,False,False,False,,,,,,0e30946074d42b98b450c8cccaae06425803a0d26ddc41a49c2fa85dace78ee0,39.744,1302,624,False,,,none,,,,,,,0,0,0,runtime_error,"Traceback (most recent call last):
  File ""/project/eick/maamr/sirl_exp1/results/llama33_70b_10samples_ctx8192/execution_workdirs/p21__llama3.3_70b__s8/execute_generated.py"", line 48, in <module>
    result = module.solve(data)
  File ""/project/eick/maamr/sirl_exp1/results/llama33_70b_10samples_ctx8192/execution_workdirs/p21__llama3.3_70b__s8/generated_model.py"", line 36, in solve
    model, _ = build_model(data)
  File ""/project/eick/maamr/sirl_exp1/results/llama33_70b_10samples_ctx8192/execution_workdirs/p21__llama3.3_70b__s8/generated_model.py"", line 25, in build_model
    constraint.add(variables[days[j]])
KeyError: 'Monday'"
p21__llama3.3_70b__s9,llama3.3:70b,21,21,9,code_failure,code_failure,code_failure,clean_fenced,False,False,False,False,,,,,,0e30946074d42b98b450c8cccaae06425803a0d26ddc41a49c2fa85dace78ee0,39.308,1302,617,False,,,none,,,,,,,0,0,0,runtime_error,"Traceback (most recent call last):
  File ""/project/eick/maamr/sirl_exp1/results/llama33_70b_10samples_ctx8192/execution_workdirs/p21__llama3.3_70b__s9/execute_generated.py"", line 48, in <module>
    result = module.solve(data)
  File ""/project/eick/maamr/sirl_exp1/results/llama33_70b_10samples_ctx8192/execution_workdirs/p21__llama3.3_70b__s9/generated_model.py"", line 34, in solve
    model, _ = build_model(data)
  File ""/project/eick/maamr/sirl_exp1/results/llama33_70b_10samples_ctx8192/execution_workdirs/p21__llama3.3_70b__s9/generated_model.py"", line 25, in build_model
    constraint += variables[days[next_index]]
KeyError: 'Tuesday'"
p22__llama3.3_70b__s0,llama3.3:70b,22,22,0,code_failure,code_failure,code_failure,clean_fenced,False,False,False,False,,,,,,7b337f06c64fb758705aab538e19f97efb0b66bdfe84c7a08664a72b5c502924,60.726,1959,901,False,,,none,,,,,,,0,0,0,runtime_error,"Traceback (most recent call last):
  File ""/project/eick/maamr/sirl_exp1/results/llama33_70b_10samples_ctx8192/execution_workdirs/p22__llama3.3_70b__s0/execute_generated.py"", line 48, in <module>
    result = module.solve(data)
  File ""/project/eick/maamr/sirl_exp1/results/llama33_70b_10samples_ctx8192/execution_workdirs/p22__llama3.3_70b__s0/generated_model.py"", line 53, in solve
    solution[var_name] = variables[var_name].X
  File ""src/gurobipy/var.pxi"", line 125, in gurobipy.Var.__getattr__
  File ""src/gurobipy/var.pxi"", line 153, in gurobipy.Var.getAttr
  File ""src/gurobipy/attrutil.pxi"", line 103, in gurobipy._getattr
AttributeError: Unable to retrieve attribute 'X'. Did you mean: 'Xn'?"
p22__llama3.3_70b__s1,llama3.3:70b,22,22,1,loud_bug,loud_bug,loud_bug,clean_fenced,True,True,False,True,"p22.R_start_A.C1,p22.R_end_E.C1,p22.R_bottleneck_A_E.C1,p22.R_bottleneck_C_A.C1,p22.R_bottleneck_D_C.C1,p22.R_bottleneck_E_D.C1,p22.obj.C2","p22.R_start_A.C1,p22.R_end_E.C1,p22.R_bottleneck_A_E.C1,p22.R_bottleneck_C_A.C1,p22.R_bottleneck_D_C.C1,p22.R_bottleneck_E_D.C1",,,,7b337f06c64fb758705aab538e19f97efb0b66bdfe84c7a08664a72b5c502924,52.377,1959,821,False,,,none,,36,35,35,36,71,6,0,6,,
p22__llama3.3_70b__s2,llama3.3:70b,22,22,2,schema_failure,schema_failure,schema_failure,clean_fenced,True,False,False,True,,,,,,7b337f06c64fb758705aab538e19f97efb0b66bdfe84c7a08664a72b5c502924,60.696,1959,952,False,,,none,,,,,,,0,0,0,schema_failure,missing solution key: z; missing solution key: x_A_B; missing solution key: x_A_C; missing solution key: x_A_E; missing solution key: x_B_A; missing solution key: x_B_C; missing solution key: x_B_D; missing solution key: x_B_E; missing solution key: x_C_A; missing solution key: x_C_D; missing solution key: x_C_E; missing solution key: x_D_A; missing solution key: x_D_B; missing solution key: x_D_C; missing solution key: x_D_E; missing solution key: x_E_B; missing solution key: x_E_D
p22__llama3.3_70b__s3,llama3.3:70b,22,22,3,loud_bug,loud_bug,loud_bug,clean_fenced,True,True,False,True,"p22.R_start_A.C1,p22.R_end_E.C1,p22.obj.C2","p22.R_start_A.C1,p22.R_end_E.C1",,,,7b337f06c64fb758705aab538e19f97efb0b66bdfe84c7a08664a72b5c502924,57.756,1959,905,False,,,none,,36,35,35,36,71,2,0,2,,
p22__llama3.3_70b__s4,llama3.3:70b,22,22,4,code_failure,code_failure,code_failure,clean_fenced,False,False,False,False,,,,,,7b337f06c64fb758705aab538e19f97efb0b66bdfe84c7a08664a72b5c502924,56.559,1959,887,False,,,none,,,,,,,0,0,0,runtime_error,"Traceback (most recent call last):
  File ""/project/eick/maamr/sirl_exp1/results/llama33_70b_10samples_ctx8192/execution_workdirs/p22__llama3.3_70b__s4/execute_generated.py"", line 48, in <module>
    result = module.solve(data)
  File ""/project/eick/maamr/sirl_exp1/results/llama33_70b_10samples_ctx8192/execution_workdirs/p22__llama3.3_70b__s4/generated_model.py"", line 59, in solve
    solution = {
  File ""/project/eick/maamr/sirl_exp1/results/llama33_70b_10samples_ctx8192/execution_workdirs/p22__llama3.3_70b__s4/generated_model.py"", line 60, in <dictcomp>
    var_name: variables[var_name].X for var_name in variables
  File ""src/gurobipy/var.pxi"", line 125, in gurobipy.Var.__getattr__
  File ""src/gurobipy/var.pxi"", line 153, in gurobipy.Var.getAttr
  File ""src/gurobipy/attrutil.pxi"", line 103, in gurobipy._getattr
AttributeError: Unable to retrieve attribute 'X'. Did you mean: 'Xn'?"
p22__llama3.3_70b__s5,llama3.3:70b,22,22,5,code_failure,code_failure,code_failure,clean_fenced,False,False,False,False,,,,,,7b337f06c64fb758705aab538e19f97efb0b66bdfe84c7a08664a72b5c502924,84.275,1959,1324,False,,,none,,,,,,,0,0,0,runtime_error,"Traceback (most recent call last):
  File ""/project/eick/maamr/sirl_exp1/results/llama33_70b_10samples_ctx8192/execution_workdirs/p22__llama3.3_70b__s5/execute_generated.py"", line 48, in <module>
    result = module.solve(data)
  File ""/project/eick/maamr/sirl_exp1/results/llama33_70b_10samples_ctx8192/execution_workdirs/p22__llama3.3_70b__s5/generated_model.py"", line 57, in solve
    model, variables = build_model(data)
  File ""/project/eick/maamr/sirl_exp1/results/llama33_70b_10samples_ctx8192/execution_workdirs/p22__llama3.3_70b__s5/generated_model.py"", line 46, in build_model
    model.addConstr(variables[""x_B_A""] + variables[""x_C_A""] + variables[""x_D_A""] + variables[""x_E_A""] == variables[""x_A_B""] + variables[""x_A_C""] + variables[""x_A_E""], name=""flow_B"")
KeyError: 'x_E_A'"
p22__llama3.3_70b__s6,llama3.3:70b,22,22,6,loud_bug,loud_bug,loud_bug,clean_fenced,True,True,False,True,"p22.R_pass_C_in.C1,p22.R_pass_C_out.C1,p22.obj.C2","p22.R_pass_C_in.C1,p22.R_pass_C_out.C1",,,,7b337f06c64fb758705aab538e19f97efb0b66bdfe84c7a08664a72b5c502924,56.168,1959,881,False,,,none,,36,35,35,36,71,2,0,2,,
p22__llama3.3_70b__s7,llama3.3:70b,22,22,7,loud_bug,loud_bug,loud_bug,clean_fenced,True,True,False,True,"p22.R_start_A.C1,p22.R_end_E.C1,p22.R_pass_C_in.C1,p22.R_pass_C_out.C1,p22.obj.C2","p22.R_start_A.C1,p22.R_end_E.C1,p22.R_pass_C_in.C1,p22.R_pass_C_out.C1",,,,7b337f06c64fb758705aab538e19f97efb0b66bdfe84c7a08664a72b5c502924,82.509,1959,1296,False,,,none,,36,35,35,36,71,4,0,4,,
p22__llama3.3_70b__s8,llama3.3:70b,22,22,8,code_failure,code_failure,code_failure,clean_fenced,False,False,False,False,,,,,,7b337f06c64fb758705aab538e19f97efb0b66bdfe84c7a08664a72b5c502924,57.441,1959,901,False,,,none,,,,,,,0,0,0,runtime_error,"Traceback (most recent call last):
  File ""/project/eick/maamr/sirl_exp1/results/llama33_70b_10samples_ctx8192/execution_workdirs/p22__llama3.3_70b__s8/execute_generated.py"", line 48, in <module>
    result = module.solve(data)
  File ""/project/eick/maamr/sirl_exp1/results/llama33_70b_10samples_ctx8192/execution_workdirs/p22__llama3.3_70b__s8/generated_model.py"", line 53, in solve
    solution[var_name] = variables[var_name].X
  File ""src/gurobipy/var.pxi"", line 125, in gurobipy.Var.__getattr__
  File ""src/gurobipy/var.pxi"", line 153, in gurobipy.Var.getAttr
  File ""src/gurobipy/attrutil.pxi"", line 103, in gurobipy._getattr
AttributeError: Unable to retrieve attribute 'X'. Did you mean: 'Xn'?"
p22__llama3.3_70b__s9,llama3.3:70b,22,22,9,code_failure,code_failure,code_failure,clean_fenced,False,False,False,False,,,,,,7b337f06c64fb758705aab538e19f97efb0b66bdfe84c7a08664a72b5c502924,60.974,1959,956,False,,,none,,,,,,,0,0,0,runtime_error,"Traceback (most recent call last):
  File ""/project/eick/maamr/sirl_exp1/results/llama33_70b_10samples_ctx8192/execution_workdirs/p22__llama3.3_70b__s9/execute_generated.py"", line 48, in <module>
    result = module.solve(data)
  File ""/project/eick/maamr/sirl_exp1/results/llama33_70b_10samples_ctx8192/execution_workdirs/p22__llama3.3_70b__s9/generated_model.py"", line 65, in solve
    solution[var_name] = variables[var_name].X
  File ""src/gurobipy/var.pxi"", line 125, in gurobipy.Var.__getattr__
  File ""src/gurobipy/var.pxi"", line 153, in gurobipy.Var.getAttr
  File ""src/gurobipy/attrutil.pxi"", line 103, in gurobipy._getattr
AttributeError: Unable to retrieve attribute 'X'. Did you mean: 'Xn'?"
p23__llama3.3_70b__s0,llama3.3:70b,23,23,0,contract_failure,contract_failure,contract_failure,clean_fenced,False,False,False,False,,,,,,5965945cd07907db2d0ba3c94735898b37a45813287347b6646826563a1c6df1,63.23,4098,881,False,,,none,,,,,,,0,0,0,contract_failure,missing required function build_model(data)
p23__llama3.3_70b__s1,llama3.3:70b,23,23,1,contract_failure,contract_failure,contract_failure,clean_fenced,False,False,False,False,,,,,,5965945cd07907db2d0ba3c94735898b37a45813287347b6646826563a1c6df1,36.566,4098,562,False,,,none,,,,,,,0,0,0,contract_failure,missing required function build_model(data)
p23__llama3.3_70b__s2,llama3.3:70b,23,23,2,contract_failure,contract_failure,contract_failure,clean_fenced,False,False,False,False,,,,,,5965945cd07907db2d0ba3c94735898b37a45813287347b6646826563a1c6df1,33.356,4098,510,False,,,none,,,,,,,0,0,0,contract_failure,missing required function build_model(data)
p23__llama3.3_70b__s3,llama3.3:70b,23,23,3,contract_failure,contract_failure,contract_failure,clean_fenced,False,False,False,False,,,,,,5965945cd07907db2d0ba3c94735898b37a45813287347b6646826563a1c6df1,59.37,4098,914,False,,,none,,,,,,,0,0,0,contract_failure,missing required function build_model(data)
p23__llama3.3_70b__s4,llama3.3:70b,23,23,4,contract_failure,contract_failure,contract_failure,clean_fenced,False,False,False,False,,,,,,5965945cd07907db2d0ba3c94735898b37a45813287347b6646826563a1c6df1,52.322,4098,807,False,,,none,,,,,,,0,0,0,contract_failure,missing required function build_model(data)
p23__llama3.3_70b__s5,llama3.3:70b,23,23,5,contract_failure,contract_failure,contract_failure,clean_fenced,False,False,False,False,,,,,,5965945cd07907db2d0ba3c94735898b37a45813287347b6646826563a1c6df1,39.758,4098,611,False,,,none,,,,,,,0,0,0,contract_failure,missing required function build_model(data)
p23__llama3.3_70b__s6,llama3.3:70b,23,23,6,contract_failure,contract_failure,contract_failure,clean_fenced,False,False,False,False,,,,,,5965945cd07907db2d0ba3c94735898b37a45813287347b6646826563a1c6df1,40.026,4098,614,False,,,none,,,,,,,0,0,0,contract_failure,missing required function build_model(data)
p23__llama3.3_70b__s7,llama3.3:70b,23,23,7,contract_failure,contract_failure,contract_failure,clean_fenced,False,False,False,False,,,,,,5965945cd07907db2d0ba3c94735898b37a45813287347b6646826563a1c6df1,56.339,4098,867,False,,,none,,,,,,,0,0,0,contract_failure,missing required function build_model(data)
p23__llama3.3_70b__s8,llama3.3:70b,23,23,8,contract_failure,contract_failure,contract_failure,clean_fenced,False,False,False,False,,,,,,5965945cd07907db2d0ba3c94735898b37a45813287347b6646826563a1c6df1,35.978,4098,552,False,,,none,,,,,,,0,0,0,contract_failure,missing required function build_model(data)
p23__llama3.3_70b__s9,llama3.3:70b,23,23,9,contract_failure,contract_failure,contract_failure,clean_fenced,False,False,False,False,,,,,,5965945cd07907db2d0ba3c94735898b37a45813287347b6646826563a1c6df1,53.604,4098,826,False,,,none,,,,,,,0,0,0,contract_failure,missing required function build_model(data)
p24__llama3.3_70b__s0,llama3.3:70b,24,24,0,code_failure,code_failure,code_failure,clean_fenced,False,False,False,False,,,,,,c792c6bc518aa1c35702d7b99f0ed912b16bf4ff92786c25c4796b3c12bbe21a,58.623,4243,799,False,,,none,,,,,,,0,0,0,runtime_error,"Traceback (most recent call last):
  File ""/project/eick/maamr/sirl_exp1/results/llama33_70b_10samples_ctx8192/execution_workdirs/p24__llama3.3_70b__s0/execute_generated.py"", line 48, in <module>
    result = module.solve(data)
  File ""/project/eick/maamr/sirl_exp1/results/llama33_70b_10samples_ctx8192/execution_workdirs/p24__llama3.3_70b__s0/generated_model.py"", line 75, in solve
    solution = {var_key: variables[var_key].X for var_key in variables}
  File ""/project/eick/maamr/sirl_exp1/results/llama33_70b_10samples_ctx8192/execution_workdirs/p24__llama3.3_70b__s0/generated_model.py"", line 75, in <dictcomp>
    solution = {var_key: variables[var_key].X for var_key in variables}
  File ""src/gurobipy/var.pxi"", line 125, in gurobipy.Var.__getattr__
  File ""src/gurobipy/var.pxi"", line 153, in gurobipy.Var.getAttr
  File ""src/gurobipy/attrutil.pxi"", line 103, in gurobipy._getattr
AttributeError: Unable to retrieve attribute 'X'. Did you mean: 'Xn'?"
p24__llama3.3_70b__s1,llama3.3:70b,24,24,1,correct,correct,correct,clean_fenced,True,True,True,True,,,,,,c792c6bc518aa1c35702d7b99f0ed912b16bf4ff92786c25c4796b3c12bbe21a,58.318,4243,899,False,,,none,,110,127,109,128,255,0,0,0,,
p24__llama3.3_70b__s2,llama3.3:70b,24,24,2,silent_bug,silent_bug,silent_bug,clean_fenced,True,True,True,True,"p24.R_A_indicator_2.C1,p24.R_A_indicator_8.C1,p24.R_A_indicator_9.C1,p24.R_A_indicator_10.C1","p24.R_A_indicator_2.C1,p24.R_A_indicator_8.C1,p24.R_A_indicator_9.C1,p24.R_A_indicator_10.C1","R_A_indicator_1,R_A_requires_C_1,R_A_indicator_2,R_A_requires_C_2,R_A_indicator_3,R_A_requires_C_3,R_A_indicator_4,R_A_requires_C_4,R_A_indicator_5,R_A_requires_C_5,R_A_indicator_6,R_A_requires_C_6,R_A_indicator_7,R_A_requires_C_7,R_A_indicator_8,R_A_requires_C_8,R_A_indicator_9,R_A_requires_C_9,R_A_indicator_10,R_A_requires_C_10",,,c792c6bc518aa1c35702d7b99f0ed912b16bf4ff92786c25c4796b3c12bbe21a,49.038,4243,755,False,linking_or_logic_error,"R_A_indicator_2,R_A_indicator_8,R_A_indicator_9,R_A_indicator_10 + fviol:R_A_indicator_1,R_A_requires_C_1,R_A_requires_C_2,R_A_indicator_3,R_A_requires_C_3,R_A_indicator_4,R_A_requires_C_4,R_A_indicator_5,R_A_requires_C_5,R_A_indicator_6,R_A_requires_C_6,R_A_indicator_7,R_A_requires_C_7,R_A_requires_C_8,R_A_requires_C_9,R_A_requires_C_10",solution_and_formulation,linking_or_logic_error,110,127,109,128,255,4,20,24,,
p24__llama3.3_70b__s3,llama3.3:70b,24,24,3,correct,correct,correct,clean_fenced,True,True,True,True,,,,,,c792c6bc518aa1c35702d7b99f0ed912b16bf4ff92786c25c4796b3c12bbe21a,53.159,4243,819,False,,,none,,110,127,109,128,255,0,0,0,,
p24__llama3.3_70b__s4,llama3.3:70b,24,24,4,correct,correct,correct,clean_fenced,True,True,True,True,,,,,,c792c6bc518aa1c35702d7b99f0ed912b16bf4ff92786c25c4796b3c12bbe21a,54.921,4243,847,False,,,none,,110,127,109,128,255,0,0,0,,
p24__llama3.3_70b__s5,llama3.3:70b,24,24,5,correct,correct,correct,clean_fenced,True,True,True,True,,,,,,c792c6bc518aa1c35702d7b99f0ed912b16bf4ff92786c25c4796b3c12bbe21a,57.535,4243,887,False,,,none,,110,127,109,128,255,0,0,0,,
p24__llama3.3_70b__s6,llama3.3:70b,24,24,6,code_failure,code_failure,code_failure,clean_fenced,False,False,False,False,,,,,,c792c6bc518aa1c35702d7b99f0ed912b16bf4ff92786c25c4796b3c12bbe21a,49.895,4243,769,False,,,none,,,,,,,0,0,0,runtime_error,"Traceback (most recent call last):
  File ""/project/eick/maamr/sirl_exp1/results/llama33_70b_10samples_ctx8192/execution_workdirs/p24__llama3.3_70b__s6/execute_generated.py"", line 48, in <module>
    result = module.solve(data)
  File ""/project/eick/maamr/sirl_exp1/results/llama33_70b_10samples_ctx8192/execution_workdirs/p24__llama3.3_70b__s6/generated_model.py"", line 71, in solve
    solution = {var_key: variables[var_key].X for var_key in variables}
  File ""/project/eick/maamr/sirl_exp1/results/llama33_70b_10samples_ctx8192/execution_workdirs/p24__llama3.3_70b__s6/generated_model.py"", line 71, in <dictcomp>
    solution = {var_key: variables[var_key].X for var_key in variables}
  File ""src/gurobipy/var.pxi"", line 125, in gurobipy.Var.__getattr__
  File ""src/gurobipy/var.pxi"", line 153, in gurobipy.Var.getAttr
  File ""src/gurobipy/attrutil.pxi"", line 103, in gurobipy._getattr
AttributeError: Unable to retrieve attribute 'X'. Did you mean: 'Xn'?"
p24__llama3.3_70b__s7,llama3.3:70b,24,24,7,correct,correct,correct,clean_fenced,True,True,True,True,,,,,,c792c6bc518aa1c35702d7b99f0ed912b16bf4ff92786c25c4796b3c12bbe21a,50.646,4243,780,False,,,none,,110,127,109,128,255,0,0,0,,
p24__llama3.3_70b__s8,llama3.3:70b,24,24,8,correct,correct,correct,clean_fenced,True,True,True,True,,,,,,c792c6bc518aa1c35702d7b99f0ed912b16bf4ff92786c25c4796b3c12bbe21a,44.186,4243,680,False,,,none,,110,127,109,128,255,0,0,0,,
p24__llama3.3_70b__s9,llama3.3:70b,24,24,9,correct,correct,correct,clean_fenced,True,True,True,True,,,,,,c792c6bc518aa1c35702d7b99f0ed912b16bf4ff92786c25c4796b3c12bbe21a,55.114,4243,850,False,,,none,,110,127,109,128,255,0,0,0,,
p25__llama3.3_70b__s0,llama3.3:70b,25,25,0,code_failure,code_failure,code_failure,clean_fenced,False,False,False,False,,,,,,b73d0822752e576d2d955f55e9893dc8727b9f21244be84ce28c6d91a1d10e4b,102.421,4098,1482,False,,,none,,,,,,,0,0,0,runtime_error,"Traceback (most recent call last):
  File ""/project/eick/maamr/sirl_exp1/results/llama33_70b_10samples_ctx8192/execution_workdirs/p25__llama3.3_70b__s0/execute_generated.py"", line 11, in <module>
    spec.loader.exec_module(module)
  File ""<frozen importlib._bootstrap_external>"", line 883, in exec_module
  File ""<frozen importlib._bootstrap>"", line 241, in _call_with_frames_removed
  File ""/project/eick/maamr/sirl_exp1/results/llama33_70b_10samples_ctx8192/execution_workdirs/p25__llama3.3_70b__s0/generated_model.py"", line 169, in <module>
    solution = solve_model(data)
  File ""/project/eick/maamr/sirl_exp1/results/llama33_70b_10samples_ctx8192/execution_workdirs/p25__llama3.3_70b__s0/generated_model.py"", line 10, in solve_model
    key = data['distance'].keys()[i]
TypeError: 'dict_keys' object is not subscriptable"
p25__llama3.3_70b__s1,llama3.3:70b,25,25,1,code_failure,code_failure,code_failure,clean_fenced,False,False,False,False,,,,,,b73d0822752e576d2d955f55e9893dc8727b9f21244be84ce28c6d91a1d10e4b,271.477,4098,4177,False,,,none,,,,,,,0,0,0,syntax_error,"Traceback (most recent call last):
  File ""/project/eick/maamr/sirl_exp1/results/llama33_70b_10samples_ctx8192/execution_workdirs/p25__llama3.3_70b__s1/execute_generated.py"", line 11, in <module>
    spec.loader.exec_module(module)
  File ""<frozen importlib._bootstrap_external>"", line 879, in exec_module
  File ""<frozen importlib._bootstrap_external>"", line 1017, in get_code
  File ""<frozen importlib._bootstrap_external>"", line 947, in source_to_code
  File ""<frozen importlib._bootstrap>"", line 241, in _call_with_frames_removed
  File ""/project/eick/maamr/sirl_exp1/results/llama33_70b_10samples_ctx8192/execution_workdirs/p25__llama3.3_70b__s1/generated_model.py"", line 433
    ],
    ^
SyntaxError: closing parenthesis ']' does not match opening parenthesis '{' on line 212"
p25__llama3.3_70b__s2,llama3.3:70b,25,25,2,code_failure,code_failure,code_failure,clean_fenced,False,False,False,False,,,,,,b73d0822752e576d2d955f55e9893dc8727b9f21244be84ce28c6d91a1d10e4b,260.897,4098,3918,False,,,none,,,,,,,0,0,0,syntax_error,"Traceback (most recent call last):
  File ""/project/eick/maamr/sirl_exp1/results/llama33_70b_10samples_ctx8192/execution_workdirs/p25__llama3.3_70b__s2/execute_generated.py"", line 11, in <module>
    spec.loader.exec_module(module)
  File ""<frozen importlib._bootstrap_external>"", line 879, in exec_module
  File ""<frozen importlib._bootstrap_external>"", line 1017, in get_code
  File ""<frozen importlib._bootstrap_external>"", line 947, in source_to_code
  File ""<frozen importlib._bootstrap>"", line 241, in _call_with_frames_removed
  File ""/project/eick/maamr/sirl_exp1/results/llama33_70b_10samples_ctx8192/execution_workdirs/p25__llama3.3_70b__s2/generated_model.py"", line 393
    ],
    ^
SyntaxError: closing parenthesis ']' does not match opening parenthesis '{' on line 172"
p25__llama3.3_70b__s3,llama3.3:70b,25,25,3,code_failure,code_failure,code_failure,clean_fenced,False,False,False,False,,,,,,b73d0822752e576d2d955f55e9893dc8727b9f21244be84ce28c6d91a1d10e4b,196.819,4098,3033,False,,,none,,,,,,,0,0,0,runtime_error,"Traceback (most recent call last):
  File ""/project/eick/maamr/sirl_exp1/results/llama33_70b_10samples_ctx8192/execution_workdirs/p25__llama3.3_70b__s3/execute_generated.py"", line 11, in <module>
    spec.loader.exec_module(module)
  File ""<frozen importlib._bootstrap_external>"", line 883, in exec_module
  File ""<frozen importlib._bootstrap>"", line 241, in _call_with_frames_removed
  File ""/project/eick/maamr/sirl_exp1/results/llama33_70b_10samples_ctx8192/execution_workdirs/p25__llama3.3_70b__s3/generated_model.py"", line 268, in <module>
    result = solve_model(data)
  File ""/project/eick/maamr/sirl_exp1/results/llama33_70b_10samples_ctx8192/execution_workdirs/p25__llama3.3_70b__s3/generated_model.py"", line 10, in solve_model
    key = data['distance'].keys()[i]
TypeError: 'dict_keys' object is not subscriptable"
p25__llama3.3_70b__s4,llama3.3:70b,25,25,4,code_failure,code_failure,code_failure,clean_fenced,False,False,False,False,,,,,,b73d0822752e576d2d955f55e9893dc8727b9f21244be84ce28c6d91a1d10e4b,25.222,4098,383,False,,,none,,,,,,,0,0,0,runtime_error,"Traceback (most recent call last):
  File ""/project/eick/maamr/sirl_exp1/results/llama33_70b_10samples_ctx8192/execution_workdirs/p25__llama3.3_70b__s4/execute_generated.py"", line 11, in <module>
    spec.loader.exec_module(module)
  File ""<frozen importlib._bootstrap_external>"", line 883, in exec_module
  File ""<frozen importlib._bootstrap>"", line 241, in _call_with_frames_removed
  File ""/project/eick/maamr/sirl_exp1/results/llama33_70b_10samples_ctx8192/execution_workdirs/p25__llama3.3_70b__s4/generated_model.py"", line 54, in <module>
    solution = solve_model(data)
  File ""/project/eick/maamr/sirl_exp1/results/llama33_70b_10samples_ctx8192/execution_workdirs/p25__llama3.3_70b__s4/generated_model.py"", line 10, in solve_model
    key = data['distance'].keys()[i]
TypeError: 'dict_keys' object is not subscriptable"
p25__llama3.3_70b__s5,llama3.3:70b,25,25,5,code_failure,code_failure,code_failure,clean_fenced,False,False,False,False,,,,,,b73d0822752e576d2d955f55e9893dc8727b9f21244be84ce28c6d91a1d10e4b,194.244,4098,2993,False,,,none,,,,,,,0,0,0,runtime_error,"Traceback (most recent call last):
  File ""/project/eick/maamr/sirl_exp1/results/llama33_70b_10samples_ctx8192/execution_workdirs/p25__llama3.3_70b__s5/execute_generated.py"", line 11, in <module>
    spec.loader.exec_module(module)
  File ""<frozen importlib._bootstrap_external>"", line 883, in exec_module
  File ""<frozen importlib._bootstrap>"", line 241, in _call_with_frames_removed
  File ""/project/eick/maamr/sirl_exp1/results/llama33_70b_10samples_ctx8192/execution_workdirs/p25__llama3.3_70b__s5/generated_model.py"", line 272, in <module>
    result = solve_model(data)
  File ""/project/eick/maamr/sirl_exp1/results/llama33_70b_10samples_ctx8192/execution_workdirs/p25__llama3.3_70b__s5/generated_model.py"", line 10, in solve_model
    key = data['distance'].keys()[i]
TypeError: 'dict_keys' object is not subscriptable"
p25__llama3.3_70b__s6,llama3.3:70b,25,25,6,code_failure,code_failure,code_failure,clean_fenced,False,False,False,False,,,,,,b73d0822752e576d2d955f55e9893dc8727b9f21244be84ce28c6d91a1d10e4b,36.8,4098,563,False,,,none,,,,,,,0,0,0,runtime_error,"Traceback (most recent call last):
  File ""/project/eick/maamr/sirl_exp1/results/llama33_70b_10samples_ctx8192/execution_workdirs/p25__llama3.3_70b__s6/execute_generated.py"", line 11, in <module>
    spec.loader.exec_module(module)
  File ""<frozen importlib._bootstrap_external>"", line 883, in exec_module
  File ""<frozen importlib._bootstrap>"", line 241, in _call_with_frames_removed
  File ""/project/eick/maamr/sirl_exp1/results/llama33_70b_10samples_ctx8192/execution_workdirs/p25__llama3.3_70b__s6/generated_model.py"", line 85, in <module>
    solution = solve_model(data)
  File ""/project/eick/maamr/sirl_exp1/results/llama33_70b_10samples_ctx8192/execution_workdirs/p25__llama3.3_70b__s6/generated_model.py"", line 20, in solve_model
    model.addConstr(gp.quicksum([x[(j, i)] for j in data['connections'][i]]) == 1)
  File ""/project/eick/maamr/sirl_exp1/results/llama33_70b_10samples_ctx8192/execution_workdirs/p25__llama3.3_70b__s6/generated_model.py"", line 20, in <listcomp>
    model.addConstr(gp.quicksum([x[(j, i)] for j in data['connections'][i]]) == 1)
KeyError: (1, 0)"
p25__llama3.3_70b__s7,llama3.3:70b,25,25,7,code_failure,code_failure,code_failure,clean_fenced,False,False,False,False,,,,,,b73d0822752e576d2d955f55e9893dc8727b9f21244be84ce28c6d91a1d10e4b,238.654,4098,3674,False,,,none,,,,,,,0,0,0,runtime_error,"Traceback (most recent call last):
  File ""/project/eick/maamr/sirl_exp1/results/llama33_70b_10samples_ctx8192/execution_workdirs/p25__llama3.3_70b__s7/execute_generated.py"", line 11, in <module>
    spec.loader.exec_module(module)
  File ""<frozen importlib._bootstrap_external>"", line 883, in exec_module
  File ""<frozen importlib._bootstrap>"", line 241, in _call_with_frames_removed
  File ""/project/eick/maamr/sirl_exp1/results/llama33_70b_10samples_ctx8192/execution_workdirs/p25__llama3.3_70b__s7/generated_model.py"", line 368, in <module>
    solution = solve_model(data)
  File ""/project/eick/maamr/sirl_exp1/results/llama33_70b_10samples_ctx8192/execution_workdirs/p25__llama3.3_70b__s7/generated_model.py"", line 10, in solve_model
    key = data['distance'].keys()[i]
TypeError: 'dict_keys' object is not subscriptable"
p25__llama3.3_70b__s8,llama3.3:70b,25,25,8,code_failure,code_failure,code_failure,clean_fenced,False,False,False,False,,,,,,b73d0822752e576d2d955f55e9893dc8727b9f21244be84ce28c6d91a1d10e4b,241.459,4098,3717,False,,,none,,,,,,,0,0,0,syntax_error,"Traceback (most recent call last):
  File ""/project/eick/maamr/sirl_exp1/results/llama33_70b_10samples_ctx8192/execution_workdirs/p25__llama3.3_70b__s8/execute_generated.py"", line 11, in <module>
    spec.loader.exec_module(module)
  File ""<frozen importlib._bootstrap_external>"", line 879, in exec_module
  File ""<frozen importlib._bootstrap_external>"", line 1017, in get_code
  File ""<frozen importlib._bootstrap_external>"", line 947, in source_to_code
  File ""<frozen importlib._bootstrap>"", line 241, in _call_with_frames_removed
  File ""/project/eick/maamr/sirl_exp1/results/llama33_70b_10samples_ctx8192/execution_workdirs/p25__llama3.3_70b__s8/generated_model.py"", line 368
    ],
    ^
SyntaxError: closing parenthesis ']' does not match opening parenthesis '{' on line 147"
p25__llama3.3_70b__s9,llama3.3:70b,25,25,9,code_failure,code_failure,code_failure,clean_fenced,False,False,False,False,,,,,,b73d0822752e576d2d955f55e9893dc8727b9f21244be84ce28c6d91a1d10e4b,197.432,4098,3042,False,,,none,,,,,,,0,0,0,runtime_error,"Traceback (most recent call last):
  File ""/project/eick/maamr/sirl_exp1/results/llama33_70b_10samples_ctx8192/execution_workdirs/p25__llama3.3_70b__s9/execute_generated.py"", line 11, in <module>
    spec.loader.exec_module(module)
  File ""<frozen importlib._bootstrap_external>"", line 883, in exec_module
  File ""<frozen importlib._bootstrap>"", line 241, in _call_with_frames_removed
  File ""/project/eick/maamr/sirl_exp1/results/llama33_70b_10samples_ctx8192/execution_workdirs/p25__llama3.3_70b__s9/generated_model.py"", line 269, in <module>
    result = solve_model(data)
  File ""/project/eick/maamr/sirl_exp1/results/llama33_70b_10samples_ctx8192/execution_workdirs/p25__llama3.3_70b__s9/generated_model.py"", line 10, in solve_model
    key = data['distance'].keys()[i]
TypeError: 'dict_keys' object is not subscriptable"
p26__llama3.3_70b__s0,llama3.3:70b,26,26,0,code_failure,code_failure,code_failure,clean_fenced,False,False,False,False,,,,,,d5839693463bfdbcb0d4963266969ce73cd2aa77362b984445e7e478daf0f78d,46.278,4499,595,False,,,none,,,,,,,0,0,0,runtime_error,"Traceback (most recent call last):
  File ""/project/eick/maamr/sirl_exp1/results/llama33_70b_10samples_ctx8192/execution_workdirs/p26__llama3.3_70b__s0/execute_generated.py"", line 48, in <module>
    result = module.solve(data)
  File ""/project/eick/maamr/sirl_exp1/results/llama33_70b_10samples_ctx8192/execution_workdirs/p26__llama3.3_70b__s0/generated_model.py"", line 42, in solve
    solution[var_key] = variables[var_key].X
  File ""src/gurobipy/var.pxi"", line 125, in gurobipy.Var.__getattr__
  File ""src/gurobipy/var.pxi"", line 153, in gurobipy.Var.getAttr
  File ""src/gurobipy/attrutil.pxi"", line 103, in gurobipy._getattr
AttributeError: Index out of range for attribute 'X'. Did you mean: 'Xn'?"
p26__llama3.3_70b__s1,llama3.3:70b,26,26,1,correct,correct,correct,clean_fenced,True,True,True,True,,,,,,d5839693463bfdbcb0d4963266969ce73cd2aa77362b984445e7e478daf0f78d,38.762,4499,595,False,,,none,,56,84,55,85,169,0,0,0,,
p26__llama3.3_70b__s2,llama3.3:70b,26,26,2,correct,correct,correct,clean_fenced,True,True,True,True,,,,,,d5839693463bfdbcb0d4963266969ce73cd2aa77362b984445e7e478daf0f78d,38.496,4499,592,False,,,none,,56,84,55,85,169,0,0,0,,
p26__llama3.3_70b__s3,llama3.3:70b,26,26,3,code_failure,code_failure,code_failure,clean_fenced,False,False,False,False,,,,,,d5839693463bfdbcb0d4963266969ce73cd2aa77362b984445e7e478daf0f78d,66.433,4499,1024,False,,,none,,,,,,,0,0,0,runtime_error,"Traceback (most recent call last):
  File ""/project/eick/maamr/sirl_exp1/results/llama33_70b_10samples_ctx8192/execution_workdirs/p26__llama3.3_70b__s3/execute_generated.py"", line 48, in <module>
    result = module.solve(data)
  File ""/project/eick/maamr/sirl_exp1/results/llama33_70b_10samples_ctx8192/execution_workdirs/p26__llama3.3_70b__s3/generated_model.py"", line 54, in solve
    solution[var_key] = model.getVarByName(var_key).X
AttributeError: 'NoneType' object has no attribute 'X'"
p26__llama3.3_70b__s4,llama3.3:70b,26,26,4,code_failure,code_failure,code_failure,clean_fenced,False,False,False,False,,,,,,d5839693463bfdbcb0d4963266969ce73cd2aa77362b984445e7e478daf0f78d,41.945,4499,645,False,,,none,,,,,,,0,0,0,runtime_error,"Traceback (most recent call last):
  File ""/project/eick/maamr/sirl_exp1/results/llama33_70b_10samples_ctx8192/execution_workdirs/p26__llama3.3_70b__s4/execute_generated.py"", line 48, in <module>
    result = module.solve(data)
  File ""/project/eick/maamr/sirl_exp1/results/llama33_70b_10samples_ctx8192/execution_workdirs/p26__llama3.3_70b__s4/generated_model.py"", line 51, in solve
    solution[var_name] = model.getVarByName(var_name).X
AttributeError: 'NoneType' object has no attribute 'X'"
p26__llama3.3_70b__s5,llama3.3:70b,26,26,5,code_failure,code_failure,code_failure,clean_fenced,False,False,False,False,,,,,,d5839693463bfdbcb0d4963266969ce73cd2aa77362b984445e7e478daf0f78d,66.427,4499,1024,False,,,none,,,,,,,0,0,0,runtime_error,"Traceback (most recent call last):
  File ""/project/eick/maamr/sirl_exp1/results/llama33_70b_10samples_ctx8192/execution_workdirs/p26__llama3.3_70b__s5/execute_generated.py"", line 48, in <module>
    result = module.solve(data)
  File ""/project/eick/maamr/sirl_exp1/results/llama33_70b_10samples_ctx8192/execution_workdirs/p26__llama3.3_70b__s5/generated_model.py"", line 54, in solve
    solution[var_key] = model.getVarByName(var_key).X
AttributeError: 'NoneType' object has no attribute 'X'"
p26__llama3.3_70b__s6,llama3.3:70b,26,26,6,code_failure,code_failure,code_failure,clean_fenced,False,False,False,False,,,,,,d5839693463bfdbcb0d4963266969ce73cd2aa77362b984445e7e478daf0f78d,41.953,4499,645,False,,,none,,,,,,,0,0,0,runtime_error,"Traceback (most recent call last):
  File ""/project/eick/maamr/sirl_exp1/results/llama33_70b_10samples_ctx8192/execution_workdirs/p26__llama3.3_70b__s6/execute_generated.py"", line 48, in <module>
    result = module.solve(data)
  File ""/project/eick/maamr/sirl_exp1/results/llama33_70b_10samples_ctx8192/execution_workdirs/p26__llama3.3_70b__s6/generated_model.py"", line 51, in solve
    solution[var_name] = model.getVarByName(var_name).X
AttributeError: 'NoneType' object has no attribute 'X'"
p26__llama3.3_70b__s7,llama3.3:70b,26,26,7,schema_failure,schema_failure,schema_failure,clean_fenced,True,False,False,True,,,,,,d5839693463bfdbcb0d4963266969ce73cd2aa77362b984445e7e478daf0f78d,38.376,4499,590,False,,,none,,,,,,,0,0,0,schema_failure,missing solution key: h_1_Mon; missing solution key: h_1_Tue; missing solution key: h_1_Wed; missing solution key: h_1_Thu; missing solution key: h_1_Fri; missing solution key: h_2_Mon; missing solution key: h_2_Tue; missing solution key: h_2_Wed; missing solution key: h_2_Thu; missing solution key: h_2_Fri; missing solution key: h_3_Mon; missing solution key: h_3_Tue; missing solution key: h_3_Wed; missing solution key: h_3_Thu; missing solution key: h_3_Fri; missing solution key: h_4_Mon; missing solution key: h_4_Tue; missing solution key: h_4_Wed; missing solution key: h_4_Thu; missing solution key: h_4_Fri; missing solution key: h_5_Mon; missing solution key: h_5_Tue; missing solution key: h_5_Wed; missing solution key: h_5_Thu; missing solution key: h_5_Fri; missing solution key: h_6_Mon; missing solution key: h_6_Tue; missing solution key: h_6_Wed; missing solution key: h_6_Thu; missing solution key: h_6_Fri; missing solution key: y_1_Mon; missing solution key: y_1_Tue; missing solution key: y_1_Wed; missing solution key: y_1_Thu; missing solution key: y_1_Fri; missing solution key: y_2_Mon; missing solution key: y_2_Tue; missing solution key: y_2_Wed; missing solution key: y_2_Thu; missing solution key: y_2_Fri; missing solution key: y_3_Mon; missing solution key: y_3_Tue; missing solution key: y_3_Wed; missing solution key: y_3_Thu; missing solution key: y_3_Fri; missing solution key: y_4_Mon; missing solution key: y_4_Tue; missing solution key: y_4_Wed; missing solution key: y_4_Thu; missing solution key: y_4_Fri; missing solution key: y_5_Mon; missing solution key: y_5_Tue; missing solution key: y_5_Wed; missing solution key: y_5_Thu; missing solution key: y_5_Fri; missing solution key: y_6_Mon; missing solution key: y_6_Tue; missing solution key: y_6_Wed; missing solution key: y_6_Thu; missing solution key: y_6_Fri
p26__llama3.3_70b__s8,llama3.3:70b,26,26,8,correct,correct,correct,clean_fenced,True,True,True,True,,,,,,d5839693463bfdbcb0d4963266969ce73cd2aa77362b984445e7e478daf0f78d,38.793,4499,596,False,,,none,,56,84,55,85,169,0,0,0,,
p26__llama3.3_70b__s9,llama3.3:70b,26,26,9,correct,correct,correct,clean_fenced,True,True,True,True,,,,,,d5839693463bfdbcb0d4963266969ce73cd2aa77362b984445e7e478daf0f78d,38.807,4499,595,False,,,none,,56,84,55,85,169,0,0,0,,
p27__llama3.3_70b__s0,llama3.3:70b,27,27,0,loud_bug,loud_bug,loud_bug,clean_fenced,True,True,False,True,"p27.R_out_2.C1,p27.R_out_3.C1,p27.R_out_4.C1,p27.R_out_6.C1,p27.R_out_7.C1,p27.R_in_2.C1,p27.R_in_3.C1,p27.R_in_4.C1,p27.R_in_6.C1,p27.R_in_7.C1,p27.obj.C2","p27.R_out_2.C1,p27.R_out_3.C1,p27.R_out_4.C1,p27.R_out_6.C1,p27.R_out_7.C1,p27.R_in_2.C1,p27.R_in_3.C1,p27.R_in_4.C1,p27.R_in_6.C1,p27.R_in_7.C1",,,,4861c12f543fcce191f450127793fa1e6d0c5dda0aad28ad310e8e65874aff8c,133.506,3654,1972,False,,,none,,59,58,58,59,117,10,0,10,,
p27__llama3.3_70b__s1,llama3.3:70b,27,27,1,loud_bug,loud_bug,loud_bug,clean_fenced,True,True,False,True,"p27.R_out_2.C1,p27.R_out_3.C1,p27.R_out_4.C1,p27.R_out_6.C1,p27.R_out_7.C1,p27.R_in_2.C1,p27.R_in_3.C1,p27.R_in_4.C1,p27.R_in_6.C1,p27.R_in_7.C1,p27.obj.C2","p27.R_out_2.C1,p27.R_out_3.C1,p27.R_out_4.C1,p27.R_out_6.C1,p27.R_out_7.C1,p27.R_in_2.C1,p27.R_in_3.C1,p27.R_in_4.C1,p27.R_in_6.C1,p27.R_in_7.C1",,,,4861c12f543fcce191f450127793fa1e6d0c5dda0aad28ad310e8e65874aff8c,128.232,3654,1986,False,,,none,,59,58,58,59,117,10,0,10,,
p27__llama3.3_70b__s2,llama3.3:70b,27,27,2,loud_bug,loud_bug,loud_bug,clean_fenced,True,True,False,True,"p27.R_out_2.C1,p27.R_out_3.C1,p27.R_out_4.C1,p27.R_out_6.C1,p27.R_out_7.C1,p27.R_in_2.C1,p27.R_in_3.C1,p27.R_in_4.C1,p27.R_in_6.C1,p27.R_in_7.C1,p27.obj.C2","p27.R_out_2.C1,p27.R_out_3.C1,p27.R_out_4.C1,p27.R_out_6.C1,p27.R_out_7.C1,p27.R_in_2.C1,p27.R_in_3.C1,p27.R_in_4.C1,p27.R_in_6.C1,p27.R_in_7.C1",,,,4861c12f543fcce191f450127793fa1e6d0c5dda0aad28ad310e8e65874aff8c,128.361,3654,1990,False,,,none,,59,58,58,59,117,10,0,10,,
p27__llama3.3_70b__s3,llama3.3:70b,27,27,3,loud_bug,loud_bug,loud_bug,clean_fenced,True,True,False,True,"p27.R_out_2.C1,p27.R_out_3.C1,p27.R_out_4.C1,p27.R_out_6.C1,p27.R_out_7.C1,p27.R_in_2.C1,p27.R_in_3.C1,p27.R_in_4.C1,p27.R_in_6.C1,p27.R_in_7.C1,p27.obj.C2","p27.R_out_2.C1,p27.R_out_3.C1,p27.R_out_4.C1,p27.R_out_6.C1,p27.R_out_7.C1,p27.R_in_2.C1,p27.R_in_3.C1,p27.R_in_4.C1,p27.R_in_6.C1,p27.R_in_7.C1",,,,4861c12f543fcce191f450127793fa1e6d0c5dda0aad28ad310e8e65874aff8c,128.162,3654,1985,False,,,none,,59,58,58,59,117,10,0,10,,
p27__llama3.3_70b__s4,llama3.3:70b,27,27,4,loud_bug,loud_bug,loud_bug,clean_fenced,True,True,False,True,"p27.R_out_2.C1,p27.R_out_3.C1,p27.R_out_4.C1,p27.R_out_6.C1,p27.R_out_7.C1,p27.R_in_2.C1,p27.R_in_3.C1,p27.R_in_4.C1,p27.R_in_6.C1,p27.R_in_7.C1,p27.obj.C2","p27.R_out_2.C1,p27.R_out_3.C1,p27.R_out_4.C1,p27.R_out_6.C1,p27.R_out_7.C1,p27.R_in_2.C1,p27.R_in_3.C1,p27.R_in_4.C1,p27.R_in_6.C1,p27.R_in_7.C1",,,,4861c12f543fcce191f450127793fa1e6d0c5dda0aad28ad310e8e65874aff8c,183.854,3654,2846,False,,,none,,59,58,58,59,117,10,0,10,,
p27__llama3.3_70b__s5,llama3.3:70b,27,27,5,loud_bug,loud_bug,loud_bug,clean_fenced,True,True,False,True,"p27.R_out_2.C1,p27.R_out_3.C1,p27.R_out_4.C1,p27.R_out_6.C1,p27.R_out_7.C1,p27.R_in_2.C1,p27.R_in_3.C1,p27.R_in_4.C1,p27.R_in_6.C1,p27.R_in_7.C1,p27.obj.C2","p27.R_out_2.C1,p27.R_out_3.C1,p27.R_out_4.C1,p27.R_out_6.C1,p27.R_out_7.C1,p27.R_in_2.C1,p27.R_in_3.C1,p27.R_in_4.C1,p27.R_in_6.C1,p27.R_in_7.C1",,,,4861c12f543fcce191f450127793fa1e6d0c5dda0aad28ad310e8e65874aff8c,187.514,3654,2902,False,,,none,,59,58,58,59,117,10,0,10,,
p27__llama3.3_70b__s6,llama3.3:70b,27,27,6,loud_bug,loud_bug,loud_bug,clean_fenced,True,True,False,True,"p27.R_out_2.C1,p27.R_out_3.C1,p27.R_out_4.C1,p27.R_out_6.C1,p27.R_out_7.C1,p27.R_in_2.C1,p27.R_in_3.C1,p27.R_in_4.C1,p27.R_in_6.C1,p27.R_in_7.C1,p27.obj.C2","p27.R_out_2.C1,p27.R_out_3.C1,p27.R_out_4.C1,p27.R_out_6.C1,p27.R_out_7.C1,p27.R_in_2.C1,p27.R_in_3.C1,p27.R_in_4.C1,p27.R_in_6.C1,p27.R_in_7.C1",,,,4861c12f543fcce191f450127793fa1e6d0c5dda0aad28ad310e8e65874aff8c,127.937,3654,1982,False,,,none,,59,58,58,59,117,10,0,10,,
p27__llama3.3_70b__s7,llama3.3:70b,27,27,7,loud_bug,loud_bug,loud_bug,clean_fenced,True,True,False,True,"p27.R_out_1.C1,p27.R_in_1.C1,p27.R_mtz_2_6.C1,p27.R_mtz_3_5.C1,p27.R_mtz_4_7.C1,p27.R_mtz_5_3.C1,p27.R_mtz_6_2.C1,p27.obj.C2","p27.R_out_1.C1,p27.R_in_1.C1,p27.R_mtz_2_6.C1,p27.R_mtz_3_5.C1,p27.R_mtz_4_7.C1,p27.R_mtz_5_3.C1,p27.R_mtz_6_2.C1",,,,4861c12f543fcce191f450127793fa1e6d0c5dda0aad28ad310e8e65874aff8c,174.122,3654,2697,False,,,none,,59,58,58,59,117,7,0,7,,
p27__llama3.3_70b__s8,llama3.3:70b,27,27,8,loud_bug,loud_bug,loud_bug,clean_fenced,True,True,False,True,"p27.R_out_2.C1,p27.R_out_3.C1,p27.R_out_4.C1,p27.R_out_6.C1,p27.R_out_7.C1,p27.R_in_2.C1,p27.R_in_3.C1,p27.R_in_4.C1,p27.R_in_6.C1,p27.R_in_7.C1,p27.obj.C2","p27.R_out_2.C1,p27.R_out_3.C1,p27.R_out_4.C1,p27.R_out_6.C1,p27.R_out_7.C1,p27.R_in_2.C1,p27.R_in_3.C1,p27.R_in_4.C1,p27.R_in_6.C1,p27.R_in_7.C1",,,,4861c12f543fcce191f450127793fa1e6d0c5dda0aad28ad310e8e65874aff8c,182.659,3654,2827,False,,,none,,59,58,58,59,117,10,0,10,,
p27__llama3.3_70b__s9,llama3.3:70b,27,27,9,loud_bug,loud_bug,loud_bug,clean_fenced,True,True,False,True,"p27.R_out_2.C1,p27.R_out_3.C1,p27.R_out_4.C1,p27.R_out_6.C1,p27.R_out_7.C1,p27.R_in_2.C1,p27.R_in_3.C1,p27.R_in_4.C1,p27.R_in_6.C1,p27.R_in_7.C1,p27.obj.C2","p27.R_out_2.C1,p27.R_out_3.C1,p27.R_out_4.C1,p27.R_out_6.C1,p27.R_out_7.C1,p27.R_in_2.C1,p27.R_in_3.C1,p27.R_in_4.C1,p27.R_in_6.C1,p27.R_in_7.C1",,,,4861c12f543fcce191f450127793fa1e6d0c5dda0aad28ad310e8e65874aff8c,127.896,3654,1982,False,,,none,,59,58,58,59,117,10,0,10,,
p28__llama3.3_70b__s0,llama3.3:70b,28,28,0,code_failure,code_failure,code_failure,clean_fenced,False,False,False,False,,,,,,357a8b20cce3eb7af3a34136f9998a7ef7ebf2032e9aaa9a7e60411831a0791a,46.184,4767,587,False,,,none,,,,,,,0,0,0,runtime_error,"Traceback (most recent call last):
  File ""/project/eick/maamr/sirl_exp1/results/llama33_70b_10samples_ctx8192/execution_workdirs/p28__llama3.3_70b__s0/execute_generated.py"", line 48, in <module>
    result = module.solve(data)
  File ""/project/eick/maamr/sirl_exp1/results/llama33_70b_10samples_ctx8192/execution_workdirs/p28__llama3.3_70b__s0/generated_model.py"", line 38, in solve
    model, _ = build_model(data)
  File ""/project/eick/maamr/sirl_exp1/results/llama33_70b_10samples_ctx8192/execution_workdirs/p28__llama3.3_70b__s0/generated_model.py"", line 29, in build_model
    truck_capacity_constr = gp.quicksum(variables[x_key]) / data['truck_capacity_containers'] - variables[t_key]
  File ""src/gurobipy/gurobi.pxi"", line 3842, in gurobipy.quicksum
TypeError: 'Var' object is not iterable"
p28__llama3.3_70b__s1,llama3.3:70b,28,28,1,correct,correct,correct,clean_fenced,True,True,True,True,,,,,,357a8b20cce3eb7af3a34136f9998a7ef7ebf2032e9aaa9a7e60411831a0791a,38.346,4767,587,False,,,none,,45,44,44,45,89,0,0,0,,
p28__llama3.3_70b__s2,llama3.3:70b,28,28,2,correct,correct,correct,clean_fenced,True,True,True,True,,,,,,357a8b20cce3eb7af3a34136f9998a7ef7ebf2032e9aaa9a7e60411831a0791a,35.303,4767,540,False,,,none,,45,44,44,45,89,0,0,0,,
p28__llama3.3_70b__s3,llama3.3:70b,28,28,3,correct,correct,correct,clean_fenced,True,True,True,True,,,,,,357a8b20cce3eb7af3a34136f9998a7ef7ebf2032e9aaa9a7e60411831a0791a,35.304,4767,540,False,,,none,,45,44,44,45,89,0,0,0,,
p28__llama3.3_70b__s4,llama3.3:70b,28,28,4,correct,correct,correct,clean_fenced,True,True,True,True,,,,,,357a8b20cce3eb7af3a34136f9998a7ef7ebf2032e9aaa9a7e60411831a0791a,35.478,4767,543,False,,,none,,45,44,44,45,89,0,0,0,,
p28__llama3.3_70b__s5,llama3.3:70b,28,28,5,correct,correct,correct,clean_fenced,True,True,True,True,,,,,,357a8b20cce3eb7af3a34136f9998a7ef7ebf2032e9aaa9a7e60411831a0791a,35.427,4767,542,False,,,none,,45,44,44,45,89,0,0,0,,
p28__llama3.3_70b__s6,llama3.3:70b,28,28,6,correct,correct,correct,clean_fenced,True,True,True,True,,,,,,357a8b20cce3eb7af3a34136f9998a7ef7ebf2032e9aaa9a7e60411831a0791a,35.427,4767,542,False,,,none,,45,44,44,45,89,0,0,0,,
p28__llama3.3_70b__s7,llama3.3:70b,28,28,7,loud_bug,loud_bug,loud_bug,clean_fenced,True,True,False,True,"p28.obj.C1,p28.obj.C2",,,,,357a8b20cce3eb7af3a34136f9998a7ef7ebf2032e9aaa9a7e60411831a0791a,40.686,4767,623,False,,,none,,45,44,44,45,89,0,0,0,,
p28__llama3.3_70b__s8,llama3.3:70b,28,28,8,code_failure,code_failure,code_failure,clean_fenced,False,False,False,False,,,,,,357a8b20cce3eb7af3a34136f9998a7ef7ebf2032e9aaa9a7e60411831a0791a,38.332,4767,587,False,,,none,,,,,,,0,0,0,runtime_error,"Traceback (most recent call last):
  File ""/project/eick/maamr/sirl_exp1/results/llama33_70b_10samples_ctx8192/execution_workdirs/p28__llama3.3_70b__s8/execute_generated.py"", line 48, in <module>
    result = module.solve(data)
  File ""/project/eick/maamr/sirl_exp1/results/llama33_70b_10samples_ctx8192/execution_workdirs/p28__llama3.3_70b__s8/generated_model.py"", line 38, in solve
    model, _ = build_model(data)
  File ""/project/eick/maamr/sirl_exp1/results/llama33_70b_10samples_ctx8192/execution_workdirs/p28__llama3.3_70b__s8/generated_model.py"", line 29, in build_model
    truck_capacity_constr = gp.quicksum(variables[x_key]) / data['truck_capacity_containers'] - variables[t_key]
  File ""src/gurobipy/gurobi.pxi"", line 3842, in gurobipy.quicksum
TypeError: 'Var' object is not iterable"
p28__llama3.3_70b__s9,llama3.3:70b,28,28,9,correct,correct,correct,clean_fenced,True,True,True,True,,,,,,357a8b20cce3eb7af3a34136f9998a7ef7ebf2032e9aaa9a7e60411831a0791a,35.418,4767,542,False,,,none,,45,44,44,45,89,0,0,0,,
p29__llama3.3_70b__s0,llama3.3:70b,29,29,0,code_failure,code_failure,code_failure,clean_fenced,False,False,False,False,,,,,,a0611ef91cc680d486ab338e99e2075b779c12fe5b1ef5721e56e8a19bb17a03,39.005,2095,546,False,,,none,,,,,,,0,0,0,runtime_error,"Traceback (most recent call last):
  File ""/project/eick/maamr/sirl_exp1/results/llama33_70b_10samples_ctx8192/execution_workdirs/p29__llama3.3_70b__s0/execute_generated.py"", line 48, in <module>
    result = module.solve(data)
  File ""/project/eick/maamr/sirl_exp1/results/llama33_70b_10samples_ctx8192/execution_workdirs/p29__llama3.3_70b__s0/generated_model.py"", line 45, in solve
    solution = {var_name: model.getVarByName(var_name).X for var_name in data[""hours""][""I""]}
  File ""/project/eick/maamr/sirl_exp1/results/llama33_70b_10samples_ctx8192/execution_workdirs/p29__llama3.3_70b__s0/generated_model.py"", line 45, in <dictcomp>
    solution = {var_name: model.getVarByName(var_name).X for var_name in data[""hours""][""I""]}
AttributeError: 'NoneType' object has no attribute 'X'"
p29__llama3.3_70b__s1,llama3.3:70b,29,29,1,correct,correct,correct,clean_fenced,True,True,True,True,,,,,,a0611ef91cc680d486ab338e99e2075b779c12fe5b1ef5721e56e8a19bb17a03,30.976,2095,482,False,,,none,,32,31,31,32,63,0,0,0,,
p29__llama3.3_70b__s2,llama3.3:70b,29,29,2,correct,correct,correct,clean_fenced,True,True,True,True,,,,,,a0611ef91cc680d486ab338e99e2075b779c12fe5b1ef5721e56e8a19bb17a03,29.158,2095,453,False,,,none,,32,31,31,32,63,0,0,0,,
p29__llama3.3_70b__s3,llama3.3:70b,29,29,3,correct,correct,correct,clean_fenced,True,True,True,True,,,,,,a0611ef91cc680d486ab338e99e2075b779c12fe5b1ef5721e56e8a19bb17a03,29.193,2095,454,False,,,none,,32,31,31,32,63,0,0,0,,
p29__llama3.3_70b__s4,llama3.3:70b,29,29,4,correct,correct,correct,clean_fenced,True,True,True,True,,,,,,a0611ef91cc680d486ab338e99e2075b779c12fe5b1ef5721e56e8a19bb17a03,29.005,2095,451,False,,,none,,32,31,31,32,63,0,0,0,,
p29__llama3.3_70b__s5,llama3.3:70b,29,29,5,correct,correct,correct,clean_fenced,True,True,True,True,,,,,,a0611ef91cc680d486ab338e99e2075b779c12fe5b1ef5721e56e8a19bb17a03,31.69,2095,493,False,,,none,,32,31,31,32,63,0,0,0,,
p29__llama3.3_70b__s6,llama3.3:70b,29,29,6,correct,correct,correct,clean_fenced,True,True,True,True,,,,,,a0611ef91cc680d486ab338e99e2075b779c12fe5b1ef5721e56e8a19bb17a03,28.964,2095,450,False,,,none,,32,31,31,32,63,0,0,0,,
p29__llama3.3_70b__s7,llama3.3:70b,29,29,7,correct,correct,correct,clean_fenced,True,True,True,True,,,,,,a0611ef91cc680d486ab338e99e2075b779c12fe5b1ef5721e56e8a19bb17a03,26.908,2095,418,False,,,none,,32,31,31,32,63,0,0,0,,
p29__llama3.3_70b__s8,llama3.3:70b,29,29,8,correct,correct,correct,clean_fenced,True,True,True,True,,,,,,a0611ef91cc680d486ab338e99e2075b779c12fe5b1ef5721e56e8a19bb17a03,31.368,2095,488,False,,,none,,32,31,31,32,63,0,0,0,,
p29__llama3.3_70b__s9,llama3.3:70b,29,29,9,code_failure,code_failure,code_failure,clean_fenced,False,False,False,False,,,,,,a0611ef91cc680d486ab338e99e2075b779c12fe5b1ef5721e56e8a19bb17a03,43.038,2095,671,False,,,none,,,,,,,0,0,0,runtime_error,"Traceback (most recent call last):
  File ""/project/eick/maamr/sirl_exp1/results/llama33_70b_10samples_ctx8192/execution_workdirs/p29__llama3.3_70b__s9/execute_generated.py"", line 48, in <module>
    result = module.solve(data)
  File ""/project/eick/maamr/sirl_exp1/results/llama33_70b_10samples_ctx8192/execution_workdirs/p29__llama3.3_70b__s9/generated_model.py"", line 45, in solve
    solution = {var_name: model.getVarByName(var_name).X for var_name in data[""hours""][""I""]}
  File ""/project/eick/maamr/sirl_exp1/results/llama33_70b_10samples_ctx8192/execution_workdirs/p29__llama3.3_70b__s9/generated_model.py"", line 45, in <dictcomp>
    solution = {var_name: model.getVarByName(var_name).X for var_name in data[""hours""][""I""]}
AttributeError: 'NoneType' object has no attribute 'X'"
p30__llama3.3_70b__s0,llama3.3:70b,30,30,0,correct,correct,correct,clean_fenced,True,True,True,True,,,,,,3489c300b2e562f4274c68aee839f12de4681bdf8696a50a5e7a443af6f69bc5,62.611,1587,934,False,,,none,,9,8,8,9,17,0,0,0,,
p30__llama3.3_70b__s1,llama3.3:70b,30,30,1,correct,correct,correct,clean_fenced,True,True,True,True,,,,,,3489c300b2e562f4274c68aee839f12de4681bdf8696a50a5e7a443af6f69bc5,59.434,1587,934,False,,,none,,9,8,8,9,17,0,0,0,,
p30__llama3.3_70b__s2,llama3.3:70b,30,30,2,correct,correct,correct,clean_fenced,True,True,True,True,,,,,,3489c300b2e562f4274c68aee839f12de4681bdf8696a50a5e7a443af6f69bc5,59.433,1587,934,False,,,none,,9,8,8,9,17,0,0,0,,
p30__llama3.3_70b__s3,llama3.3:70b,30,30,3,correct,correct,correct,clean_fenced,True,True,True,True,,,,,,3489c300b2e562f4274c68aee839f12de4681bdf8696a50a5e7a443af6f69bc5,67.917,1587,1067,False,,,none,,9,8,8,9,17,0,0,0,,
p30__llama3.3_70b__s4,llama3.3:70b,30,30,4,correct,correct,correct,clean_fenced,True,True,True,True,,,,,,3489c300b2e562f4274c68aee839f12de4681bdf8696a50a5e7a443af6f69bc5,59.46,1587,934,False,,,none,,9,8,8,9,17,0,0,0,,
p30__llama3.3_70b__s5,llama3.3:70b,30,30,5,correct,correct,correct,clean_fenced,True,True,True,True,,,,,,3489c300b2e562f4274c68aee839f12de4681bdf8696a50a5e7a443af6f69bc5,59.459,1587,934,False,,,none,,9,8,8,9,17,0,0,0,,
p30__llama3.3_70b__s6,llama3.3:70b,30,30,6,correct,correct,correct,clean_fenced,True,True,True,True,,,,,,3489c300b2e562f4274c68aee839f12de4681bdf8696a50a5e7a443af6f69bc5,59.453,1587,934,False,,,none,,9,8,8,9,17,0,0,0,,
p30__llama3.3_70b__s7,llama3.3:70b,30,30,7,correct,correct,correct,clean_fenced,True,True,True,True,,,,,,3489c300b2e562f4274c68aee839f12de4681bdf8696a50a5e7a443af6f69bc5,66.001,1587,1037,False,,,none,,9,8,8,9,17,0,0,0,,
p30__llama3.3_70b__s8,llama3.3:70b,30,30,8,correct,correct,correct,clean_fenced,True,True,True,True,,,,,,3489c300b2e562f4274c68aee839f12de4681bdf8696a50a5e7a443af6f69bc5,67.933,1587,1067,False,,,none,,9,8,8,9,17,0,0,0,,
p30__llama3.3_70b__s9,llama3.3:70b,30,30,9,correct,correct,correct,clean_fenced,True,True,True,True,,,,,,3489c300b2e562f4274c68aee839f12de4681bdf8696a50a5e7a443af6f69bc5,67.966,1587,1067,False,,,none,,9,8,8,9,17,0,0,0,,
p31__llama3.3_70b__s0,llama3.3:70b,31,31,0,loud_bug,loud_bug,loud_bug,clean_fenced,True,True,False,True,"p31.R_p2_preferred_specialty_lexicographic_best.C1,p31.obj.C2",p31.R_p2_preferred_specialty_lexicographic_best.C1,,,,b8c33f838c0cbe9b22f23c34e347c88c6cdd20c505bd1ba32107c9f9d051bc42,47.565,2815,665,False,,,none,,16,15,15,16,31,1,0,1,,
p31__llama3.3_70b__s1,llama3.3:70b,31,31,1,code_failure,code_failure,code_failure,clean_fenced,False,False,False,False,,,,,,b8c33f838c0cbe9b22f23c34e347c88c6cdd20c505bd1ba32107c9f9d051bc42,43.74,2815,678,False,,,none,,,,,,,0,0,0,runtime_error,"Traceback (most recent call last):
  File ""/project/eick/maamr/sirl_exp1/results/llama33_70b_10samples_ctx8192/execution_workdirs/p31__llama3.3_70b__s1/execute_generated.py"", line 48, in <module>
    result = module.solve(data)
  File ""/project/eick/maamr/sirl_exp1/results/llama33_70b_10samples_ctx8192/execution_workdirs/p31__llama3.3_70b__s1/generated_model.py"", line 38, in solve
    model, variables = build_model(data)
  File ""/project/eick/maamr/sirl_exp1/results/llama33_70b_10samples_ctx8192/execution_workdirs/p31__llama3.3_70b__s1/generated_model.py"", line 30, in build_model
    model.addConstr(p3_shortfall == max(0, data[""p3_preferred_city_target""] - p3_preferred_city_sum))
  File ""src/gurobipy/linexpr.pxi"", line 473, in gurobipy.LinExpr.__richcmp__
NotImplementedError"
p31__llama3.3_70b__s2,llama3.3:70b,31,31,2,loud_bug,loud_bug,loud_bug,clean_fenced,True,True,False,True,"p31.R_p2_preferred_specialty_lexicographic_best.C1,p31.obj.C2",p31.R_p2_preferred_specialty_lexicographic_best.C1,,,,b8c33f838c0cbe9b22f23c34e347c88c6cdd20c505bd1ba32107c9f9d051bc42,49.863,2815,774,False,,,none,,16,15,15,16,31,1,0,1,,
p31__llama3.3_70b__s3,llama3.3:70b,31,31,3,loud_bug,loud_bug,loud_bug,clean_fenced,True,True,False,True,"p31.R_p2_preferred_specialty_lexicographic_best.C1,p31.obj.C2",p31.R_p2_preferred_specialty_lexicographic_best.C1,,,,b8c33f838c0cbe9b22f23c34e347c88c6cdd20c505bd1ba32107c9f9d051bc42,38.736,2815,600,False,,,none,,16,15,15,16,31,1,0,1,,
p31__llama3.3_70b__s4,llama3.3:70b,31,31,4,loud_bug,loud_bug,loud_bug,clean_fenced,True,True,False,True,"p31.R_supply_type_1.C1,p31.R_supply_type_2.C1,p31.R_p2_preferred_specialty_lexicographic_best.C1,p31.obj.C2","p31.R_supply_type_1.C1,p31.R_supply_type_2.C1,p31.R_p2_preferred_specialty_lexicographic_best.C1",,,,b8c33f838c0cbe9b22f23c34e347c88c6cdd20c505bd1ba32107c9f9d051bc42,45.376,2815,704,False,,,none,,16,15,15,16,31,3,0,3,,
p31__llama3.3_70b__s5,llama3.3:70b,31,31,5,loud_bug,loud_bug,loud_bug,clean_fenced,True,True,False,True,"p31.R_p2_preferred_specialty_lexicographic_best.C1,p31.R_p3_city_shortfall_definition.C1,p31.obj.C2","p31.R_p2_preferred_specialty_lexicographic_best.C1,p31.R_p3_city_shortfall_definition.C1",,,,b8c33f838c0cbe9b22f23c34e347c88c6cdd20c505bd1ba32107c9f9d051bc42,33.321,2815,515,False,,,none,,16,15,15,16,31,2,0,2,,
p31__llama3.3_70b__s6,llama3.3:70b,31,31,6,loud_bug,loud_bug,loud_bug,clean_fenced,True,True,False,True,"p31.R_p2_preferred_specialty_lexicographic_best.C1,p31.obj.C2",p31.R_p2_preferred_specialty_lexicographic_best.C1,,,,b8c33f838c0cbe9b22f23c34e347c88c6cdd20c505bd1ba32107c9f9d051bc42,42.897,2815,665,False,,,none,,16,15,15,16,31,1,0,1,,
p31__llama3.3_70b__s7,llama3.3:70b,31,31,7,loud_bug,loud_bug,loud_bug,clean_fenced,True,True,False,True,"p31.R_p2_preferred_specialty_lexicographic_best.C1,p31.R_p3_city_shortfall_definition.C1,p31.obj.C2","p31.R_p2_preferred_specialty_lexicographic_best.C1,p31.R_p3_city_shortfall_definition.C1",,,,b8c33f838c0cbe9b22f23c34e347c88c6cdd20c505bd1ba32107c9f9d051bc42,36.754,2815,569,False,,,none,,16,15,15,16,31,2,0,2,,
p31__llama3.3_70b__s8,llama3.3:70b,31,31,8,loud_bug,loud_bug,loud_bug,clean_fenced,True,True,False,True,"p31.R_p2_preferred_specialty_lexicographic_best.C1,p31.obj.C2",p31.R_p2_preferred_specialty_lexicographic_best.C1,,,,b8c33f838c0cbe9b22f23c34e347c88c6cdd20c505bd1ba32107c9f9d051bc42,49.121,2815,762,False,,,none,,16,15,15,16,31,1,0,1,,
p31__llama3.3_70b__s9,llama3.3:70b,31,31,9,loud_bug,loud_bug,loud_bug,clean_fenced,True,True,False,True,"p31.R_p2_preferred_specialty_lexicographic_best.C1,p31.R_p3_city_shortfall_definition.C1,p31.obj.C2","p31.R_p2_preferred_specialty_lexicographic_best.C1,p31.R_p3_city_shortfall_definition.C1",,,,b8c33f838c0cbe9b22f23c34e347c88c6cdd20c505bd1ba32107c9f9d051bc42,35.575,2815,550,False,,,none,,16,15,15,16,31,2,0,2,,
p32__llama3.3_70b__s0,llama3.3:70b,32,32,0,loud_bug,loud_bug,loud_bug,clean_fenced,True,True,False,True,"p32.R_vat1_order_pos_2.C1,p32.R_vat1_order_pos_3.C1,p32.R_vat1_order_pos_4.C1,p32.R_vat1_order_pos_5.C1,p32.R_same_vat_order_pos_2_vat_1.C1,p32.R_same_vat_order_pos_2_vat_2.C1,p32.R_same_vat_order_pos_2_vat_3.C1,p32.R_same_vat_order_pos_3_vat_1.C1,p32.R_same_vat_order_pos_3_vat_2.C1,p32.R_same_vat_order_pos_3_vat_3.C1,p32.R_same_vat_order_pos_4_vat_1.C1,p32.R_same_vat_order_pos_4_vat_2.C1,p32.R_same_vat_order_pos_4_vat_3.C1,p32.R_same_vat_order_pos_5_vat_1.C1,p32.R_same_vat_order_pos_5_vat_2.C1,p32.R_same_vat_order_pos_5_vat_3.C1,p32.obj.C2","p32.R_vat1_order_pos_2.C1,p32.R_vat1_order_pos_3.C1,p32.R_vat1_order_pos_4.C1,p32.R_vat1_order_pos_5.C1,p32.R_same_vat_order_pos_2_vat_1.C1,p32.R_same_vat_order_pos_2_vat_2.C1,p32.R_same_vat_order_pos_2_vat_3.C1,p32.R_same_vat_order_pos_3_vat_1.C1,p32.R_same_vat_order_pos_3_vat_2.C1,p32.R_same_vat_order_pos_3_vat_3.C1,p32.R_same_vat_order_pos_4_vat_1.C1,p32.R_same_vat_order_pos_4_vat_2.C1,p32.R_same_vat_order_pos_4_vat_3.C1,p32.R_same_vat_order_pos_5_vat_1.C1,p32.R_same_vat_order_pos_5_vat_2.C1,p32.R_same_vat_order_pos_5_vat_3.C1",,,,27cd7990e927cb79b581988e002dd2887370b203ad095ad060abc2fef68811f7,131.835,3214,1969,False,,,none,,66,65,65,66,131,16,0,16,,
p32__llama3.3_70b__s1,llama3.3:70b,32,32,1,loud_bug,loud_bug,loud_bug,clean_fenced,True,True,False,True,"p32.R_route_precedence_pos_1_vat_2.C1,p32.R_route_precedence_pos_1_vat_3.C1,p32.R_route_precedence_pos_2_vat_2.C1,p32.R_route_precedence_pos_2_vat_3.C1,p32.R_route_precedence_pos_3_vat_2.C1,p32.R_route_precedence_pos_3_vat_3.C1,p32.R_route_precedence_pos_4_vat_2.C1,p32.R_route_precedence_pos_5_vat_2.C1,p32.R_route_precedence_pos_5_vat_3.C1,p32.obj.C2","p32.R_route_precedence_pos_1_vat_2.C1,p32.R_route_precedence_pos_1_vat_3.C1,p32.R_route_precedence_pos_2_vat_2.C1,p32.R_route_precedence_pos_2_vat_3.C1,p32.R_route_precedence_pos_3_vat_2.C1,p32.R_route_precedence_pos_3_vat_3.C1,p32.R_route_precedence_pos_4_vat_2.C1,p32.R_route_precedence_pos_5_vat_2.C1,p32.R_route_precedence_pos_5_vat_3.C1",,,,27cd7990e927cb79b581988e002dd2887370b203ad095ad060abc2fef68811f7,129.245,3214,2010,False,,,none,,66,65,65,66,131,9,0,9,,
p32__llama3.3_70b__s2,llama3.3:70b,32,32,2,loud_bug,loud_bug,loud_bug,clean_fenced,True,True,False,True,"p32.R_vat1_order_pos_2.C1,p32.R_vat1_order_pos_3.C1,p32.R_vat1_order_pos_4.C1,p32.R_vat1_order_pos_5.C1,p32.R_same_vat_order_pos_2_vat_1.C1,p32.R_same_vat_order_pos_2_vat_2.C1,p32.R_same_vat_order_pos_2_vat_3.C1,p32.R_same_vat_order_pos_3_vat_1.C1,p32.R_same_vat_order_pos_3_vat_2.C1,p32.R_same_vat_order_pos_3_vat_3.C1,p32.R_same_vat_order_pos_4_vat_1.C1,p32.R_same_vat_order_pos_4_vat_2.C1,p32.R_same_vat_order_pos_4_vat_3.C1,p32.R_same_vat_order_pos_5_vat_1.C1,p32.R_same_vat_order_pos_5_vat_2.C1,p32.R_same_vat_order_pos_5_vat_3.C1,p32.obj.C2","p32.R_vat1_order_pos_2.C1,p32.R_vat1_order_pos_3.C1,p32.R_vat1_order_pos_4.C1,p32.R_vat1_order_pos_5.C1,p32.R_same_vat_order_pos_2_vat_1.C1,p32.R_same_vat_order_pos_2_vat_2.C1,p32.R_same_vat_order_pos_2_vat_3.C1,p32.R_same_vat_order_pos_3_vat_1.C1,p32.R_same_vat_order_pos_3_vat_2.C1,p32.R_same_vat_order_pos_3_vat_3.C1,p32.R_same_vat_order_pos_4_vat_1.C1,p32.R_same_vat_order_pos_4_vat_2.C1,p32.R_same_vat_order_pos_4_vat_3.C1,p32.R_same_vat_order_pos_5_vat_1.C1,p32.R_same_vat_order_pos_5_vat_2.C1,p32.R_same_vat_order_pos_5_vat_3.C1",,,,27cd7990e927cb79b581988e002dd2887370b203ad095ad060abc2fef68811f7,128.572,3214,1999,False,,,none,,66,65,65,66,131,16,0,16,,
p32__llama3.3_70b__s3,llama3.3:70b,32,32,3,loud_bug,loud_bug,loud_bug,clean_fenced,True,True,False,True,"p32.R_route_precedence_pos_1_vat_2.C1,p32.R_route_precedence_pos_1_vat_3.C1,p32.R_route_precedence_pos_2_vat_2.C1,p32.R_route_precedence_pos_2_vat_3.C1,p32.R_route_precedence_pos_3_vat_2.C1,p32.R_route_precedence_pos_3_vat_3.C1,p32.R_route_precedence_pos_4_vat_2.C1,p32.R_route_precedence_pos_4_vat_3.C1,p32.R_route_precedence_pos_5_vat_2.C1,p32.obj.C2","p32.R_route_precedence_pos_1_vat_2.C1,p32.R_route_precedence_pos_1_vat_3.C1,p32.R_route_precedence_pos_2_vat_2.C1,p32.R_route_precedence_pos_2_vat_3.C1,p32.R_route_precedence_pos_3_vat_2.C1,p32.R_route_precedence_pos_3_vat_3.C1,p32.R_route_precedence_pos_4_vat_2.C1,p32.R_route_precedence_pos_4_vat_3.C1,p32.R_route_precedence_pos_5_vat_2.C1",,,,27cd7990e927cb79b581988e002dd2887370b203ad095ad060abc2fef68811f7,131.27,3214,2041,False,,,none,,66,65,65,66,131,9,0,9,,
p32__llama3.3_70b__s4,llama3.3:70b,32,32,4,loud_bug,loud_bug,loud_bug,clean_fenced,True,True,False,True,"p32.R_vat1_order_pos_2.C1,p32.R_vat1_order_pos_3.C1,p32.R_vat1_order_pos_4.C1,p32.R_vat1_order_pos_5.C1,p32.R_same_vat_order_pos_2_vat_1.C1,p32.R_same_vat_order_pos_2_vat_2.C1,p32.R_same_vat_order_pos_2_vat_3.C1,p32.R_same_vat_order_pos_3_vat_1.C1,p32.R_same_vat_order_pos_3_vat_2.C1,p32.R_same_vat_order_pos_3_vat_3.C1,p32.R_same_vat_order_pos_4_vat_1.C1,p32.R_same_vat_order_pos_4_vat_2.C1,p32.R_same_vat_order_pos_4_vat_3.C1,p32.R_same_vat_order_pos_5_vat_1.C1,p32.R_same_vat_order_pos_5_vat_2.C1,p32.R_same_vat_order_pos_5_vat_3.C1,p32.obj.C2","p32.R_vat1_order_pos_2.C1,p32.R_vat1_order_pos_3.C1,p32.R_vat1_order_pos_4.C1,p32.R_vat1_order_pos_5.C1,p32.R_same_vat_order_pos_2_vat_1.C1,p32.R_same_vat_order_pos_2_vat_2.C1,p32.R_same_vat_order_pos_2_vat_3.C1,p32.R_same_vat_order_pos_3_vat_1.C1,p32.R_same_vat_order_pos_3_vat_2.C1,p32.R_same_vat_order_pos_3_vat_3.C1,p32.R_same_vat_order_pos_4_vat_1.C1,p32.R_same_vat_order_pos_4_vat_2.C1,p32.R_same_vat_order_pos_4_vat_3.C1,p32.R_same_vat_order_pos_5_vat_1.C1,p32.R_same_vat_order_pos_5_vat_2.C1,p32.R_same_vat_order_pos_5_vat_3.C1",,,,27cd7990e927cb79b581988e002dd2887370b203ad095ad060abc2fef68811f7,126.787,3214,1972,False,,,none,,66,65,65,66,131,16,0,16,,
p32__llama3.3_70b__s5,llama3.3:70b,32,32,5,loud_bug,loud_bug,loud_bug,clean_fenced,True,True,False,True,"p32.R_vat1_order_pos_2.C1,p32.R_vat1_order_pos_3.C1,p32.R_vat1_order_pos_4.C1,p32.R_vat1_order_pos_5.C1,p32.R_same_vat_order_pos_2_vat_1.C1,p32.R_same_vat_order_pos_2_vat_2.C1,p32.R_same_vat_order_pos_2_vat_3.C1,p32.R_same_vat_order_pos_3_vat_1.C1,p32.R_same_vat_order_pos_3_vat_2.C1,p32.R_same_vat_order_pos_3_vat_3.C1,p32.R_same_vat_order_pos_4_vat_1.C1,p32.R_same_vat_order_pos_4_vat_2.C1,p32.R_same_vat_order_pos_4_vat_3.C1,p32.R_same_vat_order_pos_5_vat_1.C1,p32.R_same_vat_order_pos_5_vat_2.C1,p32.R_same_vat_order_pos_5_vat_3.C1,p32.obj.C2","p32.R_vat1_order_pos_2.C1,p32.R_vat1_order_pos_3.C1,p32.R_vat1_order_pos_4.C1,p32.R_vat1_order_pos_5.C1,p32.R_same_vat_order_pos_2_vat_1.C1,p32.R_same_vat_order_pos_2_vat_2.C1,p32.R_same_vat_order_pos_2_vat_3.C1,p32.R_same_vat_order_pos_3_vat_1.C1,p32.R_same_vat_order_pos_3_vat_2.C1,p32.R_same_vat_order_pos_3_vat_3.C1,p32.R_same_vat_order_pos_4_vat_1.C1,p32.R_same_vat_order_pos_4_vat_2.C1,p32.R_same_vat_order_pos_4_vat_3.C1,p32.R_same_vat_order_pos_5_vat_1.C1,p32.R_same_vat_order_pos_5_vat_2.C1,p32.R_same_vat_order_pos_5_vat_3.C1",,,,27cd7990e927cb79b581988e002dd2887370b203ad095ad060abc2fef68811f7,126.938,3214,1974,False,,,none,,66,65,65,66,131,16,0,16,,
p32__llama3.3_70b__s6,llama3.3:70b,32,32,6,loud_bug,loud_bug,loud_bug,clean_fenced,True,True,False,True,"p32.R_vat1_order_pos_2.C1,p32.R_vat1_order_pos_3.C1,p32.R_vat1_order_pos_4.C1,p32.R_vat1_order_pos_5.C1,p32.R_same_vat_order_pos_2_vat_1.C1,p32.R_same_vat_order_pos_2_vat_2.C1,p32.R_same_vat_order_pos_2_vat_3.C1,p32.R_same_vat_order_pos_3_vat_1.C1,p32.R_same_vat_order_pos_3_vat_2.C1,p32.R_same_vat_order_pos_3_vat_3.C1,p32.R_same_vat_order_pos_4_vat_1.C1,p32.R_same_vat_order_pos_4_vat_2.C1,p32.R_same_vat_order_pos_4_vat_3.C1,p32.R_same_vat_order_pos_5_vat_1.C1,p32.R_same_vat_order_pos_5_vat_2.C1,p32.R_same_vat_order_pos_5_vat_3.C1,p32.obj.C2","p32.R_vat1_order_pos_2.C1,p32.R_vat1_order_pos_3.C1,p32.R_vat1_order_pos_4.C1,p32.R_vat1_order_pos_5.C1,p32.R_same_vat_order_pos_2_vat_1.C1,p32.R_same_vat_order_pos_2_vat_2.C1,p32.R_same_vat_order_pos_2_vat_3.C1,p32.R_same_vat_order_pos_3_vat_1.C1,p32.R_same_vat_order_pos_3_vat_2.C1,p32.R_same_vat_order_pos_3_vat_3.C1,p32.R_same_vat_order_pos_4_vat_1.C1,p32.R_same_vat_order_pos_4_vat_2.C1,p32.R_same_vat_order_pos_4_vat_3.C1,p32.R_same_vat_order_pos_5_vat_1.C1,p32.R_same_vat_order_pos_5_vat_2.C1,p32.R_same_vat_order_pos_5_vat_3.C1",,,,27cd7990e927cb79b581988e002dd2887370b203ad095ad060abc2fef68811f7,126.777,3214,1972,False,,,none,,66,65,65,66,131,16,0,16,,
p32__llama3.3_70b__s7,llama3.3:70b,32,32,7,loud_bug,loud_bug,loud_bug,clean_fenced,True,True,False,True,"p32.R_route_precedence_pos_1_vat_2.C1,p32.R_route_precedence_pos_1_vat_3.C1,p32.R_route_precedence_pos_2_vat_2.C1,p32.R_route_precedence_pos_2_vat_3.C1,p32.R_route_precedence_pos_3_vat_2.C1,p32.R_route_precedence_pos_3_vat_3.C1,p32.R_route_precedence_pos_4_vat_2.C1,p32.R_route_precedence_pos_4_vat_3.C1,p32.R_route_precedence_pos_5_vat_2.C1,p32.obj.C2","p32.R_route_precedence_pos_1_vat_2.C1,p32.R_route_precedence_pos_1_vat_3.C1,p32.R_route_precedence_pos_2_vat_2.C1,p32.R_route_precedence_pos_2_vat_3.C1,p32.R_route_precedence_pos_3_vat_2.C1,p32.R_route_precedence_pos_3_vat_3.C1,p32.R_route_precedence_pos_4_vat_2.C1,p32.R_route_precedence_pos_4_vat_3.C1,p32.R_route_precedence_pos_5_vat_2.C1",,,,27cd7990e927cb79b581988e002dd2887370b203ad095ad060abc2fef68811f7,131.075,3214,2038,False,,,none,,66,65,65,66,131,9,0,9,,
p32__llama3.3_70b__s8,llama3.3:70b,32,32,8,loud_bug,loud_bug,loud_bug,clean_fenced,True,True,False,True,"p32.R_route_precedence_pos_1_vat_2.C1,p32.R_route_precedence_pos_1_vat_3.C1,p32.R_route_precedence_pos_2_vat_2.C1,p32.R_route_precedence_pos_2_vat_3.C1,p32.R_route_precedence_pos_3_vat_2.C1,p32.R_route_precedence_pos_3_vat_3.C1,p32.R_route_precedence_pos_4_vat_2.C1,p32.R_route_precedence_pos_5_vat_2.C1,p32.R_route_precedence_pos_5_vat_3.C1,p32.obj.C2","p32.R_route_precedence_pos_1_vat_2.C1,p32.R_route_precedence_pos_1_vat_3.C1,p32.R_route_precedence_pos_2_vat_2.C1,p32.R_route_precedence_pos_2_vat_3.C1,p32.R_route_precedence_pos_3_vat_2.C1,p32.R_route_precedence_pos_3_vat_3.C1,p32.R_route_precedence_pos_4_vat_2.C1,p32.R_route_precedence_pos_5_vat_2.C1,p32.R_route_precedence_pos_5_vat_3.C1",,,,27cd7990e927cb79b581988e002dd2887370b203ad095ad060abc2fef68811f7,129.339,3214,2011,False,,,none,,66,65,65,66,131,9,0,9,,
p32__llama3.3_70b__s9,llama3.3:70b,32,32,9,loud_bug,loud_bug,loud_bug,clean_fenced,True,True,False,True,"p32.R_route_precedence_pos_1_vat_2.C1,p32.R_route_precedence_pos_1_vat_3.C1,p32.R_route_precedence_pos_2_vat_2.C1,p32.R_route_precedence_pos_2_vat_3.C1,p32.R_route_precedence_pos_3_vat_2.C1,p32.R_route_precedence_pos_3_vat_3.C1,p32.R_route_precedence_pos_4_vat_2.C1,p32.R_route_precedence_pos_4_vat_3.C1,p32.R_route_precedence_pos_5_vat_2.C1,p32.obj.C2","p32.R_route_precedence_pos_1_vat_2.C1,p32.R_route_precedence_pos_1_vat_3.C1,p32.R_route_precedence_pos_2_vat_2.C1,p32.R_route_precedence_pos_2_vat_3.C1,p32.R_route_precedence_pos_3_vat_2.C1,p32.R_route_precedence_pos_3_vat_3.C1,p32.R_route_precedence_pos_4_vat_2.C1,p32.R_route_precedence_pos_4_vat_3.C1,p32.R_route_precedence_pos_5_vat_2.C1",,,,27cd7990e927cb79b581988e002dd2887370b203ad095ad060abc2fef68811f7,130.897,3214,2035,False,,,none,,66,65,65,66,131,9,0,9,,
p33__llama3.3_70b__s0,llama3.3:70b,33,33,0,code_failure,code_failure,code_failure,clean_fenced,False,False,False,False,,,,,,ea393c4deb4322533c78397f420a9381f7e5a1d12798be65059308d715c806f6,63.415,1614,941,False,,,none,,,,,,,0,0,0,runtime_error,"Traceback (most recent call last):
  File ""/project/eick/maamr/sirl_exp1/results/llama33_70b_10samples_ctx8192/execution_workdirs/p33__llama3.3_70b__s0/execute_generated.py"", line 48, in <module>
    result = module.solve(data)
  File ""/project/eick/maamr/sirl_exp1/results/llama33_70b_10samples_ctx8192/execution_workdirs/p33__llama3.3_70b__s0/generated_model.py"", line 56, in solve
    ""x_annual_y1"": model.getVarByName(""x_annual_y1"").X,
AttributeError: 'NoneType' object has no attribute 'X'"
p33__llama3.3_70b__s1,llama3.3:70b,33,33,1,code_failure,code_failure,code_failure,clean_fenced,False,False,False,False,,,,,,ea393c4deb4322533c78397f420a9381f7e5a1d12798be65059308d715c806f6,60.546,1614,951,False,,,none,,,,,,,0,0,0,runtime_error,"Traceback (most recent call last):
  File ""/project/eick/maamr/sirl_exp1/results/llama33_70b_10samples_ctx8192/execution_workdirs/p33__llama3.3_70b__s1/execute_generated.py"", line 48, in <module>
    result = module.solve(data)
  File ""/project/eick/maamr/sirl_exp1/results/llama33_70b_10samples_ctx8192/execution_workdirs/p33__llama3.3_70b__s1/generated_model.py"", line 56, in solve
    ""x_annual_y1"": model.getVarByName(""x_annual_y1"").X,
AttributeError: 'NoneType' object has no attribute 'X'"
p33__llama3.3_70b__s2,llama3.3:70b,33,33,2,code_failure,code_failure,code_failure,clean_fenced,False,False,False,False,,,,,,ea393c4deb4322533c78397f420a9381f7e5a1d12798be65059308d715c806f6,60.518,1614,951,False,,,none,,,,,,,0,0,0,runtime_error,"Traceback (most recent call last):
  File ""/project/eick/maamr/sirl_exp1/results/llama33_70b_10samples_ctx8192/execution_workdirs/p33__llama3.3_70b__s2/execute_generated.py"", line 48, in <module>
    result = module.solve(data)
  File ""/project/eick/maamr/sirl_exp1/results/llama33_70b_10samples_ctx8192/execution_workdirs/p33__llama3.3_70b__s2/generated_model.py"", line 56, in solve
    ""x_annual_y1"": model.getVarByName(""x_annual_y1"").X,
AttributeError: 'NoneType' object has no attribute 'X'"
p33__llama3.3_70b__s3,llama3.3:70b,33,33,3,loud_bug,loud_bug,loud_bug,clean_fenced,True,True,False,True,p33.obj.C2,,,,,ea393c4deb4322533c78397f420a9381f7e5a1d12798be65059308d715c806f6,58.623,1614,921,False,,,none,,9,8,8,9,17,0,0,0,,
p33__llama3.3_70b__s4,llama3.3:70b,33,33,4,code_failure,code_failure,code_failure,clean_fenced,False,False,False,False,,,,,,ea393c4deb4322533c78397f420a9381f7e5a1d12798be65059308d715c806f6,60.534,1614,951,False,,,none,,,,,,,0,0,0,runtime_error,"Traceback (most recent call last):
  File ""/project/eick/maamr/sirl_exp1/results/llama33_70b_10samples_ctx8192/execution_workdirs/p33__llama3.3_70b__s4/execute_generated.py"", line 48, in <module>
    result = module.solve(data)
  File ""/project/eick/maamr/sirl_exp1/results/llama33_70b_10samples_ctx8192/execution_workdirs/p33__llama3.3_70b__s4/generated_model.py"", line 56, in solve
    ""x_annual_y1"": model.getVarByName(""x_annual_y1"").X,
AttributeError: 'NoneType' object has no attribute 'X'"
p33__llama3.3_70b__s5,llama3.3:70b,33,33,5,code_failure,code_failure,code_failure,clean_fenced,False,False,False,False,,,,,,ea393c4deb4322533c78397f420a9381f7e5a1d12798be65059308d715c806f6,60.552,1614,951,False,,,none,,,,,,,0,0,0,runtime_error,"Traceback (most recent call last):
  File ""/project/eick/maamr/sirl_exp1/results/llama33_70b_10samples_ctx8192/execution_workdirs/p33__llama3.3_70b__s5/execute_generated.py"", line 48, in <module>
    result = module.solve(data)
  File ""/project/eick/maamr/sirl_exp1/results/llama33_70b_10samples_ctx8192/execution_workdirs/p33__llama3.3_70b__s5/generated_model.py"", line 56, in solve
    ""x_annual_y1"": model.getVarByName(""x_annual_y1"").X,
AttributeError: 'NoneType' object has no attribute 'X'"
p33__llama3.3_70b__s6,llama3.3:70b,33,33,6,loud_bug,loud_bug,loud_bug,clean_fenced,True,True,False,True,"p33.R_year3_budget.C1,p33.R_final_balance.C1,p33.obj.C2","p33.R_year3_budget.C1,p33.R_final_balance.C1",,,,ea393c4deb4322533c78397f420a9381f7e5a1d12798be65059308d715c806f6,59.078,1614,928,False,,,none,,9,8,8,9,17,2,0,2,,
p33__llama3.3_70b__s7,llama3.3:70b,33,33,7,code_failure,code_failure,code_failure,clean_fenced,False,False,False,False,,,,,,ea393c4deb4322533c78397f420a9381f7e5a1d12798be65059308d715c806f6,60.526,1614,951,False,,,none,,,,,,,0,0,0,runtime_error,"Traceback (most recent call last):
  File ""/project/eick/maamr/sirl_exp1/results/llama33_70b_10samples_ctx8192/execution_workdirs/p33__llama3.3_70b__s7/execute_generated.py"", line 48, in <module>
    result = module.solve(data)
  File ""/project/eick/maamr/sirl_exp1/results/llama33_70b_10samples_ctx8192/execution_workdirs/p33__llama3.3_70b__s7/generated_model.py"", line 56, in solve
    ""x_annual_y1"": model.getVarByName(""x_annual_y1"").X,
AttributeError: 'NoneType' object has no attribute 'X'"
p33__llama3.3_70b__s8,llama3.3:70b,33,33,8,code_failure,code_failure,code_failure,clean_fenced,False,False,False,False,,,,,,ea393c4deb4322533c78397f420a9381f7e5a1d12798be65059308d715c806f6,60.523,1614,951,False,,,none,,,,,,,0,0,0,runtime_error,"Traceback (most recent call last):
  File ""/project/eick/maamr/sirl_exp1/results/llama33_70b_10samples_ctx8192/execution_workdirs/p33__llama3.3_70b__s8/execute_generated.py"", line 48, in <module>
    result = module.solve(data)
  File ""/project/eick/maamr/sirl_exp1/results/llama33_70b_10samples_ctx8192/execution_workdirs/p33__llama3.3_70b__s8/generated_model.py"", line 56, in solve
    ""x_annual_y1"": model.getVarByName(""x_annual_y1"").X,
AttributeError: 'NoneType' object has no attribute 'X'"
p33__llama3.3_70b__s9,llama3.3:70b,33,33,9,code_failure,code_failure,code_failure,clean_fenced,False,False,False,False,,,,,,ea393c4deb4322533c78397f420a9381f7e5a1d12798be65059308d715c806f6,60.515,1614,951,False,,,none,,,,,,,0,0,0,runtime_error,"Traceback (most recent call last):
  File ""/project/eick/maamr/sirl_exp1/results/llama33_70b_10samples_ctx8192/execution_workdirs/p33__llama3.3_70b__s9/execute_generated.py"", line 48, in <module>
    result = module.solve(data)
  File ""/project/eick/maamr/sirl_exp1/results/llama33_70b_10samples_ctx8192/execution_workdirs/p33__llama3.3_70b__s9/generated_model.py"", line 56, in solve
    ""x_annual_y1"": model.getVarByName(""x_annual_y1"").X,
AttributeError: 'NoneType' object has no attribute 'X'"
p34__llama3.3_70b__s0,llama3.3:70b,34,34,0,correct,correct,correct,clean_fenced,True,True,True,True,,,,,,b6609641d8d903b4caf2b18925bdb5919e180535f141cae0386381b7d2cddb54,29.755,1131,423,False,,,none,,6,5,5,6,11,0,0,0,,
p34__llama3.3_70b__s1,llama3.3:70b,34,34,1,correct,correct,correct,clean_fenced,True,True,True,True,,,,,,b6609641d8d903b4caf2b18925bdb5919e180535f141cae0386381b7d2cddb54,27.083,1131,423,False,,,none,,6,5,5,6,11,0,0,0,,
p34__llama3.3_70b__s2,llama3.3:70b,34,34,2,correct,correct,correct,clean_fenced,True,True,True,True,,,,,,b6609641d8d903b4caf2b18925bdb5919e180535f141cae0386381b7d2cddb54,26.735,1131,418,False,,,none,,6,5,5,6,11,0,0,0,,
p34__llama3.3_70b__s3,llama3.3:70b,34,34,3,correct,correct,correct,clean_fenced,True,True,True,True,,,,,,b6609641d8d903b4caf2b18925bdb5919e180535f141cae0386381b7d2cddb54,26.753,1131,418,False,,,none,,6,5,5,6,11,0,0,0,,
p34__llama3.3_70b__s4,llama3.3:70b,34,34,4,correct,correct,correct,clean_fenced,True,True,True,True,,,,,,b6609641d8d903b4caf2b18925bdb5919e180535f141cae0386381b7d2cddb54,27.056,1131,423,False,,,none,,6,5,5,6,11,0,0,0,,
p34__llama3.3_70b__s5,llama3.3:70b,34,34,5,correct,correct,correct,clean_fenced,True,True,True,True,,,,,,b6609641d8d903b4caf2b18925bdb5919e180535f141cae0386381b7d2cddb54,27.049,1131,423,False,,,none,,6,5,5,6,11,0,0,0,,
p34__llama3.3_70b__s6,llama3.3:70b,34,34,6,correct,correct,correct,clean_fenced,True,True,True,True,,,,,,b6609641d8d903b4caf2b18925bdb5919e180535f141cae0386381b7d2cddb54,26.751,1131,418,False,,,none,,6,5,5,6,11,0,0,0,,
p34__llama3.3_70b__s7,llama3.3:70b,34,34,7,correct,correct,correct,clean_fenced,True,True,True,True,,,,,,b6609641d8d903b4caf2b18925bdb5919e180535f141cae0386381b7d2cddb54,26.749,1131,418,False,,,none,,6,5,5,6,11,0,0,0,,
p34__llama3.3_70b__s8,llama3.3:70b,34,34,8,correct,correct,correct,clean_fenced,True,True,True,True,,,,,,b6609641d8d903b4caf2b18925bdb5919e180535f141cae0386381b7d2cddb54,26.755,1131,418,False,,,none,,6,5,5,6,11,0,0,0,,
p34__llama3.3_70b__s9,llama3.3:70b,34,34,9,correct,correct,correct,clean_fenced,True,True,True,True,,,,,,b6609641d8d903b4caf2b18925bdb5919e180535f141cae0386381b7d2cddb54,27.586,1131,431,False,,,none,,6,5,5,6,11,0,0,0,,
p35__llama3.3_70b__s0,llama3.3:70b,35,35,0,code_failure,code_failure,code_failure,clean_fenced,False,False,False,False,,,,,,3c61bd4942e6e32ccee80bee1c35a64d1e4f7b75856a34e7edf9a01c15646a8d,74.693,1732,1123,False,,,none,,,,,,,0,0,0,runtime_error,"Traceback (most recent call last):
  File ""/project/eick/maamr/sirl_exp1/results/llama33_70b_10samples_ctx8192/execution_workdirs/p35__llama3.3_70b__s0/execute_generated.py"", line 48, in <module>
    result = module.solve(data)
  File ""/project/eick/maamr/sirl_exp1/results/llama33_70b_10samples_ctx8192/execution_workdirs/p35__llama3.3_70b__s0/generated_model.py"", line 49, in solve
    model, variables = build_model(data)
  File ""/project/eick/maamr/sirl_exp1/results/llama33_70b_10samples_ctx8192/execution_workdirs/p35__llama3.3_70b__s0/generated_model.py"", line 26, in build_model
    model.addConstr(variables[""x_1_1""] + variables[""x_2_1""], gp.GRB.LESS_OR_EQUAL, data[""station_capacity""][""1""])
AttributeError: type object 'GRB' has no attribute 'LESS_OR_EQUAL'. Did you mean: 'LESS_EQUAL'?"
p35__llama3.3_70b__s1,llama3.3:70b,35,35,1,code_failure,code_failure,code_failure,clean_fenced,False,False,False,False,,,,,,3c61bd4942e6e32ccee80bee1c35a64d1e4f7b75856a34e7edf9a01c15646a8d,71.546,1732,1123,False,,,none,,,,,,,0,0,0,runtime_error,"Traceback (most recent call last):
  File ""/project/eick/maamr/sirl_exp1/results/llama33_70b_10samples_ctx8192/execution_workdirs/p35__llama3.3_70b__s1/execute_generated.py"", line 48, in <module>
    result = module.solve(data)
  File ""/project/eick/maamr/sirl_exp1/results/llama33_70b_10samples_ctx8192/execution_workdirs/p35__llama3.3_70b__s1/generated_model.py"", line 49, in solve
    model, variables = build_model(data)
  File ""/project/eick/maamr/sirl_exp1/results/llama33_70b_10samples_ctx8192/execution_workdirs/p35__llama3.3_70b__s1/generated_model.py"", line 26, in build_model
    model.addConstr(variables[""x_1_1""] + variables[""x_2_1""], gp.GRB.LESS_OR_EQUAL, data[""station_capacity""][""1""])
AttributeError: type object 'GRB' has no attribute 'LESS_OR_EQUAL'. Did you mean: 'LESS_EQUAL'?"
p35__llama3.3_70b__s2,llama3.3:70b,35,35,2,code_failure,code_failure,code_failure,clean_fenced,False,False,False,False,,,,,,3c61bd4942e6e32ccee80bee1c35a64d1e4f7b75856a34e7edf9a01c15646a8d,71.533,1732,1123,False,,,none,,,,,,,0,0,0,runtime_error,"Traceback (most recent call last):
  File ""/project/eick/maamr/sirl_exp1/results/llama33_70b_10samples_ctx8192/execution_workdirs/p35__llama3.3_70b__s2/execute_generated.py"", line 48, in <module>
    result = module.solve(data)
  File ""/project/eick/maamr/sirl_exp1/results/llama33_70b_10samples_ctx8192/execution_workdirs/p35__llama3.3_70b__s2/generated_model.py"", line 49, in solve
    model, variables = build_model(data)
  File ""/project/eick/maamr/sirl_exp1/results/llama33_70b_10samples_ctx8192/execution_workdirs/p35__llama3.3_70b__s2/generated_model.py"", line 26, in build_model
    model.addConstr(variables[""x_1_1""] + variables[""x_2_1""], gp.GRB.LESS_OR_EQUAL, data[""station_capacity""][""1""])
AttributeError: type object 'GRB' has no attribute 'LESS_OR_EQUAL'. Did you mean: 'LESS_EQUAL'?"
p35__llama3.3_70b__s3,llama3.3:70b,35,35,3,code_failure,code_failure,code_failure,clean_fenced,False,False,False,False,,,,,,3c61bd4942e6e32ccee80bee1c35a64d1e4f7b75856a34e7edf9a01c15646a8d,71.522,1732,1123,False,,,none,,,,,,,0,0,0,runtime_error,"Traceback (most recent call last):
  File ""/project/eick/maamr/sirl_exp1/results/llama33_70b_10samples_ctx8192/execution_workdirs/p35__llama3.3_70b__s3/execute_generated.py"", line 48, in <module>
    result = module.solve(data)
  File ""/project/eick/maamr/sirl_exp1/results/llama33_70b_10samples_ctx8192/execution_workdirs/p35__llama3.3_70b__s3/generated_model.py"", line 49, in solve
    model, variables = build_model(data)
  File ""/project/eick/maamr/sirl_exp1/results/llama33_70b_10samples_ctx8192/execution_workdirs/p35__llama3.3_70b__s3/generated_model.py"", line 26, in build_model
    model.addConstr(variables[""x_1_1""] + variables[""x_2_1""], gp.GRB.LESS_OR_EQUAL, data[""station_capacity""][""1""])
AttributeError: type object 'GRB' has no attribute 'LESS_OR_EQUAL'. Did you mean: 'LESS_EQUAL'?"
p35__llama3.3_70b__s4,llama3.3:70b,35,35,4,code_failure,code_failure,code_failure,clean_fenced,False,False,False,False,,,,,,3c61bd4942e6e32ccee80bee1c35a64d1e4f7b75856a34e7edf9a01c15646a8d,71.517,1732,1123,False,,,none,,,,,,,0,0,0,runtime_error,"Traceback (most recent call last):
  File ""/project/eick/maamr/sirl_exp1/results/llama33_70b_10samples_ctx8192/execution_workdirs/p35__llama3.3_70b__s4/execute_generated.py"", line 48, in <module>
    result = module.solve(data)
  File ""/project/eick/maamr/sirl_exp1/results/llama33_70b_10samples_ctx8192/execution_workdirs/p35__llama3.3_70b__s4/generated_model.py"", line 49, in solve
    model, variables = build_model(data)
  File ""/project/eick/maamr/sirl_exp1/results/llama33_70b_10samples_ctx8192/execution_workdirs/p35__llama3.3_70b__s4/generated_model.py"", line 26, in build_model
    model.addConstr(variables[""x_1_1""] + variables[""x_2_1""], gp.GRB.LESS_OR_EQUAL, data[""station_capacity""][""1""])
AttributeError: type object 'GRB' has no attribute 'LESS_OR_EQUAL'. Did you mean: 'LESS_EQUAL'?"
p35__llama3.3_70b__s5,llama3.3:70b,35,35,5,code_failure,code_failure,code_failure,clean_fenced,False,False,False,False,,,,,,3c61bd4942e6e32ccee80bee1c35a64d1e4f7b75856a34e7edf9a01c15646a8d,71.543,1732,1123,False,,,none,,,,,,,0,0,0,runtime_error,"Traceback (most recent call last):
  File ""/project/eick/maamr/sirl_exp1/results/llama33_70b_10samples_ctx8192/execution_workdirs/p35__llama3.3_70b__s5/execute_generated.py"", line 48, in <module>
    result = module.solve(data)
  File ""/project/eick/maamr/sirl_exp1/results/llama33_70b_10samples_ctx8192/execution_workdirs/p35__llama3.3_70b__s5/generated_model.py"", line 49, in solve
    model, variables = build_model(data)
  File ""/project/eick/maamr/sirl_exp1/results/llama33_70b_10samples_ctx8192/execution_workdirs/p35__llama3.3_70b__s5/generated_model.py"", line 26, in build_model
    model.addConstr(variables[""x_1_1""] + variables[""x_2_1""], gp.GRB.LESS_OR_EQUAL, data[""station_capacity""][""1""])
AttributeError: type object 'GRB' has no attribute 'LESS_OR_EQUAL'. Did you mean: 'LESS_EQUAL'?"
p35__llama3.3_70b__s6,llama3.3:70b,35,35,6,code_failure,code_failure,code_failure,clean_fenced,False,False,False,False,,,,,,3c61bd4942e6e32ccee80bee1c35a64d1e4f7b75856a34e7edf9a01c15646a8d,79.224,1732,1244,False,,,none,,,,,,,0,0,0,runtime_error,"Traceback (most recent call last):
  File ""/project/eick/maamr/sirl_exp1/results/llama33_70b_10samples_ctx8192/execution_workdirs/p35__llama3.3_70b__s6/execute_generated.py"", line 48, in <module>
    result = module.solve(data)
  File ""/project/eick/maamr/sirl_exp1/results/llama33_70b_10samples_ctx8192/execution_workdirs/p35__llama3.3_70b__s6/generated_model.py"", line 52, in solve
    model, variables = build_model(data)
  File ""/project/eick/maamr/sirl_exp1/results/llama33_70b_10samples_ctx8192/execution_workdirs/p35__llama3.3_70b__s6/generated_model.py"", line 26, in build_model
    model.addConstr(variables[""x_1_1""] + variables[""x_2_1""], gp.GRB.LESS_OR_EQUAL, data[""station_capacity""][""1""])
AttributeError: type object 'GRB' has no attribute 'LESS_OR_EQUAL'. Did you mean: 'LESS_EQUAL'?"
p35__llama3.3_70b__s7,llama3.3:70b,35,35,7,code_failure,code_failure,code_failure,clean_fenced,False,False,False,False,,,,,,3c61bd4942e6e32ccee80bee1c35a64d1e4f7b75856a34e7edf9a01c15646a8d,71.526,1732,1123,False,,,none,,,,,,,0,0,0,runtime_error,"Traceback (most recent call last):
  File ""/project/eick/maamr/sirl_exp1/results/llama33_70b_10samples_ctx8192/execution_workdirs/p35__llama3.3_70b__s7/execute_generated.py"", line 48, in <module>
    result = module.solve(data)
  File ""/project/eick/maamr/sirl_exp1/results/llama33_70b_10samples_ctx8192/execution_workdirs/p35__llama3.3_70b__s7/generated_model.py"", line 49, in solve
    model, variables = build_model(data)
  File ""/project/eick/maamr/sirl_exp1/results/llama33_70b_10samples_ctx8192/execution_workdirs/p35__llama3.3_70b__s7/generated_model.py"", line 26, in build_model
    model.addConstr(variables[""x_1_1""] + variables[""x_2_1""], gp.GRB.LESS_OR_EQUAL, data[""station_capacity""][""1""])
AttributeError: type object 'GRB' has no attribute 'LESS_OR_EQUAL'. Did you mean: 'LESS_EQUAL'?"
p35__llama3.3_70b__s8,llama3.3:70b,35,35,8,code_failure,code_failure,code_failure,clean_fenced,False,False,False,False,,,,,,3c61bd4942e6e32ccee80bee1c35a64d1e4f7b75856a34e7edf9a01c15646a8d,71.544,1732,1123,False,,,none,,,,,,,0,0,0,runtime_error,"Traceback (most recent call last):
  File ""/project/eick/maamr/sirl_exp1/results/llama33_70b_10samples_ctx8192/execution_workdirs/p35__llama3.3_70b__s8/execute_generated.py"", line 48, in <module>
    result = module.solve(data)
  File ""/project/eick/maamr/sirl_exp1/results/llama33_70b_10samples_ctx8192/execution_workdirs/p35__llama3.3_70b__s8/generated_model.py"", line 49, in solve
    model, variables = build_model(data)
  File ""/project/eick/maamr/sirl_exp1/results/llama33_70b_10samples_ctx8192/execution_workdirs/p35__llama3.3_70b__s8/generated_model.py"", line 26, in build_model
    model.addConstr(variables[""x_1_1""] + variables[""x_2_1""], gp.GRB.LESS_OR_EQUAL, data[""station_capacity""][""1""])
AttributeError: type object 'GRB' has no attribute 'LESS_OR_EQUAL'. Did you mean: 'LESS_EQUAL'?"
p35__llama3.3_70b__s9,llama3.3:70b,35,35,9,code_failure,code_failure,code_failure,clean_fenced,False,False,False,False,,,,,,3c61bd4942e6e32ccee80bee1c35a64d1e4f7b75856a34e7edf9a01c15646a8d,71.548,1732,1123,False,,,none,,,,,,,0,0,0,runtime_error,"Traceback (most recent call last):
  File ""/project/eick/maamr/sirl_exp1/results/llama33_70b_10samples_ctx8192/execution_workdirs/p35__llama3.3_70b__s9/execute_generated.py"", line 48, in <module>
    result = module.solve(data)
  File ""/project/eick/maamr/sirl_exp1/results/llama33_70b_10samples_ctx8192/execution_workdirs/p35__llama3.3_70b__s9/generated_model.py"", line 49, in solve
    model, variables = build_model(data)
  File ""/project/eick/maamr/sirl_exp1/results/llama33_70b_10samples_ctx8192/execution_workdirs/p35__llama3.3_70b__s9/generated_model.py"", line 26, in build_model
    model.addConstr(variables[""x_1_1""] + variables[""x_2_1""], gp.GRB.LESS_OR_EQUAL, data[""station_capacity""][""1""])
AttributeError: type object 'GRB' has no attribute 'LESS_OR_EQUAL'. Did you mean: 'LESS_EQUAL'?"
p36__llama3.3_70b__s0,llama3.3:70b,36,36,0,silent_bug,silent_bug,silent_bug,clean_fenced,True,True,True,True,,,"R_link_lower_len_2,R_link_lower_len_3",,,1741849203fbf3e6069f8706cfcba89240297e96c2b5094448785840a75bbe51,54.849,2020,802,False,linking_or_logic_error,"fviol:R_link_lower_len_2,R_link_lower_len_3",formulation_only,linking_or_logic_error,23,22,22,23,45,0,2,2,,
p36__llama3.3_70b__s1,llama3.3:70b,36,36,1,loud_bug,loud_bug,loud_bug,clean_fenced,True,True,False,True,"p36.R_link_lower_len_2.C1,p36.R_link_lower_len_3.C1,p36.obj.C2","p36.R_link_lower_len_2.C1,p36.R_link_lower_len_3.C1",,,,1741849203fbf3e6069f8706cfcba89240297e96c2b5094448785840a75bbe51,48.172,2020,752,False,,,none,,23,22,22,23,45,2,0,2,,
p36__llama3.3_70b__s2,llama3.3:70b,36,36,2,silent_bug,silent_bug,silent_bug,clean_fenced,True,True,True,True,,,"R_link_lower_len_2,R_link_lower_len_3",,,1741849203fbf3e6069f8706cfcba89240297e96c2b5094448785840a75bbe51,52.041,2020,813,False,linking_or_logic_error,"fviol:R_link_lower_len_2,R_link_lower_len_3",formulation_only,linking_or_logic_error,23,22,22,23,45,0,2,2,,
p36__llama3.3_70b__s3,llama3.3:70b,36,36,3,schema_failure,schema_failure,schema_failure,clean_fenced,True,False,False,True,,,,,,1741849203fbf3e6069f8706cfcba89240297e96c2b5094448785840a75bbe51,81.795,2020,1282,False,,,none,,,,,,,0,0,0,schema_failure,missing solution key: x_1_1; missing solution key: x_1_2; missing solution key: x_1_3; missing solution key: x_1_4; missing solution key: x_2_1; missing solution key: x_2_2; missing solution key: x_2_3; missing solution key: x_3_1; missing solution key: x_3_2; missing solution key: x_4_1; missing solution key: y_1; missing solution key: y_2; missing solution key: y_3; missing solution key: y_4
p36__llama3.3_70b__s4,llama3.3:70b,36,36,4,code_failure,code_failure,code_failure,clean_fenced,False,False,False,False,,,,,,1741849203fbf3e6069f8706cfcba89240297e96c2b5094448785840a75bbe51,47.704,2020,745,False,,,none,,,,,,,0,0,0,runtime_error,"Traceback (most recent call last):
  File ""/project/eick/maamr/sirl_exp1/results/llama33_70b_10samples_ctx8192/execution_workdirs/p36__llama3.3_70b__s4/execute_generated.py"", line 48, in <module>
    result = module.solve(data)
  File ""/project/eick/maamr/sirl_exp1/results/llama33_70b_10samples_ctx8192/execution_workdirs/p36__llama3.3_70b__s4/generated_model.py"", line 49, in solve
    model, variables = build_model(data)
  File ""/project/eick/maamr/sirl_exp1/results/llama33_70b_10samples_ctx8192/execution_workdirs/p36__llama3.3_70b__s4/generated_model.py"", line 23, in build_model
    demand_constraint = gp.quicksum(variables[f'x_{start_month}_{length}'] for start_month in data['months'] for length in [l for l in data['contract_lengths'] if (start_month + l - 1) >= month and start_month <= month])
  File ""src/gurobipy/gurobi.pxi"", line 3842, in gurobipy.quicksum
  File ""/project/eick/maamr/sirl_exp1/results/llama33_70b_10samples_ctx8192/execution_workdirs/p36__llama3.3_70b__s4/generated_model.py"", line 23, in <genexpr>
    demand_constraint = gp.quicksum(variables[f'x_{start_month}_{length}'] for start_month in data['months'] for length in [l for l in data['contract_lengths'] if (start_month + l - 1) >= month and start_month <= month])
KeyError: 'x_2_4'"
p36__llama3.3_70b__s5,llama3.3:70b,36,36,5,silent_bug,silent_bug,silent_bug,clean_fenced,True,True,True,True,,,"R_link_lower_len_2,R_link_lower_len_3",,,1741849203fbf3e6069f8706cfcba89240297e96c2b5094448785840a75bbe51,51.265,2020,801,False,linking_or_logic_error,"fviol:R_link_lower_len_2,R_link_lower_len_3",formulation_only,linking_or_logic_error,23,22,22,23,45,0,2,2,,
p36__llama3.3_70b__s6,llama3.3:70b,36,36,6,silent_bug,silent_bug,silent_bug,clean_fenced,True,True,True,True,,,"R_link_lower_len_2,R_link_lower_len_3",,,1741849203fbf3e6069f8706cfcba89240297e96c2b5094448785840a75bbe51,50.42,2020,788,False,linking_or_logic_error,"fviol:R_link_lower_len_2,R_link_lower_len_3",formulation_only,linking_or_logic_error,23,22,22,23,45,0,2,2,,
p36__llama3.3_70b__s7,llama3.3:70b,36,36,7,silent_bug,silent_bug,silent_bug,clean_fenced,True,True,True,True,,,"R_link_lower_len_2,R_link_lower_len_3",,,1741849203fbf3e6069f8706cfcba89240297e96c2b5094448785840a75bbe51,51.514,2020,805,False,linking_or_logic_error,"fviol:R_link_lower_len_2,R_link_lower_len_3",formulation_only,linking_or_logic_error,23,22,22,23,45,0,2,2,,
p36__llama3.3_70b__s8,llama3.3:70b,36,36,8,silent_bug,silent_bug,silent_bug,clean_fenced,True,True,True,True,,,"R_link_lower_len_2,R_link_lower_len_3",,,1741849203fbf3e6069f8706cfcba89240297e96c2b5094448785840a75bbe51,52.777,2020,825,False,linking_or_logic_error,"fviol:R_link_lower_len_2,R_link_lower_len_3",formulation_only,linking_or_logic_error,23,22,22,23,45,0,2,2,,
p36__llama3.3_70b__s9,llama3.3:70b,36,36,9,silent_bug,silent_bug,silent_bug,clean_fenced,True,True,True,True,,,"R_link_lower_len_2,R_link_lower_len_3",,,1741849203fbf3e6069f8706cfcba89240297e96c2b5094448785840a75bbe51,51.024,2020,797,False,linking_or_logic_error,"fviol:R_link_lower_len_2,R_link_lower_len_3",formulation_only,linking_or_logic_error,23,22,22,23,45,0,2,2,,
p37__llama3.3_70b__s0,llama3.3:70b,37,37,0,loud_bug,loud_bug,loud_bug,clean_fenced,True,True,False,True,"p37.R_inventory_balance_1.C1,p37.R_inventory_balance_3.C1,p37.R_sell_available_1.C1,p37.R_cash_balance_1.C1,p37.R_cash_balance_2.C1,p37.R_cash_balance_3.C1,p37.R_profit_definition.C1,p37.obj.C2","p37.R_inventory_balance_1.C1,p37.R_inventory_balance_3.C1,p37.R_sell_available_1.C1,p37.R_cash_balance_1.C1,p37.R_cash_balance_2.C1,p37.R_cash_balance_3.C1,p37.R_profit_definition.C1",,,,7074a3c288e27997c8ca33783d68aac2ca27e5304017768b74f0b427349653bc,93.33,1487,1419,False,,,none,,16,15,15,16,31,7,0,7,,
p37__llama3.3_70b__s1,llama3.3:70b,37,37,1,loud_bug,loud_bug,loud_bug,clean_fenced,True,True,False,True,"p37.R_sell_available_1.C1,p37.R_cash_balance_1.C1,p37.R_cash_balance_2.C1,p37.R_cash_balance_3.C1,p37.R_profit_definition.C1,p37.obj.C2","p37.R_sell_available_1.C1,p37.R_cash_balance_1.C1,p37.R_cash_balance_2.C1,p37.R_cash_balance_3.C1,p37.R_profit_definition.C1",,,,7074a3c288e27997c8ca33783d68aac2ca27e5304017768b74f0b427349653bc,81.478,1487,1281,False,,,none,,16,15,15,16,31,5,0,5,,
p37__llama3.3_70b__s2,llama3.3:70b,37,37,2,code_failure,code_failure,code_failure,clean_fenced,False,False,False,False,,,,,,7074a3c288e27997c8ca33783d68aac2ca27e5304017768b74f0b427349653bc,85.193,1487,1340,False,,,none,,,,,,,0,0,0,syntax_error,"Traceback (most recent call last):
  File ""/project/eick/maamr/sirl_exp1/results/llama33_70b_10samples_ctx8192/execution_workdirs/p37__llama3.3_70b__s2/execute_generated.py"", line 11, in <module>
    spec.loader.exec_module(module)
  File ""<frozen importlib._bootstrap_external>"", line 879, in exec_module
  File ""<frozen importlib._bootstrap_external>"", line 1017, in get_code
  File ""<frozen importlib._bootstrap_external>"", line 947, in source_to_code
  File ""<frozen importlib._bootstrap>"", line 241, in _call_with_frames_removed
  File ""/project/eick/maamr/sirl_exp1/results/llama33_70b_10samples_ctx8192/execution_workdirs/p37__llama3.3_70b__s2/generated_model.py"", line 60
    profit_expr = sell_1 * data[""selling_price""][""1""] + sell_2 * data[""selling_price""][""2""] + sell_3 * data[""selling_price""][""3] - buy_1 * data[""purchase_price""][""1""] - buy_2 * data[""purchase_price""][""2""] - buy_3 * data[""purchase_price""][""3""]
                                                                                                                                                                                                                                                ^
SyntaxError: unterminated string literal (detected at line 60)"
p37__llama3.3_70b__s3,llama3.3:70b,37,37,3,code_failure,code_failure,code_failure,clean_fenced,False,False,False,False,,,,,,7074a3c288e27997c8ca33783d68aac2ca27e5304017768b74f0b427349653bc,80.496,1487,1266,False,,,none,,,,,,,0,0,0,runtime_error,"Traceback (most recent call last):
  File ""/project/eick/maamr/sirl_exp1/results/llama33_70b_10samples_ctx8192/execution_workdirs/p37__llama3.3_70b__s3/execute_generated.py"", line 48, in <module>
    result = module.solve(data)
  File ""/project/eick/maamr/sirl_exp1/results/llama33_70b_10samples_ctx8192/execution_workdirs/p37__llama3.3_70b__s3/generated_model.py"", line 79, in solve
    ""buy_1"": model.getVarByName(""buy_1"").X,
AttributeError: 'NoneType' object has no attribute 'X'"
p37__llama3.3_70b__s4,llama3.3:70b,37,37,4,code_failure,code_failure,code_failure,clean_fenced,False,False,False,False,,,,,,7074a3c288e27997c8ca33783d68aac2ca27e5304017768b74f0b427349653bc,80.662,1487,1267,False,,,none,,,,,,,0,0,0,runtime_error,"Traceback (most recent call last):
  File ""/project/eick/maamr/sirl_exp1/results/llama33_70b_10samples_ctx8192/execution_workdirs/p37__llama3.3_70b__s4/execute_generated.py"", line 48, in <module>
    result = module.solve(data)
  File ""/project/eick/maamr/sirl_exp1/results/llama33_70b_10samples_ctx8192/execution_workdirs/p37__llama3.3_70b__s4/generated_model.py"", line 75, in solve
    ""buy_1"": model.getVarByName('buy_1').X,
  File ""src/gurobipy/var.pxi"", line 125, in gurobipy.Var.__getattr__
  File ""src/gurobipy/var.pxi"", line 153, in gurobipy.Var.getAttr
  File ""src/gurobipy/attrutil.pxi"", line 103, in gurobipy._getattr
AttributeError: Unable to retrieve attribute 'X'. Did you mean: 'Xn'?"
p37__llama3.3_70b__s5,llama3.3:70b,37,37,5,code_failure,code_failure,code_failure,clean_fenced,False,False,False,False,,,,,,7074a3c288e27997c8ca33783d68aac2ca27e5304017768b74f0b427349653bc,80.591,1487,1267,False,,,none,,,,,,,0,0,0,runtime_error,"Traceback (most recent call last):
  File ""/project/eick/maamr/sirl_exp1/results/llama33_70b_10samples_ctx8192/execution_workdirs/p37__llama3.3_70b__s5/execute_generated.py"", line 48, in <module>
    result = module.solve(data)
  File ""/project/eick/maamr/sirl_exp1/results/llama33_70b_10samples_ctx8192/execution_workdirs/p37__llama3.3_70b__s5/generated_model.py"", line 75, in solve
    'buy_1': model.getVarByName('buy_1').X,
  File ""src/gurobipy/var.pxi"", line 125, in gurobipy.Var.__getattr__
  File ""src/gurobipy/var.pxi"", line 153, in gurobipy.Var.getAttr
  File ""src/gurobipy/attrutil.pxi"", line 103, in gurobipy._getattr
AttributeError: Unable to retrieve attribute 'X'. Did you mean: 'Xn'?"
p37__llama3.3_70b__s6,llama3.3:70b,37,37,6,code_failure,code_failure,code_failure,clean_fenced,False,False,False,False,,,,,,7074a3c288e27997c8ca33783d68aac2ca27e5304017768b74f0b427349653bc,76.258,1487,1199,False,,,none,,,,,,,0,0,0,syntax_error,"Traceback (most recent call last):
  File ""/project/eick/maamr/sirl_exp1/results/llama33_70b_10samples_ctx8192/execution_workdirs/p37__llama3.3_70b__s6/execute_generated.py"", line 11, in <module>
    spec.loader.exec_module(module)
  File ""<frozen importlib._bootstrap_external>"", line 879, in exec_module
  File ""<frozen importlib._bootstrap_external>"", line 1017, in get_code
  File ""<frozen importlib._bootstrap_external>"", line 947, in source_to_code
  File ""<frozen importlib._bootstrap>"", line 241, in _call_with_frames_removed
  File ""/project/eick/maamr/sirl_exp1/results/llama33_70b_10samples_ctx8192/execution_workdirs/p37__llama3.3_70b__s6/generated_model.py"", line 58
    sell_3 * data[""selling_price""][""3] -
                                   ^
SyntaxError: unterminated string literal (detected at line 58)"
p37__llama3.3_70b__s7,llama3.3:70b,37,37,7,code_failure,code_failure,code_failure,clean_fenced,False,False,False,False,,,,,,7074a3c288e27997c8ca33783d68aac2ca27e5304017768b74f0b427349653bc,83.014,1487,1305,False,,,none,,,,,,,0,0,0,syntax_error,"Traceback (most recent call last):
  File ""/project/eick/maamr/sirl_exp1/results/llama33_70b_10samples_ctx8192/execution_workdirs/p37__llama3.3_70b__s7/execute_generated.py"", line 11, in <module>
    spec.loader.exec_module(module)
  File ""<frozen importlib._bootstrap_external>"", line 879, in exec_module
  File ""<frozen importlib._bootstrap_external>"", line 1017, in get_code
  File ""<frozen importlib._bootstrap_external>"", line 947, in source_to_code
  File ""<frozen importlib._bootstrap>"", line 241, in _call_with_frames_removed
  File ""/project/eick/maamr/sirl_exp1/results/llama33_70b_10samples_ctx8192/execution_workdirs/p37__llama3.3_70b__s7/generated_model.py"", line 61
    (buy_1 * data[""purchase_price""][""1""] + buy_2 * data[""purchase_price""][""2""] + buy_3 * data[""purchase_price""][""3""])
                                                                                                                  ^
SyntaxError: unterminated string literal (detected at line 61)"
p37__llama3.3_70b__s8,llama3.3:70b,37,37,8,code_failure,code_failure,code_failure,clean_fenced,False,False,False,False,,,,,,7074a3c288e27997c8ca33783d68aac2ca27e5304017768b74f0b427349653bc,80.595,1487,1267,False,,,none,,,,,,,0,0,0,runtime_error,"Traceback (most recent call last):
  File ""/project/eick/maamr/sirl_exp1/results/llama33_70b_10samples_ctx8192/execution_workdirs/p37__llama3.3_70b__s8/execute_generated.py"", line 48, in <module>
    result = module.solve(data)
  File ""/project/eick/maamr/sirl_exp1/results/llama33_70b_10samples_ctx8192/execution_workdirs/p37__llama3.3_70b__s8/generated_model.py"", line 75, in solve
    ""buy_1"": model.getVarByName('buy_1').X,
  File ""src/gurobipy/var.pxi"", line 125, in gurobipy.Var.__getattr__
  File ""src/gurobipy/var.pxi"", line 153, in gurobipy.Var.getAttr
  File ""src/gurobipy/attrutil.pxi"", line 103, in gurobipy._getattr
AttributeError: Unable to retrieve attribute 'X'. Did you mean: 'Xn'?"
p37__llama3.3_70b__s9,llama3.3:70b,37,37,9,code_failure,code_failure,code_failure,clean_fenced,False,False,False,False,,,,,,7074a3c288e27997c8ca33783d68aac2ca27e5304017768b74f0b427349653bc,82.946,1487,1304,False,,,none,,,,,,,0,0,0,runtime_error,"Traceback (most recent call last):
  File ""/project/eick/maamr/sirl_exp1/results/llama33_70b_10samples_ctx8192/execution_workdirs/p37__llama3.3_70b__s9/execute_generated.py"", line 48, in <module>
    result = module.solve(data)
  File ""/project/eick/maamr/sirl_exp1/results/llama33_70b_10samples_ctx8192/execution_workdirs/p37__llama3.3_70b__s9/generated_model.py"", line 80, in solve
    ""buy_1"": model.getVarByName(""buy_1"").X,
AttributeError: 'NoneType' object has no attribute 'X'"
p38__llama3.3_70b__s0,llama3.3:70b,38,38,0,code_failure,code_failure,code_failure,clean_fenced,False,False,False,False,,,,,,00d230ac67d88ddccbde01d7eaeb306a33e8f15ea9b642f343eb656dd0cf6efe,157.49,2589,2385,False,,,none,,,,,,,0,0,0,runtime_error,"Traceback (most recent call last):
  File ""/project/eick/maamr/sirl_exp1/results/llama33_70b_10samples_ctx8192/execution_workdirs/p38__llama3.3_70b__s0/execute_generated.py"", line 48, in <module>
    result = module.solve(data)
  File ""/project/eick/maamr/sirl_exp1/results/llama33_70b_10samples_ctx8192/execution_workdirs/p38__llama3.3_70b__s0/generated_model.py"", line 114, in solve
    ""prod_I_7"": model.getVarByName(""prod_I_7"").X,
AttributeError: 'NoneType' object has no attribute 'X'"
p38__llama3.3_70b__s1,llama3.3:70b,38,38,1,code_failure,code_failure,code_failure,clean_fenced,False,False,False,False,,,,,,00d230ac67d88ddccbde01d7eaeb306a33e8f15ea9b642f343eb656dd0cf6efe,153.651,2589,2396,False,,,none,,,,,,,0,0,0,runtime_error,"Traceback (most recent call last):
  File ""/project/eick/maamr/sirl_exp1/results/llama33_70b_10samples_ctx8192/execution_workdirs/p38__llama3.3_70b__s1/execute_generated.py"", line 48, in <module>
    result = module.solve(data)
  File ""/project/eick/maamr/sirl_exp1/results/llama33_70b_10samples_ctx8192/execution_workdirs/p38__llama3.3_70b__s1/generated_model.py"", line 109, in solve
    ""prod_I_7"": model.getVarByName(""prod_I_7"").X,
AttributeError: 'NoneType' object has no attribute 'X'"
p38__llama3.3_70b__s2,llama3.3:70b,38,38,2,code_failure,code_failure,code_failure,clean_fenced,False,False,False,False,,,,,,00d230ac67d88ddccbde01d7eaeb306a33e8f15ea9b642f343eb656dd0cf6efe,152.97,2589,2385,False,,,none,,,,,,,0,0,0,runtime_error,"Traceback (most recent call last):
  File ""/project/eick/maamr/sirl_exp1/results/llama33_70b_10samples_ctx8192/execution_workdirs/p38__llama3.3_70b__s2/execute_generated.py"", line 48, in <module>
    result = module.solve(data)
  File ""/project/eick/maamr/sirl_exp1/results/llama33_70b_10samples_ctx8192/execution_workdirs/p38__llama3.3_70b__s2/generated_model.py"", line 114, in solve
    ""prod_I_7"": model.getVarByName(""prod_I_7"").X,
AttributeError: 'NoneType' object has no attribute 'X'"
p38__llama3.3_70b__s3,llama3.3:70b,38,38,3,code_failure,code_failure,code_failure,clean_fenced,False,False,False,False,,,,,,00d230ac67d88ddccbde01d7eaeb306a33e8f15ea9b642f343eb656dd0cf6efe,153.057,2589,2386,False,,,none,,,,,,,0,0,0,runtime_error,"Traceback (most recent call last):
  File ""/project/eick/maamr/sirl_exp1/results/llama33_70b_10samples_ctx8192/execution_workdirs/p38__llama3.3_70b__s3/execute_generated.py"", line 48, in <module>
    result = module.solve(data)
  File ""/project/eick/maamr/sirl_exp1/results/llama33_70b_10samples_ctx8192/execution_workdirs/p38__llama3.3_70b__s3/generated_model.py"", line 114, in solve
    ""prod_I_7"": model.getVarByName(""prod_I_7"").X,
AttributeError: 'NoneType' object has no attribute 'X'"
p38__llama3.3_70b__s4,llama3.3:70b,38,38,4,code_failure,code_failure,code_failure,clean_fenced,False,False,False,False,,,,,,00d230ac67d88ddccbde01d7eaeb306a33e8f15ea9b642f343eb656dd0cf6efe,152.972,2589,2385,False,,,none,,,,,,,0,0,0,runtime_error,"Traceback (most recent call last):
  File ""/project/eick/maamr/sirl_exp1/results/llama33_70b_10samples_ctx8192/execution_workdirs/p38__llama3.3_70b__s4/execute_generated.py"", line 48, in <module>
    result = module.solve(data)
  File ""/project/eick/maamr/sirl_exp1/results/llama33_70b_10samples_ctx8192/execution_workdirs/p38__llama3.3_70b__s4/generated_model.py"", line 114, in solve
    ""prod_I_7"": model.getVarByName(""prod_I_7"").X,
AttributeError: 'NoneType' object has no attribute 'X'"
p38__llama3.3_70b__s5,llama3.3:70b,38,38,5,code_failure,code_failure,code_failure,clean_fenced,False,False,False,False,,,,,,00d230ac67d88ddccbde01d7eaeb306a33e8f15ea9b642f343eb656dd0cf6efe,152.925,2589,2385,False,,,none,,,,,,,0,0,0,runtime_error,"Traceback (most recent call last):
  File ""/project/eick/maamr/sirl_exp1/results/llama33_70b_10samples_ctx8192/execution_workdirs/p38__llama3.3_70b__s5/execute_generated.py"", line 48, in <module>
    result = module.solve(data)
  File ""/project/eick/maamr/sirl_exp1/results/llama33_70b_10samples_ctx8192/execution_workdirs/p38__llama3.3_70b__s5/generated_model.py"", line 114, in solve
    ""prod_I_7"": model.getVarByName(""prod_I_7"").X,
AttributeError: 'NoneType' object has no attribute 'X'"
p38__llama3.3_70b__s6,llama3.3:70b,38,38,6,code_failure,code_failure,code_failure,clean_fenced,False,False,False,False,,,,,,00d230ac67d88ddccbde01d7eaeb306a33e8f15ea9b642f343eb656dd0cf6efe,153.013,2589,2386,False,,,none,,,,,,,0,0,0,runtime_error,"Traceback (most recent call last):
  File ""/project/eick/maamr/sirl_exp1/results/llama33_70b_10samples_ctx8192/execution_workdirs/p38__llama3.3_70b__s6/execute_generated.py"", line 48, in <module>
    result = module.solve(data)
  File ""/project/eick/maamr/sirl_exp1/results/llama33_70b_10samples_ctx8192/execution_workdirs/p38__llama3.3_70b__s6/generated_model.py"", line 114, in solve
    ""prod_I_7"": model.getVarByName(""prod_I_7"").X,
AttributeError: 'NoneType' object has no attribute 'X'"
p38__llama3.3_70b__s7,llama3.3:70b,38,38,7,correct,correct,correct,clean_fenced,True,True,True,True,,,,,,00d230ac67d88ddccbde01d7eaeb306a33e8f15ea9b642f343eb656dd0cf6efe,143.292,2589,2234,False,,,none,,32,31,31,32,63,0,0,0,,
p38__llama3.3_70b__s8,llama3.3:70b,38,38,8,code_failure,code_failure,code_failure,clean_fenced,False,False,False,False,,,,,,00d230ac67d88ddccbde01d7eaeb306a33e8f15ea9b642f343eb656dd0cf6efe,152.95,2589,2385,False,,,none,,,,,,,0,0,0,runtime_error,"Traceback (most recent call last):
  File ""/project/eick/maamr/sirl_exp1/results/llama33_70b_10samples_ctx8192/execution_workdirs/p38__llama3.3_70b__s8/execute_generated.py"", line 48, in <module>
    result = module.solve(data)
  File ""/project/eick/maamr/sirl_exp1/results/llama33_70b_10samples_ctx8192/execution_workdirs/p38__llama3.3_70b__s8/generated_model.py"", line 114, in solve
    ""prod_I_7"": model.getVarByName(""prod_I_7"").X,
AttributeError: 'NoneType' object has no attribute 'X'"
p38__llama3.3_70b__s9,llama3.3:70b,38,38,9,code_failure,code_failure,code_failure,clean_fenced,False,False,False,False,,,,,,00d230ac67d88ddccbde01d7eaeb306a33e8f15ea9b642f343eb656dd0cf6efe,152.979,2589,2385,False,,,none,,,,,,,0,0,0,runtime_error,"Traceback (most recent call last):
  File ""/project/eick/maamr/sirl_exp1/results/llama33_70b_10samples_ctx8192/execution_workdirs/p38__llama3.3_70b__s9/execute_generated.py"", line 48, in <module>
    result = module.solve(data)
  File ""/project/eick/maamr/sirl_exp1/results/llama33_70b_10samples_ctx8192/execution_workdirs/p38__llama3.3_70b__s9/generated_model.py"", line 114, in solve
    ""prod_I_7"": model.getVarByName(""prod_I_7"").X,
AttributeError: 'NoneType' object has no attribute 'X'"
p39__llama3.3_70b__s0,llama3.3:70b,39,39,0,correct,correct,correct,clean_fenced,True,True,True,True,,,,,,d7f2323e3280451a0ee3c343967405eabe5108e6262c32b8e897b31946c56d49,75.576,1403,1140,False,,,none,,17,16,16,17,33,0,0,0,,
p39__llama3.3_70b__s1,llama3.3:70b,39,39,1,correct,correct,correct,clean_fenced,True,True,True,True,,,,,,d7f2323e3280451a0ee3c343967405eabe5108e6262c32b8e897b31946c56d49,70.279,1403,1106,False,,,none,,17,16,16,17,33,0,0,0,,
p39__llama3.3_70b__s2,llama3.3:70b,39,39,2,correct,correct,correct,clean_fenced,True,True,True,True,,,,,,d7f2323e3280451a0ee3c343967405eabe5108e6262c32b8e897b31946c56d49,72.757,1403,1145,False,,,none,,17,16,16,17,33,0,0,0,,
p39__llama3.3_70b__s3,llama3.3:70b,39,39,3,correct,correct,correct,clean_fenced,True,True,True,True,,,,,,d7f2323e3280451a0ee3c343967405eabe5108e6262c32b8e897b31946c56d49,71.181,1403,1120,False,,,none,,17,16,16,17,33,0,0,0,,
p39__llama3.3_70b__s4,llama3.3:70b,39,39,4,loud_bug,loud_bug,loud_bug,clean_fenced,True,True,False,True,"p39.R_prec_A_G.C1,p39.R_prec_A_D.C1,p39.R_prec_F_C.C1,p39.R_prec_F_B.C1,p39.obj.C2","p39.R_prec_A_G.C1,p39.R_prec_A_D.C1,p39.R_prec_F_C.C1,p39.R_prec_F_B.C1",,,,d7f2323e3280451a0ee3c343967405eabe5108e6262c32b8e897b31946c56d49,47.338,1403,743,False,,,none,,17,16,16,17,33,4,0,4,,
p39__llama3.3_70b__s5,llama3.3:70b,39,39,5,correct,correct,correct,clean_fenced,True,True,True,True,,,,,,d7f2323e3280451a0ee3c343967405eabe5108e6262c32b8e897b31946c56d49,70.224,1403,1105,False,,,none,,17,16,16,17,33,0,0,0,,
p39__llama3.3_70b__s6,llama3.3:70b,39,39,6,correct,correct,correct,clean_fenced,True,True,True,True,,,,,,d7f2323e3280451a0ee3c343967405eabe5108e6262c32b8e897b31946c56d49,69.805,1403,1098,False,,,none,,17,16,16,17,33,0,0,0,,
p39__llama3.3_70b__s7,llama3.3:70b,39,39,7,correct,correct,correct,clean_fenced,True,True,True,True,,,,,,d7f2323e3280451a0ee3c343967405eabe5108e6262c32b8e897b31946c56d49,72.736,1403,1145,False,,,none,,17,16,16,17,33,0,0,0,,
p39__llama3.3_70b__s8,llama3.3:70b,39,39,8,loud_bug,loud_bug,loud_bug,clean_fenced,True,True,False,True,"p39.R_prec_F_C.C1,p39.obj.C2",p39.R_prec_F_C.C1,,,,d7f2323e3280451a0ee3c343967405eabe5108e6262c32b8e897b31946c56d49,75.722,1403,1191,False,,,none,,17,16,16,17,33,1,0,1,,
p39__llama3.3_70b__s9,llama3.3:70b,39,39,9,code_failure,code_failure,code_failure,clean_fenced,False,False,False,False,,,,,,d7f2323e3280451a0ee3c343967405eabe5108e6262c32b8e897b31946c56d49,48.848,1403,767,False,,,none,,,,,,,0,0,0,runtime_error,"Traceback (most recent call last):
  File ""/project/eick/maamr/sirl_exp1/results/llama33_70b_10samples_ctx8192/execution_workdirs/p39__llama3.3_70b__s9/execute_generated.py"", line 48, in <module>
    result = module.solve(data)
  File ""/project/eick/maamr/sirl_exp1/results/llama33_70b_10samples_ctx8192/execution_workdirs/p39__llama3.3_70b__s9/generated_model.py"", line 54, in solve
    ""start_A"": model.getVarByName(""start_A"").X,
AttributeError: 'NoneType' object has no attribute 'X'"
p40__llama3.3_70b__s0,llama3.3:70b,40,40,0,code_failure,code_failure,code_failure,clean_fenced,False,False,False,False,,,,,,fbf640ca83aab7a2419bf405eef5e31aba5a9061b64b7e934b304cb71a94cf30,114.144,2017,1735,False,,,none,,,,,,,0,0,0,runtime_error,"Traceback (most recent call last):
  File ""/project/eick/maamr/sirl_exp1/results/llama33_70b_10samples_ctx8192/execution_workdirs/p40__llama3.3_70b__s0/execute_generated.py"", line 48, in <module>
    result = module.solve(data)
  File ""/project/eick/maamr/sirl_exp1/results/llama33_70b_10samples_ctx8192/execution_workdirs/p40__llama3.3_70b__s0/generated_model.py"", line 93, in solve
    ""y1_A"": variables['y1_A'].X,
  File ""src/gurobipy/var.pxi"", line 125, in gurobipy.Var.__getattr__
  File ""src/gurobipy/var.pxi"", line 153, in gurobipy.Var.getAttr
  File ""src/gurobipy/attrutil.pxi"", line 103, in gurobipy._getattr
AttributeError: Unable to retrieve attribute 'X'. Did you mean: 'Xn'?"
p40__llama3.3_70b__s1,llama3.3:70b,40,40,1,code_failure,code_failure,code_failure,clean_fenced,False,False,False,False,,,,,,fbf640ca83aab7a2419bf405eef5e31aba5a9061b64b7e934b304cb71a94cf30,111.591,2017,1748,False,,,none,,,,,,,0,0,0,runtime_error,"Traceback (most recent call last):
  File ""/project/eick/maamr/sirl_exp1/results/llama33_70b_10samples_ctx8192/execution_workdirs/p40__llama3.3_70b__s1/execute_generated.py"", line 48, in <module>
    result = module.solve(data)
  File ""/project/eick/maamr/sirl_exp1/results/llama33_70b_10samples_ctx8192/execution_workdirs/p40__llama3.3_70b__s1/generated_model.py"", line 93, in solve
    ""y1_A"": variables['y1_A'].X,
  File ""src/gurobipy/var.pxi"", line 125, in gurobipy.Var.__getattr__
  File ""src/gurobipy/var.pxi"", line 153, in gurobipy.Var.getAttr
  File ""src/gurobipy/attrutil.pxi"", line 103, in gurobipy._getattr
AttributeError: Unable to retrieve attribute 'X'. Did you mean: 'Xn'?"
p40__llama3.3_70b__s2,llama3.3:70b,40,40,2,code_failure,code_failure,code_failure,clean_fenced,False,False,False,False,,,,,,fbf640ca83aab7a2419bf405eef5e31aba5a9061b64b7e934b304cb71a94cf30,123.955,2017,1941,False,,,none,,,,,,,0,0,0,runtime_error,"Traceback (most recent call last):
  File ""/project/eick/maamr/sirl_exp1/results/llama33_70b_10samples_ctx8192/execution_workdirs/p40__llama3.3_70b__s2/execute_generated.py"", line 48, in <module>
    result = module.solve(data)
  File ""/project/eick/maamr/sirl_exp1/results/llama33_70b_10samples_ctx8192/execution_workdirs/p40__llama3.3_70b__s2/generated_model.py"", line 101, in solve
    ""y1_A"": variables['y1_A'].X,
  File ""src/gurobipy/var.pxi"", line 125, in gurobipy.Var.__getattr__
  File ""src/gurobipy/var.pxi"", line 153, in gurobipy.Var.getAttr
  File ""src/gurobipy/attrutil.pxi"", line 103, in gurobipy._getattr
AttributeError: Unable to retrieve attribute 'X'. Did you mean: 'Xn'?"
p40__llama3.3_70b__s3,llama3.3:70b,40,40,3,code_failure,code_failure,code_failure,clean_fenced,False,False,False,False,,,,,,fbf640ca83aab7a2419bf405eef5e31aba5a9061b64b7e934b304cb71a94cf30,110.833,2017,1737,False,,,none,,,,,,,0,0,0,runtime_error,"Traceback (most recent call last):
  File ""/project/eick/maamr/sirl_exp1/results/llama33_70b_10samples_ctx8192/execution_workdirs/p40__llama3.3_70b__s3/execute_generated.py"", line 48, in <module>
    result = module.solve(data)
  File ""/project/eick/maamr/sirl_exp1/results/llama33_70b_10samples_ctx8192/execution_workdirs/p40__llama3.3_70b__s3/generated_model.py"", line 94, in solve
    ""y1_A"": variables['y1_A'].X,
  File ""src/gurobipy/var.pxi"", line 125, in gurobipy.Var.__getattr__
  File ""src/gurobipy/var.pxi"", line 153, in gurobipy.Var.getAttr
  File ""src/gurobipy/attrutil.pxi"", line 103, in gurobipy._getattr
AttributeError: Unable to retrieve attribute 'X'. Did you mean: 'Xn'?"
p40__llama3.3_70b__s4,llama3.3:70b,40,40,4,code_failure,code_failure,code_failure,clean_fenced,False,False,False,False,,,,,,fbf640ca83aab7a2419bf405eef5e31aba5a9061b64b7e934b304cb71a94cf30,110.785,2017,1735,False,,,none,,,,,,,0,0,0,runtime_error,"Traceback (most recent call last):
  File ""/project/eick/maamr/sirl_exp1/results/llama33_70b_10samples_ctx8192/execution_workdirs/p40__llama3.3_70b__s4/execute_generated.py"", line 48, in <module>
    result = module.solve(data)
  File ""/project/eick/maamr/sirl_exp1/results/llama33_70b_10samples_ctx8192/execution_workdirs/p40__llama3.3_70b__s4/generated_model.py"", line 93, in solve
    ""y1_A"": variables['y1_A'].X,
  File ""src/gurobipy/var.pxi"", line 125, in gurobipy.Var.__getattr__
  File ""src/gurobipy/var.pxi"", line 153, in gurobipy.Var.getAttr
  File ""src/gurobipy/attrutil.pxi"", line 103, in gurobipy._getattr
AttributeError: Unable to retrieve attribute 'X'. Did you mean: 'Xn'?"
p40__llama3.3_70b__s5,llama3.3:70b,40,40,5,code_failure,code_failure,code_failure,clean_fenced,False,False,False,False,,,,,,fbf640ca83aab7a2419bf405eef5e31aba5a9061b64b7e934b304cb71a94cf30,110.379,2017,1729,False,,,none,,,,,,,0,0,0,runtime_error,"Traceback (most recent call last):
  File ""/project/eick/maamr/sirl_exp1/results/llama33_70b_10samples_ctx8192/execution_workdirs/p40__llama3.3_70b__s5/execute_generated.py"", line 48, in <module>
    result = module.solve(data)
  File ""/project/eick/maamr/sirl_exp1/results/llama33_70b_10samples_ctx8192/execution_workdirs/p40__llama3.3_70b__s5/generated_model.py"", line 94, in solve
    ""y1_A"": variables['y1_A'].X,
  File ""src/gurobipy/var.pxi"", line 125, in gurobipy.Var.__getattr__
  File ""src/gurobipy/var.pxi"", line 153, in gurobipy.Var.getAttr
  File ""src/gurobipy/attrutil.pxi"", line 103, in gurobipy._getattr
AttributeError: Unable to retrieve attribute 'X'. Did you mean: 'Xn'?"
p40__llama3.3_70b__s6,llama3.3:70b,40,40,6,code_failure,code_failure,code_failure,clean_fenced,False,False,False,False,,,,,,fbf640ca83aab7a2419bf405eef5e31aba5a9061b64b7e934b304cb71a94cf30,110.936,2017,1738,False,,,none,,,,,,,0,0,0,runtime_error,"Traceback (most recent call last):
  File ""/project/eick/maamr/sirl_exp1/results/llama33_70b_10samples_ctx8192/execution_workdirs/p40__llama3.3_70b__s6/execute_generated.py"", line 48, in <module>
    result = module.solve(data)
  File ""/project/eick/maamr/sirl_exp1/results/llama33_70b_10samples_ctx8192/execution_workdirs/p40__llama3.3_70b__s6/generated_model.py"", line 94, in solve
    ""y1_A"": variables['y1_A'].X,
  File ""src/gurobipy/var.pxi"", line 125, in gurobipy.Var.__getattr__
  File ""src/gurobipy/var.pxi"", line 153, in gurobipy.Var.getAttr
  File ""src/gurobipy/attrutil.pxi"", line 103, in gurobipy._getattr
AttributeError: Unable to retrieve attribute 'X'. Did you mean: 'Xn'?"
p40__llama3.3_70b__s7,llama3.3:70b,40,40,7,code_failure,code_failure,code_failure,clean_fenced,False,False,False,False,,,,,,fbf640ca83aab7a2419bf405eef5e31aba5a9061b64b7e934b304cb71a94cf30,123.944,2017,1941,False,,,none,,,,,,,0,0,0,runtime_error,"Traceback (most recent call last):
  File ""/project/eick/maamr/sirl_exp1/results/llama33_70b_10samples_ctx8192/execution_workdirs/p40__llama3.3_70b__s7/execute_generated.py"", line 48, in <module>
    result = module.solve(data)
  File ""/project/eick/maamr/sirl_exp1/results/llama33_70b_10samples_ctx8192/execution_workdirs/p40__llama3.3_70b__s7/generated_model.py"", line 101, in solve
    ""y1_A"": variables['y1_A'].X,
  File ""src/gurobipy/var.pxi"", line 125, in gurobipy.Var.__getattr__
  File ""src/gurobipy/var.pxi"", line 153, in gurobipy.Var.getAttr
  File ""src/gurobipy/attrutil.pxi"", line 103, in gurobipy._getattr
AttributeError: Unable to retrieve attribute 'X'. Did you mean: 'Xn'?"
p40__llama3.3_70b__s8,llama3.3:70b,40,40,8,code_failure,code_failure,code_failure,clean_fenced,False,False,False,False,,,,,,fbf640ca83aab7a2419bf405eef5e31aba5a9061b64b7e934b304cb71a94cf30,110.289,2017,1729,False,,,none,,,,,,,0,0,0,runtime_error,"Traceback (most recent call last):
  File ""/project/eick/maamr/sirl_exp1/results/llama33_70b_10samples_ctx8192/execution_workdirs/p40__llama3.3_70b__s8/execute_generated.py"", line 48, in <module>
    result = module.solve(data)
  File ""/project/eick/maamr/sirl_exp1/results/llama33_70b_10samples_ctx8192/execution_workdirs/p40__llama3.3_70b__s8/generated_model.py"", line 94, in solve
    ""y1_A"": variables['y1_A'].X,
  File ""src/gurobipy/var.pxi"", line 125, in gurobipy.Var.__getattr__
  File ""src/gurobipy/var.pxi"", line 153, in gurobipy.Var.getAttr
  File ""src/gurobipy/attrutil.pxi"", line 103, in gurobipy._getattr
AttributeError: Unable to retrieve attribute 'X'. Did you mean: 'Xn'?"
p40__llama3.3_70b__s9,llama3.3:70b,40,40,9,code_failure,code_failure,code_failure,clean_fenced,False,False,False,False,,,,,,fbf640ca83aab7a2419bf405eef5e31aba5a9061b64b7e934b304cb71a94cf30,110.323,2017,1729,False,,,none,,,,,,,0,0,0,runtime_error,"Traceback (most recent call last):
  File ""/project/eick/maamr/sirl_exp1/results/llama33_70b_10samples_ctx8192/execution_workdirs/p40__llama3.3_70b__s9/execute_generated.py"", line 48, in <module>
    result = module.solve(data)
  File ""/project/eick/maamr/sirl_exp1/results/llama33_70b_10samples_ctx8192/execution_workdirs/p40__llama3.3_70b__s9/generated_model.py"", line 94, in solve
    ""y1_A"": variables['y1_A'].X,
  File ""src/gurobipy/var.pxi"", line 125, in gurobipy.Var.__getattr__
  File ""src/gurobipy/var.pxi"", line 153, in gurobipy.Var.getAttr
  File ""src/gurobipy/attrutil.pxi"", line 103, in gurobipy._getattr
AttributeError: Unable to retrieve attribute 'X'. Did you mean: 'Xn'?"
p41__llama3.3_70b__s0,llama3.3:70b,41,41,0,code_failure,code_failure,code_failure,clean_fenced,False,False,False,False,,,,,,7614afc6cc1999fa96fc7e84c3397e8ac5ae78f99fe17e25dcf01e1a57c70f43,35.287,1171,513,False,,,none,,,,,,,0,0,0,runtime_error,"Traceback (most recent call last):
  File ""/project/eick/maamr/sirl_exp1/results/llama33_70b_10samples_ctx8192/execution_workdirs/p41__llama3.3_70b__s0/execute_generated.py"", line 48, in <module>
    result = module.solve(data)
  File ""/project/eick/maamr/sirl_exp1/results/llama33_70b_10samples_ctx8192/execution_workdirs/p41__llama3.3_70b__s0/generated_model.py"", line 42, in solve
    ""produce_liquid"": model.getVarByName(""produce_liquid"").X,
AttributeError: 'NoneType' object has no attribute 'X'"
p41__llama3.3_70b__s1,llama3.3:70b,41,41,1,code_failure,code_failure,code_failure,clean_fenced,False,False,False,False,,,,,,7614afc6cc1999fa96fc7e84c3397e8ac5ae78f99fe17e25dcf01e1a57c70f43,32.725,1171,513,False,,,none,,,,,,,0,0,0,runtime_error,"Traceback (most recent call last):
  File ""/project/eick/maamr/sirl_exp1/results/llama33_70b_10samples_ctx8192/execution_workdirs/p41__llama3.3_70b__s1/execute_generated.py"", line 48, in <module>
    result = module.solve(data)
  File ""/project/eick/maamr/sirl_exp1/results/llama33_70b_10samples_ctx8192/execution_workdirs/p41__llama3.3_70b__s1/generated_model.py"", line 42, in solve
    ""produce_liquid"": model.getVarByName(""produce_liquid"").X,
AttributeError: 'NoneType' object has no attribute 'X'"
p41__llama3.3_70b__s2,llama3.3:70b,41,41,2,code_failure,code_failure,code_failure,clean_fenced,False,False,False,False,,,,,,7614afc6cc1999fa96fc7e84c3397e8ac5ae78f99fe17e25dcf01e1a57c70f43,32.533,1171,510,False,,,none,,,,,,,0,0,0,runtime_error,"Traceback (most recent call last):
  File ""/project/eick/maamr/sirl_exp1/results/llama33_70b_10samples_ctx8192/execution_workdirs/p41__llama3.3_70b__s2/execute_generated.py"", line 48, in <module>
    result = module.solve(data)
  File ""/project/eick/maamr/sirl_exp1/results/llama33_70b_10samples_ctx8192/execution_workdirs/p41__llama3.3_70b__s2/generated_model.py"", line 42, in solve
    ""produce_liquid"": model.getVarByName(""produce_liquid"").X,
AttributeError: 'NoneType' object has no attribute 'X'"
p41__llama3.3_70b__s3,llama3.3:70b,41,41,3,code_failure,code_failure,code_failure,clean_fenced,False,False,False,False,,,,,,7614afc6cc1999fa96fc7e84c3397e8ac5ae78f99fe17e25dcf01e1a57c70f43,32.238,1171,505,False,,,none,,,,,,,0,0,0,runtime_error,"Traceback (most recent call last):
  File ""/project/eick/maamr/sirl_exp1/results/llama33_70b_10samples_ctx8192/execution_workdirs/p41__llama3.3_70b__s3/execute_generated.py"", line 48, in <module>
    result = module.solve(data)
  File ""/project/eick/maamr/sirl_exp1/results/llama33_70b_10samples_ctx8192/execution_workdirs/p41__llama3.3_70b__s3/generated_model.py"", line 45, in solve
    ""produce_liquid"": model.getVarByName(""produce_liquid"").X,
AttributeError: 'NoneType' object has no attribute 'X'"
p41__llama3.3_70b__s4,llama3.3:70b,41,41,4,code_failure,code_failure,code_failure,clean_fenced,False,False,False,False,,,,,,7614afc6cc1999fa96fc7e84c3397e8ac5ae78f99fe17e25dcf01e1a57c70f43,32.732,1171,513,False,,,none,,,,,,,0,0,0,runtime_error,"Traceback (most recent call last):
  File ""/project/eick/maamr/sirl_exp1/results/llama33_70b_10samples_ctx8192/execution_workdirs/p41__llama3.3_70b__s4/execute_generated.py"", line 48, in <module>
    result = module.solve(data)
  File ""/project/eick/maamr/sirl_exp1/results/llama33_70b_10samples_ctx8192/execution_workdirs/p41__llama3.3_70b__s4/generated_model.py"", line 42, in solve
    ""produce_liquid"": model.getVarByName(""produce_liquid"").X,
AttributeError: 'NoneType' object has no attribute 'X'"
p41__llama3.3_70b__s5,llama3.3:70b,41,41,5,code_failure,code_failure,code_failure,clean_fenced,False,False,False,False,,,,,,7614afc6cc1999fa96fc7e84c3397e8ac5ae78f99fe17e25dcf01e1a57c70f43,32.546,1171,510,False,,,none,,,,,,,0,0,0,runtime_error,"Traceback (most recent call last):
  File ""/project/eick/maamr/sirl_exp1/results/llama33_70b_10samples_ctx8192/execution_workdirs/p41__llama3.3_70b__s5/execute_generated.py"", line 48, in <module>
    result = module.solve(data)
  File ""/project/eick/maamr/sirl_exp1/results/llama33_70b_10samples_ctx8192/execution_workdirs/p41__llama3.3_70b__s5/generated_model.py"", line 42, in solve
    ""produce_liquid"": model.getVarByName(""produce_liquid"").X,
AttributeError: 'NoneType' object has no attribute 'X'"
p41__llama3.3_70b__s6,llama3.3:70b,41,41,6,code_failure,code_failure,code_failure,clean_fenced,False,False,False,False,,,,,,7614afc6cc1999fa96fc7e84c3397e8ac5ae78f99fe17e25dcf01e1a57c70f43,32.751,1171,513,False,,,none,,,,,,,0,0,0,runtime_error,"Traceback (most recent call last):
  File ""/project/eick/maamr/sirl_exp1/results/llama33_70b_10samples_ctx8192/execution_workdirs/p41__llama3.3_70b__s6/execute_generated.py"", line 48, in <module>
    result = module.solve(data)
  File ""/project/eick/maamr/sirl_exp1/results/llama33_70b_10samples_ctx8192/execution_workdirs/p41__llama3.3_70b__s6/generated_model.py"", line 42, in solve
    ""produce_liquid"": model.getVarByName(""produce_liquid"").X,
AttributeError: 'NoneType' object has no attribute 'X'"
p41__llama3.3_70b__s7,llama3.3:70b,41,41,7,code_failure,code_failure,code_failure,clean_fenced,False,False,False,False,,,,,,7614afc6cc1999fa96fc7e84c3397e8ac5ae78f99fe17e25dcf01e1a57c70f43,32.74,1171,513,False,,,none,,,,,,,0,0,0,runtime_error,"Traceback (most recent call last):
  File ""/project/eick/maamr/sirl_exp1/results/llama33_70b_10samples_ctx8192/execution_workdirs/p41__llama3.3_70b__s7/execute_generated.py"", line 48, in <module>
    result = module.solve(data)
  File ""/project/eick/maamr/sirl_exp1/results/llama33_70b_10samples_ctx8192/execution_workdirs/p41__llama3.3_70b__s7/generated_model.py"", line 41, in solve
    ""produce_liquid"": model.getVarByName(""produce_liquid"").X,
AttributeError: 'NoneType' object has no attribute 'X'"
p41__llama3.3_70b__s8,llama3.3:70b,41,41,8,code_failure,code_failure,code_failure,clean_fenced,False,False,False,False,,,,,,7614afc6cc1999fa96fc7e84c3397e8ac5ae78f99fe17e25dcf01e1a57c70f43,32.732,1171,513,False,,,none,,,,,,,0,0,0,runtime_error,"Traceback (most recent call last):
  File ""/project/eick/maamr/sirl_exp1/results/llama33_70b_10samples_ctx8192/execution_workdirs/p41__llama3.3_70b__s8/execute_generated.py"", line 48, in <module>
    result = module.solve(data)
  File ""/project/eick/maamr/sirl_exp1/results/llama33_70b_10samples_ctx8192/execution_workdirs/p41__llama3.3_70b__s8/generated_model.py"", line 42, in solve
    ""produce_liquid"": model.getVarByName(""produce_liquid"").X,
AttributeError: 'NoneType' object has no attribute 'X'"
p41__llama3.3_70b__s9,llama3.3:70b,41,41,9,code_failure,code_failure,code_failure,clean_fenced,False,False,False,False,,,,,,7614afc6cc1999fa96fc7e84c3397e8ac5ae78f99fe17e25dcf01e1a57c70f43,32.733,1171,513,False,,,none,,,,,,,0,0,0,runtime_error,"Traceback (most recent call last):
  File ""/project/eick/maamr/sirl_exp1/results/llama33_70b_10samples_ctx8192/execution_workdirs/p41__llama3.3_70b__s9/execute_generated.py"", line 48, in <module>
    result = module.solve(data)
  File ""/project/eick/maamr/sirl_exp1/results/llama33_70b_10samples_ctx8192/execution_workdirs/p41__llama3.3_70b__s9/generated_model.py"", line 42, in solve
    ""produce_liquid"": model.getVarByName(""produce_liquid"").X,
AttributeError: 'NoneType' object has no attribute 'X'"
