run_id,model,problem_id,original_problem_id,sample,label,raw_label,final_label,extraction_mode,code_ran,schema_ok,objective_match,has_build_model,failed_checks,failed_requirement_checks,formulation_violations,flagged_formulation_violations,audit_error,prompt_hash,response_time_sec,prompt_eval_count,eval_count,output_truncated,silent_bug_type,silent_bug_requirements,silent_bug_source,report_categories,total_requirement_count,layer1_requirement_count,canonical_layer1_requirement_count,layer2_active_probe_count,total_diagnostic_requirement_count,failed_requirement_check_count,formulation_violation_count,total_violation_count,error_type,error_detail
p1__chenyitian-shanshu_SIRL-Gurobi__s0,chenyitian-shanshu/SIRL-Gurobi,1,1,0,code_failure,code_failure,code_failure,clean_fenced,False,False,False,False,,,,,,7b8f2f9e2fc982b156775039f06a4cc975127aef503212a8931b5efa7398762b,189.749,1308,607,False,,,none,,,,,,,0,0,0,runtime_error,"Traceback (most recent call last):
  File ""/project/eick/maamr/sirl_exp1/results/sirl_8bit_full_10samples/execution_workdirs/p1__chenyitian-shanshu_SIRL-Gurobi__s0/execute_generated.py"", line 48, in <module>
    result = module.solve(data)
  File ""/project/eick/maamr/sirl_exp1/results/sirl_8bit_full_10samples/execution_workdirs/p1__chenyitian-shanshu_SIRL-Gurobi__s0/generated_model.py"", line 45, in solve
    model, variables = build_model(data)
  File ""/project/eick/maamr/sirl_exp1/results/sirl_8bit_full_10samples/execution_workdirs/p1__chenyitian-shanshu_SIRL-Gurobi__s0/generated_model.py"", line 31, in build_model
    gp.quicksum(allocation[f""{i}, {j}""] for i in range(1, num_types + 1) for j in range(1, num_types + 1) if cap[i - 1] >= cap[j - 1]),
  File ""src/gurobipy/gurobi.pxi"", line 3842, in gurobipy.quicksum
  File ""/project/eick/maamr/sirl_exp1/results/sirl_8bit_full_10samples/execution_workdirs/p1__chenyitian-shanshu_SIRL-Gurobi__s0/generated_model.py"", line 31, in <genexpr>
    gp.quicksum(allocation[f""{i}, {j}""] for i in range(1, num_types + 1) for j in range(1, num_types + 1) if cap[i - 1] >= cap[j - 1]),
KeyError: '1, 1'"
p1__chenyitian-shanshu_SIRL-Gurobi__s1,chenyitian-shanshu/SIRL-Gurobi,1,1,1,loud_bug,loud_bug,loud_bug,clean_fenced,True,True,False,True,"p1.R1.C1,p1.R2.C1,p1.R3.C1,p1.R4.C1,p1.R5.C1,p1.R6.C1,p1.R7.C1,p1.R7.C2","p1.R1.C1,p1.R2.C1,p1.R3.C1,p1.R4.C1,p1.R5.C1,p1.R6.C1",,,,7b8f2f9e2fc982b156775039f06a4cc975127aef503212a8931b5efa7398762b,113.015,1308,590,False,,,none,,7,6,6,6,12,6,0,6,,
p1__chenyitian-shanshu_SIRL-Gurobi__s2,chenyitian-shanshu/SIRL-Gurobi,1,1,2,schema_failure,schema_failure,schema_failure,clean_fenced,True,False,False,True,,,,,,7b8f2f9e2fc982b156775039f06a4cc975127aef503212a8931b5efa7398762b,100.707,1308,526,False,,,none,,,,,,,0,0,0,schema_failure,missing required experiment key: status
p1__chenyitian-shanshu_SIRL-Gurobi__s3,chenyitian-shanshu/SIRL-Gurobi,1,1,3,schema_failure,schema_failure,schema_failure,clean_fenced,True,False,False,True,,,,,,7b8f2f9e2fc982b156775039f06a4cc975127aef503212a8931b5efa7398762b,98.147,1308,513,False,,,none,,,,,,,0,0,0,schema_failure,missing required experiment key: status
p1__chenyitian-shanshu_SIRL-Gurobi__s4,chenyitian-shanshu/SIRL-Gurobi,1,1,4,schema_failure,schema_failure,schema_failure,clean_fenced,True,False,False,True,,,,,,7b8f2f9e2fc982b156775039f06a4cc975127aef503212a8931b5efa7398762b,98.299,1308,514,False,,,none,,,,,,,0,0,0,schema_failure,missing required experiment key: status
p1__chenyitian-shanshu_SIRL-Gurobi__s5,chenyitian-shanshu/SIRL-Gurobi,1,1,5,schema_failure,schema_failure,schema_failure,clean_fenced,True,False,False,True,,,,,,7b8f2f9e2fc982b156775039f06a4cc975127aef503212a8931b5efa7398762b,97.481,1308,510,False,,,none,,,,,,,0,0,0,schema_failure,missing required experiment key: status
p1__chenyitian-shanshu_SIRL-Gurobi__s6,chenyitian-shanshu/SIRL-Gurobi,1,1,6,schema_failure,schema_failure,schema_failure,clean_fenced,True,False,False,True,,,,,,7b8f2f9e2fc982b156775039f06a4cc975127aef503212a8931b5efa7398762b,97.166,1308,510,False,,,none,,,,,,,0,0,0,schema_failure,missing required experiment key: status
p1__chenyitian-shanshu_SIRL-Gurobi__s7,chenyitian-shanshu/SIRL-Gurobi,1,1,7,schema_failure,schema_failure,schema_failure,clean_fenced,True,False,False,True,,,,,,7b8f2f9e2fc982b156775039f06a4cc975127aef503212a8931b5efa7398762b,100.45,1308,530,False,,,none,,,,,,,0,0,0,schema_failure,missing required experiment key: status
p1__chenyitian-shanshu_SIRL-Gurobi__s8,chenyitian-shanshu/SIRL-Gurobi,1,1,8,loud_bug,loud_bug,loud_bug,clean_fenced,True,True,False,True,"p1.R1.C1,p1.R2.C1,p1.R3.C1,p1.R4.C1,p1.R5.C1,p1.R6.C1,p1.R7.C1,p1.R7.C2","p1.R1.C1,p1.R2.C1,p1.R3.C1,p1.R4.C1,p1.R5.C1,p1.R6.C1",,,,7b8f2f9e2fc982b156775039f06a4cc975127aef503212a8931b5efa7398762b,108.24,1308,581,False,,,none,,7,6,6,6,12,6,0,6,,
p1__chenyitian-shanshu_SIRL-Gurobi__s9,chenyitian-shanshu/SIRL-Gurobi,1,1,9,loud_bug,loud_bug,loud_bug,clean_fenced,True,True,False,True,"p1.R1.C1,p1.R2.C1,p1.R3.C1,p1.R4.C1,p1.R5.C1,p1.R6.C1,p1.R7.C1,p1.R7.C2","p1.R1.C1,p1.R2.C1,p1.R3.C1,p1.R4.C1,p1.R5.C1,p1.R6.C1",,,,7b8f2f9e2fc982b156775039f06a4cc975127aef503212a8931b5efa7398762b,97.415,1308,529,False,,,none,,7,6,6,6,12,6,0,6,,
p2__chenyitian-shanshu_SIRL-Gurobi__s0,chenyitian-shanshu/SIRL-Gurobi,2,2,0,code_failure,code_failure,code_failure,clean_fenced,False,False,False,False,,,,,,cb63d386a3ed192e2ffb4f5ffe3a89d2eace331a8499a26195661ce29656ccba,138.727,1256,756,False,,,none,,,,,,,0,0,0,runtime_error,"Traceback (most recent call last):
  File ""/project/eick/maamr/sirl_exp1/results/sirl_8bit_full_10samples/execution_workdirs/p2__chenyitian-shanshu_SIRL-Gurobi__s0/execute_generated.py"", line 48, in <module>
    result = module.solve(data)
  File ""/project/eick/maamr/sirl_exp1/results/sirl_8bit_full_10samples/execution_workdirs/p2__chenyitian-shanshu_SIRL-Gurobi__s0/generated_model.py"", line 47, in solve
    model, variables = build_model(data)
  File ""/project/eick/maamr/sirl_exp1/results/sirl_8bit_full_10samples/execution_workdirs/p2__chenyitian-shanshu_SIRL-Gurobi__s0/generated_model.py"", line 42, in build_model
    model.setObjective(gp.quicksum(variables[course] for course in courses), GRB.MINIMIZE)
  File ""src/gurobipy/gurobi.pxi"", line 3842, in gurobipy.quicksum
  File ""/project/eick/maamr/sirl_exp1/results/sirl_8bit_full_10samples/execution_workdirs/p2__chenyitian-shanshu_SIRL-Gurobi__s0/generated_model.py"", line 42, in <genexpr>
    model.setObjective(gp.quicksum(variables[course] for course in courses), GRB.MINIMIZE)
KeyError: 'calculus'"
p2__chenyitian-shanshu_SIRL-Gurobi__s1,chenyitian-shanshu/SIRL-Gurobi,2,2,1,code_failure,code_failure,code_failure,clean_fenced,False,False,False,False,,,,,,cb63d386a3ed192e2ffb4f5ffe3a89d2eace331a8499a26195661ce29656ccba,137.69,1256,753,False,,,none,,,,,,,0,0,0,runtime_error,"Traceback (most recent call last):
  File ""/project/eick/maamr/sirl_exp1/results/sirl_8bit_full_10samples/execution_workdirs/p2__chenyitian-shanshu_SIRL-Gurobi__s1/execute_generated.py"", line 48, in <module>
    result = module.solve(data)
  File ""/project/eick/maamr/sirl_exp1/results/sirl_8bit_full_10samples/execution_workdirs/p2__chenyitian-shanshu_SIRL-Gurobi__s1/generated_model.py"", line 47, in solve
    model, variables = build_model(data)
  File ""/project/eick/maamr/sirl_exp1/results/sirl_8bit_full_10samples/execution_workdirs/p2__chenyitian-shanshu_SIRL-Gurobi__s1/generated_model.py"", line 42, in build_model
    model.setObjective(gp.quicksum(variables[course] for course in courses), GRB.MINIMIZE)
  File ""src/gurobipy/gurobi.pxi"", line 3842, in gurobipy.quicksum
  File ""/project/eick/maamr/sirl_exp1/results/sirl_8bit_full_10samples/execution_workdirs/p2__chenyitian-shanshu_SIRL-Gurobi__s1/generated_model.py"", line 42, in <genexpr>
    model.setObjective(gp.quicksum(variables[course] for course in courses), GRB.MINIMIZE)
KeyError: 'calculus'"
p2__chenyitian-shanshu_SIRL-Gurobi__s2,chenyitian-shanshu/SIRL-Gurobi,2,2,2,code_failure,code_failure,code_failure,clean_fenced,False,False,False,False,,,,,,cb63d386a3ed192e2ffb4f5ffe3a89d2eace331a8499a26195661ce29656ccba,131.91,1256,720,False,,,none,,,,,,,0,0,0,runtime_error,"Traceback (most recent call last):
  File ""/project/eick/maamr/sirl_exp1/results/sirl_8bit_full_10samples/execution_workdirs/p2__chenyitian-shanshu_SIRL-Gurobi__s2/execute_generated.py"", line 48, in <module>
    result = module.solve(data)
  File ""/project/eick/maamr/sirl_exp1/results/sirl_8bit_full_10samples/execution_workdirs/p2__chenyitian-shanshu_SIRL-Gurobi__s2/generated_model.py"", line 47, in solve
    model, variables = build_model(data)
  File ""/project/eick/maamr/sirl_exp1/results/sirl_8bit_full_10samples/execution_workdirs/p2__chenyitian-shanshu_SIRL-Gurobi__s2/generated_model.py"", line 42, in build_model
    model.setObjective(gp.quicksum(variables[course] for course in courses), GRB.MINIMIZE)
  File ""src/gurobipy/gurobi.pxi"", line 3842, in gurobipy.quicksum
  File ""/project/eick/maamr/sirl_exp1/results/sirl_8bit_full_10samples/execution_workdirs/p2__chenyitian-shanshu_SIRL-Gurobi__s2/generated_model.py"", line 42, in <genexpr>
    model.setObjective(gp.quicksum(variables[course] for course in courses), GRB.MINIMIZE)
KeyError: 'calculus'"
p2__chenyitian-shanshu_SIRL-Gurobi__s3,chenyitian-shanshu/SIRL-Gurobi,2,2,3,loud_bug,loud_bug,loud_bug,clean_fenced,True,True,False,True,"p2.R2.C1,p2.R3.C1,p2.R6.C1,p2.obj.C2","p2.R2.C1,p2.R3.C1,p2.R6.C1",,,,cb63d386a3ed192e2ffb4f5ffe3a89d2eace331a8499a26195661ce29656ccba,128.341,1256,705,False,,,none,,9,8,8,9,17,3,0,3,,
p2__chenyitian-shanshu_SIRL-Gurobi__s4,chenyitian-shanshu/SIRL-Gurobi,2,2,4,loud_bug,loud_bug,loud_bug,clean_fenced,True,True,False,True,"p2.R3.C1,p2.R5.C1,p2.R7.C1,p2.obj.C2","p2.R3.C1,p2.R5.C1,p2.R7.C1",,,,cb63d386a3ed192e2ffb4f5ffe3a89d2eace331a8499a26195661ce29656ccba,187.778,1256,1032,False,,,none,,9,8,8,9,17,3,0,3,,
p2__chenyitian-shanshu_SIRL-Gurobi__s5,chenyitian-shanshu/SIRL-Gurobi,2,2,5,loud_bug,loud_bug,loud_bug,clean_fenced,True,True,False,True,"p2.R2.C1,p2.R3.C1,p2.R6.C1,p2.obj.C2","p2.R2.C1,p2.R3.C1,p2.R6.C1",,,,cb63d386a3ed192e2ffb4f5ffe3a89d2eace331a8499a26195661ce29656ccba,128.647,1256,708,False,,,none,,9,8,8,9,17,3,0,3,,
p2__chenyitian-shanshu_SIRL-Gurobi__s6,chenyitian-shanshu/SIRL-Gurobi,2,2,6,loud_bug,loud_bug,loud_bug,clean_fenced,True,True,False,True,"p2.R5.C1,p2.R6.C1,p2.R7.C1,p2.obj.C2","p2.R5.C1,p2.R6.C1,p2.R7.C1",,,,cb63d386a3ed192e2ffb4f5ffe3a89d2eace331a8499a26195661ce29656ccba,130.123,1256,711,False,,,none,,9,8,8,9,17,3,0,3,,
p2__chenyitian-shanshu_SIRL-Gurobi__s7,chenyitian-shanshu/SIRL-Gurobi,2,2,7,loud_bug,loud_bug,loud_bug,clean_fenced,True,True,False,True,"p2.R2.C1,p2.R3.C1,p2.R6.C1,p2.obj.C2","p2.R2.C1,p2.R3.C1,p2.R6.C1",,,,cb63d386a3ed192e2ffb4f5ffe3a89d2eace331a8499a26195661ce29656ccba,130.641,1256,714,False,,,none,,9,8,8,9,17,3,0,3,,
p2__chenyitian-shanshu_SIRL-Gurobi__s8,chenyitian-shanshu/SIRL-Gurobi,2,2,8,loud_bug,loud_bug,loud_bug,clean_fenced,True,True,False,True,"p2.R2.C1,p2.R3.C1,p2.R6.C1,p2.obj.C2","p2.R2.C1,p2.R3.C1,p2.R6.C1",,,,cb63d386a3ed192e2ffb4f5ffe3a89d2eace331a8499a26195661ce29656ccba,128.251,1256,714,False,,,none,,9,8,8,9,17,3,0,3,,
p2__chenyitian-shanshu_SIRL-Gurobi__s9,chenyitian-shanshu/SIRL-Gurobi,2,2,9,loud_bug,loud_bug,loud_bug,clean_fenced,True,True,False,True,"p2.R2.C1,p2.R3.C1,p2.R6.C1,p2.obj.C2","p2.R2.C1,p2.R3.C1,p2.R6.C1",,,,cb63d386a3ed192e2ffb4f5ffe3a89d2eace331a8499a26195661ce29656ccba,129.1,1256,708,False,,,none,,9,8,8,9,17,3,0,3,,
p3__chenyitian-shanshu_SIRL-Gurobi__s0,chenyitian-shanshu/SIRL-Gurobi,3,3,0,loud_bug,loud_bug,loud_bug,clean_fenced,True,True,False,True,p3.obj.C2,,,,,06f21baafa3c1f9e7e43acc3898621e66105f47b1f9390380cc94ccadf2a4c92,266.611,1351,1455,False,,,none,,9,8,8,9,17,0,0,0,,
p3__chenyitian-shanshu_SIRL-Gurobi__s1,chenyitian-shanshu/SIRL-Gurobi,3,3,1,loud_bug,loud_bug,loud_bug,clean_fenced,True,True,False,True,p3.obj.C2,,,,,06f21baafa3c1f9e7e43acc3898621e66105f47b1f9390380cc94ccadf2a4c92,261.264,1351,1454,False,,,none,,9,8,8,9,17,0,0,0,,
p3__chenyitian-shanshu_SIRL-Gurobi__s2,chenyitian-shanshu/SIRL-Gurobi,3,3,2,loud_bug,loud_bug,loud_bug,clean_fenced,True,True,False,True,p3.obj.C2,,,,,06f21baafa3c1f9e7e43acc3898621e66105f47b1f9390380cc94ccadf2a4c92,267.96,1351,1478,False,,,none,,9,8,8,9,17,0,0,0,,
p3__chenyitian-shanshu_SIRL-Gurobi__s3,chenyitian-shanshu/SIRL-Gurobi,3,3,3,schema_failure,schema_failure,schema_failure,clean_fenced,True,False,False,True,,,,,,06f21baafa3c1f9e7e43acc3898621e66105f47b1f9390380cc94ccadf2a4c92,110.633,1351,617,False,,,none,,,,,,,0,0,0,schema_failure,result['solution'] is not a dict
p3__chenyitian-shanshu_SIRL-Gurobi__s4,chenyitian-shanshu/SIRL-Gurobi,3,3,4,loud_bug,loud_bug,loud_bug,clean_fenced,True,True,False,True,"p3.obj.C1,p3.obj.C2",,,,,06f21baafa3c1f9e7e43acc3898621e66105f47b1f9390380cc94ccadf2a4c92,85.532,1351,476,False,,,none,,9,8,8,9,17,0,0,0,,
p3__chenyitian-shanshu_SIRL-Gurobi__s5,chenyitian-shanshu/SIRL-Gurobi,3,3,5,loud_bug,loud_bug,loud_bug,clean_fenced,True,True,False,True,p3.obj.C2,,,,,06f21baafa3c1f9e7e43acc3898621e66105f47b1f9390380cc94ccadf2a4c92,266.78,1351,1454,False,,,none,,9,8,8,9,17,0,0,0,,
p3__chenyitian-shanshu_SIRL-Gurobi__s6,chenyitian-shanshu/SIRL-Gurobi,3,3,6,loud_bug,loud_bug,loud_bug,clean_fenced,True,True,False,True,p3.obj.C2,,,,,06f21baafa3c1f9e7e43acc3898621e66105f47b1f9390380cc94ccadf2a4c92,266.899,1351,1454,False,,,none,,9,8,8,9,17,0,0,0,,
p3__chenyitian-shanshu_SIRL-Gurobi__s7,chenyitian-shanshu/SIRL-Gurobi,3,3,7,loud_bug,loud_bug,loud_bug,clean_fenced,True,True,False,True,p3.obj.C2,,,,,06f21baafa3c1f9e7e43acc3898621e66105f47b1f9390380cc94ccadf2a4c92,266.689,1351,1453,False,,,none,,9,8,8,9,17,0,0,0,,
p3__chenyitian-shanshu_SIRL-Gurobi__s8,chenyitian-shanshu/SIRL-Gurobi,3,3,8,loud_bug,loud_bug,loud_bug,clean_fenced,True,True,False,True,p3.obj.C2,,,,,06f21baafa3c1f9e7e43acc3898621e66105f47b1f9390380cc94ccadf2a4c92,267.049,1351,1454,False,,,none,,9,8,8,9,17,0,0,0,,
p3__chenyitian-shanshu_SIRL-Gurobi__s9,chenyitian-shanshu/SIRL-Gurobi,3,3,9,loud_bug,loud_bug,loud_bug,clean_fenced,True,True,False,True,"p3.obj.C1,p3.obj.C2",,,,,06f21baafa3c1f9e7e43acc3898621e66105f47b1f9390380cc94ccadf2a4c92,85.462,1351,476,False,,,none,,9,8,8,9,17,0,0,0,,
p4__chenyitian-shanshu_SIRL-Gurobi__s0,chenyitian-shanshu/SIRL-Gurobi,4,4,0,loud_bug,loud_bug,loud_bug,clean_fenced,True,True,False,True,"p4.R5.C1,p4.obj.C2",p4.R5.C1,,,,e7ae31c2078ac2d39ade9176596be7083d8914e6e38ab742030f7eafdb82d066,72.998,1403,406,False,,,none,,6,5,5,6,11,1,0,1,,
p4__chenyitian-shanshu_SIRL-Gurobi__s1,chenyitian-shanshu/SIRL-Gurobi,4,4,1,loud_bug,loud_bug,loud_bug,clean_fenced,True,True,False,True,"p4.R5.C1,p4.obj.C2",p4.R5.C1,,,,e7ae31c2078ac2d39ade9176596be7083d8914e6e38ab742030f7eafdb82d066,72.948,1403,406,False,,,none,,6,5,5,6,11,1,0,1,,
p4__chenyitian-shanshu_SIRL-Gurobi__s2,chenyitian-shanshu/SIRL-Gurobi,4,4,2,loud_bug,loud_bug,loud_bug,clean_fenced,True,True,False,True,"p4.R5.C1,p4.obj.C2",p4.R5.C1,,,,e7ae31c2078ac2d39ade9176596be7083d8914e6e38ab742030f7eafdb82d066,74.384,1403,406,False,,,none,,6,5,5,6,11,1,0,1,,
p4__chenyitian-shanshu_SIRL-Gurobi__s3,chenyitian-shanshu/SIRL-Gurobi,4,4,3,loud_bug,loud_bug,loud_bug,clean_fenced,True,True,False,True,"p4.R5.C1,p4.obj.C2",p4.R5.C1,,,,e7ae31c2078ac2d39ade9176596be7083d8914e6e38ab742030f7eafdb82d066,74.375,1403,406,False,,,none,,6,5,5,6,11,1,0,1,,
p4__chenyitian-shanshu_SIRL-Gurobi__s4,chenyitian-shanshu/SIRL-Gurobi,4,4,4,loud_bug,loud_bug,loud_bug,clean_fenced,True,True,False,True,"p4.R5.C1,p4.obj.C2",p4.R5.C1,,,,e7ae31c2078ac2d39ade9176596be7083d8914e6e38ab742030f7eafdb82d066,74.394,1403,406,False,,,none,,6,5,5,6,11,1,0,1,,
p4__chenyitian-shanshu_SIRL-Gurobi__s5,chenyitian-shanshu/SIRL-Gurobi,4,4,5,loud_bug,loud_bug,loud_bug,clean_fenced,True,True,False,True,"p4.R5.C1,p4.obj.C2",p4.R5.C1,,,,e7ae31c2078ac2d39ade9176596be7083d8914e6e38ab742030f7eafdb82d066,74.499,1403,406,False,,,none,,6,5,5,6,11,1,0,1,,
p4__chenyitian-shanshu_SIRL-Gurobi__s6,chenyitian-shanshu/SIRL-Gurobi,4,4,6,loud_bug,loud_bug,loud_bug,clean_fenced,True,True,False,True,"p4.R5.C1,p4.obj.C2",p4.R5.C1,,,,e7ae31c2078ac2d39ade9176596be7083d8914e6e38ab742030f7eafdb82d066,74.344,1403,406,False,,,none,,6,5,5,6,11,1,0,1,,
p4__chenyitian-shanshu_SIRL-Gurobi__s7,chenyitian-shanshu/SIRL-Gurobi,4,4,7,loud_bug,loud_bug,loud_bug,clean_fenced,True,True,False,True,"p4.R5.C1,p4.obj.C2",p4.R5.C1,,,,e7ae31c2078ac2d39ade9176596be7083d8914e6e38ab742030f7eafdb82d066,72.92,1403,406,False,,,none,,6,5,5,6,11,1,0,1,,
p4__chenyitian-shanshu_SIRL-Gurobi__s8,chenyitian-shanshu/SIRL-Gurobi,4,4,8,loud_bug,loud_bug,loud_bug,clean_fenced,True,True,False,True,"p4.R5.C1,p4.obj.C2",p4.R5.C1,,,,e7ae31c2078ac2d39ade9176596be7083d8914e6e38ab742030f7eafdb82d066,72.687,1403,406,False,,,none,,6,5,5,6,11,1,0,1,,
p4__chenyitian-shanshu_SIRL-Gurobi__s9,chenyitian-shanshu/SIRL-Gurobi,4,4,9,loud_bug,loud_bug,loud_bug,clean_fenced,True,True,False,True,"p4.R5.C1,p4.obj.C2",p4.R5.C1,,,,e7ae31c2078ac2d39ade9176596be7083d8914e6e38ab742030f7eafdb82d066,72.867,1403,406,False,,,none,,6,5,5,6,11,1,0,1,,
p5__chenyitian-shanshu_SIRL-Gurobi__s0,chenyitian-shanshu/SIRL-Gurobi,5,5,0,correct,correct,correct,clean_fenced,True,True,True,True,,,,,,512e2f6930bdd918fae92238f808930fed1751a9458c5e94102d366c9945f680,155.974,1277,876,False,,,none,,9,8,8,9,17,0,0,0,,
p5__chenyitian-shanshu_SIRL-Gurobi__s1,chenyitian-shanshu/SIRL-Gurobi,5,5,1,silent_bug,silent_bug,silent_bug,clean_fenced,True,True,True,True,"p5.R5.C1,p5.R6.C1","p5.R5.C1,p5.R6.C1","R5,R6",,,512e2f6930bdd918fae92238f808930fed1751a9458c5e94102d366c9945f680,153.266,1277,860,False,linking_or_logic_error,"R5,R6",solution_and_formulation,linking_or_logic_error,9,8,8,9,17,2,2,4,,
p5__chenyitian-shanshu_SIRL-Gurobi__s2,chenyitian-shanshu/SIRL-Gurobi,5,5,2,correct,correct,correct,clean_fenced,True,True,True,True,,,,,,512e2f6930bdd918fae92238f808930fed1751a9458c5e94102d366c9945f680,158.369,1277,866,False,,,none,,9,8,8,9,17,0,0,0,,
p5__chenyitian-shanshu_SIRL-Gurobi__s3,chenyitian-shanshu/SIRL-Gurobi,5,5,3,correct,correct,correct,clean_fenced,True,True,True,True,,,,,,512e2f6930bdd918fae92238f808930fed1751a9458c5e94102d366c9945f680,157.687,1277,867,False,,,none,,9,8,8,9,17,0,0,0,,
p5__chenyitian-shanshu_SIRL-Gurobi__s4,chenyitian-shanshu/SIRL-Gurobi,5,5,4,correct,correct,correct,clean_fenced,True,True,True,True,,,,,,512e2f6930bdd918fae92238f808930fed1751a9458c5e94102d366c9945f680,159.366,1277,876,False,,,none,,9,8,8,9,17,0,0,0,,
p5__chenyitian-shanshu_SIRL-Gurobi__s5,chenyitian-shanshu/SIRL-Gurobi,5,5,5,code_failure,code_failure,code_failure,clean_fenced,False,False,False,False,,,,,,512e2f6930bdd918fae92238f808930fed1751a9458c5e94102d366c9945f680,228.03,1277,1248,False,,,none,,,,,,,0,0,0,runtime_error,"Traceback (most recent call last):
  File ""/project/eick/maamr/sirl_exp1/results/sirl_8bit_full_10samples/execution_workdirs/p5__chenyitian-shanshu_SIRL-Gurobi__s5/execute_generated.py"", line 48, in <module>
    result = module.solve(data)
  File ""/project/eick/maamr/sirl_exp1/results/sirl_8bit_full_10samples/execution_workdirs/p5__chenyitian-shanshu_SIRL-Gurobi__s5/generated_model.py"", line 86, in solve
    model, variables = build_model(data)
  File ""/project/eick/maamr/sirl_exp1/results/sirl_8bit_full_10samples/execution_workdirs/p5__chenyitian-shanshu_SIRL-Gurobi__s5/generated_model.py"", line 81, in build_model
    model.addConstr(variables[""sel_"" + course_names[course]][course] <= variables[""sel_"" + course_names[prerequisite]][prerequisite])
KeyError: 'sel_business statistics'"
p5__chenyitian-shanshu_SIRL-Gurobi__s6,chenyitian-shanshu/SIRL-Gurobi,5,5,6,correct,correct,correct,clean_fenced,True,True,True,True,,,,,,512e2f6930bdd918fae92238f808930fed1751a9458c5e94102d366c9945f680,157.698,1277,866,False,,,none,,9,8,8,9,17,0,0,0,,
p5__chenyitian-shanshu_SIRL-Gurobi__s7,chenyitian-shanshu/SIRL-Gurobi,5,5,7,correct,correct,correct,clean_fenced,True,True,True,True,,,,,,512e2f6930bdd918fae92238f808930fed1751a9458c5e94102d366c9945f680,173.433,1277,951,False,,,none,,9,8,8,9,17,0,0,0,,
p5__chenyitian-shanshu_SIRL-Gurobi__s8,chenyitian-shanshu/SIRL-Gurobi,5,5,8,correct,correct,correct,clean_fenced,True,True,True,True,,,,,,512e2f6930bdd918fae92238f808930fed1751a9458c5e94102d366c9945f680,157.01,1277,866,False,,,none,,9,8,8,9,17,0,0,0,,
p5__chenyitian-shanshu_SIRL-Gurobi__s9,chenyitian-shanshu/SIRL-Gurobi,5,5,9,silent_bug,silent_bug,silent_bug,clean_fenced,True,True,True,True,p5.R4.C1,p5.R4.C1,"R4,R5,R6",,,512e2f6930bdd918fae92238f808930fed1751a9458c5e94102d366c9945f680,144.182,1277,795,False,linking_or_logic_error,"R4 + fviol:R5,R6",solution_and_formulation,linking_or_logic_error,9,8,8,9,17,1,3,4,,
p6__chenyitian-shanshu_SIRL-Gurobi__s0,chenyitian-shanshu/SIRL-Gurobi,6,6,0,loud_bug,loud_bug,loud_bug,clean_fenced,True,True,False,True,"p6.R_bal_1.C1,p6.R_bal_3.C1,p6.R_bal_5.C1,p6.obj.C2","p6.R_bal_1.C1,p6.R_bal_3.C1,p6.R_bal_5.C1",,,,5da4c2f02a828486a6d609579a7fa4938f3301e8563e6f426f7f96f411d68931,323.817,2377,1756,False,,,none,,7,6,6,7,13,3,0,3,,
p6__chenyitian-shanshu_SIRL-Gurobi__s1,chenyitian-shanshu/SIRL-Gurobi,6,6,1,schema_failure,schema_failure,schema_failure,clean_fenced,True,False,False,True,,,,,,5da4c2f02a828486a6d609579a7fa4938f3301e8563e6f426f7f96f411d68931,473.872,2377,2548,False,,,none,,,,,,,0,0,0,schema_failure,result['solution'] is not a dict
p6__chenyitian-shanshu_SIRL-Gurobi__s2,chenyitian-shanshu/SIRL-Gurobi,6,6,2,loud_bug,loud_bug,loud_bug,clean_fenced,True,True,False,True,"p6.R_bal_1.C1,p6.R_bal_3.C1,p6.obj.C2","p6.R_bal_1.C1,p6.R_bal_3.C1",,,,5da4c2f02a828486a6d609579a7fa4938f3301e8563e6f426f7f96f411d68931,324.118,2377,1751,False,,,none,,7,6,6,7,13,2,0,2,,
p6__chenyitian-shanshu_SIRL-Gurobi__s3,chenyitian-shanshu/SIRL-Gurobi,6,6,3,schema_failure,schema_failure,schema_failure,clean_fenced,True,False,False,True,,,,,,5da4c2f02a828486a6d609579a7fa4938f3301e8563e6f426f7f96f411d68931,252.056,2377,1366,False,,,none,,,,,,,0,0,0,schema_failure,missing solution key: x_1_2; missing solution key: x_1_3; missing solution key: x_1_4; missing solution key: x_1_5; missing solution key: x_2_1; missing solution key: x_2_3; missing solution key: x_2_4; missing solution key: x_2_5; missing solution key: x_3_1; missing solution key: x_3_2; missing solution key: x_3_4; missing solution key: x_3_5; missing solution key: x_4_1; missing solution key: x_4_2; missing solution key: x_4_3; missing solution key: x_4_5; missing solution key: x_5_1; missing solution key: x_5_2; missing solution key: x_5_3; missing solution key: x_5_4
p6__chenyitian-shanshu_SIRL-Gurobi__s4,chenyitian-shanshu/SIRL-Gurobi,6,6,4,correct,correct,correct,clean_fenced,True,True,True,True,,,,,,5da4c2f02a828486a6d609579a7fa4938f3301e8563e6f426f7f96f411d68931,222.823,2377,1214,False,,,none,,7,6,6,7,13,0,0,0,,
p6__chenyitian-shanshu_SIRL-Gurobi__s5,chenyitian-shanshu/SIRL-Gurobi,6,6,5,code_failure,code_failure,code_failure,clean_fenced,False,False,False,False,,,,,,5da4c2f02a828486a6d609579a7fa4938f3301e8563e6f426f7f96f411d68931,315.79,2377,1714,False,,,none,,,,,,,0,0,0,runtime_error,"Traceback (most recent call last):
  File ""/project/eick/maamr/sirl_exp1/results/sirl_8bit_full_10samples/execution_workdirs/p6__chenyitian-shanshu_SIRL-Gurobi__s5/execute_generated.py"", line 48, in <module>
    result = module.solve(data)
  File ""/project/eick/maamr/sirl_exp1/results/sirl_8bit_full_10samples/execution_workdirs/p6__chenyitian-shanshu_SIRL-Gurobi__s5/generated_model.py"", line 91, in solve
    model, variables = build_model(data)
  File ""/project/eick/maamr/sirl_exp1/results/sirl_8bit_full_10samples/execution_workdirs/p6__chenyitian-shanshu_SIRL-Gurobi__s5/generated_model.py"", line 74, in build_model
    i, j = key.split(""_"")
ValueError: too many values to unpack (expected 2)"
p6__chenyitian-shanshu_SIRL-Gurobi__s6,chenyitian-shanshu/SIRL-Gurobi,6,6,6,silent_bug,silent_bug,silent_bug,clean_fenced,True,True,True,True,"p6.R_bal_1.C1,p6.R_bal_2.C1,p6.R_bal_3.C1","p6.R_bal_1.C1,p6.R_bal_2.C1,p6.R_bal_3.C1","R_bal_1,R_bal_2,R_bal_3",,,5da4c2f02a828486a6d609579a7fa4938f3301e8563e6f426f7f96f411d68931,219.023,2377,1196,False,structural_constraint_error,"R_bal_1,R_bal_2,R_bal_3",solution_and_formulation,constraint_misspecification,7,6,6,7,13,3,3,6,,
p6__chenyitian-shanshu_SIRL-Gurobi__s7,chenyitian-shanshu/SIRL-Gurobi,6,6,7,contract_failure,contract_failure,contract_failure,clean_fenced,True,True,True,True,,,,,"R_bal_1: variable 'x_2_1' not found in returned variables dict, model.getVarByName, or model.getVars(): cannot probe; R_bal_2: variable 'x_1_2' not found in returned variables dict, model.getVarByName, or model.getVars(): cannot probe; R_bal_3: variable 'x_1_3' not found in returned variables dict, model.getVarByName, or model.getVars(): cannot probe; R_bal_4: variable 'x_1_4' not found in returned variables dict, model.getVarByName, or model.getVars(): cannot probe; R_bal_5: variable 'x_1_5' not found in returned variables dict, model.getVarByName, or model.getVars(): cannot probe; R_nonneg: variable 'x_1_2, x_1_3, x_1_4, x_1_5, x_2_1, x_2_3, x_2_4, x_2_5, x_3_1, x_3_2, x_3_4, x_3_5, x_4_1, x_4_2, x_4_3, x_4_5, x_5_1, x_5_2, x_5_3, x_5_4' not found in returned variables dict, model.getVarByName, or model.getVars(): cannot probe",5da4c2f02a828486a6d609579a7fa4938f3301e8563e6f426f7f96f411d68931,372.553,2377,2015,False,,,none,,7,6,6,7,13,0,0,0,,
p6__chenyitian-shanshu_SIRL-Gurobi__s8,chenyitian-shanshu/SIRL-Gurobi,6,6,8,correct,correct,correct,clean_fenced,True,True,True,True,,,,,,5da4c2f02a828486a6d609579a7fa4938f3301e8563e6f426f7f96f411d68931,223.051,2377,1218,False,,,none,,7,6,6,7,13,0,0,0,,
p6__chenyitian-shanshu_SIRL-Gurobi__s9,chenyitian-shanshu/SIRL-Gurobi,6,6,9,loud_bug,loud_bug,loud_bug,clean_fenced,True,True,False,True,"p6.R_bal_1.C1,p6.R_bal_3.C1,p6.obj.C2","p6.R_bal_1.C1,p6.R_bal_3.C1",,,,5da4c2f02a828486a6d609579a7fa4938f3301e8563e6f426f7f96f411d68931,220.313,2377,1221,False,,,none,,7,6,6,7,13,2,0,2,,
p7__chenyitian-shanshu_SIRL-Gurobi__s0,chenyitian-shanshu/SIRL-Gurobi,7,7,0,loud_bug,loud_bug,loud_bug,clean_fenced,True,True,False,True,"p7.R_end_II.C1,p7.R_end_III.C1,p7.obj.C1,p7.obj.C2","p7.R_end_II.C1,p7.R_end_III.C1",,,,892befbe62d04a1714971532caa8264c422382e126c29e8bdb237f761eed87e2,888.509,3129,4653,False,,,none,,25,24,24,25,49,2,0,2,,
p7__chenyitian-shanshu_SIRL-Gurobi__s1,chenyitian-shanshu/SIRL-Gurobi,7,7,1,code_failure,code_failure,code_failure,clean_fenced,False,False,False,False,,,,,,892befbe62d04a1714971532caa8264c422382e126c29e8bdb237f761eed87e2,803.979,3129,4221,False,,,none,,,,,,,0,0,0,runtime_error,"Traceback (most recent call last):
  File ""/project/eick/maamr/sirl_exp1/results/sirl_8bit_full_10samples/execution_workdirs/p7__chenyitian-shanshu_SIRL-Gurobi__s1/execute_generated.py"", line 48, in <module>
    result = module.solve(data)
  File ""/project/eick/maamr/sirl_exp1/results/sirl_8bit_full_10samples/execution_workdirs/p7__chenyitian-shanshu_SIRL-Gurobi__s1/generated_model.py"", line 240, in solve
    model, variables = build_model(data)
  File ""/project/eick/maamr/sirl_exp1/results/sirl_8bit_full_10samples/execution_workdirs/p7__chenyitian-shanshu_SIRL-Gurobi__s1/generated_model.py"", line 171, in build_model
    inventory[product][quarter][""Iv_I_1""] == (orders[product][quarter] - x[product][quarter] + inventory[product][quarter - 1][""Iv_I_1""] if quarter > 1 else orders[product][quarter] - x[product][quarter])
TypeError: 'Var' object is not subscriptable"
p7__chenyitian-shanshu_SIRL-Gurobi__s2,chenyitian-shanshu/SIRL-Gurobi,7,7,2,loud_bug,loud_bug,loud_bug,clean_fenced,True,True,False,True,"p7.R_end_II.C1,p7.R_end_III.C1,p7.obj.C1,p7.obj.C2","p7.R_end_II.C1,p7.R_end_III.C1",,,,892befbe62d04a1714971532caa8264c422382e126c29e8bdb237f761eed87e2,888.378,3129,4653,False,,,none,,25,24,24,25,49,2,0,2,,
p7__chenyitian-shanshu_SIRL-Gurobi__s3,chenyitian-shanshu/SIRL-Gurobi,7,7,3,loud_bug,loud_bug,loud_bug,clean_fenced,True,True,False,True,"p7.R_bal_I_2.C1,p7.R_bal_I_3.C1,p7.R_bal_I_4.C1,p7.R_bal_II_1.C1,p7.R_bal_II_2.C1,p7.R_bal_II_3.C1,p7.R_bal_II_4.C1,p7.R_bal_III_1.C1,p7.R_bal_III_2.C1,p7.R_bal_III_3.C1,p7.R_bal_III_4.C1,p7.obj.C1,p7.obj.C2","p7.R_bal_I_2.C1,p7.R_bal_I_3.C1,p7.R_bal_I_4.C1,p7.R_bal_II_1.C1,p7.R_bal_II_2.C1,p7.R_bal_II_3.C1,p7.R_bal_II_4.C1,p7.R_bal_III_1.C1,p7.R_bal_III_2.C1,p7.R_bal_III_3.C1,p7.R_bal_III_4.C1",,,,892befbe62d04a1714971532caa8264c422382e126c29e8bdb237f761eed87e2,484.593,3129,2599,False,,,none,,25,24,24,25,49,11,0,11,,
p7__chenyitian-shanshu_SIRL-Gurobi__s4,chenyitian-shanshu/SIRL-Gurobi,7,7,4,loud_bug,loud_bug,loud_bug,clean_fenced,True,True,False,True,"p7.R_bal_I_2.C1,p7.R_bal_I_3.C1,p7.R_bal_I_4.C1,p7.R_bal_II_4.C1,p7.R_bal_III_2.C1,p7.R_bal_III_3.C1,p7.obj.C1,p7.obj.C2","p7.R_bal_I_2.C1,p7.R_bal_I_3.C1,p7.R_bal_I_4.C1,p7.R_bal_II_4.C1,p7.R_bal_III_2.C1,p7.R_bal_III_3.C1",,,,892befbe62d04a1714971532caa8264c422382e126c29e8bdb237f761eed87e2,861.855,3129,4432,False,,,none,,25,24,24,25,49,6,0,6,,
p7__chenyitian-shanshu_SIRL-Gurobi__s5,chenyitian-shanshu/SIRL-Gurobi,7,7,5,code_failure,code_failure,code_failure,clean_fenced,False,False,False,False,,,,,,892befbe62d04a1714971532caa8264c422382e126c29e8bdb237f761eed87e2,1069.467,3129,5421,False,,,none,,,,,,,0,0,0,runtime_error,"Traceback (most recent call last):
  File ""/project/eick/maamr/sirl_exp1/results/sirl_8bit_full_10samples/execution_workdirs/p7__chenyitian-shanshu_SIRL-Gurobi__s5/execute_generated.py"", line 48, in <module>
    result = module.solve(data)
  File ""/project/eick/maamr/sirl_exp1/results/sirl_8bit_full_10samples/execution_workdirs/p7__chenyitian-shanshu_SIRL-Gurobi__s5/generated_model.py"", line 294, in solve
    model, variables = build_model(data)
  File ""/project/eick/maamr/sirl_exp1/results/sirl_8bit_full_10samples/execution_workdirs/p7__chenyitian-shanshu_SIRL-Gurobi__s5/generated_model.py"", line 173, in build_model
    model.addConstr(inventory[""I""][quarter][""Iv_I_1""] == 0)
TypeError: 'Var' object is not subscriptable"
p7__chenyitian-shanshu_SIRL-Gurobi__s6,chenyitian-shanshu/SIRL-Gurobi,7,7,6,loud_bug,loud_bug,loud_bug,clean_fenced,True,True,False,True,"p7.R_bal_I_4.C1,p7.R_nobacklog_end_I.C1,p7.obj.C1,p7.obj.C2","p7.R_bal_I_4.C1,p7.R_nobacklog_end_I.C1",,,,892befbe62d04a1714971532caa8264c422382e126c29e8bdb237f761eed87e2,893.709,3129,4640,False,,,none,,25,24,24,25,49,2,0,2,,
p7__chenyitian-shanshu_SIRL-Gurobi__s7,chenyitian-shanshu/SIRL-Gurobi,7,7,7,schema_failure,schema_failure,schema_failure,clean_fenced,True,False,False,True,,,,,,892befbe62d04a1714971532caa8264c422382e126c29e8bdb237f761eed87e2,1041.923,3129,5294,False,,,none,,,,,,,0,0,0,schema_failure,result['solution'] is not a dict
p7__chenyitian-shanshu_SIRL-Gurobi__s8,chenyitian-shanshu/SIRL-Gurobi,7,7,8,loud_bug,loud_bug,loud_bug,clean_fenced,True,True,False,True,"p7.R_bal_I_1.C1,p7.R_bal_I_2.C1,p7.R_bal_I_3.C1,p7.R_bal_I_4.C1,p7.R_bal_III_1.C1,p7.R_bal_III_4.C1,p7.R_nobacklog_end_I.C1,p7.R_nobacklog_end_III.C1,p7.obj.C2","p7.R_bal_I_1.C1,p7.R_bal_I_2.C1,p7.R_bal_I_3.C1,p7.R_bal_I_4.C1,p7.R_bal_III_1.C1,p7.R_bal_III_4.C1,p7.R_nobacklog_end_I.C1,p7.R_nobacklog_end_III.C1",,,,892befbe62d04a1714971532caa8264c422382e126c29e8bdb237f761eed87e2,858.064,3129,4411,False,,,none,,25,24,24,25,49,8,0,8,,
p7__chenyitian-shanshu_SIRL-Gurobi__s9,chenyitian-shanshu/SIRL-Gurobi,7,7,9,code_failure,code_failure,code_failure,clean_fenced,False,False,False,False,,,,,,892befbe62d04a1714971532caa8264c422382e126c29e8bdb237f761eed87e2,1068.209,3129,5417,False,,,none,,,,,,,0,0,0,runtime_error,"Traceback (most recent call last):
  File ""/project/eick/maamr/sirl_exp1/results/sirl_8bit_full_10samples/execution_workdirs/p7__chenyitian-shanshu_SIRL-Gurobi__s9/execute_generated.py"", line 48, in <module>
    result = module.solve(data)
  File ""/project/eick/maamr/sirl_exp1/results/sirl_8bit_full_10samples/execution_workdirs/p7__chenyitian-shanshu_SIRL-Gurobi__s9/generated_model.py"", line 260, in solve
    model, variables = build_model(data)
  File ""/project/eick/maamr/sirl_exp1/results/sirl_8bit_full_10samples/execution_workdirs/p7__chenyitian-shanshu_SIRL-Gurobi__s9/generated_model.py"", line 173, in build_model
    model.addConstr(inventory[""I""][quarter][""Iv_I_1""] == orders[""I""][quarter] - x[""I""][quarter] + inventory[""I""][quarter - 1][""Iv_I_1""] if quarter != 1 else inventory[""I""][quarter][""Iv_I_1""] == orders[""I""][quarter] - x[""I""][quarter])
TypeError: 'Var' object is not subscriptable"
p8__chenyitian-shanshu_SIRL-Gurobi__s0,chenyitian-shanshu/SIRL-Gurobi,8,8,0,code_failure,code_failure,code_failure,clean_fenced,False,False,False,False,,,,,,0764e3c78fe3ba50ce63376b5a3a68ac50241aac91ae2d3ab72773f5d754b9c6,90.665,1516,494,False,,,none,,,,,,,0,0,0,runtime_error,"Traceback (most recent call last):
  File ""/project/eick/maamr/sirl_exp1/results/sirl_8bit_full_10samples/execution_workdirs/p8__chenyitian-shanshu_SIRL-Gurobi__s0/execute_generated.py"", line 48, in <module>
    result = module.solve(data)
  File ""/project/eick/maamr/sirl_exp1/results/sirl_8bit_full_10samples/execution_workdirs/p8__chenyitian-shanshu_SIRL-Gurobi__s0/generated_model.py"", line 44, in solve
    model, variables = build_model(data)
  File ""/project/eick/maamr/sirl_exp1/results/sirl_8bit_full_10samples/execution_workdirs/p8__chenyitian-shanshu_SIRL-Gurobi__s0/generated_model.py"", line 38, in build_model
    window_workers += variables[shift]
KeyError: '1'"
p8__chenyitian-shanshu_SIRL-Gurobi__s1,chenyitian-shanshu/SIRL-Gurobi,8,8,1,correct,correct,correct,clean_fenced,True,True,True,True,,,,,,0764e3c78fe3ba50ce63376b5a3a68ac50241aac91ae2d3ab72773f5d754b9c6,104.535,1516,568,False,,,none,,11,10,10,11,21,0,0,0,,
p8__chenyitian-shanshu_SIRL-Gurobi__s2,chenyitian-shanshu/SIRL-Gurobi,8,8,2,correct,correct,correct,clean_fenced,True,True,True,True,,,,,,0764e3c78fe3ba50ce63376b5a3a68ac50241aac91ae2d3ab72773f5d754b9c6,104.473,1516,569,False,,,none,,11,10,10,11,21,0,0,0,,
p8__chenyitian-shanshu_SIRL-Gurobi__s3,chenyitian-shanshu/SIRL-Gurobi,8,8,3,correct,correct,correct,clean_fenced,True,True,True,True,,,,,,0764e3c78fe3ba50ce63376b5a3a68ac50241aac91ae2d3ab72773f5d754b9c6,103.183,1516,562,False,,,none,,11,10,10,11,21,0,0,0,,
p8__chenyitian-shanshu_SIRL-Gurobi__s4,chenyitian-shanshu/SIRL-Gurobi,8,8,4,correct,correct,correct,clean_fenced,True,True,True,True,,,,,,0764e3c78fe3ba50ce63376b5a3a68ac50241aac91ae2d3ab72773f5d754b9c6,104.536,1516,569,False,,,none,,11,10,10,11,21,0,0,0,,
p8__chenyitian-shanshu_SIRL-Gurobi__s5,chenyitian-shanshu/SIRL-Gurobi,8,8,5,correct,correct,correct,clean_fenced,True,True,True,True,,,,,,0764e3c78fe3ba50ce63376b5a3a68ac50241aac91ae2d3ab72773f5d754b9c6,104.503,1516,569,False,,,none,,11,10,10,11,21,0,0,0,,
p8__chenyitian-shanshu_SIRL-Gurobi__s6,chenyitian-shanshu/SIRL-Gurobi,8,8,6,correct,correct,correct,clean_fenced,True,True,True,True,,,,,,0764e3c78fe3ba50ce63376b5a3a68ac50241aac91ae2d3ab72773f5d754b9c6,104.287,1516,569,False,,,none,,11,10,10,11,21,0,0,0,,
p8__chenyitian-shanshu_SIRL-Gurobi__s7,chenyitian-shanshu/SIRL-Gurobi,8,8,7,correct,correct,correct,clean_fenced,True,True,True,True,,,,,,0764e3c78fe3ba50ce63376b5a3a68ac50241aac91ae2d3ab72773f5d754b9c6,102.015,1516,555,False,,,none,,11,10,10,11,21,0,0,0,,
p8__chenyitian-shanshu_SIRL-Gurobi__s8,chenyitian-shanshu/SIRL-Gurobi,8,8,8,correct,correct,correct,clean_fenced,True,True,True,True,,,,,,0764e3c78fe3ba50ce63376b5a3a68ac50241aac91ae2d3ab72773f5d754b9c6,99.06,1516,540,False,,,none,,11,10,10,11,21,0,0,0,,
p8__chenyitian-shanshu_SIRL-Gurobi__s9,chenyitian-shanshu/SIRL-Gurobi,8,8,9,correct,correct,correct,clean_fenced,True,True,True,True,,,,,,0764e3c78fe3ba50ce63376b5a3a68ac50241aac91ae2d3ab72773f5d754b9c6,99.292,1516,540,False,,,none,,11,10,10,11,21,0,0,0,,
p9__chenyitian-shanshu_SIRL-Gurobi__s0,chenyitian-shanshu/SIRL-Gurobi,9,9,0,schema_failure,schema_failure,schema_failure,clean_fenced,True,False,False,True,,,,,,134c5de45298561ff7ce03dc5fdcd59712009c1c751edc8814c5190494cb8810,107.599,1256,588,False,,,none,,,,,,,0,0,0,schema_failure,result['solution'] is not a dict
p9__chenyitian-shanshu_SIRL-Gurobi__s1,chenyitian-shanshu/SIRL-Gurobi,9,9,1,code_failure,code_failure,code_failure,clean_fenced,False,False,False,False,,,,,,134c5de45298561ff7ce03dc5fdcd59712009c1c751edc8814c5190494cb8810,113.327,1256,618,False,,,none,,,,,,,0,0,0,runtime_error,"Traceback (most recent call last):
  File ""/project/eick/maamr/sirl_exp1/results/sirl_8bit_full_10samples/execution_workdirs/p9__chenyitian-shanshu_SIRL-Gurobi__s1/execute_generated.py"", line 48, in <module>
    result = module.solve(data)
  File ""/project/eick/maamr/sirl_exp1/results/sirl_8bit_full_10samples/execution_workdirs/p9__chenyitian-shanshu_SIRL-Gurobi__s1/generated_model.py"", line 47, in solve
    model, variables = build_model(data)
  File ""/project/eick/maamr/sirl_exp1/results/sirl_8bit_full_10samples/execution_workdirs/p9__chenyitian-shanshu_SIRL-Gurobi__s1/generated_model.py"", line 35, in build_model
    variables[""s0""][day_index] + variables[""s1""][day_index - 1] + variables[""s2""][day_index - 2] + variables[""s3""][day_index - 3] + variables[""s4""][day_index - 4] + variables[""s5""][day_index - 5] + variables[""s6""][day_index - 6] >= employees_needed[day_index % 7]
KeyError: 0"
p9__chenyitian-shanshu_SIRL-Gurobi__s2,chenyitian-shanshu/SIRL-Gurobi,9,9,2,silent_bug,silent_bug,silent_bug,clean_fenced,True,True,True,True,"p9.R_day3.C1,p9.R_day5.C1","p9.R_day3.C1,p9.R_day5.C1","R_day3,R_day5",,,134c5de45298561ff7ce03dc5fdcd59712009c1c751edc8814c5190494cb8810,96.979,1256,530,False,structural_constraint_error,"R_day3,R_day5",solution_and_formulation,constraint_misspecification,10,9,9,10,19,2,2,4,,
p9__chenyitian-shanshu_SIRL-Gurobi__s3,chenyitian-shanshu/SIRL-Gurobi,9,9,3,loud_bug,loud_bug,loud_bug,clean_fenced,True,True,False,True,p9.obj.C2,,,,,134c5de45298561ff7ce03dc5fdcd59712009c1c751edc8814c5190494cb8810,238.483,1256,1300,False,,,none,,10,9,9,10,19,0,0,0,,
p9__chenyitian-shanshu_SIRL-Gurobi__s4,chenyitian-shanshu/SIRL-Gurobi,9,9,4,code_failure,code_failure,code_failure,clean_fenced,False,False,False,False,,,,,,134c5de45298561ff7ce03dc5fdcd59712009c1c751edc8814c5190494cb8810,114.347,1256,626,False,,,none,,,,,,,0,0,0,runtime_error,"Traceback (most recent call last):
  File ""/project/eick/maamr/sirl_exp1/results/sirl_8bit_full_10samples/execution_workdirs/p9__chenyitian-shanshu_SIRL-Gurobi__s4/execute_generated.py"", line 48, in <module>
    result = module.solve(data)
  File ""/project/eick/maamr/sirl_exp1/results/sirl_8bit_full_10samples/execution_workdirs/p9__chenyitian-shanshu_SIRL-Gurobi__s4/generated_model.py"", line 51, in solve
    model, variables = build_model(data)
  File ""/project/eick/maamr/sirl_exp1/results/sirl_8bit_full_10samples/execution_workdirs/p9__chenyitian-shanshu_SIRL-Gurobi__s4/generated_model.py"", line 35, in build_model
    variables[""s0""][day_index] + variables[""s1""][day_index - 1] + variables[""s2""][day_index - 2] + 
KeyError: 0"
p9__chenyitian-shanshu_SIRL-Gurobi__s5,chenyitian-shanshu/SIRL-Gurobi,9,9,5,loud_bug,loud_bug,loud_bug,clean_fenced,True,True,False,True,"p9.R_day0.C1,p9.R_day1.C1,p9.R_day2.C1,p9.R_day3.C1,p9.R_day4.C1,p9.R_day5.C1,p9.R_day6.C1,p9.obj.C2","p9.R_day0.C1,p9.R_day1.C1,p9.R_day2.C1,p9.R_day3.C1,p9.R_day4.C1,p9.R_day5.C1,p9.R_day6.C1",,,,134c5de45298561ff7ce03dc5fdcd59712009c1c751edc8814c5190494cb8810,89.754,1256,490,False,,,none,,10,9,9,10,19,7,0,7,,
p9__chenyitian-shanshu_SIRL-Gurobi__s6,chenyitian-shanshu/SIRL-Gurobi,9,9,6,silent_bug,silent_bug,silent_bug,clean_fenced,True,True,True,True,"p9.R_day3.C1,p9.R_day5.C1","p9.R_day3.C1,p9.R_day5.C1","R_day3,R_day5",,,134c5de45298561ff7ce03dc5fdcd59712009c1c751edc8814c5190494cb8810,97.053,1256,530,False,structural_constraint_error,"R_day3,R_day5",solution_and_formulation,constraint_misspecification,10,9,9,10,19,2,2,4,,
p9__chenyitian-shanshu_SIRL-Gurobi__s7,chenyitian-shanshu/SIRL-Gurobi,9,9,7,code_failure,code_failure,code_failure,clean_fenced,False,False,False,False,,,,,,134c5de45298561ff7ce03dc5fdcd59712009c1c751edc8814c5190494cb8810,203.091,1256,1132,False,,,none,,,,,,,0,0,0,runtime_error,"Traceback (most recent call last):
  File ""/project/eick/maamr/sirl_exp1/results/sirl_8bit_full_10samples/execution_workdirs/p9__chenyitian-shanshu_SIRL-Gurobi__s7/execute_generated.py"", line 48, in <module>
    result = module.solve(data)
  File ""/project/eick/maamr/sirl_exp1/results/sirl_8bit_full_10samples/execution_workdirs/p9__chenyitian-shanshu_SIRL-Gurobi__s7/generated_model.py"", line 130, in solve
    model, variables = build_model(data)
  File ""/project/eick/maamr/sirl_exp1/results/sirl_8bit_full_10samples/execution_workdirs/p9__chenyitian-shanshu_SIRL-Gurobi__s7/generated_model.py"", line 35, in build_model
    variables[""s0""][(day == ""Mon"")] +
KeyError: True"
p9__chenyitian-shanshu_SIRL-Gurobi__s8,chenyitian-shanshu/SIRL-Gurobi,9,9,8,silent_bug,silent_bug,silent_bug,clean_fenced,True,True,True,True,"p9.R_day3.C1,p9.R_day5.C1","p9.R_day3.C1,p9.R_day5.C1","R_day3,R_day5",,,134c5de45298561ff7ce03dc5fdcd59712009c1c751edc8814c5190494cb8810,88.466,1256,483,False,structural_constraint_error,"R_day3,R_day5",solution_and_formulation,constraint_misspecification,10,9,9,10,19,2,2,4,,
p9__chenyitian-shanshu_SIRL-Gurobi__s9,chenyitian-shanshu/SIRL-Gurobi,9,9,9,correct,correct,correct,clean_fenced,True,True,True,True,,,,,,134c5de45298561ff7ce03dc5fdcd59712009c1c751edc8814c5190494cb8810,88.689,1256,484,False,,,none,,10,9,9,10,19,0,0,0,,
p10__chenyitian-shanshu_SIRL-Gurobi__s0,chenyitian-shanshu/SIRL-Gurobi,10,10,0,loud_bug,loud_bug,loud_bug,clean_fenced,True,True,False,True,p10.obj.C2,,,,,9327588e2287d8ab61ffa62dff8a04a14601842b37c48d6a94a957d281d8634b,142.378,1405,778,False,,,none,,7,6,6,7,13,0,0,0,,
p10__chenyitian-shanshu_SIRL-Gurobi__s1,chenyitian-shanshu/SIRL-Gurobi,10,10,1,loud_bug,loud_bug,loud_bug,clean_fenced,True,True,False,True,p10.obj.C2,,,,,9327588e2287d8ab61ffa62dff8a04a14601842b37c48d6a94a957d281d8634b,139.382,1405,778,False,,,none,,7,6,6,7,13,0,0,0,,
p10__chenyitian-shanshu_SIRL-Gurobi__s2,chenyitian-shanshu/SIRL-Gurobi,10,10,2,correct,correct,correct,clean_fenced,True,True,True,True,,,,,,9327588e2287d8ab61ffa62dff8a04a14601842b37c48d6a94a957d281d8634b,145.546,1405,795,False,,,none,,7,6,6,7,13,0,0,0,,
p10__chenyitian-shanshu_SIRL-Gurobi__s3,chenyitian-shanshu/SIRL-Gurobi,10,10,3,correct,correct,correct,clean_fenced,True,True,True,True,,,,,,9327588e2287d8ab61ffa62dff8a04a14601842b37c48d6a94a957d281d8634b,145.878,1405,795,False,,,none,,7,6,6,7,13,0,0,0,,
p10__chenyitian-shanshu_SIRL-Gurobi__s4,chenyitian-shanshu/SIRL-Gurobi,10,10,4,loud_bug,loud_bug,loud_bug,clean_fenced,True,True,False,True,"p10.R_link_shirts.C1,p10.R_link_pants.C1,p10.obj.C2","p10.R_link_shirts.C1,p10.R_link_pants.C1",,,,9327588e2287d8ab61ffa62dff8a04a14601842b37c48d6a94a957d281d8634b,151.112,1405,825,False,,,none,,7,6,6,7,13,2,0,2,,
p10__chenyitian-shanshu_SIRL-Gurobi__s5,chenyitian-shanshu/SIRL-Gurobi,10,10,5,correct,correct,correct,clean_fenced,True,True,True,True,,,,,,9327588e2287d8ab61ffa62dff8a04a14601842b37c48d6a94a957d281d8634b,140.741,1405,785,False,,,none,,7,6,6,7,13,0,0,0,,
p10__chenyitian-shanshu_SIRL-Gurobi__s6,chenyitian-shanshu/SIRL-Gurobi,10,10,6,loud_bug,loud_bug,loud_bug,clean_fenced,True,True,False,True,p10.obj.C2,,,,,9327588e2287d8ab61ffa62dff8a04a14601842b37c48d6a94a957d281d8634b,149.423,1405,816,False,,,none,,7,6,6,7,13,0,0,0,,
p10__chenyitian-shanshu_SIRL-Gurobi__s7,chenyitian-shanshu/SIRL-Gurobi,10,10,7,loud_bug,loud_bug,loud_bug,clean_fenced,True,True,False,True,p10.obj.C2,,,,,9327588e2287d8ab61ffa62dff8a04a14601842b37c48d6a94a957d281d8634b,146.456,1405,799,False,,,none,,7,6,6,7,13,0,0,0,,
p10__chenyitian-shanshu_SIRL-Gurobi__s8,chenyitian-shanshu/SIRL-Gurobi,10,10,8,loud_bug,loud_bug,loud_bug,clean_fenced,True,True,False,True,p10.obj.C2,,,,,9327588e2287d8ab61ffa62dff8a04a14601842b37c48d6a94a957d281d8634b,145.685,1405,799,False,,,none,,7,6,6,7,13,0,0,0,,
p10__chenyitian-shanshu_SIRL-Gurobi__s9,chenyitian-shanshu/SIRL-Gurobi,10,10,9,loud_bug,loud_bug,loud_bug,clean_fenced,True,True,False,True,p10.obj.C2,,,,,9327588e2287d8ab61ffa62dff8a04a14601842b37c48d6a94a957d281d8634b,146.791,1405,799,False,,,none,,7,6,6,7,13,0,0,0,,
p11__chenyitian-shanshu_SIRL-Gurobi__s0,chenyitian-shanshu/SIRL-Gurobi,11,11,0,local_hf_8bit_failure,local_hf_8bit_failure,local_hf_8bit_failure,,False,False,False,False,,,,,,f690f97ab88220fc4e6afd67c9c5647767aef832350ff96eda56f701be6fca4b,0.556,,,,,,none,,,,,,,0,0,0,local_hf_8bit_failure,"OutOfMemoryError: CUDA out of memory. Tried to allocate 6.92 GiB. GPU 0 has a total capacity of 15.77 GiB of which 5.63 GiB is free. Including non-PyTorch memory, this process has 10.13 GiB memory in use. Of the allocated memory 9.13 GiB is allocated by PyTorch, and 643.15 MiB is reserved by PyTorch but unallocated. If reserved but unallocated memory is large try setting PYTORCH_CUDA_ALLOC_CONF=expandable_segments:True to avoid fragmentation.  See documentation for Memory Management  (https://pytorch.org/docs/stable/notes/cuda.html#environment-variables)"
p11__chenyitian-shanshu_SIRL-Gurobi__s1,chenyitian-shanshu/SIRL-Gurobi,11,11,1,local_hf_8bit_failure,local_hf_8bit_failure,local_hf_8bit_failure,,False,False,False,False,,,,,,f690f97ab88220fc4e6afd67c9c5647767aef832350ff96eda56f701be6fca4b,0.039,,,,,,none,,,,,,,0,0,0,local_hf_8bit_failure,"OutOfMemoryError: CUDA out of memory. Tried to allocate 6.92 GiB. GPU 0 has a total capacity of 15.77 GiB of which 5.63 GiB is free. Including non-PyTorch memory, this process has 10.13 GiB memory in use. Of the allocated memory 9.13 GiB is allocated by PyTorch, and 643.15 MiB is reserved by PyTorch but unallocated. If reserved but unallocated memory is large try setting PYTORCH_CUDA_ALLOC_CONF=expandable_segments:True to avoid fragmentation.  See documentation for Memory Management  (https://pytorch.org/docs/stable/notes/cuda.html#environment-variables)"
p11__chenyitian-shanshu_SIRL-Gurobi__s2,chenyitian-shanshu/SIRL-Gurobi,11,11,2,local_hf_8bit_failure,local_hf_8bit_failure,local_hf_8bit_failure,,False,False,False,False,,,,,,f690f97ab88220fc4e6afd67c9c5647767aef832350ff96eda56f701be6fca4b,0.037,,,,,,none,,,,,,,0,0,0,local_hf_8bit_failure,"OutOfMemoryError: CUDA out of memory. Tried to allocate 6.92 GiB. GPU 0 has a total capacity of 15.77 GiB of which 5.63 GiB is free. Including non-PyTorch memory, this process has 10.13 GiB memory in use. Of the allocated memory 9.13 GiB is allocated by PyTorch, and 643.15 MiB is reserved by PyTorch but unallocated. If reserved but unallocated memory is large try setting PYTORCH_CUDA_ALLOC_CONF=expandable_segments:True to avoid fragmentation.  See documentation for Memory Management  (https://pytorch.org/docs/stable/notes/cuda.html#environment-variables)"
p11__chenyitian-shanshu_SIRL-Gurobi__s3,chenyitian-shanshu/SIRL-Gurobi,11,11,3,local_hf_8bit_failure,local_hf_8bit_failure,local_hf_8bit_failure,,False,False,False,False,,,,,,f690f97ab88220fc4e6afd67c9c5647767aef832350ff96eda56f701be6fca4b,0.037,,,,,,none,,,,,,,0,0,0,local_hf_8bit_failure,"OutOfMemoryError: CUDA out of memory. Tried to allocate 6.92 GiB. GPU 0 has a total capacity of 15.77 GiB of which 5.63 GiB is free. Including non-PyTorch memory, this process has 10.13 GiB memory in use. Of the allocated memory 9.13 GiB is allocated by PyTorch, and 643.15 MiB is reserved by PyTorch but unallocated. If reserved but unallocated memory is large try setting PYTORCH_CUDA_ALLOC_CONF=expandable_segments:True to avoid fragmentation.  See documentation for Memory Management  (https://pytorch.org/docs/stable/notes/cuda.html#environment-variables)"
p11__chenyitian-shanshu_SIRL-Gurobi__s4,chenyitian-shanshu/SIRL-Gurobi,11,11,4,local_hf_8bit_failure,local_hf_8bit_failure,local_hf_8bit_failure,,False,False,False,False,,,,,,f690f97ab88220fc4e6afd67c9c5647767aef832350ff96eda56f701be6fca4b,0.039,,,,,,none,,,,,,,0,0,0,local_hf_8bit_failure,"OutOfMemoryError: CUDA out of memory. Tried to allocate 6.92 GiB. GPU 0 has a total capacity of 15.77 GiB of which 5.63 GiB is free. Including non-PyTorch memory, this process has 10.13 GiB memory in use. Of the allocated memory 9.13 GiB is allocated by PyTorch, and 643.15 MiB is reserved by PyTorch but unallocated. If reserved but unallocated memory is large try setting PYTORCH_CUDA_ALLOC_CONF=expandable_segments:True to avoid fragmentation.  See documentation for Memory Management  (https://pytorch.org/docs/stable/notes/cuda.html#environment-variables)"
p11__chenyitian-shanshu_SIRL-Gurobi__s5,chenyitian-shanshu/SIRL-Gurobi,11,11,5,local_hf_8bit_failure,local_hf_8bit_failure,local_hf_8bit_failure,,False,False,False,False,,,,,,f690f97ab88220fc4e6afd67c9c5647767aef832350ff96eda56f701be6fca4b,0.037,,,,,,none,,,,,,,0,0,0,local_hf_8bit_failure,"OutOfMemoryError: CUDA out of memory. Tried to allocate 6.92 GiB. GPU 0 has a total capacity of 15.77 GiB of which 5.63 GiB is free. Including non-PyTorch memory, this process has 10.13 GiB memory in use. Of the allocated memory 9.13 GiB is allocated by PyTorch, and 643.15 MiB is reserved by PyTorch but unallocated. If reserved but unallocated memory is large try setting PYTORCH_CUDA_ALLOC_CONF=expandable_segments:True to avoid fragmentation.  See documentation for Memory Management  (https://pytorch.org/docs/stable/notes/cuda.html#environment-variables)"
p11__chenyitian-shanshu_SIRL-Gurobi__s6,chenyitian-shanshu/SIRL-Gurobi,11,11,6,local_hf_8bit_failure,local_hf_8bit_failure,local_hf_8bit_failure,,False,False,False,False,,,,,,f690f97ab88220fc4e6afd67c9c5647767aef832350ff96eda56f701be6fca4b,0.036,,,,,,none,,,,,,,0,0,0,local_hf_8bit_failure,"OutOfMemoryError: CUDA out of memory. Tried to allocate 6.92 GiB. GPU 0 has a total capacity of 15.77 GiB of which 5.63 GiB is free. Including non-PyTorch memory, this process has 10.13 GiB memory in use. Of the allocated memory 9.13 GiB is allocated by PyTorch, and 643.15 MiB is reserved by PyTorch but unallocated. If reserved but unallocated memory is large try setting PYTORCH_CUDA_ALLOC_CONF=expandable_segments:True to avoid fragmentation.  See documentation for Memory Management  (https://pytorch.org/docs/stable/notes/cuda.html#environment-variables)"
p11__chenyitian-shanshu_SIRL-Gurobi__s7,chenyitian-shanshu/SIRL-Gurobi,11,11,7,local_hf_8bit_failure,local_hf_8bit_failure,local_hf_8bit_failure,,False,False,False,False,,,,,,f690f97ab88220fc4e6afd67c9c5647767aef832350ff96eda56f701be6fca4b,0.037,,,,,,none,,,,,,,0,0,0,local_hf_8bit_failure,"OutOfMemoryError: CUDA out of memory. Tried to allocate 6.92 GiB. GPU 0 has a total capacity of 15.77 GiB of which 5.63 GiB is free. Including non-PyTorch memory, this process has 10.13 GiB memory in use. Of the allocated memory 9.13 GiB is allocated by PyTorch, and 643.15 MiB is reserved by PyTorch but unallocated. If reserved but unallocated memory is large try setting PYTORCH_CUDA_ALLOC_CONF=expandable_segments:True to avoid fragmentation.  See documentation for Memory Management  (https://pytorch.org/docs/stable/notes/cuda.html#environment-variables)"
p11__chenyitian-shanshu_SIRL-Gurobi__s8,chenyitian-shanshu/SIRL-Gurobi,11,11,8,local_hf_8bit_failure,local_hf_8bit_failure,local_hf_8bit_failure,,False,False,False,False,,,,,,f690f97ab88220fc4e6afd67c9c5647767aef832350ff96eda56f701be6fca4b,0.036,,,,,,none,,,,,,,0,0,0,local_hf_8bit_failure,"OutOfMemoryError: CUDA out of memory. Tried to allocate 6.92 GiB. GPU 0 has a total capacity of 15.77 GiB of which 5.63 GiB is free. Including non-PyTorch memory, this process has 10.13 GiB memory in use. Of the allocated memory 9.13 GiB is allocated by PyTorch, and 643.15 MiB is reserved by PyTorch but unallocated. If reserved but unallocated memory is large try setting PYTORCH_CUDA_ALLOC_CONF=expandable_segments:True to avoid fragmentation.  See documentation for Memory Management  (https://pytorch.org/docs/stable/notes/cuda.html#environment-variables)"
p11__chenyitian-shanshu_SIRL-Gurobi__s9,chenyitian-shanshu/SIRL-Gurobi,11,11,9,local_hf_8bit_failure,local_hf_8bit_failure,local_hf_8bit_failure,,False,False,False,False,,,,,,f690f97ab88220fc4e6afd67c9c5647767aef832350ff96eda56f701be6fca4b,0.036,,,,,,none,,,,,,,0,0,0,local_hf_8bit_failure,"OutOfMemoryError: CUDA out of memory. Tried to allocate 6.92 GiB. GPU 0 has a total capacity of 15.77 GiB of which 5.63 GiB is free. Including non-PyTorch memory, this process has 10.13 GiB memory in use. Of the allocated memory 9.13 GiB is allocated by PyTorch, and 643.15 MiB is reserved by PyTorch but unallocated. If reserved but unallocated memory is large try setting PYTORCH_CUDA_ALLOC_CONF=expandable_segments:True to avoid fragmentation.  See documentation for Memory Management  (https://pytorch.org/docs/stable/notes/cuda.html#environment-variables)"
p12__chenyitian-shanshu_SIRL-Gurobi__s0,chenyitian-shanshu/SIRL-Gurobi,12,12,0,loud_bug,loud_bug,loud_bug,clean_fenced,True,True,False,True,"p12.R_cap_c1.C1,p12.R_cap_c2.C1,p12.R_cap_c3.C1,p12.R_cap_c4.C1,p12.R_cap_c5.C1,p12.obj.C2","p12.R_cap_c1.C1,p12.R_cap_c2.C1,p12.R_cap_c3.C1,p12.R_cap_c4.C1,p12.R_cap_c5.C1",,,,0fb92aed8d55bd8f0f144eaf25547d7b76d7cae8d7bb297875e14af44a384753,191.202,3196,1017,False,,,none,,5,17,4,18,35,5,0,5,,
p12__chenyitian-shanshu_SIRL-Gurobi__s1,chenyitian-shanshu/SIRL-Gurobi,12,12,1,loud_bug,loud_bug,loud_bug,clean_fenced,True,True,False,True,"p12.R_cap_c1.C1,p12.R_cap_c2.C1,p12.R_cap_c3.C1,p12.R_cap_c4.C1,p12.R_cap_c5.C1,p12.obj.C2","p12.R_cap_c1.C1,p12.R_cap_c2.C1,p12.R_cap_c3.C1,p12.R_cap_c4.C1,p12.R_cap_c5.C1",,,,0fb92aed8d55bd8f0f144eaf25547d7b76d7cae8d7bb297875e14af44a384753,269.506,3196,1424,False,,,none,,5,17,4,18,35,5,0,5,,
p12__chenyitian-shanshu_SIRL-Gurobi__s2,chenyitian-shanshu/SIRL-Gurobi,12,12,2,loud_bug,loud_bug,loud_bug,clean_fenced,True,True,False,True,"p12.R_dem_s1.C1,p12.R_dem_s2.C1,p12.R_dem_s3.C1,p12.R_dem_s4.C1,p12.R_dem_s5.C1,p12.R_cap_c1.C1,p12.R_open_ub_c1.C1,p12.R_cap_c2.C1,p12.R_open_ub_c2.C1,p12.R_cap_c3.C1,p12.R_open_ub_c3.C1,p12.R_cap_c4.C1,p12.R_open_ub_c4.C1,p12.R_cap_c5.C1,p12.R_open_ub_c5.C1,p12.R_open_binary.C1,p12.R_nonneg.C1,p12.obj.C1,p12.obj.C2","p12.R_dem_s1.C1,p12.R_dem_s2.C1,p12.R_dem_s3.C1,p12.R_dem_s4.C1,p12.R_dem_s5.C1,p12.R_cap_c1.C1,p12.R_open_ub_c1.C1,p12.R_cap_c2.C1,p12.R_open_ub_c2.C1,p12.R_cap_c3.C1,p12.R_open_ub_c3.C1,p12.R_cap_c4.C1,p12.R_open_ub_c4.C1,p12.R_cap_c5.C1,p12.R_open_ub_c5.C1,p12.R_open_binary.C1,p12.R_nonneg.C1",,,,0fb92aed8d55bd8f0f144eaf25547d7b76d7cae8d7bb297875e14af44a384753,173.821,3196,942,False,,,none,,5,17,4,18,35,17,0,17,,
p12__chenyitian-shanshu_SIRL-Gurobi__s3,chenyitian-shanshu/SIRL-Gurobi,12,12,3,loud_bug,loud_bug,loud_bug,clean_fenced,True,True,False,True,"p12.R_dem_s1.C1,p12.R_dem_s2.C1,p12.R_dem_s3.C1,p12.R_dem_s4.C1,p12.R_dem_s5.C1,p12.R_cap_c1.C1,p12.R_open_ub_c1.C1,p12.R_cap_c2.C1,p12.R_open_ub_c2.C1,p12.R_cap_c3.C1,p12.R_open_ub_c3.C1,p12.R_cap_c4.C1,p12.R_open_ub_c4.C1,p12.R_cap_c5.C1,p12.R_open_ub_c5.C1,p12.R_open_binary.C1,p12.R_nonneg.C1,p12.obj.C1,p12.obj.C2","p12.R_dem_s1.C1,p12.R_dem_s2.C1,p12.R_dem_s3.C1,p12.R_dem_s4.C1,p12.R_dem_s5.C1,p12.R_cap_c1.C1,p12.R_open_ub_c1.C1,p12.R_cap_c2.C1,p12.R_open_ub_c2.C1,p12.R_cap_c3.C1,p12.R_open_ub_c3.C1,p12.R_cap_c4.C1,p12.R_open_ub_c4.C1,p12.R_cap_c5.C1,p12.R_open_ub_c5.C1,p12.R_open_binary.C1,p12.R_nonneg.C1",,,,0fb92aed8d55bd8f0f144eaf25547d7b76d7cae8d7bb297875e14af44a384753,176.272,3196,942,False,,,none,,5,17,4,18,35,17,0,17,,
p12__chenyitian-shanshu_SIRL-Gurobi__s4,chenyitian-shanshu/SIRL-Gurobi,12,12,4,loud_bug,loud_bug,loud_bug,clean_fenced,True,True,False,True,"p12.R_dem_s1.C1,p12.R_dem_s2.C1,p12.R_dem_s3.C1,p12.R_dem_s4.C1,p12.R_dem_s5.C1,p12.R_cap_c1.C1,p12.R_open_ub_c1.C1,p12.R_cap_c2.C1,p12.R_open_ub_c2.C1,p12.R_cap_c3.C1,p12.R_open_ub_c3.C1,p12.R_cap_c4.C1,p12.R_open_ub_c4.C1,p12.R_cap_c5.C1,p12.R_open_ub_c5.C1,p12.R_open_binary.C1,p12.R_nonneg.C1,p12.obj.C1,p12.obj.C2","p12.R_dem_s1.C1,p12.R_dem_s2.C1,p12.R_dem_s3.C1,p12.R_dem_s4.C1,p12.R_dem_s5.C1,p12.R_cap_c1.C1,p12.R_open_ub_c1.C1,p12.R_cap_c2.C1,p12.R_open_ub_c2.C1,p12.R_cap_c3.C1,p12.R_open_ub_c3.C1,p12.R_cap_c4.C1,p12.R_open_ub_c4.C1,p12.R_cap_c5.C1,p12.R_open_ub_c5.C1,p12.R_open_binary.C1,p12.R_nonneg.C1",,,,0fb92aed8d55bd8f0f144eaf25547d7b76d7cae8d7bb297875e14af44a384753,177.206,3196,942,False,,,none,,5,17,4,18,35,17,0,17,,
p12__chenyitian-shanshu_SIRL-Gurobi__s5,chenyitian-shanshu/SIRL-Gurobi,12,12,5,loud_bug,loud_bug,loud_bug,clean_fenced,True,True,False,True,"p12.R_cap_c1.C1,p12.R_cap_c2.C1,p12.R_cap_c3.C1,p12.R_cap_c4.C1,p12.R_cap_c5.C1,p12.obj.C2","p12.R_cap_c1.C1,p12.R_cap_c2.C1,p12.R_cap_c3.C1,p12.R_cap_c4.C1,p12.R_cap_c5.C1",,,,0fb92aed8d55bd8f0f144eaf25547d7b76d7cae8d7bb297875e14af44a384753,179.164,3196,971,False,,,none,,5,17,4,18,35,5,0,5,,
p12__chenyitian-shanshu_SIRL-Gurobi__s6,chenyitian-shanshu/SIRL-Gurobi,12,12,6,code_failure,code_failure,code_failure,clean_fenced,False,False,False,False,,,,,,0fb92aed8d55bd8f0f144eaf25547d7b76d7cae8d7bb297875e14af44a384753,195.318,3196,1038,False,,,none,,,,,,,0,0,0,runtime_error,"Traceback (most recent call last):
  File ""/project/eick/maamr/sirl_exp1/results/sirl_8bit_full_10samples/execution_workdirs/p12__chenyitian-shanshu_SIRL-Gurobi__s6/execute_generated.py"", line 48, in <module>
    result = module.solve(data)
  File ""/project/eick/maamr/sirl_exp1/results/sirl_8bit_full_10samples/execution_workdirs/p12__chenyitian-shanshu_SIRL-Gurobi__s6/generated_model.py"", line 51, in solve
    ""f_c1_s1"": variables[""f""][""c1""][""s1""].x,
KeyError: 'c1'"
p12__chenyitian-shanshu_SIRL-Gurobi__s7,chenyitian-shanshu/SIRL-Gurobi,12,12,7,correct,correct,correct,clean_fenced,True,True,True,True,,,,,,0fb92aed8d55bd8f0f144eaf25547d7b76d7cae8d7bb297875e14af44a384753,264.477,3196,1417,False,,,none,,5,17,4,18,35,0,0,0,,
p12__chenyitian-shanshu_SIRL-Gurobi__s8,chenyitian-shanshu/SIRL-Gurobi,12,12,8,loud_bug,loud_bug,loud_bug,clean_fenced,True,True,False,True,"p12.R_cap_c1.C1,p12.R_cap_c2.C1,p12.R_cap_c3.C1,p12.R_cap_c4.C1,p12.R_cap_c5.C1,p12.obj.C2","p12.R_cap_c1.C1,p12.R_cap_c2.C1,p12.R_cap_c3.C1,p12.R_cap_c4.C1,p12.R_cap_c5.C1",,,,0fb92aed8d55bd8f0f144eaf25547d7b76d7cae8d7bb297875e14af44a384753,261.84,3196,1391,False,,,none,,5,17,4,18,35,5,0,5,,
p12__chenyitian-shanshu_SIRL-Gurobi__s9,chenyitian-shanshu/SIRL-Gurobi,12,12,9,loud_bug,loud_bug,loud_bug,clean_fenced,True,True,False,True,"p12.R_cap_c1.C1,p12.R_cap_c2.C1,p12.R_cap_c3.C1,p12.R_cap_c4.C1,p12.R_cap_c5.C1,p12.obj.C2","p12.R_cap_c1.C1,p12.R_cap_c2.C1,p12.R_cap_c3.C1,p12.R_cap_c4.C1,p12.R_cap_c5.C1",,,,0fb92aed8d55bd8f0f144eaf25547d7b76d7cae8d7bb297875e14af44a384753,322.762,3196,1713,False,,,none,,5,17,4,18,35,5,0,5,,
p13__chenyitian-shanshu_SIRL-Gurobi__s0,chenyitian-shanshu/SIRL-Gurobi,13,13,0,loud_bug,loud_bug,loud_bug,clean_fenced,True,True,False,True,"p13.R_cap_c1.C1,p13.R_cap_c2.C1,p13.R_cap_c3.C1,p13.R_cap_c4.C1,p13.obj.C2","p13.R_cap_c1.C1,p13.R_cap_c2.C1,p13.R_cap_c3.C1,p13.R_cap_c4.C1",,,,10f76b9e88859cc988482f3a572d12fa880cb6abc0474b825bd7dfb620513fba,262.224,3145,1392,False,,,none,,5,16,4,17,33,4,0,4,,
p13__chenyitian-shanshu_SIRL-Gurobi__s1,chenyitian-shanshu/SIRL-Gurobi,13,13,1,loud_bug,loud_bug,loud_bug,clean_fenced,True,True,False,True,"p13.R_cap_c1.C1,p13.R_cap_c2.C1,p13.R_cap_c3.C1,p13.R_cap_c4.C1,p13.obj.C2","p13.R_cap_c1.C1,p13.R_cap_c2.C1,p13.R_cap_c3.C1,p13.R_cap_c4.C1",,,,10f76b9e88859cc988482f3a572d12fa880cb6abc0474b825bd7dfb620513fba,261.807,3145,1392,False,,,none,,5,16,4,17,33,4,0,4,,
p13__chenyitian-shanshu_SIRL-Gurobi__s2,chenyitian-shanshu/SIRL-Gurobi,13,13,2,loud_bug,loud_bug,loud_bug,clean_fenced,True,True,False,True,"p13.R_cap_c1.C1,p13.R_cap_c2.C1,p13.R_cap_c3.C1,p13.R_cap_c4.C1,p13.obj.C2","p13.R_cap_c1.C1,p13.R_cap_c2.C1,p13.R_cap_c3.C1,p13.R_cap_c4.C1",,,,10f76b9e88859cc988482f3a572d12fa880cb6abc0474b825bd7dfb620513fba,259.218,3145,1378,False,,,none,,5,16,4,17,33,4,0,4,,
p13__chenyitian-shanshu_SIRL-Gurobi__s3,chenyitian-shanshu/SIRL-Gurobi,13,13,3,loud_bug,loud_bug,loud_bug,clean_fenced,True,True,False,True,"p13.R_cap_c1.C1,p13.R_cap_c2.C1,p13.R_cap_c3.C1,p13.R_cap_c4.C1,p13.obj.C2","p13.R_cap_c1.C1,p13.R_cap_c2.C1,p13.R_cap_c3.C1,p13.R_cap_c4.C1",,,,10f76b9e88859cc988482f3a572d12fa880cb6abc0474b825bd7dfb620513fba,260.14,3145,1378,False,,,none,,5,16,4,17,33,4,0,4,,
p13__chenyitian-shanshu_SIRL-Gurobi__s4,chenyitian-shanshu/SIRL-Gurobi,13,13,4,loud_bug,loud_bug,loud_bug,clean_fenced,True,True,False,True,"p13.R_cap_c1.C1,p13.R_cap_c2.C1,p13.R_cap_c3.C1,p13.R_cap_c4.C1,p13.obj.C2","p13.R_cap_c1.C1,p13.R_cap_c2.C1,p13.R_cap_c3.C1,p13.R_cap_c4.C1",,,,10f76b9e88859cc988482f3a572d12fa880cb6abc0474b825bd7dfb620513fba,189.346,3145,1008,False,,,none,,5,16,4,17,33,4,0,4,,
p13__chenyitian-shanshu_SIRL-Gurobi__s5,chenyitian-shanshu/SIRL-Gurobi,13,13,5,loud_bug,loud_bug,loud_bug,clean_fenced,True,True,False,True,"p13.R_cap_c1.C1,p13.R_cap_c2.C1,p13.R_cap_c3.C1,p13.R_cap_c4.C1,p13.obj.C2","p13.R_cap_c1.C1,p13.R_cap_c2.C1,p13.R_cap_c3.C1,p13.R_cap_c4.C1",,,,10f76b9e88859cc988482f3a572d12fa880cb6abc0474b825bd7dfb620513fba,189.152,3145,1004,False,,,none,,5,16,4,17,33,4,0,4,,
p13__chenyitian-shanshu_SIRL-Gurobi__s6,chenyitian-shanshu/SIRL-Gurobi,13,13,6,schema_failure,schema_failure,schema_failure,clean_fenced,True,False,False,True,,,,,,10f76b9e88859cc988482f3a572d12fa880cb6abc0474b825bd7dfb620513fba,190.846,3145,1021,False,,,none,,,,,,,0,0,0,schema_failure,result['solution'] is not a dict
p13__chenyitian-shanshu_SIRL-Gurobi__s7,chenyitian-shanshu/SIRL-Gurobi,13,13,7,loud_bug,loud_bug,loud_bug,clean_fenced,True,True,False,True,"p13.R_cap_c1.C1,p13.R_cap_c2.C1,p13.R_cap_c3.C1,p13.R_cap_c4.C1,p13.obj.C2","p13.R_cap_c1.C1,p13.R_cap_c2.C1,p13.R_cap_c3.C1,p13.R_cap_c4.C1",,,,10f76b9e88859cc988482f3a572d12fa880cb6abc0474b825bd7dfb620513fba,188.834,3145,1009,False,,,none,,5,16,4,17,33,4,0,4,,
p13__chenyitian-shanshu_SIRL-Gurobi__s8,chenyitian-shanshu/SIRL-Gurobi,13,13,8,loud_bug,loud_bug,loud_bug,clean_fenced,True,True,False,True,"p13.R_dem_s1.C1,p13.R_dem_s2.C1,p13.R_dem_s3.C1,p13.R_dem_s4.C1,p13.R_dem_s5.C1,p13.R_dem_s6.C1,p13.R_cap_c1.C1,p13.R_open_ub_c1.C1,p13.R_cap_c2.C1,p13.R_open_ub_c2.C1,p13.R_cap_c3.C1,p13.R_open_ub_c3.C1,p13.R_cap_c4.C1,p13.R_open_ub_c4.C1,p13.R_open_binary.C1,p13.R_nonneg.C1,p13.obj.C1,p13.obj.C2","p13.R_dem_s1.C1,p13.R_dem_s2.C1,p13.R_dem_s3.C1,p13.R_dem_s4.C1,p13.R_dem_s5.C1,p13.R_dem_s6.C1,p13.R_cap_c1.C1,p13.R_open_ub_c1.C1,p13.R_cap_c2.C1,p13.R_open_ub_c2.C1,p13.R_cap_c3.C1,p13.R_open_ub_c3.C1,p13.R_cap_c4.C1,p13.R_open_ub_c4.C1,p13.R_open_binary.C1,p13.R_nonneg.C1",,,,10f76b9e88859cc988482f3a572d12fa880cb6abc0474b825bd7dfb620513fba,173.214,3145,920,False,,,none,,5,16,4,17,33,16,0,16,,
p13__chenyitian-shanshu_SIRL-Gurobi__s9,chenyitian-shanshu/SIRL-Gurobi,13,13,9,loud_bug,loud_bug,loud_bug,clean_fenced,True,True,False,True,"p13.R_cap_c1.C1,p13.R_cap_c2.C1,p13.R_cap_c3.C1,p13.R_cap_c4.C1,p13.obj.C2","p13.R_cap_c1.C1,p13.R_cap_c2.C1,p13.R_cap_c3.C1,p13.R_cap_c4.C1",,,,10f76b9e88859cc988482f3a572d12fa880cb6abc0474b825bd7dfb620513fba,252.361,3145,1341,False,,,none,,5,16,4,17,33,4,0,4,,
p14__chenyitian-shanshu_SIRL-Gurobi__s0,chenyitian-shanshu/SIRL-Gurobi,14,14,0,loud_bug,loud_bug,loud_bug,clean_fenced,True,True,False,True,"p14.R_cap_c1.C1,p14.R_cap_c2.C1,p14.R_cap_c3.C1,p14.R_cap_c4.C1,p14.obj.C2","p14.R_cap_c1.C1,p14.R_cap_c2.C1,p14.R_cap_c3.C1,p14.R_cap_c4.C1",,,,56a6ec625dfaaef77be1b3ce0e49637fed624fd0d7a6049de94693e0db66d02c,313.65,3670,1644,False,,,none,,5,18,4,19,37,4,0,4,,
p14__chenyitian-shanshu_SIRL-Gurobi__s1,chenyitian-shanshu/SIRL-Gurobi,14,14,1,loud_bug,loud_bug,loud_bug,clean_fenced,True,True,False,True,"p14.R_cap_c1.C1,p14.R_cap_c2.C1,p14.R_cap_c3.C1,p14.R_cap_c4.C1,p14.obj.C2","p14.R_cap_c1.C1,p14.R_cap_c2.C1,p14.R_cap_c3.C1,p14.R_cap_c4.C1",,,,56a6ec625dfaaef77be1b3ce0e49637fed624fd0d7a6049de94693e0db66d02c,218.996,3670,1149,False,,,none,,5,18,4,19,37,4,0,4,,
p14__chenyitian-shanshu_SIRL-Gurobi__s2,chenyitian-shanshu/SIRL-Gurobi,14,14,2,loud_bug,loud_bug,loud_bug,clean_fenced,True,True,False,True,"p14.R_cap_c1.C1,p14.R_cap_c2.C1,p14.R_cap_c3.C1,p14.R_cap_c4.C1,p14.obj.C2","p14.R_cap_c1.C1,p14.R_cap_c2.C1,p14.R_cap_c3.C1,p14.R_cap_c4.C1",,,,56a6ec625dfaaef77be1b3ce0e49637fed624fd0d7a6049de94693e0db66d02c,213.024,3670,1140,False,,,none,,5,18,4,19,37,4,0,4,,
p14__chenyitian-shanshu_SIRL-Gurobi__s3,chenyitian-shanshu/SIRL-Gurobi,14,14,3,loud_bug,loud_bug,loud_bug,clean_fenced,True,True,False,True,"p14.R_cap_c1.C1,p14.R_cap_c2.C1,p14.R_cap_c3.C1,p14.R_cap_c4.C1,p14.obj.C2","p14.R_cap_c1.C1,p14.R_cap_c2.C1,p14.R_cap_c3.C1,p14.R_cap_c4.C1",,,,56a6ec625dfaaef77be1b3ce0e49637fed624fd0d7a6049de94693e0db66d02c,218.987,3670,1149,False,,,none,,5,18,4,19,37,4,0,4,,
p14__chenyitian-shanshu_SIRL-Gurobi__s4,chenyitian-shanshu/SIRL-Gurobi,14,14,4,loud_bug,loud_bug,loud_bug,clean_fenced,True,True,False,True,"p14.R_cap_c1.C1,p14.R_cap_c2.C1,p14.R_cap_c3.C1,p14.R_cap_c4.C1,p14.obj.C2","p14.R_cap_c1.C1,p14.R_cap_c2.C1,p14.R_cap_c3.C1,p14.R_cap_c4.C1",,,,56a6ec625dfaaef77be1b3ce0e49637fed624fd0d7a6049de94693e0db66d02c,382.743,3670,1997,False,,,none,,5,18,4,19,37,4,0,4,,
p14__chenyitian-shanshu_SIRL-Gurobi__s5,chenyitian-shanshu/SIRL-Gurobi,14,14,5,loud_bug,loud_bug,loud_bug,clean_fenced,True,True,False,True,"p14.R_cap_c1.C1,p14.R_cap_c2.C1,p14.R_cap_c3.C1,p14.R_cap_c4.C1,p14.obj.C2","p14.R_cap_c1.C1,p14.R_cap_c2.C1,p14.R_cap_c3.C1,p14.R_cap_c4.C1",,,,56a6ec625dfaaef77be1b3ce0e49637fed624fd0d7a6049de94693e0db66d02c,374.566,3670,1997,False,,,none,,5,18,4,19,37,4,0,4,,
p14__chenyitian-shanshu_SIRL-Gurobi__s6,chenyitian-shanshu/SIRL-Gurobi,14,14,6,loud_bug,loud_bug,loud_bug,clean_fenced,True,True,False,True,"p14.R_cap_c1.C1,p14.R_cap_c2.C1,p14.R_cap_c3.C1,p14.R_cap_c4.C1,p14.obj.C2","p14.R_cap_c1.C1,p14.R_cap_c2.C1,p14.R_cap_c3.C1,p14.R_cap_c4.C1",,,,56a6ec625dfaaef77be1b3ce0e49637fed624fd0d7a6049de94693e0db66d02c,379.892,3670,1997,False,,,none,,5,18,4,19,37,4,0,4,,
p14__chenyitian-shanshu_SIRL-Gurobi__s7,chenyitian-shanshu/SIRL-Gurobi,14,14,7,loud_bug,loud_bug,loud_bug,clean_fenced,True,True,False,True,"p14.R_cap_c1.C1,p14.R_cap_c2.C1,p14.R_cap_c3.C1,p14.R_cap_c4.C1,p14.obj.C2","p14.R_cap_c1.C1,p14.R_cap_c2.C1,p14.R_cap_c3.C1,p14.R_cap_c4.C1",,,,56a6ec625dfaaef77be1b3ce0e49637fed624fd0d7a6049de94693e0db66d02c,218.945,3670,1149,False,,,none,,5,18,4,19,37,4,0,4,,
p14__chenyitian-shanshu_SIRL-Gurobi__s8,chenyitian-shanshu/SIRL-Gurobi,14,14,8,loud_bug,loud_bug,loud_bug,clean_fenced,True,True,False,True,"p14.R_cap_c1.C1,p14.R_cap_c2.C1,p14.R_cap_c3.C1,p14.R_cap_c4.C1,p14.obj.C2","p14.R_cap_c1.C1,p14.R_cap_c2.C1,p14.R_cap_c3.C1,p14.R_cap_c4.C1",,,,56a6ec625dfaaef77be1b3ce0e49637fed624fd0d7a6049de94693e0db66d02c,219.059,3670,1154,False,,,none,,5,18,4,19,37,4,0,4,,
p14__chenyitian-shanshu_SIRL-Gurobi__s9,chenyitian-shanshu/SIRL-Gurobi,14,14,9,loud_bug,loud_bug,loud_bug,clean_fenced,True,True,False,True,"p14.R_cap_c1.C1,p14.R_cap_c2.C1,p14.R_cap_c3.C1,p14.R_cap_c4.C1,p14.obj.C2","p14.R_cap_c1.C1,p14.R_cap_c2.C1,p14.R_cap_c3.C1,p14.R_cap_c4.C1",,,,56a6ec625dfaaef77be1b3ce0e49637fed624fd0d7a6049de94693e0db66d02c,315.048,3670,1649,False,,,none,,5,18,4,19,37,4,0,4,,
p15__chenyitian-shanshu_SIRL-Gurobi__s0,chenyitian-shanshu/SIRL-Gurobi,15,15,0,schema_failure,schema_failure,schema_failure,clean_fenced,True,False,False,True,,,,,,49204103b0bb8c868e2cd55c8b71c7adfd3b52fb506a3baaaa6ab5cdc6ea2e03,237.249,3863,1238,False,,,none,,,,,,,0,0,0,schema_failure,result['solution'] is not a dict
p15__chenyitian-shanshu_SIRL-Gurobi__s1,chenyitian-shanshu/SIRL-Gurobi,15,15,1,schema_failure,schema_failure,schema_failure,clean_fenced,True,False,False,True,,,,,,49204103b0bb8c868e2cd55c8b71c7adfd3b52fb506a3baaaa6ab5cdc6ea2e03,221.846,3863,1158,False,,,none,,,,,,,0,0,0,schema_failure,result['solution'] is not a dict
p15__chenyitian-shanshu_SIRL-Gurobi__s2,chenyitian-shanshu/SIRL-Gurobi,15,15,2,schema_failure,schema_failure,schema_failure,clean_fenced,True,False,False,True,,,,,,49204103b0bb8c868e2cd55c8b71c7adfd3b52fb506a3baaaa6ab5cdc6ea2e03,214.298,3863,1143,False,,,none,,,,,,,0,0,0,schema_failure,result['solution'] is not a dict
p15__chenyitian-shanshu_SIRL-Gurobi__s3,chenyitian-shanshu/SIRL-Gurobi,15,15,3,schema_failure,schema_failure,schema_failure,clean_fenced,True,False,False,True,,,,,,49204103b0bb8c868e2cd55c8b71c7adfd3b52fb506a3baaaa6ab5cdc6ea2e03,123.615,3863,659,False,,,none,,,,,,,0,0,0,schema_failure,missing solution key: y_c1; missing solution key: y_c2; missing solution key: y_c3; missing solution key: y_c4; missing solution key: y_c5; missing solution key: f_c1_s1; missing solution key: f_c1_s2; missing solution key: f_c1_s3; missing solution key: f_c1_s4; missing solution key: f_c1_s5; missing solution key: f_c1_s6; missing solution key: f_c1_s7; missing solution key: f_c2_s1; missing solution key: f_c2_s2; missing solution key: f_c2_s3; missing solution key: f_c2_s4; missing solution key: f_c2_s5; missing solution key: f_c2_s6; missing solution key: f_c2_s7; missing solution key: f_c3_s1; missing solution key: f_c3_s2; missing solution key: f_c3_s3; missing solution key: f_c3_s4; missing solution key: f_c3_s5; missing solution key: f_c3_s6; missing solution key: f_c3_s7; missing solution key: f_c4_s1; missing solution key: f_c4_s2; missing solution key: f_c4_s3; missing solution key: f_c4_s4; missing solution key: f_c4_s5; missing solution key: f_c4_s6; missing solution key: f_c4_s7; missing solution key: f_c5_s1; missing solution key: f_c5_s2; missing solution key: f_c5_s3; missing solution key: f_c5_s4; missing solution key: f_c5_s5; missing solution key: f_c5_s6; missing solution key: f_c5_s7
p15__chenyitian-shanshu_SIRL-Gurobi__s4,chenyitian-shanshu/SIRL-Gurobi,15,15,4,schema_failure,schema_failure,schema_failure,clean_fenced,True,False,False,True,,,,,,49204103b0bb8c868e2cd55c8b71c7adfd3b52fb506a3baaaa6ab5cdc6ea2e03,227.8,3863,1187,False,,,none,,,,,,,0,0,0,schema_failure,result['solution'] is not a dict
p15__chenyitian-shanshu_SIRL-Gurobi__s5,chenyitian-shanshu/SIRL-Gurobi,15,15,5,schema_failure,schema_failure,schema_failure,clean_fenced,True,False,False,True,,,,,,49204103b0bb8c868e2cd55c8b71c7adfd3b52fb506a3baaaa6ab5cdc6ea2e03,243.222,3863,1269,False,,,none,,,,,,,0,0,0,schema_failure,result['solution'] is not a dict
p15__chenyitian-shanshu_SIRL-Gurobi__s6,chenyitian-shanshu/SIRL-Gurobi,15,15,6,schema_failure,schema_failure,schema_failure,clean_fenced,True,False,False,True,,,,,,49204103b0bb8c868e2cd55c8b71c7adfd3b52fb506a3baaaa6ab5cdc6ea2e03,236.145,3863,1232,False,,,none,,,,,,,0,0,0,schema_failure,result['solution'] is not a dict
p15__chenyitian-shanshu_SIRL-Gurobi__s7,chenyitian-shanshu/SIRL-Gurobi,15,15,7,schema_failure,schema_failure,schema_failure,clean_fenced,True,False,False,True,,,,,,49204103b0bb8c868e2cd55c8b71c7adfd3b52fb506a3baaaa6ab5cdc6ea2e03,340.403,3863,1767,False,,,none,,,,,,,0,0,0,schema_failure,result['solution'] is not a dict
p15__chenyitian-shanshu_SIRL-Gurobi__s8,chenyitian-shanshu/SIRL-Gurobi,15,15,8,schema_failure,schema_failure,schema_failure,clean_fenced,True,False,False,True,,,,,,49204103b0bb8c868e2cd55c8b71c7adfd3b52fb506a3baaaa6ab5cdc6ea2e03,235.993,3863,1232,False,,,none,,,,,,,0,0,0,schema_failure,result['solution'] is not a dict
p15__chenyitian-shanshu_SIRL-Gurobi__s9,chenyitian-shanshu/SIRL-Gurobi,15,15,9,schema_failure,schema_failure,schema_failure,clean_fenced,True,False,False,True,,,,,,49204103b0bb8c868e2cd55c8b71c7adfd3b52fb506a3baaaa6ab5cdc6ea2e03,338.529,3863,1762,False,,,none,,,,,,,0,0,0,schema_failure,result['solution'] is not a dict
p16__chenyitian-shanshu_SIRL-Gurobi__s0,chenyitian-shanshu/SIRL-Gurobi,16,16,0,loud_bug,loud_bug,loud_bug,clean_fenced,True,True,False,True,"p16.R_cap_c3.C1,p16.R_cap_c4.C1,p16.R_cap_c5.C1,p16.R_cap_c7.C1,p16.obj.C2","p16.R_cap_c3.C1,p16.R_cap_c4.C1,p16.R_cap_c5.C1,p16.R_cap_c7.C1",,,,d932a9ed2ba298372702cd0cc7c48b69f547ad617d47c04768469def4e2847ee,295.387,3564,1550,False,,,none,,5,20,4,21,41,4,0,4,,
p16__chenyitian-shanshu_SIRL-Gurobi__s1,chenyitian-shanshu/SIRL-Gurobi,16,16,1,loud_bug,loud_bug,loud_bug,clean_fenced,True,True,False,True,"p16.R_dem_s1.C1,p16.R_dem_s2.C1,p16.R_dem_s3.C1,p16.R_dem_s4.C1,p16.R_cap_c1.C1,p16.R_open_ub_c1.C1,p16.R_cap_c2.C1,p16.R_open_ub_c2.C1,p16.R_cap_c3.C1,p16.R_open_ub_c3.C1,p16.R_cap_c4.C1,p16.R_open_ub_c4.C1,p16.R_cap_c5.C1,p16.R_open_ub_c5.C1,p16.R_cap_c6.C1,p16.R_open_ub_c6.C1,p16.R_cap_c7.C1,p16.R_open_ub_c7.C1,p16.R_open_binary.C1,p16.R_nonneg.C1,p16.obj.C1,p16.obj.C2","p16.R_dem_s1.C1,p16.R_dem_s2.C1,p16.R_dem_s3.C1,p16.R_dem_s4.C1,p16.R_cap_c1.C1,p16.R_open_ub_c1.C1,p16.R_cap_c2.C1,p16.R_open_ub_c2.C1,p16.R_cap_c3.C1,p16.R_open_ub_c3.C1,p16.R_cap_c4.C1,p16.R_open_ub_c4.C1,p16.R_cap_c5.C1,p16.R_open_ub_c5.C1,p16.R_cap_c6.C1,p16.R_open_ub_c6.C1,p16.R_cap_c7.C1,p16.R_open_ub_c7.C1,p16.R_open_binary.C1,p16.R_nonneg.C1",,,,d932a9ed2ba298372702cd0cc7c48b69f547ad617d47c04768469def4e2847ee,192.502,3564,1039,False,,,none,,5,20,4,21,41,20,0,20,,
p16__chenyitian-shanshu_SIRL-Gurobi__s2,chenyitian-shanshu/SIRL-Gurobi,16,16,2,loud_bug,loud_bug,loud_bug,clean_fenced,True,True,False,True,p16.obj.C2,,,,,d932a9ed2ba298372702cd0cc7c48b69f547ad617d47c04768469def4e2847ee,217.626,3564,1150,False,,,none,,5,20,4,21,41,0,0,0,,
p16__chenyitian-shanshu_SIRL-Gurobi__s3,chenyitian-shanshu/SIRL-Gurobi,16,16,3,loud_bug,loud_bug,loud_bug,clean_fenced,True,True,False,True,"p16.R_cap_c3.C1,p16.R_cap_c4.C1,p16.R_cap_c5.C1,p16.R_cap_c7.C1,p16.obj.C2","p16.R_cap_c3.C1,p16.R_cap_c4.C1,p16.R_cap_c5.C1,p16.R_cap_c7.C1",,,,d932a9ed2ba298372702cd0cc7c48b69f547ad617d47c04768469def4e2847ee,227.786,3564,1223,False,,,none,,5,20,4,21,41,4,0,4,,
p16__chenyitian-shanshu_SIRL-Gurobi__s4,chenyitian-shanshu/SIRL-Gurobi,16,16,4,schema_failure,schema_failure,schema_failure,clean_fenced,True,False,False,True,,,,,,d932a9ed2ba298372702cd0cc7c48b69f547ad617d47c04768469def4e2847ee,209.156,3564,1126,False,,,none,,,,,,,0,0,0,schema_failure,missing top-level key: solution; missing required experiment key: solution
p16__chenyitian-shanshu_SIRL-Gurobi__s5,chenyitian-shanshu/SIRL-Gurobi,16,16,5,loud_bug,loud_bug,loud_bug,clean_fenced,True,True,False,True,"p16.R_dem_s1.C1,p16.R_dem_s2.C1,p16.R_dem_s3.C1,p16.R_dem_s4.C1,p16.R_cap_c1.C1,p16.R_open_ub_c1.C1,p16.R_cap_c2.C1,p16.R_open_ub_c2.C1,p16.R_cap_c3.C1,p16.R_open_ub_c3.C1,p16.R_cap_c4.C1,p16.R_open_ub_c4.C1,p16.R_cap_c5.C1,p16.R_open_ub_c5.C1,p16.R_cap_c6.C1,p16.R_open_ub_c6.C1,p16.R_cap_c7.C1,p16.R_open_ub_c7.C1,p16.R_open_binary.C1,p16.R_nonneg.C1,p16.obj.C1,p16.obj.C2","p16.R_dem_s1.C1,p16.R_dem_s2.C1,p16.R_dem_s3.C1,p16.R_dem_s4.C1,p16.R_cap_c1.C1,p16.R_open_ub_c1.C1,p16.R_cap_c2.C1,p16.R_open_ub_c2.C1,p16.R_cap_c3.C1,p16.R_open_ub_c3.C1,p16.R_cap_c4.C1,p16.R_open_ub_c4.C1,p16.R_cap_c5.C1,p16.R_open_ub_c5.C1,p16.R_cap_c6.C1,p16.R_open_ub_c6.C1,p16.R_cap_c7.C1,p16.R_open_ub_c7.C1,p16.R_open_binary.C1,p16.R_nonneg.C1",,,,d932a9ed2ba298372702cd0cc7c48b69f547ad617d47c04768469def4e2847ee,192.614,3564,1039,False,,,none,,5,20,4,21,41,20,0,20,,
p16__chenyitian-shanshu_SIRL-Gurobi__s6,chenyitian-shanshu/SIRL-Gurobi,16,16,6,loud_bug,loud_bug,loud_bug,clean_fenced,True,True,False,True,"p16.R_dem_s1.C1,p16.R_dem_s2.C1,p16.R_dem_s3.C1,p16.R_dem_s4.C1,p16.R_cap_c1.C1,p16.R_open_ub_c1.C1,p16.R_cap_c2.C1,p16.R_open_ub_c2.C1,p16.R_cap_c3.C1,p16.R_open_ub_c3.C1,p16.R_cap_c4.C1,p16.R_open_ub_c4.C1,p16.R_cap_c5.C1,p16.R_open_ub_c5.C1,p16.R_cap_c6.C1,p16.R_open_ub_c6.C1,p16.R_cap_c7.C1,p16.R_open_ub_c7.C1,p16.R_open_binary.C1,p16.R_nonneg.C1,p16.obj.C1,p16.obj.C2","p16.R_dem_s1.C1,p16.R_dem_s2.C1,p16.R_dem_s3.C1,p16.R_dem_s4.C1,p16.R_cap_c1.C1,p16.R_open_ub_c1.C1,p16.R_cap_c2.C1,p16.R_open_ub_c2.C1,p16.R_cap_c3.C1,p16.R_open_ub_c3.C1,p16.R_cap_c4.C1,p16.R_open_ub_c4.C1,p16.R_cap_c5.C1,p16.R_open_ub_c5.C1,p16.R_cap_c6.C1,p16.R_open_ub_c6.C1,p16.R_cap_c7.C1,p16.R_open_ub_c7.C1,p16.R_open_binary.C1,p16.R_nonneg.C1",,,,d932a9ed2ba298372702cd0cc7c48b69f547ad617d47c04768469def4e2847ee,198.126,3564,1045,False,,,none,,5,20,4,21,41,20,0,20,,
p16__chenyitian-shanshu_SIRL-Gurobi__s7,chenyitian-shanshu/SIRL-Gurobi,16,16,7,loud_bug,loud_bug,loud_bug,clean_fenced,True,True,False,True,"p16.R_dem_s1.C1,p16.R_dem_s2.C1,p16.R_dem_s3.C1,p16.R_dem_s4.C1,p16.R_cap_c1.C1,p16.R_open_ub_c1.C1,p16.R_cap_c2.C1,p16.R_open_ub_c2.C1,p16.R_cap_c3.C1,p16.R_open_ub_c3.C1,p16.R_cap_c4.C1,p16.R_open_ub_c4.C1,p16.R_cap_c5.C1,p16.R_open_ub_c5.C1,p16.R_cap_c6.C1,p16.R_open_ub_c6.C1,p16.R_cap_c7.C1,p16.R_open_ub_c7.C1,p16.R_open_binary.C1,p16.R_nonneg.C1,p16.obj.C1,p16.obj.C2","p16.R_dem_s1.C1,p16.R_dem_s2.C1,p16.R_dem_s3.C1,p16.R_dem_s4.C1,p16.R_cap_c1.C1,p16.R_open_ub_c1.C1,p16.R_cap_c2.C1,p16.R_open_ub_c2.C1,p16.R_cap_c3.C1,p16.R_open_ub_c3.C1,p16.R_cap_c4.C1,p16.R_open_ub_c4.C1,p16.R_cap_c5.C1,p16.R_open_ub_c5.C1,p16.R_cap_c6.C1,p16.R_open_ub_c6.C1,p16.R_cap_c7.C1,p16.R_open_ub_c7.C1,p16.R_open_binary.C1,p16.R_nonneg.C1",,,,d932a9ed2ba298372702cd0cc7c48b69f547ad617d47c04768469def4e2847ee,190.608,3564,1028,False,,,none,,5,20,4,21,41,20,0,20,,
p16__chenyitian-shanshu_SIRL-Gurobi__s8,chenyitian-shanshu/SIRL-Gurobi,16,16,8,loud_bug,loud_bug,loud_bug,clean_fenced,True,True,False,True,"p16.R_dem_s1.C1,p16.R_dem_s2.C1,p16.R_dem_s3.C1,p16.R_dem_s4.C1,p16.R_cap_c1.C1,p16.R_open_ub_c1.C1,p16.R_cap_c2.C1,p16.R_open_ub_c2.C1,p16.R_cap_c3.C1,p16.R_open_ub_c3.C1,p16.R_cap_c4.C1,p16.R_open_ub_c4.C1,p16.R_cap_c5.C1,p16.R_open_ub_c5.C1,p16.R_cap_c6.C1,p16.R_open_ub_c6.C1,p16.R_cap_c7.C1,p16.R_open_ub_c7.C1,p16.R_open_binary.C1,p16.R_nonneg.C1,p16.obj.C1,p16.obj.C2","p16.R_dem_s1.C1,p16.R_dem_s2.C1,p16.R_dem_s3.C1,p16.R_dem_s4.C1,p16.R_cap_c1.C1,p16.R_open_ub_c1.C1,p16.R_cap_c2.C1,p16.R_open_ub_c2.C1,p16.R_cap_c3.C1,p16.R_open_ub_c3.C1,p16.R_cap_c4.C1,p16.R_open_ub_c4.C1,p16.R_cap_c5.C1,p16.R_open_ub_c5.C1,p16.R_cap_c6.C1,p16.R_open_ub_c6.C1,p16.R_cap_c7.C1,p16.R_open_ub_c7.C1,p16.R_open_binary.C1,p16.R_nonneg.C1",,,,d932a9ed2ba298372702cd0cc7c48b69f547ad617d47c04768469def4e2847ee,197.487,3564,1042,False,,,none,,5,20,4,21,41,20,0,20,,
p16__chenyitian-shanshu_SIRL-Gurobi__s9,chenyitian-shanshu/SIRL-Gurobi,16,16,9,loud_bug,loud_bug,loud_bug,clean_fenced,True,True,False,True,"p16.R_cap_c3.C1,p16.R_cap_c4.C1,p16.R_cap_c5.C1,p16.R_cap_c7.C1,p16.obj.C2","p16.R_cap_c3.C1,p16.R_cap_c4.C1,p16.R_cap_c5.C1,p16.R_cap_c7.C1",,,,d932a9ed2ba298372702cd0cc7c48b69f547ad617d47c04768469def4e2847ee,209.865,3564,1106,False,,,none,,5,20,4,21,41,4,0,4,,
p17__chenyitian-shanshu_SIRL-Gurobi__s0,chenyitian-shanshu/SIRL-Gurobi,17,17,0,local_hf_8bit_failure,local_hf_8bit_failure,local_hf_8bit_failure,,False,False,False,False,,,,,,7cedead140cd8323e58642f6e062e7bf93bb4f6e08791fd1ccc4183c0113e2b6,0.278,,,,,,none,,,,,,,0,0,0,local_hf_8bit_failure,"OutOfMemoryError: CUDA out of memory. Tried to allocate 3.53 GiB. GPU 0 has a total capacity of 15.77 GiB of which 2.67 GiB is free. Including non-PyTorch memory, this process has 13.09 GiB memory in use. Of the allocated memory 12.24 GiB is allocated by PyTorch, and 486.59 MiB is reserved by PyTorch but unallocated. If reserved but unallocated memory is large try setting PYTORCH_CUDA_ALLOC_CONF=expandable_segments:True to avoid fragmentation.  See documentation for Memory Management  (https://pytorch.org/docs/stable/notes/cuda.html#environment-variables)"
p17__chenyitian-shanshu_SIRL-Gurobi__s1,chenyitian-shanshu/SIRL-Gurobi,17,17,1,local_hf_8bit_failure,local_hf_8bit_failure,local_hf_8bit_failure,,False,False,False,False,,,,,,7cedead140cd8323e58642f6e062e7bf93bb4f6e08791fd1ccc4183c0113e2b6,0.031,,,,,,none,,,,,,,0,0,0,local_hf_8bit_failure,"OutOfMemoryError: CUDA out of memory. Tried to allocate 3.53 GiB. GPU 0 has a total capacity of 15.77 GiB of which 2.67 GiB is free. Including non-PyTorch memory, this process has 13.09 GiB memory in use. Of the allocated memory 12.24 GiB is allocated by PyTorch, and 486.59 MiB is reserved by PyTorch but unallocated. If reserved but unallocated memory is large try setting PYTORCH_CUDA_ALLOC_CONF=expandable_segments:True to avoid fragmentation.  See documentation for Memory Management  (https://pytorch.org/docs/stable/notes/cuda.html#environment-variables)"
p17__chenyitian-shanshu_SIRL-Gurobi__s2,chenyitian-shanshu/SIRL-Gurobi,17,17,2,local_hf_8bit_failure,local_hf_8bit_failure,local_hf_8bit_failure,,False,False,False,False,,,,,,7cedead140cd8323e58642f6e062e7bf93bb4f6e08791fd1ccc4183c0113e2b6,0.047,,,,,,none,,,,,,,0,0,0,local_hf_8bit_failure,"OutOfMemoryError: CUDA out of memory. Tried to allocate 3.53 GiB. GPU 0 has a total capacity of 15.77 GiB of which 2.67 GiB is free. Including non-PyTorch memory, this process has 13.09 GiB memory in use. Of the allocated memory 12.24 GiB is allocated by PyTorch, and 486.59 MiB is reserved by PyTorch but unallocated. If reserved but unallocated memory is large try setting PYTORCH_CUDA_ALLOC_CONF=expandable_segments:True to avoid fragmentation.  See documentation for Memory Management  (https://pytorch.org/docs/stable/notes/cuda.html#environment-variables)"
p17__chenyitian-shanshu_SIRL-Gurobi__s3,chenyitian-shanshu/SIRL-Gurobi,17,17,3,local_hf_8bit_failure,local_hf_8bit_failure,local_hf_8bit_failure,,False,False,False,False,,,,,,7cedead140cd8323e58642f6e062e7bf93bb4f6e08791fd1ccc4183c0113e2b6,0.048,,,,,,none,,,,,,,0,0,0,local_hf_8bit_failure,"OutOfMemoryError: CUDA out of memory. Tried to allocate 3.53 GiB. GPU 0 has a total capacity of 15.77 GiB of which 2.67 GiB is free. Including non-PyTorch memory, this process has 13.09 GiB memory in use. Of the allocated memory 12.24 GiB is allocated by PyTorch, and 486.59 MiB is reserved by PyTorch but unallocated. If reserved but unallocated memory is large try setting PYTORCH_CUDA_ALLOC_CONF=expandable_segments:True to avoid fragmentation.  See documentation for Memory Management  (https://pytorch.org/docs/stable/notes/cuda.html#environment-variables)"
p17__chenyitian-shanshu_SIRL-Gurobi__s4,chenyitian-shanshu/SIRL-Gurobi,17,17,4,local_hf_8bit_failure,local_hf_8bit_failure,local_hf_8bit_failure,,False,False,False,False,,,,,,7cedead140cd8323e58642f6e062e7bf93bb4f6e08791fd1ccc4183c0113e2b6,0.047,,,,,,none,,,,,,,0,0,0,local_hf_8bit_failure,"OutOfMemoryError: CUDA out of memory. Tried to allocate 3.53 GiB. GPU 0 has a total capacity of 15.77 GiB of which 2.67 GiB is free. Including non-PyTorch memory, this process has 13.09 GiB memory in use. Of the allocated memory 12.24 GiB is allocated by PyTorch, and 486.59 MiB is reserved by PyTorch but unallocated. If reserved but unallocated memory is large try setting PYTORCH_CUDA_ALLOC_CONF=expandable_segments:True to avoid fragmentation.  See documentation for Memory Management  (https://pytorch.org/docs/stable/notes/cuda.html#environment-variables)"
p17__chenyitian-shanshu_SIRL-Gurobi__s5,chenyitian-shanshu/SIRL-Gurobi,17,17,5,local_hf_8bit_failure,local_hf_8bit_failure,local_hf_8bit_failure,,False,False,False,False,,,,,,7cedead140cd8323e58642f6e062e7bf93bb4f6e08791fd1ccc4183c0113e2b6,0.046,,,,,,none,,,,,,,0,0,0,local_hf_8bit_failure,"OutOfMemoryError: CUDA out of memory. Tried to allocate 3.53 GiB. GPU 0 has a total capacity of 15.77 GiB of which 2.67 GiB is free. Including non-PyTorch memory, this process has 13.09 GiB memory in use. Of the allocated memory 12.24 GiB is allocated by PyTorch, and 486.59 MiB is reserved by PyTorch but unallocated. If reserved but unallocated memory is large try setting PYTORCH_CUDA_ALLOC_CONF=expandable_segments:True to avoid fragmentation.  See documentation for Memory Management  (https://pytorch.org/docs/stable/notes/cuda.html#environment-variables)"
p17__chenyitian-shanshu_SIRL-Gurobi__s6,chenyitian-shanshu/SIRL-Gurobi,17,17,6,local_hf_8bit_failure,local_hf_8bit_failure,local_hf_8bit_failure,,False,False,False,False,,,,,,7cedead140cd8323e58642f6e062e7bf93bb4f6e08791fd1ccc4183c0113e2b6,0.047,,,,,,none,,,,,,,0,0,0,local_hf_8bit_failure,"OutOfMemoryError: CUDA out of memory. Tried to allocate 3.53 GiB. GPU 0 has a total capacity of 15.77 GiB of which 2.67 GiB is free. Including non-PyTorch memory, this process has 13.09 GiB memory in use. Of the allocated memory 12.24 GiB is allocated by PyTorch, and 486.59 MiB is reserved by PyTorch but unallocated. If reserved but unallocated memory is large try setting PYTORCH_CUDA_ALLOC_CONF=expandable_segments:True to avoid fragmentation.  See documentation for Memory Management  (https://pytorch.org/docs/stable/notes/cuda.html#environment-variables)"
p17__chenyitian-shanshu_SIRL-Gurobi__s7,chenyitian-shanshu/SIRL-Gurobi,17,17,7,local_hf_8bit_failure,local_hf_8bit_failure,local_hf_8bit_failure,,False,False,False,False,,,,,,7cedead140cd8323e58642f6e062e7bf93bb4f6e08791fd1ccc4183c0113e2b6,0.047,,,,,,none,,,,,,,0,0,0,local_hf_8bit_failure,"OutOfMemoryError: CUDA out of memory. Tried to allocate 3.53 GiB. GPU 0 has a total capacity of 15.77 GiB of which 2.67 GiB is free. Including non-PyTorch memory, this process has 13.09 GiB memory in use. Of the allocated memory 12.24 GiB is allocated by PyTorch, and 486.59 MiB is reserved by PyTorch but unallocated. If reserved but unallocated memory is large try setting PYTORCH_CUDA_ALLOC_CONF=expandable_segments:True to avoid fragmentation.  See documentation for Memory Management  (https://pytorch.org/docs/stable/notes/cuda.html#environment-variables)"
p17__chenyitian-shanshu_SIRL-Gurobi__s8,chenyitian-shanshu/SIRL-Gurobi,17,17,8,local_hf_8bit_failure,local_hf_8bit_failure,local_hf_8bit_failure,,False,False,False,False,,,,,,7cedead140cd8323e58642f6e062e7bf93bb4f6e08791fd1ccc4183c0113e2b6,0.047,,,,,,none,,,,,,,0,0,0,local_hf_8bit_failure,"OutOfMemoryError: CUDA out of memory. Tried to allocate 3.53 GiB. GPU 0 has a total capacity of 15.77 GiB of which 2.67 GiB is free. Including non-PyTorch memory, this process has 13.09 GiB memory in use. Of the allocated memory 12.24 GiB is allocated by PyTorch, and 486.59 MiB is reserved by PyTorch but unallocated. If reserved but unallocated memory is large try setting PYTORCH_CUDA_ALLOC_CONF=expandable_segments:True to avoid fragmentation.  See documentation for Memory Management  (https://pytorch.org/docs/stable/notes/cuda.html#environment-variables)"
p17__chenyitian-shanshu_SIRL-Gurobi__s9,chenyitian-shanshu/SIRL-Gurobi,17,17,9,local_hf_8bit_failure,local_hf_8bit_failure,local_hf_8bit_failure,,False,False,False,False,,,,,,7cedead140cd8323e58642f6e062e7bf93bb4f6e08791fd1ccc4183c0113e2b6,0.047,,,,,,none,,,,,,,0,0,0,local_hf_8bit_failure,"OutOfMemoryError: CUDA out of memory. Tried to allocate 3.53 GiB. GPU 0 has a total capacity of 15.77 GiB of which 2.67 GiB is free. Including non-PyTorch memory, this process has 13.09 GiB memory in use. Of the allocated memory 12.24 GiB is allocated by PyTorch, and 486.59 MiB is reserved by PyTorch but unallocated. If reserved but unallocated memory is large try setting PYTORCH_CUDA_ALLOC_CONF=expandable_segments:True to avoid fragmentation.  See documentation for Memory Management  (https://pytorch.org/docs/stable/notes/cuda.html#environment-variables)"
p18__chenyitian-shanshu_SIRL-Gurobi__s0,chenyitian-shanshu/SIRL-Gurobi,18,18,0,loud_bug,loud_bug,loud_bug,clean_fenced,True,True,False,True,"p18.R_cap_c1.C1,p18.R_cap_c2.C1,p18.R_cap_c3.C1,p18.R_cap_c4.C1,p18.R_cap_c5.C1,p18.R_cap_c6.C1,p18.obj.C2","p18.R_cap_c1.C1,p18.R_cap_c2.C1,p18.R_cap_c3.C1,p18.R_cap_c4.C1,p18.R_cap_c5.C1,p18.R_cap_c6.C1",,,,356045ba36a1a33f53d5e30373881a1415e93e51876ff4c20883989a216cf058,396.846,4474,2028,False,,,none,,5,21,4,22,43,6,0,6,,
p18__chenyitian-shanshu_SIRL-Gurobi__s1,chenyitian-shanshu/SIRL-Gurobi,18,18,1,loud_bug,loud_bug,loud_bug,clean_fenced,True,True,False,True,"p18.R_dem_s1.C1,p18.R_dem_s2.C1,p18.R_dem_s3.C1,p18.R_dem_s4.C1,p18.R_dem_s5.C1,p18.R_dem_s6.C1,p18.R_dem_s7.C1,p18.R_cap_c1.C1,p18.R_open_ub_c1.C1,p18.R_cap_c2.C1,p18.R_open_ub_c2.C1,p18.R_cap_c3.C1,p18.R_open_ub_c3.C1,p18.R_cap_c4.C1,p18.R_open_ub_c4.C1,p18.R_cap_c5.C1,p18.R_open_ub_c5.C1,p18.R_cap_c6.C1,p18.R_open_ub_c6.C1,p18.R_open_binary.C1,p18.R_nonneg.C1,p18.obj.C1,p18.obj.C2","p18.R_dem_s1.C1,p18.R_dem_s2.C1,p18.R_dem_s3.C1,p18.R_dem_s4.C1,p18.R_dem_s5.C1,p18.R_dem_s6.C1,p18.R_dem_s7.C1,p18.R_cap_c1.C1,p18.R_open_ub_c1.C1,p18.R_cap_c2.C1,p18.R_open_ub_c2.C1,p18.R_cap_c3.C1,p18.R_open_ub_c3.C1,p18.R_cap_c4.C1,p18.R_open_ub_c4.C1,p18.R_cap_c5.C1,p18.R_open_ub_c5.C1,p18.R_cap_c6.C1,p18.R_open_ub_c6.C1,p18.R_open_binary.C1,p18.R_nonneg.C1",,,,356045ba36a1a33f53d5e30373881a1415e93e51876ff4c20883989a216cf058,250.06,4474,1286,False,,,none,,5,21,4,22,43,21,0,21,,
p18__chenyitian-shanshu_SIRL-Gurobi__s2,chenyitian-shanshu/SIRL-Gurobi,18,18,2,loud_bug,loud_bug,loud_bug,clean_fenced,True,True,False,True,"p18.R_dem_s1.C1,p18.R_dem_s2.C1,p18.R_dem_s3.C1,p18.R_dem_s4.C1,p18.R_dem_s5.C1,p18.R_dem_s6.C1,p18.R_dem_s7.C1,p18.R_cap_c1.C1,p18.R_open_ub_c1.C1,p18.R_cap_c2.C1,p18.R_open_ub_c2.C1,p18.R_cap_c3.C1,p18.R_open_ub_c3.C1,p18.R_cap_c4.C1,p18.R_open_ub_c4.C1,p18.R_cap_c5.C1,p18.R_open_ub_c5.C1,p18.R_cap_c6.C1,p18.R_open_ub_c6.C1,p18.R_open_binary.C1,p18.R_nonneg.C1,p18.obj.C1,p18.obj.C2","p18.R_dem_s1.C1,p18.R_dem_s2.C1,p18.R_dem_s3.C1,p18.R_dem_s4.C1,p18.R_dem_s5.C1,p18.R_dem_s6.C1,p18.R_dem_s7.C1,p18.R_cap_c1.C1,p18.R_open_ub_c1.C1,p18.R_cap_c2.C1,p18.R_open_ub_c2.C1,p18.R_cap_c3.C1,p18.R_open_ub_c3.C1,p18.R_cap_c4.C1,p18.R_open_ub_c4.C1,p18.R_cap_c5.C1,p18.R_open_ub_c5.C1,p18.R_cap_c6.C1,p18.R_open_ub_c6.C1,p18.R_open_binary.C1,p18.R_nonneg.C1",,,,356045ba36a1a33f53d5e30373881a1415e93e51876ff4c20883989a216cf058,249.176,4474,1286,False,,,none,,5,21,4,22,43,21,0,21,,
p18__chenyitian-shanshu_SIRL-Gurobi__s3,chenyitian-shanshu/SIRL-Gurobi,18,18,3,loud_bug,loud_bug,loud_bug,clean_fenced,True,True,False,True,"p18.R_dem_s1.C1,p18.R_dem_s2.C1,p18.R_dem_s3.C1,p18.R_dem_s4.C1,p18.R_dem_s5.C1,p18.R_dem_s6.C1,p18.R_dem_s7.C1,p18.R_cap_c1.C1,p18.R_open_ub_c1.C1,p18.R_cap_c2.C1,p18.R_open_ub_c2.C1,p18.R_cap_c3.C1,p18.R_open_ub_c3.C1,p18.R_cap_c4.C1,p18.R_open_ub_c4.C1,p18.R_cap_c5.C1,p18.R_open_ub_c5.C1,p18.R_cap_c6.C1,p18.R_open_ub_c6.C1,p18.R_open_binary.C1,p18.R_nonneg.C1,p18.obj.C1,p18.obj.C2","p18.R_dem_s1.C1,p18.R_dem_s2.C1,p18.R_dem_s3.C1,p18.R_dem_s4.C1,p18.R_dem_s5.C1,p18.R_dem_s6.C1,p18.R_dem_s7.C1,p18.R_cap_c1.C1,p18.R_open_ub_c1.C1,p18.R_cap_c2.C1,p18.R_open_ub_c2.C1,p18.R_cap_c3.C1,p18.R_open_ub_c3.C1,p18.R_cap_c4.C1,p18.R_open_ub_c4.C1,p18.R_cap_c5.C1,p18.R_open_ub_c5.C1,p18.R_cap_c6.C1,p18.R_open_ub_c6.C1,p18.R_open_binary.C1,p18.R_nonneg.C1",,,,356045ba36a1a33f53d5e30373881a1415e93e51876ff4c20883989a216cf058,250.275,4474,1286,False,,,none,,5,21,4,22,43,21,0,21,,
p18__chenyitian-shanshu_SIRL-Gurobi__s4,chenyitian-shanshu/SIRL-Gurobi,18,18,4,loud_bug,loud_bug,loud_bug,clean_fenced,True,True,False,True,"p18.R_dem_s1.C1,p18.R_dem_s2.C1,p18.R_dem_s3.C1,p18.R_dem_s4.C1,p18.R_dem_s5.C1,p18.R_dem_s6.C1,p18.R_dem_s7.C1,p18.R_cap_c1.C1,p18.R_open_ub_c1.C1,p18.R_cap_c2.C1,p18.R_open_ub_c2.C1,p18.R_cap_c3.C1,p18.R_open_ub_c3.C1,p18.R_cap_c4.C1,p18.R_open_ub_c4.C1,p18.R_cap_c5.C1,p18.R_open_ub_c5.C1,p18.R_cap_c6.C1,p18.R_open_ub_c6.C1,p18.R_open_binary.C1,p18.R_nonneg.C1,p18.obj.C1,p18.obj.C2","p18.R_dem_s1.C1,p18.R_dem_s2.C1,p18.R_dem_s3.C1,p18.R_dem_s4.C1,p18.R_dem_s5.C1,p18.R_dem_s6.C1,p18.R_dem_s7.C1,p18.R_cap_c1.C1,p18.R_open_ub_c1.C1,p18.R_cap_c2.C1,p18.R_open_ub_c2.C1,p18.R_cap_c3.C1,p18.R_open_ub_c3.C1,p18.R_cap_c4.C1,p18.R_open_ub_c4.C1,p18.R_cap_c5.C1,p18.R_open_ub_c5.C1,p18.R_cap_c6.C1,p18.R_open_ub_c6.C1,p18.R_open_binary.C1,p18.R_nonneg.C1",,,,356045ba36a1a33f53d5e30373881a1415e93e51876ff4c20883989a216cf058,251.593,4474,1291,False,,,none,,5,21,4,22,43,21,0,21,,
p18__chenyitian-shanshu_SIRL-Gurobi__s5,chenyitian-shanshu/SIRL-Gurobi,18,18,5,loud_bug,loud_bug,loud_bug,clean_fenced,True,True,False,True,"p18.R_dem_s1.C1,p18.R_dem_s2.C1,p18.R_dem_s3.C1,p18.R_dem_s4.C1,p18.R_dem_s5.C1,p18.R_dem_s6.C1,p18.R_dem_s7.C1,p18.R_cap_c1.C1,p18.R_open_ub_c1.C1,p18.R_cap_c2.C1,p18.R_open_ub_c2.C1,p18.R_cap_c3.C1,p18.R_open_ub_c3.C1,p18.R_cap_c4.C1,p18.R_open_ub_c4.C1,p18.R_cap_c5.C1,p18.R_open_ub_c5.C1,p18.R_cap_c6.C1,p18.R_open_ub_c6.C1,p18.R_open_binary.C1,p18.R_nonneg.C1,p18.obj.C1,p18.obj.C2","p18.R_dem_s1.C1,p18.R_dem_s2.C1,p18.R_dem_s3.C1,p18.R_dem_s4.C1,p18.R_dem_s5.C1,p18.R_dem_s6.C1,p18.R_dem_s7.C1,p18.R_cap_c1.C1,p18.R_open_ub_c1.C1,p18.R_cap_c2.C1,p18.R_open_ub_c2.C1,p18.R_cap_c3.C1,p18.R_open_ub_c3.C1,p18.R_cap_c4.C1,p18.R_open_ub_c4.C1,p18.R_cap_c5.C1,p18.R_open_ub_c5.C1,p18.R_cap_c6.C1,p18.R_open_ub_c6.C1,p18.R_open_binary.C1,p18.R_nonneg.C1",,,,356045ba36a1a33f53d5e30373881a1415e93e51876ff4c20883989a216cf058,251.264,4474,1291,False,,,none,,5,21,4,22,43,21,0,21,,
p18__chenyitian-shanshu_SIRL-Gurobi__s6,chenyitian-shanshu/SIRL-Gurobi,18,18,6,loud_bug,loud_bug,loud_bug,clean_fenced,True,True,False,True,"p18.R_dem_s1.C1,p18.R_dem_s2.C1,p18.R_dem_s3.C1,p18.R_dem_s4.C1,p18.R_dem_s5.C1,p18.R_dem_s6.C1,p18.R_dem_s7.C1,p18.R_cap_c1.C1,p18.R_open_ub_c1.C1,p18.R_cap_c2.C1,p18.R_open_ub_c2.C1,p18.R_cap_c3.C1,p18.R_open_ub_c3.C1,p18.R_cap_c4.C1,p18.R_open_ub_c4.C1,p18.R_cap_c5.C1,p18.R_open_ub_c5.C1,p18.R_cap_c6.C1,p18.R_open_ub_c6.C1,p18.R_open_binary.C1,p18.R_nonneg.C1,p18.obj.C1,p18.obj.C2","p18.R_dem_s1.C1,p18.R_dem_s2.C1,p18.R_dem_s3.C1,p18.R_dem_s4.C1,p18.R_dem_s5.C1,p18.R_dem_s6.C1,p18.R_dem_s7.C1,p18.R_cap_c1.C1,p18.R_open_ub_c1.C1,p18.R_cap_c2.C1,p18.R_open_ub_c2.C1,p18.R_cap_c3.C1,p18.R_open_ub_c3.C1,p18.R_cap_c4.C1,p18.R_open_ub_c4.C1,p18.R_cap_c5.C1,p18.R_open_ub_c5.C1,p18.R_cap_c6.C1,p18.R_open_ub_c6.C1,p18.R_open_binary.C1,p18.R_nonneg.C1",,,,356045ba36a1a33f53d5e30373881a1415e93e51876ff4c20883989a216cf058,247.43,4474,1291,False,,,none,,5,21,4,22,43,21,0,21,,
p18__chenyitian-shanshu_SIRL-Gurobi__s7,chenyitian-shanshu/SIRL-Gurobi,18,18,7,loud_bug,loud_bug,loud_bug,clean_fenced,True,True,False,True,p18.obj.C2,,,,,356045ba36a1a33f53d5e30373881a1415e93e51876ff4c20883989a216cf058,501.781,4474,2558,False,,,none,,5,21,4,22,43,0,0,0,,
p18__chenyitian-shanshu_SIRL-Gurobi__s8,chenyitian-shanshu/SIRL-Gurobi,18,18,8,loud_bug,loud_bug,loud_bug,clean_fenced,True,True,False,True,"p18.R_dem_s1.C1,p18.R_dem_s2.C1,p18.R_dem_s3.C1,p18.R_dem_s4.C1,p18.R_dem_s5.C1,p18.R_dem_s6.C1,p18.R_dem_s7.C1,p18.R_cap_c1.C1,p18.R_open_ub_c1.C1,p18.R_cap_c2.C1,p18.R_open_ub_c2.C1,p18.R_cap_c3.C1,p18.R_open_ub_c3.C1,p18.R_cap_c4.C1,p18.R_open_ub_c4.C1,p18.R_cap_c5.C1,p18.R_open_ub_c5.C1,p18.R_cap_c6.C1,p18.R_open_ub_c6.C1,p18.R_open_binary.C1,p18.R_nonneg.C1,p18.obj.C1,p18.obj.C2","p18.R_dem_s1.C1,p18.R_dem_s2.C1,p18.R_dem_s3.C1,p18.R_dem_s4.C1,p18.R_dem_s5.C1,p18.R_dem_s6.C1,p18.R_dem_s7.C1,p18.R_cap_c1.C1,p18.R_open_ub_c1.C1,p18.R_cap_c2.C1,p18.R_open_ub_c2.C1,p18.R_cap_c3.C1,p18.R_open_ub_c3.C1,p18.R_cap_c4.C1,p18.R_open_ub_c4.C1,p18.R_cap_c5.C1,p18.R_open_ub_c5.C1,p18.R_cap_c6.C1,p18.R_open_ub_c6.C1,p18.R_open_binary.C1,p18.R_nonneg.C1",,,,356045ba36a1a33f53d5e30373881a1415e93e51876ff4c20883989a216cf058,251.415,4474,1294,False,,,none,,5,21,4,22,43,21,0,21,,
p18__chenyitian-shanshu_SIRL-Gurobi__s9,chenyitian-shanshu/SIRL-Gurobi,18,18,9,loud_bug,loud_bug,loud_bug,clean_fenced,True,True,False,True,"p18.R_dem_s1.C1,p18.R_dem_s2.C1,p18.R_dem_s3.C1,p18.R_dem_s4.C1,p18.R_dem_s5.C1,p18.R_dem_s6.C1,p18.R_dem_s7.C1,p18.R_cap_c1.C1,p18.R_open_ub_c1.C1,p18.R_cap_c2.C1,p18.R_open_ub_c2.C1,p18.R_cap_c3.C1,p18.R_open_ub_c3.C1,p18.R_cap_c4.C1,p18.R_open_ub_c4.C1,p18.R_cap_c5.C1,p18.R_open_ub_c5.C1,p18.R_cap_c6.C1,p18.R_open_ub_c6.C1,p18.R_open_binary.C1,p18.R_nonneg.C1,p18.obj.C1,p18.obj.C2","p18.R_dem_s1.C1,p18.R_dem_s2.C1,p18.R_dem_s3.C1,p18.R_dem_s4.C1,p18.R_dem_s5.C1,p18.R_dem_s6.C1,p18.R_dem_s7.C1,p18.R_cap_c1.C1,p18.R_open_ub_c1.C1,p18.R_cap_c2.C1,p18.R_open_ub_c2.C1,p18.R_cap_c3.C1,p18.R_open_ub_c3.C1,p18.R_cap_c4.C1,p18.R_open_ub_c4.C1,p18.R_cap_c5.C1,p18.R_open_ub_c5.C1,p18.R_cap_c6.C1,p18.R_open_ub_c6.C1,p18.R_open_binary.C1,p18.R_nonneg.C1",,,,356045ba36a1a33f53d5e30373881a1415e93e51876ff4c20883989a216cf058,251.255,4474,1291,False,,,none,,5,21,4,22,43,21,0,21,,
p19__chenyitian-shanshu_SIRL-Gurobi__s0,chenyitian-shanshu/SIRL-Gurobi,19,19,0,local_hf_8bit_failure,local_hf_8bit_failure,local_hf_8bit_failure,,False,False,False,False,,,,,,329e9365bc725e92f6036bd3fb35046b989feafb758003473f3d477079e82602,0.863,,,,,,none,,,,,,,0,0,0,local_hf_8bit_failure,"OutOfMemoryError: CUDA out of memory. Tried to allocate 2.15 GiB. GPU 0 has a total capacity of 15.77 GiB of which 932.25 MiB is free. Including non-PyTorch memory, this process has 14.85 GiB memory in use. Of the allocated memory 10.79 GiB is allocated by PyTorch, and 3.68 GiB is reserved by PyTorch but unallocated. If reserved but unallocated memory is large try setting PYTORCH_CUDA_ALLOC_CONF=expandable_segments:True to avoid fragmentation.  See documentation for Memory Management  (https://pytorch.org/docs/stable/notes/cuda.html#environment-variables)"
p19__chenyitian-shanshu_SIRL-Gurobi__s1,chenyitian-shanshu/SIRL-Gurobi,19,19,1,local_hf_8bit_failure,local_hf_8bit_failure,local_hf_8bit_failure,,False,False,False,False,,,,,,329e9365bc725e92f6036bd3fb35046b989feafb758003473f3d477079e82602,0.77,,,,,,none,,,,,,,0,0,0,local_hf_8bit_failure,"OutOfMemoryError: CUDA out of memory. Tried to allocate 2.15 GiB. GPU 0 has a total capacity of 15.77 GiB of which 932.25 MiB is free. Including non-PyTorch memory, this process has 14.85 GiB memory in use. Of the allocated memory 10.79 GiB is allocated by PyTorch, and 3.68 GiB is reserved by PyTorch but unallocated. If reserved but unallocated memory is large try setting PYTORCH_CUDA_ALLOC_CONF=expandable_segments:True to avoid fragmentation.  See documentation for Memory Management  (https://pytorch.org/docs/stable/notes/cuda.html#environment-variables)"
p19__chenyitian-shanshu_SIRL-Gurobi__s2,chenyitian-shanshu/SIRL-Gurobi,19,19,2,local_hf_8bit_failure,local_hf_8bit_failure,local_hf_8bit_failure,,False,False,False,False,,,,,,329e9365bc725e92f6036bd3fb35046b989feafb758003473f3d477079e82602,0.772,,,,,,none,,,,,,,0,0,0,local_hf_8bit_failure,"OutOfMemoryError: CUDA out of memory. Tried to allocate 2.15 GiB. GPU 0 has a total capacity of 15.77 GiB of which 932.25 MiB is free. Including non-PyTorch memory, this process has 14.85 GiB memory in use. Of the allocated memory 10.79 GiB is allocated by PyTorch, and 3.68 GiB is reserved by PyTorch but unallocated. If reserved but unallocated memory is large try setting PYTORCH_CUDA_ALLOC_CONF=expandable_segments:True to avoid fragmentation.  See documentation for Memory Management  (https://pytorch.org/docs/stable/notes/cuda.html#environment-variables)"
p19__chenyitian-shanshu_SIRL-Gurobi__s3,chenyitian-shanshu/SIRL-Gurobi,19,19,3,local_hf_8bit_failure,local_hf_8bit_failure,local_hf_8bit_failure,,False,False,False,False,,,,,,329e9365bc725e92f6036bd3fb35046b989feafb758003473f3d477079e82602,0.771,,,,,,none,,,,,,,0,0,0,local_hf_8bit_failure,"OutOfMemoryError: CUDA out of memory. Tried to allocate 2.15 GiB. GPU 0 has a total capacity of 15.77 GiB of which 932.25 MiB is free. Including non-PyTorch memory, this process has 14.85 GiB memory in use. Of the allocated memory 10.79 GiB is allocated by PyTorch, and 3.68 GiB is reserved by PyTorch but unallocated. If reserved but unallocated memory is large try setting PYTORCH_CUDA_ALLOC_CONF=expandable_segments:True to avoid fragmentation.  See documentation for Memory Management  (https://pytorch.org/docs/stable/notes/cuda.html#environment-variables)"
p19__chenyitian-shanshu_SIRL-Gurobi__s4,chenyitian-shanshu/SIRL-Gurobi,19,19,4,local_hf_8bit_failure,local_hf_8bit_failure,local_hf_8bit_failure,,False,False,False,False,,,,,,329e9365bc725e92f6036bd3fb35046b989feafb758003473f3d477079e82602,0.772,,,,,,none,,,,,,,0,0,0,local_hf_8bit_failure,"OutOfMemoryError: CUDA out of memory. Tried to allocate 2.15 GiB. GPU 0 has a total capacity of 15.77 GiB of which 932.25 MiB is free. Including non-PyTorch memory, this process has 14.85 GiB memory in use. Of the allocated memory 10.79 GiB is allocated by PyTorch, and 3.68 GiB is reserved by PyTorch but unallocated. If reserved but unallocated memory is large try setting PYTORCH_CUDA_ALLOC_CONF=expandable_segments:True to avoid fragmentation.  See documentation for Memory Management  (https://pytorch.org/docs/stable/notes/cuda.html#environment-variables)"
p19__chenyitian-shanshu_SIRL-Gurobi__s5,chenyitian-shanshu/SIRL-Gurobi,19,19,5,local_hf_8bit_failure,local_hf_8bit_failure,local_hf_8bit_failure,,False,False,False,False,,,,,,329e9365bc725e92f6036bd3fb35046b989feafb758003473f3d477079e82602,0.771,,,,,,none,,,,,,,0,0,0,local_hf_8bit_failure,"OutOfMemoryError: CUDA out of memory. Tried to allocate 2.15 GiB. GPU 0 has a total capacity of 15.77 GiB of which 932.25 MiB is free. Including non-PyTorch memory, this process has 14.85 GiB memory in use. Of the allocated memory 10.79 GiB is allocated by PyTorch, and 3.68 GiB is reserved by PyTorch but unallocated. If reserved but unallocated memory is large try setting PYTORCH_CUDA_ALLOC_CONF=expandable_segments:True to avoid fragmentation.  See documentation for Memory Management  (https://pytorch.org/docs/stable/notes/cuda.html#environment-variables)"
p19__chenyitian-shanshu_SIRL-Gurobi__s6,chenyitian-shanshu/SIRL-Gurobi,19,19,6,local_hf_8bit_failure,local_hf_8bit_failure,local_hf_8bit_failure,,False,False,False,False,,,,,,329e9365bc725e92f6036bd3fb35046b989feafb758003473f3d477079e82602,0.771,,,,,,none,,,,,,,0,0,0,local_hf_8bit_failure,"OutOfMemoryError: CUDA out of memory. Tried to allocate 2.15 GiB. GPU 0 has a total capacity of 15.77 GiB of which 932.25 MiB is free. Including non-PyTorch memory, this process has 14.85 GiB memory in use. Of the allocated memory 10.79 GiB is allocated by PyTorch, and 3.68 GiB is reserved by PyTorch but unallocated. If reserved but unallocated memory is large try setting PYTORCH_CUDA_ALLOC_CONF=expandable_segments:True to avoid fragmentation.  See documentation for Memory Management  (https://pytorch.org/docs/stable/notes/cuda.html#environment-variables)"
p19__chenyitian-shanshu_SIRL-Gurobi__s7,chenyitian-shanshu/SIRL-Gurobi,19,19,7,local_hf_8bit_failure,local_hf_8bit_failure,local_hf_8bit_failure,,False,False,False,False,,,,,,329e9365bc725e92f6036bd3fb35046b989feafb758003473f3d477079e82602,0.772,,,,,,none,,,,,,,0,0,0,local_hf_8bit_failure,"OutOfMemoryError: CUDA out of memory. Tried to allocate 2.15 GiB. GPU 0 has a total capacity of 15.77 GiB of which 932.25 MiB is free. Including non-PyTorch memory, this process has 14.85 GiB memory in use. Of the allocated memory 10.79 GiB is allocated by PyTorch, and 3.68 GiB is reserved by PyTorch but unallocated. If reserved but unallocated memory is large try setting PYTORCH_CUDA_ALLOC_CONF=expandable_segments:True to avoid fragmentation.  See documentation for Memory Management  (https://pytorch.org/docs/stable/notes/cuda.html#environment-variables)"
p19__chenyitian-shanshu_SIRL-Gurobi__s8,chenyitian-shanshu/SIRL-Gurobi,19,19,8,local_hf_8bit_failure,local_hf_8bit_failure,local_hf_8bit_failure,,False,False,False,False,,,,,,329e9365bc725e92f6036bd3fb35046b989feafb758003473f3d477079e82602,0.773,,,,,,none,,,,,,,0,0,0,local_hf_8bit_failure,"OutOfMemoryError: CUDA out of memory. Tried to allocate 2.15 GiB. GPU 0 has a total capacity of 15.77 GiB of which 932.25 MiB is free. Including non-PyTorch memory, this process has 14.85 GiB memory in use. Of the allocated memory 10.79 GiB is allocated by PyTorch, and 3.68 GiB is reserved by PyTorch but unallocated. If reserved but unallocated memory is large try setting PYTORCH_CUDA_ALLOC_CONF=expandable_segments:True to avoid fragmentation.  See documentation for Memory Management  (https://pytorch.org/docs/stable/notes/cuda.html#environment-variables)"
p19__chenyitian-shanshu_SIRL-Gurobi__s9,chenyitian-shanshu/SIRL-Gurobi,19,19,9,local_hf_8bit_failure,local_hf_8bit_failure,local_hf_8bit_failure,,False,False,False,False,,,,,,329e9365bc725e92f6036bd3fb35046b989feafb758003473f3d477079e82602,0.771,,,,,,none,,,,,,,0,0,0,local_hf_8bit_failure,"OutOfMemoryError: CUDA out of memory. Tried to allocate 2.15 GiB. GPU 0 has a total capacity of 15.77 GiB of which 932.25 MiB is free. Including non-PyTorch memory, this process has 14.85 GiB memory in use. Of the allocated memory 10.79 GiB is allocated by PyTorch, and 3.68 GiB is reserved by PyTorch but unallocated. If reserved but unallocated memory is large try setting PYTORCH_CUDA_ALLOC_CONF=expandable_segments:True to avoid fragmentation.  See documentation for Memory Management  (https://pytorch.org/docs/stable/notes/cuda.html#environment-variables)"
p20__chenyitian-shanshu_SIRL-Gurobi__s0,chenyitian-shanshu/SIRL-Gurobi,20,20,0,loud_bug,loud_bug,loud_bug,clean_fenced,True,True,False,True,p20.obj.C2,,,,,66c96c625bdc123111a3fa68cd50853f2a8e21115c57c27c27a4c045efbfed6f,250.308,4100,1304,False,,,none,,5,21,4,22,43,0,0,0,,
p20__chenyitian-shanshu_SIRL-Gurobi__s1,chenyitian-shanshu/SIRL-Gurobi,20,20,1,code_failure,code_failure,code_failure,clean_fenced,False,False,False,False,,,,,,66c96c625bdc123111a3fa68cd50853f2a8e21115c57c27c27a4c045efbfed6f,244.469,4100,1269,False,,,none,,,,,,,0,0,0,runtime_error,"Traceback (most recent call last):
  File ""/project/eick/maamr/sirl_exp1/results/sirl_8bit_full_10samples/execution_workdirs/p20__chenyitian-shanshu_SIRL-Gurobi__s1/execute_generated.py"", line 48, in <module>
    result = module.solve(data)
  File ""/project/eick/maamr/sirl_exp1/results/sirl_8bit_full_10samples/execution_workdirs/p20__chenyitian-shanshu_SIRL-Gurobi__s1/generated_model.py"", line 50, in solve
    ""f_c1_s1"": variables[""f""][""c1""][""s1""].x,
KeyError: 'c1'"
p20__chenyitian-shanshu_SIRL-Gurobi__s2,chenyitian-shanshu/SIRL-Gurobi,20,20,2,loud_bug,loud_bug,loud_bug,clean_fenced,True,True,False,True,p20.obj.C2,,,,,66c96c625bdc123111a3fa68cd50853f2a8e21115c57c27c27a4c045efbfed6f,249.925,4100,1303,False,,,none,,5,21,4,22,43,0,0,0,,
p20__chenyitian-shanshu_SIRL-Gurobi__s3,chenyitian-shanshu/SIRL-Gurobi,20,20,3,loud_bug,loud_bug,loud_bug,clean_fenced,True,True,False,True,p20.obj.C2,,,,,66c96c625bdc123111a3fa68cd50853f2a8e21115c57c27c27a4c045efbfed6f,245.8,4100,1304,False,,,none,,5,21,4,22,43,0,0,0,,
p20__chenyitian-shanshu_SIRL-Gurobi__s4,chenyitian-shanshu/SIRL-Gurobi,20,20,4,loud_bug,loud_bug,loud_bug,clean_fenced,True,True,False,True,p20.obj.C2,,,,,66c96c625bdc123111a3fa68cd50853f2a8e21115c57c27c27a4c045efbfed6f,250.261,4100,1304,False,,,none,,5,21,4,22,43,0,0,0,,
p20__chenyitian-shanshu_SIRL-Gurobi__s5,chenyitian-shanshu/SIRL-Gurobi,20,20,5,loud_bug,loud_bug,loud_bug,clean_fenced,True,True,False,True,p20.obj.C2,,,,,66c96c625bdc123111a3fa68cd50853f2a8e21115c57c27c27a4c045efbfed6f,251.311,4100,1302,False,,,none,,5,21,4,22,43,0,0,0,,
p20__chenyitian-shanshu_SIRL-Gurobi__s6,chenyitian-shanshu/SIRL-Gurobi,20,20,6,code_failure,code_failure,code_failure,clean_fenced,False,False,False,False,,,,,,66c96c625bdc123111a3fa68cd50853f2a8e21115c57c27c27a4c045efbfed6f,230.67,4100,1196,False,,,none,,,,,,,0,0,0,runtime_error,"Traceback (most recent call last):
  File ""/project/eick/maamr/sirl_exp1/results/sirl_8bit_full_10samples/execution_workdirs/p20__chenyitian-shanshu_SIRL-Gurobi__s6/execute_generated.py"", line 48, in <module>
    result = module.solve(data)
  File ""/project/eick/maamr/sirl_exp1/results/sirl_8bit_full_10samples/execution_workdirs/p20__chenyitian-shanshu_SIRL-Gurobi__s6/generated_model.py"", line 53, in solve
    ""f_c1_s1"": variables[""f""][""c1""][""s1""],
KeyError: 'c1'"
p20__chenyitian-shanshu_SIRL-Gurobi__s7,chenyitian-shanshu/SIRL-Gurobi,20,20,7,loud_bug,loud_bug,loud_bug,clean_fenced,True,True,False,True,p20.obj.C2,,,,,66c96c625bdc123111a3fa68cd50853f2a8e21115c57c27c27a4c045efbfed6f,250.631,4100,1303,False,,,none,,5,21,4,22,43,0,0,0,,
p20__chenyitian-shanshu_SIRL-Gurobi__s8,chenyitian-shanshu/SIRL-Gurobi,20,20,8,loud_bug,loud_bug,loud_bug,clean_fenced,True,True,False,True,"p20.R_cap_c2.C1,p20.R_cap_c3.C1,p20.R_cap_c4.C1,p20.R_cap_c5.C1,p20.R_cap_c7.C1,p20.obj.C2","p20.R_cap_c2.C1,p20.R_cap_c3.C1,p20.R_cap_c4.C1,p20.R_cap_c5.C1,p20.R_cap_c7.C1",,,,66c96c625bdc123111a3fa68cd50853f2a8e21115c57c27c27a4c045efbfed6f,245.833,4100,1279,False,,,none,,5,21,4,22,43,5,0,5,,
p20__chenyitian-shanshu_SIRL-Gurobi__s9,chenyitian-shanshu/SIRL-Gurobi,20,20,9,loud_bug,loud_bug,loud_bug,clean_fenced,True,True,False,True,p20.obj.C2,,,,,66c96c625bdc123111a3fa68cd50853f2a8e21115c57c27c27a4c045efbfed6f,250.223,4100,1303,False,,,none,,5,21,4,22,43,0,0,0,,
p21__chenyitian-shanshu_SIRL-Gurobi__s0,chenyitian-shanshu/SIRL-Gurobi,21,21,0,loud_bug,loud_bug,loud_bug,clean_fenced,True,True,False,True,"p21.R_cov_Thu.C1,p21.obj.C2",p21.R_cov_Thu.C1,,,,0e30946074d42b98b450c8cccaae06425803a0d26ddc41a49c2fa85dace78ee0,357.222,1330,1988,False,,,none,,10,9,9,10,19,1,0,1,,
p21__chenyitian-shanshu_SIRL-Gurobi__s1,chenyitian-shanshu/SIRL-Gurobi,21,21,1,silent_bug,silent_bug,silent_bug,clean_fenced,True,True,True,True,"p21.R_cov_Thu.C1,p21.R_cov_Sat.C1","p21.R_cov_Thu.C1,p21.R_cov_Sat.C1","R_cov_Thu,R_cov_Sat",,,0e30946074d42b98b450c8cccaae06425803a0d26ddc41a49c2fa85dace78ee0,175.336,1330,961,False,structural_constraint_error,"R_cov_Thu,R_cov_Sat",solution_and_formulation,constraint_misspecification,10,9,9,10,19,2,2,4,,
p21__chenyitian-shanshu_SIRL-Gurobi__s2,chenyitian-shanshu/SIRL-Gurobi,21,21,2,silent_bug,silent_bug,silent_bug,clean_fenced,True,True,True,True,"p21.R_cov_Thu.C1,p21.R_cov_Sat.C1","p21.R_cov_Thu.C1,p21.R_cov_Sat.C1","R_cov_Thu,R_cov_Sat",,,0e30946074d42b98b450c8cccaae06425803a0d26ddc41a49c2fa85dace78ee0,355.576,1330,1942,False,structural_constraint_error,"R_cov_Thu,R_cov_Sat",solution_and_formulation,constraint_misspecification,10,9,9,10,19,2,2,4,,
p21__chenyitian-shanshu_SIRL-Gurobi__s3,chenyitian-shanshu/SIRL-Gurobi,21,21,3,loud_bug,loud_bug,loud_bug,clean_fenced,True,True,False,True,p21.obj.C2,,,,,0e30946074d42b98b450c8cccaae06425803a0d26ddc41a49c2fa85dace78ee0,191.57,1330,1044,False,,,none,,10,9,9,10,19,0,0,0,,
p21__chenyitian-shanshu_SIRL-Gurobi__s4,chenyitian-shanshu/SIRL-Gurobi,21,21,4,code_failure,code_failure,code_failure,clean_fenced,False,False,False,False,,,,,,0e30946074d42b98b450c8cccaae06425803a0d26ddc41a49c2fa85dace78ee0,321.956,1330,1795,False,,,none,,,,,,,0,0,0,runtime_error,"Traceback (most recent call last):
  File ""/project/eick/maamr/sirl_exp1/results/sirl_8bit_full_10samples/execution_workdirs/p21__chenyitian-shanshu_SIRL-Gurobi__s4/execute_generated.py"", line 48, in <module>
    result = module.solve(data)
  File ""/project/eick/maamr/sirl_exp1/results/sirl_8bit_full_10samples/execution_workdirs/p21__chenyitian-shanshu_SIRL-Gurobi__s4/generated_model.py"", line 81, in solve
    model, variables = build_model(data)
  File ""/project/eick/maamr/sirl_exp1/results/sirl_8bit_full_10samples/execution_workdirs/p21__chenyitian-shanshu_SIRL-Gurobi__s4/generated_model.py"", line 28, in build_model
    model.addConstr(variables[""start_Monday""] + variables[""start_Tuesday""] + variables[""start_Wednesday""] + variables[""start_Thursday""] + variables[""start_Friday""] >= demand[day])
TypeError: unsupported operand type(s) for +: 'dict' and 'dict'"
p21__chenyitian-shanshu_SIRL-Gurobi__s5,chenyitian-shanshu/SIRL-Gurobi,21,21,5,loud_bug,loud_bug,loud_bug,clean_fenced,True,True,False,True,p21.obj.C2,,,,,0e30946074d42b98b450c8cccaae06425803a0d26ddc41a49c2fa85dace78ee0,385.427,1330,2098,False,,,none,,10,9,9,10,19,0,0,0,,
p21__chenyitian-shanshu_SIRL-Gurobi__s6,chenyitian-shanshu/SIRL-Gurobi,21,21,6,loud_bug,loud_bug,loud_bug,clean_fenced,True,True,False,True,"p21.R_cov_Thu.C1,p21.obj.C2",p21.R_cov_Thu.C1,,,,0e30946074d42b98b450c8cccaae06425803a0d26ddc41a49c2fa85dace78ee0,365.098,1330,1988,False,,,none,,10,9,9,10,19,1,0,1,,
p21__chenyitian-shanshu_SIRL-Gurobi__s7,chenyitian-shanshu/SIRL-Gurobi,21,21,7,loud_bug,loud_bug,loud_bug,clean_fenced,True,True,False,True,"p21.R_cov_Thu.C1,p21.obj.C2",p21.R_cov_Thu.C1,,,,0e30946074d42b98b450c8cccaae06425803a0d26ddc41a49c2fa85dace78ee0,363.432,1330,1979,False,,,none,,10,9,9,10,19,1,0,1,,
p21__chenyitian-shanshu_SIRL-Gurobi__s8,chenyitian-shanshu/SIRL-Gurobi,21,21,8,silent_bug,silent_bug,silent_bug,clean_fenced,True,True,True,True,"p21.R_cov_Thu.C1,p21.R_cov_Sat.C1","p21.R_cov_Thu.C1,p21.R_cov_Sat.C1","R_cov_Thu,R_cov_Sat",,,0e30946074d42b98b450c8cccaae06425803a0d26ddc41a49c2fa85dace78ee0,199.53,1330,1092,False,structural_constraint_error,"R_cov_Thu,R_cov_Sat",solution_and_formulation,constraint_misspecification,10,9,9,10,19,2,2,4,,
p21__chenyitian-shanshu_SIRL-Gurobi__s9,chenyitian-shanshu/SIRL-Gurobi,21,21,9,loud_bug,loud_bug,loud_bug,clean_fenced,True,True,False,True,"p21.R_cov_Thu.C1,p21.obj.C2",p21.R_cov_Thu.C1,,,,0e30946074d42b98b450c8cccaae06425803a0d26ddc41a49c2fa85dace78ee0,364.498,1330,1988,False,,,none,,10,9,9,10,19,1,0,1,,
p22__chenyitian-shanshu_SIRL-Gurobi__s0,chenyitian-shanshu/SIRL-Gurobi,22,22,0,code_failure,code_failure,code_failure,clean_fenced,False,False,False,False,,,,,,7b337f06c64fb758705aab538e19f97efb0b66bdfe84c7a08664a72b5c502924,263.455,2007,1425,False,,,none,,,,,,,0,0,0,runtime_error,"Traceback (most recent call last):
  File ""/project/eick/maamr/sirl_exp1/results/sirl_8bit_full_10samples/execution_workdirs/p22__chenyitian-shanshu_SIRL-Gurobi__s0/execute_generated.py"", line 48, in <module>
    result = module.solve(data)
  File ""/project/eick/maamr/sirl_exp1/results/sirl_8bit_full_10samples/execution_workdirs/p22__chenyitian-shanshu_SIRL-Gurobi__s0/generated_model.py"", line 73, in solve
    model, variables = build_model(data)
  File ""/project/eick/maamr/sirl_exp1/results/sirl_8bit_full_10samples/execution_workdirs/p22__chenyitian-shanshu_SIRL-Gurobi__s0/generated_model.py"", line 60, in build_model
    variables[""x_A_C""] + variables[""x_A_D""])
KeyError: 'x_A_D'"
p22__chenyitian-shanshu_SIRL-Gurobi__s1,chenyitian-shanshu/SIRL-Gurobi,22,22,1,code_failure,code_failure,code_failure,clean_fenced,False,False,False,False,,,,,,7b337f06c64fb758705aab538e19f97efb0b66bdfe84c7a08664a72b5c502924,279.526,2007,1433,False,,,none,,,,,,,0,0,0,runtime_error,"Traceback (most recent call last):
  File ""/project/eick/maamr/sirl_exp1/results/sirl_8bit_resume_p22_p41/execution_workdirs/p22__chenyitian-shanshu_SIRL-Gurobi__s1/execute_generated.py"", line 48, in <module>
    result = module.solve(data)
  File ""/project/eick/maamr/sirl_exp1/results/sirl_8bit_resume_p22_p41/execution_workdirs/p22__chenyitian-shanshu_SIRL-Gurobi__s1/generated_model.py"", line 72, in solve
    model, variables = build_model(data)
  File ""/project/eick/maamr/sirl_exp1/results/sirl_8bit_resume_p22_p41/execution_workdirs/p22__chenyitian-shanshu_SIRL-Gurobi__s1/generated_model.py"", line 66, in build_model
    model.addConstr(variables[""x_A_C""] + variables[""x_B_C""] + variables[""x_D_C""] + variables[""x_E_C""] <= 1)
KeyError: 'x_E_C'"
p22__chenyitian-shanshu_SIRL-Gurobi__s2,chenyitian-shanshu/SIRL-Gurobi,22,22,2,loud_bug,loud_bug,loud_bug,clean_fenced,True,True,False,True,"p22.R_start_A.C1,p22.R_end_E.C1,p22.R_pass_C_in.C1,p22.R_pass_C_out.C1,p22.obj.C2","p22.R_start_A.C1,p22.R_end_E.C1,p22.R_pass_C_in.C1,p22.R_pass_C_out.C1",,,,7b337f06c64fb758705aab538e19f97efb0b66bdfe84c7a08664a72b5c502924,247.974,2007,1057,False,,,none,,36,35,35,36,71,4,0,4,,
p22__chenyitian-shanshu_SIRL-Gurobi__s3,chenyitian-shanshu/SIRL-Gurobi,22,22,3,code_failure,code_failure,code_failure,clean_fenced,False,False,False,False,,,,,,7b337f06c64fb758705aab538e19f97efb0b66bdfe84c7a08664a72b5c502924,340.588,2007,1774,False,,,none,,,,,,,0,0,0,runtime_error,"Traceback (most recent call last):
  File ""/project/eick/maamr/sirl_exp1/results/sirl_8bit_resume_p22_p41/execution_workdirs/p22__chenyitian-shanshu_SIRL-Gurobi__s3/execute_generated.py"", line 48, in <module>
    result = module.solve(data)
  File ""/project/eick/maamr/sirl_exp1/results/sirl_8bit_resume_p22_p41/execution_workdirs/p22__chenyitian-shanshu_SIRL-Gurobi__s3/generated_model.py"", line 115, in solve
    model, x = build_model(data)
  File ""/project/eick/maamr/sirl_exp1/results/sirl_8bit_resume_p22_p41/execution_workdirs/p22__chenyitian-shanshu_SIRL-Gurobi__s3/generated_model.py"", line 85, in build_model
    model.addConstr(x[variables_keys[f""x_{from_node}_{to_node}""]] * bandwidth_values[(from_node, to_node)] >= z)
KeyError: 'arc A->B'"
p22__chenyitian-shanshu_SIRL-Gurobi__s4,chenyitian-shanshu/SIRL-Gurobi,22,22,4,loud_bug,loud_bug,loud_bug,clean_fenced,True,True,False,True,"p22.R_end_E.C1,p22.R_pass_C_in.C1,p22.R_pass_C_out.C1,p22.R_flow_D.C1,p22.R_visit_A_out.C1,p22.R_visit_B_in.C1,p22.R_visit_B_out.C1,p22.R_visit_C_in.C1,p22.R_visit_D_in.C1,p22.R_visit_E_out.C1,p22.obj.C2","p22.R_end_E.C1,p22.R_pass_C_in.C1,p22.R_pass_C_out.C1,p22.R_flow_D.C1,p22.R_visit_A_out.C1,p22.R_visit_B_in.C1,p22.R_visit_B_out.C1,p22.R_visit_C_in.C1,p22.R_visit_D_in.C1,p22.R_visit_E_out.C1",,,,7b337f06c64fb758705aab538e19f97efb0b66bdfe84c7a08664a72b5c502924,223.134,2007,1209,False,,,none,,36,35,35,36,71,10,0,10,,
p22__chenyitian-shanshu_SIRL-Gurobi__s5,chenyitian-shanshu/SIRL-Gurobi,22,22,5,schema_failure,schema_failure,schema_failure,clean_fenced,True,False,False,True,,,,,,7b337f06c64fb758705aab538e19f97efb0b66bdfe84c7a08664a72b5c502924,284.792,2007,1547,False,,,none,,,,,,,0,0,0,schema_failure,result['solution'] is not a dict
p22__chenyitian-shanshu_SIRL-Gurobi__s6,chenyitian-shanshu/SIRL-Gurobi,22,22,6,code_failure,code_failure,code_failure,clean_fenced,False,False,False,False,,,,,,7b337f06c64fb758705aab538e19f97efb0b66bdfe84c7a08664a72b5c502924,328.813,2007,1513,False,,,none,,,,,,,0,0,0,runtime_error,"Traceback (most recent call last):
  File ""/project/eick/maamr/sirl_exp1/results/sirl_8bit_resume_p22_p41/execution_workdirs/p22__chenyitian-shanshu_SIRL-Gurobi__s6/execute_generated.py"", line 48, in <module>
    result = module.solve(data)
  File ""/project/eick/maamr/sirl_exp1/results/sirl_8bit_resume_p22_p41/execution_workdirs/p22__chenyitian-shanshu_SIRL-Gurobi__s6/generated_model.py"", line 81, in solve
    model, variables = build_model(data)
  File ""/project/eick/maamr/sirl_exp1/results/sirl_8bit_resume_p22_p41/execution_workdirs/p22__chenyitian-shanshu_SIRL-Gurobi__s6/generated_model.py"", line 59, in build_model
    for (from_node, to_node), bandwidth_value in bandwidth.items():
ValueError: not enough values to unpack (expected 2, got 1)"
p22__chenyitian-shanshu_SIRL-Gurobi__s7,chenyitian-shanshu/SIRL-Gurobi,22,22,7,code_failure,code_failure,code_failure,clean_fenced,False,False,False,False,,,,,,7b337f06c64fb758705aab538e19f97efb0b66bdfe84c7a08664a72b5c502924,230.828,2007,1257,False,,,none,,,,,,,0,0,0,runtime_error,"Traceback (most recent call last):
  File ""/project/eick/maamr/sirl_exp1/results/sirl_8bit_resume_p22_p41/execution_workdirs/p22__chenyitian-shanshu_SIRL-Gurobi__s7/execute_generated.py"", line 48, in <module>
    result = module.solve(data)
  File ""/project/eick/maamr/sirl_exp1/results/sirl_8bit_resume_p22_p41/execution_workdirs/p22__chenyitian-shanshu_SIRL-Gurobi__s7/generated_model.py"", line 68, in solve
    model, x, z = build_model(data)
  File ""/project/eick/maamr/sirl_exp1/results/sirl_8bit_resume_p22_p41/execution_workdirs/p22__chenyitian-shanshu_SIRL-Gurobi__s7/generated_model.py"", line 61, in build_model
    model.addConstr(x[""A"", ""C""] + x[""B"", ""C""] - x[""C"", ""A""] - x[""C"", ""B""] == 1)
KeyError: ('C', 'B')"
p22__chenyitian-shanshu_SIRL-Gurobi__s8,chenyitian-shanshu/SIRL-Gurobi,22,22,8,code_failure,code_failure,code_failure,clean_fenced,False,False,False,False,,,,,,7b337f06c64fb758705aab538e19f97efb0b66bdfe84c7a08664a72b5c502924,408.051,2007,1812,False,,,none,,,,,,,0,0,0,runtime_error,"Traceback (most recent call last):
  File ""/project/eick/maamr/sirl_exp1/results/sirl_8bit_resume_p22_p41/execution_workdirs/p22__chenyitian-shanshu_SIRL-Gurobi__s8/execute_generated.py"", line 48, in <module>
    result = module.solve(data)
  File ""/project/eick/maamr/sirl_exp1/results/sirl_8bit_resume_p22_p41/execution_workdirs/p22__chenyitian-shanshu_SIRL-Gurobi__s8/generated_model.py"", line 103, in solve
    model, variables = build_model(data)
  File ""/project/eick/maamr/sirl_exp1/results/sirl_8bit_resume_p22_p41/execution_workdirs/p22__chenyitian-shanshu_SIRL-Gurobi__s8/generated_model.py"", line 59, in build_model
    for (from_node, to_node), value in bandwidth.items():
ValueError: not enough values to unpack (expected 2, got 1)"
p22__chenyitian-shanshu_SIRL-Gurobi__s9,chenyitian-shanshu/SIRL-Gurobi,22,22,9,code_failure,code_failure,code_failure,clean_fenced,False,False,False,False,,,,,,7b337f06c64fb758705aab538e19f97efb0b66bdfe84c7a08664a72b5c502924,276.146,2007,1230,False,,,none,,,,,,,0,0,0,runtime_error,"Traceback (most recent call last):
  File ""/project/eick/maamr/sirl_exp1/results/sirl_8bit_resume_p22_p41/execution_workdirs/p22__chenyitian-shanshu_SIRL-Gurobi__s9/execute_generated.py"", line 48, in <module>
    result = module.solve(data)
  File ""/project/eick/maamr/sirl_exp1/results/sirl_8bit_resume_p22_p41/execution_workdirs/p22__chenyitian-shanshu_SIRL-Gurobi__s9/generated_model.py"", line 58, in solve
    model, variables = build_model(data)
  File ""/project/eick/maamr/sirl_exp1/results/sirl_8bit_resume_p22_p41/execution_workdirs/p22__chenyitian-shanshu_SIRL-Gurobi__s9/generated_model.py"", line 52, in build_model
    model.addConstr(variables[""x_A_C""] + variables[""x_B_C""] - variables[""x_C_A""] - variables[""x_C_B""] >= 0)
KeyError: 'x_C_B'"
p23__chenyitian-shanshu_SIRL-Gurobi__s0,chenyitian-shanshu/SIRL-Gurobi,23,23,0,local_hf_8bit_failure,local_hf_8bit_failure,local_hf_8bit_failure,,False,False,False,False,,,,,,5965945cd07907db2d0ba3c94735898b37a45813287347b6646826563a1c6df1,0.306,,,,,,none,,,,,,,0,0,0,local_hf_8bit_failure,"OutOfMemoryError: CUDA out of memory. Tried to allocate 18.41 GiB. GPU 0 has a total capacity of 15.77 GiB of which 5.10 GiB is free. Including non-PyTorch memory, this process has 10.66 GiB memory in use. Of the allocated memory 10.02 GiB is allocated by PyTorch, and 271.85 MiB is reserved by PyTorch but unallocated. If reserved but unallocated memory is large try setting PYTORCH_CUDA_ALLOC_CONF=expandable_segments:True to avoid fragmentation.  See documentation for Memory Management  (https://pytorch.org/docs/stable/notes/cuda.html#environment-variables)"
p23__chenyitian-shanshu_SIRL-Gurobi__s1,chenyitian-shanshu/SIRL-Gurobi,23,23,1,local_hf_8bit_failure,local_hf_8bit_failure,local_hf_8bit_failure,,False,False,False,False,,,,,,5965945cd07907db2d0ba3c94735898b37a45813287347b6646826563a1c6df1,0.061,,,,,,none,,,,,,,0,0,0,local_hf_8bit_failure,"OutOfMemoryError: CUDA out of memory. Tried to allocate 18.41 GiB. GPU 0 has a total capacity of 15.77 GiB of which 5.10 GiB is free. Including non-PyTorch memory, this process has 10.66 GiB memory in use. Of the allocated memory 10.02 GiB is allocated by PyTorch, and 272.21 MiB is reserved by PyTorch but unallocated. If reserved but unallocated memory is large try setting PYTORCH_CUDA_ALLOC_CONF=expandable_segments:True to avoid fragmentation.  See documentation for Memory Management  (https://pytorch.org/docs/stable/notes/cuda.html#environment-variables)"
p23__chenyitian-shanshu_SIRL-Gurobi__s2,chenyitian-shanshu/SIRL-Gurobi,23,23,2,local_hf_8bit_failure,local_hf_8bit_failure,local_hf_8bit_failure,,False,False,False,False,,,,,,5965945cd07907db2d0ba3c94735898b37a45813287347b6646826563a1c6df1,0.059,,,,,,none,,,,,,,0,0,0,local_hf_8bit_failure,"OutOfMemoryError: CUDA out of memory. Tried to allocate 18.41 GiB. GPU 0 has a total capacity of 15.77 GiB of which 5.10 GiB is free. Including non-PyTorch memory, this process has 10.66 GiB memory in use. Of the allocated memory 10.02 GiB is allocated by PyTorch, and 272.21 MiB is reserved by PyTorch but unallocated. If reserved but unallocated memory is large try setting PYTORCH_CUDA_ALLOC_CONF=expandable_segments:True to avoid fragmentation.  See documentation for Memory Management  (https://pytorch.org/docs/stable/notes/cuda.html#environment-variables)"
p23__chenyitian-shanshu_SIRL-Gurobi__s3,chenyitian-shanshu/SIRL-Gurobi,23,23,3,local_hf_8bit_failure,local_hf_8bit_failure,local_hf_8bit_failure,,False,False,False,False,,,,,,5965945cd07907db2d0ba3c94735898b37a45813287347b6646826563a1c6df1,0.059,,,,,,none,,,,,,,0,0,0,local_hf_8bit_failure,"OutOfMemoryError: CUDA out of memory. Tried to allocate 18.41 GiB. GPU 0 has a total capacity of 15.77 GiB of which 5.10 GiB is free. Including non-PyTorch memory, this process has 10.66 GiB memory in use. Of the allocated memory 10.02 GiB is allocated by PyTorch, and 272.21 MiB is reserved by PyTorch but unallocated. If reserved but unallocated memory is large try setting PYTORCH_CUDA_ALLOC_CONF=expandable_segments:True to avoid fragmentation.  See documentation for Memory Management  (https://pytorch.org/docs/stable/notes/cuda.html#environment-variables)"
p23__chenyitian-shanshu_SIRL-Gurobi__s4,chenyitian-shanshu/SIRL-Gurobi,23,23,4,local_hf_8bit_failure,local_hf_8bit_failure,local_hf_8bit_failure,,False,False,False,False,,,,,,5965945cd07907db2d0ba3c94735898b37a45813287347b6646826563a1c6df1,0.061,,,,,,none,,,,,,,0,0,0,local_hf_8bit_failure,"OutOfMemoryError: CUDA out of memory. Tried to allocate 18.41 GiB. GPU 0 has a total capacity of 15.77 GiB of which 5.10 GiB is free. Including non-PyTorch memory, this process has 10.66 GiB memory in use. Of the allocated memory 10.02 GiB is allocated by PyTorch, and 272.21 MiB is reserved by PyTorch but unallocated. If reserved but unallocated memory is large try setting PYTORCH_CUDA_ALLOC_CONF=expandable_segments:True to avoid fragmentation.  See documentation for Memory Management  (https://pytorch.org/docs/stable/notes/cuda.html#environment-variables)"
p23__chenyitian-shanshu_SIRL-Gurobi__s5,chenyitian-shanshu/SIRL-Gurobi,23,23,5,local_hf_8bit_failure,local_hf_8bit_failure,local_hf_8bit_failure,,False,False,False,False,,,,,,5965945cd07907db2d0ba3c94735898b37a45813287347b6646826563a1c6df1,0.059,,,,,,none,,,,,,,0,0,0,local_hf_8bit_failure,"OutOfMemoryError: CUDA out of memory. Tried to allocate 18.41 GiB. GPU 0 has a total capacity of 15.77 GiB of which 5.10 GiB is free. Including non-PyTorch memory, this process has 10.66 GiB memory in use. Of the allocated memory 10.02 GiB is allocated by PyTorch, and 272.21 MiB is reserved by PyTorch but unallocated. If reserved but unallocated memory is large try setting PYTORCH_CUDA_ALLOC_CONF=expandable_segments:True to avoid fragmentation.  See documentation for Memory Management  (https://pytorch.org/docs/stable/notes/cuda.html#environment-variables)"
p23__chenyitian-shanshu_SIRL-Gurobi__s6,chenyitian-shanshu/SIRL-Gurobi,23,23,6,local_hf_8bit_failure,local_hf_8bit_failure,local_hf_8bit_failure,,False,False,False,False,,,,,,5965945cd07907db2d0ba3c94735898b37a45813287347b6646826563a1c6df1,0.059,,,,,,none,,,,,,,0,0,0,local_hf_8bit_failure,"OutOfMemoryError: CUDA out of memory. Tried to allocate 18.41 GiB. GPU 0 has a total capacity of 15.77 GiB of which 5.10 GiB is free. Including non-PyTorch memory, this process has 10.66 GiB memory in use. Of the allocated memory 10.02 GiB is allocated by PyTorch, and 272.21 MiB is reserved by PyTorch but unallocated. If reserved but unallocated memory is large try setting PYTORCH_CUDA_ALLOC_CONF=expandable_segments:True to avoid fragmentation.  See documentation for Memory Management  (https://pytorch.org/docs/stable/notes/cuda.html#environment-variables)"
p23__chenyitian-shanshu_SIRL-Gurobi__s7,chenyitian-shanshu/SIRL-Gurobi,23,23,7,local_hf_8bit_failure,local_hf_8bit_failure,local_hf_8bit_failure,,False,False,False,False,,,,,,5965945cd07907db2d0ba3c94735898b37a45813287347b6646826563a1c6df1,0.062,,,,,,none,,,,,,,0,0,0,local_hf_8bit_failure,"OutOfMemoryError: CUDA out of memory. Tried to allocate 18.41 GiB. GPU 0 has a total capacity of 15.77 GiB of which 5.10 GiB is free. Including non-PyTorch memory, this process has 10.66 GiB memory in use. Of the allocated memory 10.02 GiB is allocated by PyTorch, and 272.21 MiB is reserved by PyTorch but unallocated. If reserved but unallocated memory is large try setting PYTORCH_CUDA_ALLOC_CONF=expandable_segments:True to avoid fragmentation.  See documentation for Memory Management  (https://pytorch.org/docs/stable/notes/cuda.html#environment-variables)"
p23__chenyitian-shanshu_SIRL-Gurobi__s8,chenyitian-shanshu/SIRL-Gurobi,23,23,8,local_hf_8bit_failure,local_hf_8bit_failure,local_hf_8bit_failure,,False,False,False,False,,,,,,5965945cd07907db2d0ba3c94735898b37a45813287347b6646826563a1c6df1,0.062,,,,,,none,,,,,,,0,0,0,local_hf_8bit_failure,"OutOfMemoryError: CUDA out of memory. Tried to allocate 18.41 GiB. GPU 0 has a total capacity of 15.77 GiB of which 5.10 GiB is free. Including non-PyTorch memory, this process has 10.66 GiB memory in use. Of the allocated memory 10.02 GiB is allocated by PyTorch, and 272.21 MiB is reserved by PyTorch but unallocated. If reserved but unallocated memory is large try setting PYTORCH_CUDA_ALLOC_CONF=expandable_segments:True to avoid fragmentation.  See documentation for Memory Management  (https://pytorch.org/docs/stable/notes/cuda.html#environment-variables)"
p23__chenyitian-shanshu_SIRL-Gurobi__s9,chenyitian-shanshu/SIRL-Gurobi,23,23,9,local_hf_8bit_failure,local_hf_8bit_failure,local_hf_8bit_failure,,False,False,False,False,,,,,,5965945cd07907db2d0ba3c94735898b37a45813287347b6646826563a1c6df1,0.058,,,,,,none,,,,,,,0,0,0,local_hf_8bit_failure,"OutOfMemoryError: CUDA out of memory. Tried to allocate 18.41 GiB. GPU 0 has a total capacity of 15.77 GiB of which 5.10 GiB is free. Including non-PyTorch memory, this process has 10.66 GiB memory in use. Of the allocated memory 10.02 GiB is allocated by PyTorch, and 272.21 MiB is reserved by PyTorch but unallocated. If reserved but unallocated memory is large try setting PYTORCH_CUDA_ALLOC_CONF=expandable_segments:True to avoid fragmentation.  See documentation for Memory Management  (https://pytorch.org/docs/stable/notes/cuda.html#environment-variables)"
p24__chenyitian-shanshu_SIRL-Gurobi__s0,chenyitian-shanshu/SIRL-Gurobi,24,24,0,loud_bug,loud_bug,loud_bug,clean_fenced,True,True,False,True,"p24.R_total_A.C1,p24.R_total_B.C1,p24.R_total_C.C1,p24.R_total_D.C1,p24.R_total_E.C1,p24.obj.C2","p24.R_total_A.C1,p24.R_total_B.C1,p24.R_total_C.C1,p24.R_total_D.C1,p24.R_total_E.C1",,,,c792c6bc518aa1c35702d7b99f0ed912b16bf4ff92786c25c4796b3c12bbe21a,1232.649,4310,5155,False,,,none,,110,127,109,128,255,5,0,5,,
p24__chenyitian-shanshu_SIRL-Gurobi__s1,chenyitian-shanshu/SIRL-Gurobi,24,24,1,loud_bug,loud_bug,loud_bug,clean_fenced,True,True,False,True,"p24.R_total_A.C1,p24.R_total_B.C1,p24.R_total_C.C1,p24.R_total_D.C1,p24.R_total_E.C1,p24.obj.C2","p24.R_total_A.C1,p24.R_total_B.C1,p24.R_total_C.C1,p24.R_total_D.C1,p24.R_total_E.C1",,,,c792c6bc518aa1c35702d7b99f0ed912b16bf4ff92786c25c4796b3c12bbe21a,953.3,4310,4021,False,,,none,,110,127,109,128,255,5,0,5,,
p24__chenyitian-shanshu_SIRL-Gurobi__s2,chenyitian-shanshu/SIRL-Gurobi,24,24,2,loud_bug,loud_bug,loud_bug,clean_fenced,True,True,False,True,"p24.R_total_A.C1,p24.R_total_B.C1,p24.R_total_C.C1,p24.R_total_D.C1,p24.R_total_E.C1,p24.obj.C2","p24.R_total_A.C1,p24.R_total_B.C1,p24.R_total_C.C1,p24.R_total_D.C1,p24.R_total_E.C1",,,,c792c6bc518aa1c35702d7b99f0ed912b16bf4ff92786c25c4796b3c12bbe21a,678.226,4310,2894,False,,,none,,110,127,109,128,255,5,0,5,,
p24__chenyitian-shanshu_SIRL-Gurobi__s3,chenyitian-shanshu/SIRL-Gurobi,24,24,3,loud_bug,loud_bug,loud_bug,clean_fenced,True,True,False,True,"p24.R_total_A.C1,p24.R_total_B.C1,p24.R_total_C.C1,p24.R_total_D.C1,p24.R_total_E.C1,p24.obj.C2","p24.R_total_A.C1,p24.R_total_B.C1,p24.R_total_C.C1,p24.R_total_D.C1,p24.R_total_E.C1",,,,c792c6bc518aa1c35702d7b99f0ed912b16bf4ff92786c25c4796b3c12bbe21a,921.894,4310,3898,False,,,none,,110,127,109,128,255,5,0,5,,
p24__chenyitian-shanshu_SIRL-Gurobi__s4,chenyitian-shanshu/SIRL-Gurobi,24,24,4,silent_bug,silent_bug,silent_bug,clean_fenced,True,True,True,True,"p24.R_A_requires_C_1.C1,p24.R_A_requires_C_2.C1,p24.R_A_requires_C_10.C1","p24.R_A_requires_C_1.C1,p24.R_A_requires_C_2.C1,p24.R_A_requires_C_10.C1","R_A_requires_C_1,R_A_requires_C_2,R_A_requires_C_3,R_A_requires_C_4,R_A_requires_C_5,R_A_requires_C_6,R_A_requires_C_7,R_A_requires_C_8,R_A_requires_C_9,R_A_requires_C_10",,,c792c6bc518aa1c35702d7b99f0ed912b16bf4ff92786c25c4796b3c12bbe21a,650.417,4310,2778,False,linking_or_logic_error,"R_A_requires_C_1,R_A_requires_C_2,R_A_requires_C_10 + fviol:R_A_requires_C_3,R_A_requires_C_4,R_A_requires_C_5,R_A_requires_C_6,R_A_requires_C_7,R_A_requires_C_8,R_A_requires_C_9",solution_and_formulation,linking_or_logic_error,110,127,109,128,255,3,10,13,,
p24__chenyitian-shanshu_SIRL-Gurobi__s5,chenyitian-shanshu/SIRL-Gurobi,24,24,5,silent_bug,silent_bug,silent_bug,clean_fenced,True,True,True,True,"p24.R_A_requires_C_1.C1,p24.R_A_requires_C_2.C1,p24.R_A_requires_C_10.C1","p24.R_A_requires_C_1.C1,p24.R_A_requires_C_2.C1,p24.R_A_requires_C_10.C1","R_A_requires_C_1,R_A_requires_C_2,R_A_requires_C_3,R_A_requires_C_4,R_A_requires_C_5,R_A_requires_C_6,R_A_requires_C_7,R_A_requires_C_8,R_A_requires_C_9,R_A_requires_C_10",,,c792c6bc518aa1c35702d7b99f0ed912b16bf4ff92786c25c4796b3c12bbe21a,820.125,4310,3475,False,linking_or_logic_error,"R_A_requires_C_1,R_A_requires_C_2,R_A_requires_C_10 + fviol:R_A_requires_C_3,R_A_requires_C_4,R_A_requires_C_5,R_A_requires_C_6,R_A_requires_C_7,R_A_requires_C_8,R_A_requires_C_9",solution_and_formulation,linking_or_logic_error,110,127,109,128,255,3,10,13,,
p24__chenyitian-shanshu_SIRL-Gurobi__s6,chenyitian-shanshu/SIRL-Gurobi,24,24,6,silent_bug,silent_bug,silent_bug,clean_fenced,True,True,True,True,"p24.R_A_requires_C_1.C1,p24.R_A_requires_C_2.C1,p24.R_A_requires_C_10.C1","p24.R_A_requires_C_1.C1,p24.R_A_requires_C_2.C1,p24.R_A_requires_C_10.C1","R_A_requires_C_1,R_A_requires_C_2,R_A_requires_C_3,R_A_requires_C_4,R_A_requires_C_5,R_A_requires_C_6,R_A_requires_C_7,R_A_requires_C_8,R_A_requires_C_9,R_A_requires_C_10",,,c792c6bc518aa1c35702d7b99f0ed912b16bf4ff92786c25c4796b3c12bbe21a,775.289,4310,3901,False,linking_or_logic_error,"R_A_requires_C_1,R_A_requires_C_2,R_A_requires_C_10 + fviol:R_A_requires_C_3,R_A_requires_C_4,R_A_requires_C_5,R_A_requires_C_6,R_A_requires_C_7,R_A_requires_C_8,R_A_requires_C_9",solution_and_formulation,linking_or_logic_error,110,127,109,128,255,3,10,13,,
p24__chenyitian-shanshu_SIRL-Gurobi__s7,chenyitian-shanshu/SIRL-Gurobi,24,24,7,loud_bug,loud_bug,loud_bug,clean_fenced,True,True,False,True,"p24.R_total_A.C1,p24.R_total_B.C1,p24.R_total_C.C1,p24.R_total_D.C1,p24.R_total_E.C1,p24.obj.C2","p24.R_total_A.C1,p24.R_total_B.C1,p24.R_total_C.C1,p24.R_total_D.C1,p24.R_total_E.C1",,,,c792c6bc518aa1c35702d7b99f0ed912b16bf4ff92786c25c4796b3c12bbe21a,924.796,4310,3897,False,,,none,,110,127,109,128,255,5,0,5,,
p24__chenyitian-shanshu_SIRL-Gurobi__s8,chenyitian-shanshu/SIRL-Gurobi,24,24,8,silent_bug,silent_bug,silent_bug,clean_fenced,True,True,True,True,"p24.R_total_C.C1,p24.R_total_D.C1,p24.R_A_requires_C_2.C1,p24.R_A_requires_C_3.C1,p24.R_A_requires_C_5.C1,p24.R_A_requires_C_7.C1,p24.R_A_requires_C_8.C1","p24.R_total_C.C1,p24.R_total_D.C1,p24.R_A_requires_C_2.C1,p24.R_A_requires_C_3.C1,p24.R_A_requires_C_5.C1,p24.R_A_requires_C_7.C1,p24.R_A_requires_C_8.C1","R_total_A,R_total_B,R_total_C,R_total_D,R_total_E,R_A_requires_C_1,R_no_goods_unused_1_D,R_A_requires_C_2,R_no_goods_unused_2_D,R_A_requires_C_3,R_no_goods_unused_3_D,R_A_requires_C_4,R_no_goods_unused_4_D,R_A_requires_C_5,R_no_goods_unused_5_D,R_A_requires_C_6,R_no_goods_unused_6_D,R_A_requires_C_7,R_no_goods_unused_7_D,R_A_requires_C_8,R_no_goods_unused_8_D,R_A_requires_C_9,R_no_goods_unused_9_D,R_A_requires_C_10,R_no_goods_unused_10_D",,,c792c6bc518aa1c35702d7b99f0ed912b16bf4ff92786c25c4796b3c12bbe21a,540.92,4310,2760,False,unknown_or_mixed,"R_total_C,R_total_D,R_A_requires_C_2,R_A_requires_C_3,R_A_requires_C_5,R_A_requires_C_7,R_A_requires_C_8 + fviol:R_total_A,R_total_B,R_total_E,R_A_requires_C_1,R_no_goods_unused_1_D,R_no_goods_unused_2_D,R_no_goods_unused_3_D,R_A_requires_C_4,R_no_goods_unused_4_D,R_no_goods_unused_5_D,R_A_requires_C_6,R_no_goods_unused_6_D,R_no_goods_unused_7_D,R_no_goods_unused_8_D,R_A_requires_C_9,R_no_goods_unused_9_D,R_A_requires_C_10,R_no_goods_unused_10_D",solution_and_formulation,constraint_misspecification;linking_or_logic_error,110,127,109,128,255,7,25,32,,
p24__chenyitian-shanshu_SIRL-Gurobi__s9,chenyitian-shanshu/SIRL-Gurobi,24,24,9,silent_bug,silent_bug,silent_bug,clean_fenced,True,True,True,True,"p24.R_A_requires_C_4.C1,p24.R_A_requires_C_5.C1,p24.R_A_requires_C_7.C1,p24.R_A_requires_C_9.C1,p24.R_A_requires_C_10.C1","p24.R_A_requires_C_4.C1,p24.R_A_requires_C_5.C1,p24.R_A_requires_C_7.C1,p24.R_A_requires_C_9.C1,p24.R_A_requires_C_10.C1","R_A_requires_C_1,R_A_requires_C_2,R_A_requires_C_3,R_A_requires_C_4,R_A_requires_C_5,R_A_requires_C_6,R_A_requires_C_7,R_A_requires_C_8,R_A_requires_C_9,R_A_requires_C_10",,,c792c6bc518aa1c35702d7b99f0ed912b16bf4ff92786c25c4796b3c12bbe21a,848.784,4310,3588,False,linking_or_logic_error,"R_A_requires_C_4,R_A_requires_C_5,R_A_requires_C_7,R_A_requires_C_9,R_A_requires_C_10 + fviol:R_A_requires_C_1,R_A_requires_C_2,R_A_requires_C_3,R_A_requires_C_6,R_A_requires_C_8",solution_and_formulation,linking_or_logic_error,110,127,109,128,255,5,10,15,,
p25__chenyitian-shanshu_SIRL-Gurobi__s0,chenyitian-shanshu/SIRL-Gurobi,25,25,0,local_hf_8bit_failure,local_hf_8bit_failure,local_hf_8bit_failure,,False,False,False,False,,,,,,b73d0822752e576d2d955f55e9893dc8727b9f21244be84ce28c6d91a1d10e4b,0.501,,,,,,none,,,,,,,0,0,0,local_hf_8bit_failure,"OutOfMemoryError: CUDA out of memory. Tried to allocate 5.32 GiB. GPU 0 has a total capacity of 15.77 GiB of which 2.17 GiB is free. Including non-PyTorch memory, this process has 13.59 GiB memory in use. Of the allocated memory 12.12 GiB is allocated by PyTorch, and 1.09 GiB is reserved by PyTorch but unallocated. If reserved but unallocated memory is large try setting PYTORCH_CUDA_ALLOC_CONF=expandable_segments:True to avoid fragmentation.  See documentation for Memory Management  (https://pytorch.org/docs/stable/notes/cuda.html#environment-variables)"
p25__chenyitian-shanshu_SIRL-Gurobi__s1,chenyitian-shanshu/SIRL-Gurobi,25,25,1,local_hf_8bit_failure,local_hf_8bit_failure,local_hf_8bit_failure,,False,False,False,False,,,,,,b73d0822752e576d2d955f55e9893dc8727b9f21244be84ce28c6d91a1d10e4b,0.334,,,,,,none,,,,,,,0,0,0,local_hf_8bit_failure,"OutOfMemoryError: CUDA out of memory. Tried to allocate 5.32 GiB. GPU 0 has a total capacity of 15.77 GiB of which 2.17 GiB is free. Including non-PyTorch memory, this process has 13.59 GiB memory in use. Of the allocated memory 12.12 GiB is allocated by PyTorch, and 1.09 GiB is reserved by PyTorch but unallocated. If reserved but unallocated memory is large try setting PYTORCH_CUDA_ALLOC_CONF=expandable_segments:True to avoid fragmentation.  See documentation for Memory Management  (https://pytorch.org/docs/stable/notes/cuda.html#environment-variables)"
p25__chenyitian-shanshu_SIRL-Gurobi__s2,chenyitian-shanshu/SIRL-Gurobi,25,25,2,local_hf_8bit_failure,local_hf_8bit_failure,local_hf_8bit_failure,,False,False,False,False,,,,,,b73d0822752e576d2d955f55e9893dc8727b9f21244be84ce28c6d91a1d10e4b,0.328,,,,,,none,,,,,,,0,0,0,local_hf_8bit_failure,"OutOfMemoryError: CUDA out of memory. Tried to allocate 5.32 GiB. GPU 0 has a total capacity of 15.77 GiB of which 2.17 GiB is free. Including non-PyTorch memory, this process has 13.59 GiB memory in use. Of the allocated memory 12.12 GiB is allocated by PyTorch, and 1.09 GiB is reserved by PyTorch but unallocated. If reserved but unallocated memory is large try setting PYTORCH_CUDA_ALLOC_CONF=expandable_segments:True to avoid fragmentation.  See documentation for Memory Management  (https://pytorch.org/docs/stable/notes/cuda.html#environment-variables)"
p25__chenyitian-shanshu_SIRL-Gurobi__s3,chenyitian-shanshu/SIRL-Gurobi,25,25,3,local_hf_8bit_failure,local_hf_8bit_failure,local_hf_8bit_failure,,False,False,False,False,,,,,,b73d0822752e576d2d955f55e9893dc8727b9f21244be84ce28c6d91a1d10e4b,0.33,,,,,,none,,,,,,,0,0,0,local_hf_8bit_failure,"OutOfMemoryError: CUDA out of memory. Tried to allocate 5.32 GiB. GPU 0 has a total capacity of 15.77 GiB of which 2.17 GiB is free. Including non-PyTorch memory, this process has 13.59 GiB memory in use. Of the allocated memory 12.12 GiB is allocated by PyTorch, and 1.09 GiB is reserved by PyTorch but unallocated. If reserved but unallocated memory is large try setting PYTORCH_CUDA_ALLOC_CONF=expandable_segments:True to avoid fragmentation.  See documentation for Memory Management  (https://pytorch.org/docs/stable/notes/cuda.html#environment-variables)"
p25__chenyitian-shanshu_SIRL-Gurobi__s4,chenyitian-shanshu/SIRL-Gurobi,25,25,4,local_hf_8bit_failure,local_hf_8bit_failure,local_hf_8bit_failure,,False,False,False,False,,,,,,b73d0822752e576d2d955f55e9893dc8727b9f21244be84ce28c6d91a1d10e4b,0.332,,,,,,none,,,,,,,0,0,0,local_hf_8bit_failure,"OutOfMemoryError: CUDA out of memory. Tried to allocate 5.32 GiB. GPU 0 has a total capacity of 15.77 GiB of which 2.17 GiB is free. Including non-PyTorch memory, this process has 13.59 GiB memory in use. Of the allocated memory 12.12 GiB is allocated by PyTorch, and 1.09 GiB is reserved by PyTorch but unallocated. If reserved but unallocated memory is large try setting PYTORCH_CUDA_ALLOC_CONF=expandable_segments:True to avoid fragmentation.  See documentation for Memory Management  (https://pytorch.org/docs/stable/notes/cuda.html#environment-variables)"
p25__chenyitian-shanshu_SIRL-Gurobi__s5,chenyitian-shanshu/SIRL-Gurobi,25,25,5,local_hf_8bit_failure,local_hf_8bit_failure,local_hf_8bit_failure,,False,False,False,False,,,,,,b73d0822752e576d2d955f55e9893dc8727b9f21244be84ce28c6d91a1d10e4b,0.328,,,,,,none,,,,,,,0,0,0,local_hf_8bit_failure,"OutOfMemoryError: CUDA out of memory. Tried to allocate 5.32 GiB. GPU 0 has a total capacity of 15.77 GiB of which 2.17 GiB is free. Including non-PyTorch memory, this process has 13.59 GiB memory in use. Of the allocated memory 12.12 GiB is allocated by PyTorch, and 1.09 GiB is reserved by PyTorch but unallocated. If reserved but unallocated memory is large try setting PYTORCH_CUDA_ALLOC_CONF=expandable_segments:True to avoid fragmentation.  See documentation for Memory Management  (https://pytorch.org/docs/stable/notes/cuda.html#environment-variables)"
p25__chenyitian-shanshu_SIRL-Gurobi__s6,chenyitian-shanshu/SIRL-Gurobi,25,25,6,local_hf_8bit_failure,local_hf_8bit_failure,local_hf_8bit_failure,,False,False,False,False,,,,,,b73d0822752e576d2d955f55e9893dc8727b9f21244be84ce28c6d91a1d10e4b,0.326,,,,,,none,,,,,,,0,0,0,local_hf_8bit_failure,"OutOfMemoryError: CUDA out of memory. Tried to allocate 5.32 GiB. GPU 0 has a total capacity of 15.77 GiB of which 2.17 GiB is free. Including non-PyTorch memory, this process has 13.59 GiB memory in use. Of the allocated memory 12.12 GiB is allocated by PyTorch, and 1.09 GiB is reserved by PyTorch but unallocated. If reserved but unallocated memory is large try setting PYTORCH_CUDA_ALLOC_CONF=expandable_segments:True to avoid fragmentation.  See documentation for Memory Management  (https://pytorch.org/docs/stable/notes/cuda.html#environment-variables)"
p25__chenyitian-shanshu_SIRL-Gurobi__s7,chenyitian-shanshu/SIRL-Gurobi,25,25,7,local_hf_8bit_failure,local_hf_8bit_failure,local_hf_8bit_failure,,False,False,False,False,,,,,,b73d0822752e576d2d955f55e9893dc8727b9f21244be84ce28c6d91a1d10e4b,0.327,,,,,,none,,,,,,,0,0,0,local_hf_8bit_failure,"OutOfMemoryError: CUDA out of memory. Tried to allocate 5.32 GiB. GPU 0 has a total capacity of 15.77 GiB of which 2.17 GiB is free. Including non-PyTorch memory, this process has 13.59 GiB memory in use. Of the allocated memory 12.12 GiB is allocated by PyTorch, and 1.09 GiB is reserved by PyTorch but unallocated. If reserved but unallocated memory is large try setting PYTORCH_CUDA_ALLOC_CONF=expandable_segments:True to avoid fragmentation.  See documentation for Memory Management  (https://pytorch.org/docs/stable/notes/cuda.html#environment-variables)"
p25__chenyitian-shanshu_SIRL-Gurobi__s8,chenyitian-shanshu/SIRL-Gurobi,25,25,8,local_hf_8bit_failure,local_hf_8bit_failure,local_hf_8bit_failure,,False,False,False,False,,,,,,b73d0822752e576d2d955f55e9893dc8727b9f21244be84ce28c6d91a1d10e4b,0.328,,,,,,none,,,,,,,0,0,0,local_hf_8bit_failure,"OutOfMemoryError: CUDA out of memory. Tried to allocate 5.32 GiB. GPU 0 has a total capacity of 15.77 GiB of which 2.17 GiB is free. Including non-PyTorch memory, this process has 13.59 GiB memory in use. Of the allocated memory 12.12 GiB is allocated by PyTorch, and 1.09 GiB is reserved by PyTorch but unallocated. If reserved but unallocated memory is large try setting PYTORCH_CUDA_ALLOC_CONF=expandable_segments:True to avoid fragmentation.  See documentation for Memory Management  (https://pytorch.org/docs/stable/notes/cuda.html#environment-variables)"
p25__chenyitian-shanshu_SIRL-Gurobi__s9,chenyitian-shanshu/SIRL-Gurobi,25,25,9,local_hf_8bit_failure,local_hf_8bit_failure,local_hf_8bit_failure,,False,False,False,False,,,,,,b73d0822752e576d2d955f55e9893dc8727b9f21244be84ce28c6d91a1d10e4b,0.326,,,,,,none,,,,,,,0,0,0,local_hf_8bit_failure,"OutOfMemoryError: CUDA out of memory. Tried to allocate 5.32 GiB. GPU 0 has a total capacity of 15.77 GiB of which 2.17 GiB is free. Including non-PyTorch memory, this process has 13.59 GiB memory in use. Of the allocated memory 12.12 GiB is allocated by PyTorch, and 1.09 GiB is reserved by PyTorch but unallocated. If reserved but unallocated memory is large try setting PYTORCH_CUDA_ALLOC_CONF=expandable_segments:True to avoid fragmentation.  See documentation for Memory Management  (https://pytorch.org/docs/stable/notes/cuda.html#environment-variables)"
p26__chenyitian-shanshu_SIRL-Gurobi__s0,chenyitian-shanshu/SIRL-Gurobi,26,26,0,loud_bug,loud_bug,loud_bug,clean_fenced,True,True,False,True,"p26.R_avail_link_1_Mon.C1,p26.R_avail_link_1_Wed.C1,p26.R_avail_link_1_Fri.C1,p26.R_avail_link_2_Wed.C1,p26.R_avail_link_2_Thu.C1,p26.R_avail_link_3_Mon.C1,p26.R_avail_link_3_Tue.C1,p26.R_avail_link_3_Wed.C1,p26.R_avail_link_3_Fri.C1,p26.R_avail_link_4_Mon.C1,p26.R_avail_link_4_Tue.C1,p26.R_avail_link_4_Wed.C1,p26.R_avail_link_4_Fri.C1,p26.R_avail_link_5_Mon.C1,p26.R_avail_link_5_Wed.C1,p26.R_avail_link_5_Thu.C1,p26.R_avail_link_6_Tue.C1,p26.R_avail_link_6_Thu.C1,p26.obj.C2","p26.R_avail_link_1_Mon.C1,p26.R_avail_link_1_Wed.C1,p26.R_avail_link_1_Fri.C1,p26.R_avail_link_2_Wed.C1,p26.R_avail_link_2_Thu.C1,p26.R_avail_link_3_Mon.C1,p26.R_avail_link_3_Tue.C1,p26.R_avail_link_3_Wed.C1,p26.R_avail_link_3_Fri.C1,p26.R_avail_link_4_Mon.C1,p26.R_avail_link_4_Tue.C1,p26.R_avail_link_4_Wed.C1,p26.R_avail_link_4_Fri.C1,p26.R_avail_link_5_Mon.C1,p26.R_avail_link_5_Wed.C1,p26.R_avail_link_5_Thu.C1,p26.R_avail_link_6_Tue.C1,p26.R_avail_link_6_Thu.C1",,,,d5839693463bfdbcb0d4963266969ce73cd2aa77362b984445e7e478daf0f78d,961.119,4526,4044,False,,,none,,56,84,55,85,169,18,0,18,,
p26__chenyitian-shanshu_SIRL-Gurobi__s1,chenyitian-shanshu/SIRL-Gurobi,26,26,1,loud_bug,loud_bug,loud_bug,clean_fenced,True,True,False,True,"p26.R_cover_Mon.C1,p26.R_cover_Tue.C1,p26.R_cover_Wed.C1,p26.R_cover_Thu.C1,p26.R_cover_Fri.C1,p26.R_weekly_min_1.C1,p26.R_max_shifts_1.C1,p26.R_avail_link_1_Mon.C1,p26.R_y_upper_1_Mon.C1,p26.R_avail_link_1_Tue.C1,p26.R_y_upper_1_Tue.C1,p26.R_avail_link_1_Wed.C1,p26.R_y_upper_1_Wed.C1,p26.R_avail_link_1_Thu.C1,p26.R_y_upper_1_Thu.C1,p26.R_avail_link_1_Fri.C1,p26.R_y_upper_1_Fri.C1,p26.R_weekly_min_2.C1,p26.R_max_shifts_2.C1,p26.R_avail_link_2_Mon.C1,p26.R_y_upper_2_Mon.C1,p26.R_avail_link_2_Tue.C1,p26.R_y_upper_2_Tue.C1,p26.R_avail_link_2_Wed.C1,p26.R_y_upper_2_Wed.C1,p26.R_avail_link_2_Thu.C1,p26.R_y_upper_2_Thu.C1,p26.R_avail_link_2_Fri.C1,p26.R_y_upper_2_Fri.C1,p26.R_weekly_min_3.C1,p26.R_max_shifts_3.C1,p26.R_avail_link_3_Mon.C1,p26.R_y_upper_3_Mon.C1,p26.R_avail_link_3_Tue.C1,p26.R_y_upper_3_Tue.C1,p26.R_avail_link_3_Wed.C1,p26.R_y_upper_3_Wed.C1,p26.R_avail_link_3_Thu.C1,p26.R_y_upper_3_Thu.C1,p26.R_avail_link_3_Fri.C1,p26.R_y_upper_3_Fri.C1,p26.R_weekly_min_4.C1,p26.R_max_shifts_4.C1,p26.R_avail_link_4_Mon.C1,p26.R_y_upper_4_Mon.C1,p26.R_avail_link_4_Tue.C1,p26.R_y_upper_4_Tue.C1,p26.R_avail_link_4_Wed.C1,p26.R_y_upper_4_Wed.C1,p26.R_avail_link_4_Thu.C1,p26.R_y_upper_4_Thu.C1,p26.R_avail_link_4_Fri.C1,p26.R_y_upper_4_Fri.C1,p26.R_weekly_min_5.C1,p26.R_max_shifts_5.C1,p26.R_avail_link_5_Mon.C1,p26.R_y_upper_5_Mon.C1,p26.R_avail_link_5_Tue.C1,p26.R_y_upper_5_Tue.C1,p26.R_avail_link_5_Wed.C1,p26.R_y_upper_5_Wed.C1,p26.R_avail_link_5_Thu.C1,p26.R_y_upper_5_Thu.C1,p26.R_avail_link_5_Fri.C1,p26.R_y_upper_5_Fri.C1,p26.R_weekly_min_6.C1,p26.R_max_shifts_6.C1,p26.R_avail_link_6_Mon.C1,p26.R_y_upper_6_Mon.C1,p26.R_avail_link_6_Tue.C1,p26.R_y_upper_6_Tue.C1,p26.R_avail_link_6_Wed.C1,p26.R_y_upper_6_Wed.C1,p26.R_avail_link_6_Thu.C1,p26.R_y_upper_6_Thu.C1,p26.R_avail_link_6_Fri.C1,p26.R_y_upper_6_Fri.C1,p26.R_daily_max_people_Mon.C1,p26.R_daily_max_people_Tue.C1,p26.R_daily_max_people_Wed.C1,p26.R_daily_max_people_Thu.C1,p26.R_daily_max_people_Fri.C1,p26.R_y_integer.C1,p26.R_nonneg.C1,p26.obj.C1,p26.obj.C2","p26.R_cover_Mon.C1,p26.R_cover_Tue.C1,p26.R_cover_Wed.C1,p26.R_cover_Thu.C1,p26.R_cover_Fri.C1,p26.R_weekly_min_1.C1,p26.R_max_shifts_1.C1,p26.R_avail_link_1_Mon.C1,p26.R_y_upper_1_Mon.C1,p26.R_avail_link_1_Tue.C1,p26.R_y_upper_1_Tue.C1,p26.R_avail_link_1_Wed.C1,p26.R_y_upper_1_Wed.C1,p26.R_avail_link_1_Thu.C1,p26.R_y_upper_1_Thu.C1,p26.R_avail_link_1_Fri.C1,p26.R_y_upper_1_Fri.C1,p26.R_weekly_min_2.C1,p26.R_max_shifts_2.C1,p26.R_avail_link_2_Mon.C1,p26.R_y_upper_2_Mon.C1,p26.R_avail_link_2_Tue.C1,p26.R_y_upper_2_Tue.C1,p26.R_avail_link_2_Wed.C1,p26.R_y_upper_2_Wed.C1,p26.R_avail_link_2_Thu.C1,p26.R_y_upper_2_Thu.C1,p26.R_avail_link_2_Fri.C1,p26.R_y_upper_2_Fri.C1,p26.R_weekly_min_3.C1,p26.R_max_shifts_3.C1,p26.R_avail_link_3_Mon.C1,p26.R_y_upper_3_Mon.C1,p26.R_avail_link_3_Tue.C1,p26.R_y_upper_3_Tue.C1,p26.R_avail_link_3_Wed.C1,p26.R_y_upper_3_Wed.C1,p26.R_avail_link_3_Thu.C1,p26.R_y_upper_3_Thu.C1,p26.R_avail_link_3_Fri.C1,p26.R_y_upper_3_Fri.C1,p26.R_weekly_min_4.C1,p26.R_max_shifts_4.C1,p26.R_avail_link_4_Mon.C1,p26.R_y_upper_4_Mon.C1,p26.R_avail_link_4_Tue.C1,p26.R_y_upper_4_Tue.C1,p26.R_avail_link_4_Wed.C1,p26.R_y_upper_4_Wed.C1,p26.R_avail_link_4_Thu.C1,p26.R_y_upper_4_Thu.C1,p26.R_avail_link_4_Fri.C1,p26.R_y_upper_4_Fri.C1,p26.R_weekly_min_5.C1,p26.R_max_shifts_5.C1,p26.R_avail_link_5_Mon.C1,p26.R_y_upper_5_Mon.C1,p26.R_avail_link_5_Tue.C1,p26.R_y_upper_5_Tue.C1,p26.R_avail_link_5_Wed.C1,p26.R_y_upper_5_Wed.C1,p26.R_avail_link_5_Thu.C1,p26.R_y_upper_5_Thu.C1,p26.R_avail_link_5_Fri.C1,p26.R_y_upper_5_Fri.C1,p26.R_weekly_min_6.C1,p26.R_max_shifts_6.C1,p26.R_avail_link_6_Mon.C1,p26.R_y_upper_6_Mon.C1,p26.R_avail_link_6_Tue.C1,p26.R_y_upper_6_Tue.C1,p26.R_avail_link_6_Wed.C1,p26.R_y_upper_6_Wed.C1,p26.R_avail_link_6_Thu.C1,p26.R_y_upper_6_Thu.C1,p26.R_avail_link_6_Fri.C1,p26.R_y_upper_6_Fri.C1,p26.R_daily_max_people_Mon.C1,p26.R_daily_max_people_Tue.C1,p26.R_daily_max_people_Wed.C1,p26.R_daily_max_people_Thu.C1,p26.R_daily_max_people_Fri.C1,p26.R_y_integer.C1,p26.R_nonneg.C1",,,,d5839693463bfdbcb0d4963266969ce73cd2aa77362b984445e7e478daf0f78d,965.113,4526,4041,False,,,none,,56,84,55,85,169,84,0,84,,
p26__chenyitian-shanshu_SIRL-Gurobi__s2,chenyitian-shanshu/SIRL-Gurobi,26,26,2,schema_failure,schema_failure,schema_failure,clean_fenced,True,False,False,True,,,,,,d5839693463bfdbcb0d4963266969ce73cd2aa77362b984445e7e478daf0f78d,731.818,4526,3623,False,,,none,,,,,,,0,0,0,schema_failure,result['solution'] is not a dict
p26__chenyitian-shanshu_SIRL-Gurobi__s3,chenyitian-shanshu/SIRL-Gurobi,26,26,3,schema_failure,schema_failure,schema_failure,clean_fenced,True,False,False,True,,,,,,d5839693463bfdbcb0d4963266969ce73cd2aa77362b984445e7e478daf0f78d,686.134,4526,3403,False,,,none,,,,,,,0,0,0,schema_failure,missing solution key: h_1_Mon; missing solution key: h_1_Tue; missing solution key: h_1_Wed; missing solution key: h_1_Thu; missing solution key: h_1_Fri; missing solution key: h_2_Mon; missing solution key: h_2_Tue; missing solution key: h_2_Wed; missing solution key: h_2_Thu; missing solution key: h_2_Fri; missing solution key: h_3_Mon; missing solution key: h_3_Tue; missing solution key: h_3_Wed; missing solution key: h_3_Thu; missing solution key: h_3_Fri; missing solution key: h_4_Mon; missing solution key: h_4_Tue; missing solution key: h_4_Wed; missing solution key: h_4_Thu; missing solution key: h_4_Fri; missing solution key: h_5_Mon; missing solution key: h_5_Tue; missing solution key: h_5_Wed; missing solution key: h_5_Thu; missing solution key: h_5_Fri; missing solution key: h_6_Mon; missing solution key: h_6_Tue; missing solution key: h_6_Wed; missing solution key: h_6_Thu; missing solution key: h_6_Fri; missing solution key: y_1_Mon; missing solution key: y_1_Tue; missing solution key: y_1_Wed; missing solution key: y_1_Thu; missing solution key: y_1_Fri; missing solution key: y_2_Mon; missing solution key: y_2_Tue; missing solution key: y_2_Wed; missing solution key: y_2_Thu; missing solution key: y_2_Fri; missing solution key: y_3_Mon; missing solution key: y_3_Tue; missing solution key: y_3_Wed; missing solution key: y_3_Thu; missing solution key: y_3_Fri; missing solution key: y_4_Mon; missing solution key: y_4_Tue; missing solution key: y_4_Wed; missing solution key: y_4_Thu; missing solution key: y_4_Fri; missing solution key: y_5_Mon; missing solution key: y_5_Tue; missing solution key: y_5_Wed; missing solution key: y_5_Thu; missing solution key: y_5_Fri; missing solution key: y_6_Mon; missing solution key: y_6_Tue; missing solution key: y_6_Wed; missing solution key: y_6_Thu; missing solution key: y_6_Fri
p26__chenyitian-shanshu_SIRL-Gurobi__s4,chenyitian-shanshu/SIRL-Gurobi,26,26,4,loud_bug,loud_bug,loud_bug,clean_fenced,True,True,False,True,"p26.R_cover_Tue.C1,p26.R_cover_Wed.C1,p26.R_cover_Thu.C1,p26.R_cover_Fri.C1,p26.R_avail_link_1_Mon.C1,p26.R_avail_link_1_Wed.C1,p26.R_avail_link_2_Tue.C1,p26.R_avail_link_3_Mon.C1,p26.R_avail_link_3_Fri.C1,p26.R_avail_link_4_Mon.C1,p26.R_avail_link_4_Tue.C1,p26.R_avail_link_5_Mon.C1,p26.R_avail_link_6_Thu.C1,p26.R_avail_link_6_Fri.C1,p26.obj.C2","p26.R_cover_Tue.C1,p26.R_cover_Wed.C1,p26.R_cover_Thu.C1,p26.R_cover_Fri.C1,p26.R_avail_link_1_Mon.C1,p26.R_avail_link_1_Wed.C1,p26.R_avail_link_2_Tue.C1,p26.R_avail_link_3_Mon.C1,p26.R_avail_link_3_Fri.C1,p26.R_avail_link_4_Mon.C1,p26.R_avail_link_4_Tue.C1,p26.R_avail_link_5_Mon.C1,p26.R_avail_link_6_Thu.C1,p26.R_avail_link_6_Fri.C1",,,,d5839693463bfdbcb0d4963266969ce73cd2aa77362b984445e7e478daf0f78d,720.505,4526,3048,False,,,none,,56,84,55,85,169,14,0,14,,
p26__chenyitian-shanshu_SIRL-Gurobi__s5,chenyitian-shanshu/SIRL-Gurobi,26,26,5,schema_failure,schema_failure,schema_failure,clean_fenced,True,False,False,True,,,,,,d5839693463bfdbcb0d4963266969ce73cd2aa77362b984445e7e478daf0f78d,780.29,4526,3290,False,,,none,,,,,,,0,0,0,schema_failure,result['solution'] is not a dict
p26__chenyitian-shanshu_SIRL-Gurobi__s6,chenyitian-shanshu/SIRL-Gurobi,26,26,6,schema_failure,schema_failure,schema_failure,clean_fenced,True,False,False,True,,,,,,d5839693463bfdbcb0d4963266969ce73cd2aa77362b984445e7e478daf0f78d,704.435,4526,3506,False,,,none,,,,,,,0,0,0,schema_failure,result['solution'] is not a dict
p26__chenyitian-shanshu_SIRL-Gurobi__s7,chenyitian-shanshu/SIRL-Gurobi,26,26,7,loud_bug,loud_bug,loud_bug,clean_fenced,True,True,False,True,"p26.R_cover_Mon.C1,p26.R_cover_Tue.C1,p26.R_cover_Wed.C1,p26.R_cover_Thu.C1,p26.R_cover_Fri.C1,p26.R_weekly_min_1.C1,p26.R_weekly_min_2.C1,p26.R_weekly_min_3.C1,p26.R_weekly_min_4.C1,p26.R_weekly_min_5.C1,p26.R_weekly_min_6.C1,p26.obj.C2","p26.R_cover_Mon.C1,p26.R_cover_Tue.C1,p26.R_cover_Wed.C1,p26.R_cover_Thu.C1,p26.R_cover_Fri.C1,p26.R_weekly_min_1.C1,p26.R_weekly_min_2.C1,p26.R_weekly_min_3.C1,p26.R_weekly_min_4.C1,p26.R_weekly_min_5.C1,p26.R_weekly_min_6.C1",,,,d5839693463bfdbcb0d4963266969ce73cd2aa77362b984445e7e478daf0f78d,736.806,4526,3660,False,,,none,,56,84,55,85,169,11,0,11,,
p26__chenyitian-shanshu_SIRL-Gurobi__s8,chenyitian-shanshu/SIRL-Gurobi,26,26,8,loud_bug,loud_bug,loud_bug,clean_fenced,True,True,False,True,"p26.R_cover_Tue.C1,p26.R_cover_Wed.C1,p26.R_cover_Thu.C1,p26.R_cover_Fri.C1,p26.R_avail_link_1_Mon.C1,p26.R_avail_link_1_Wed.C1,p26.R_avail_link_2_Tue.C1,p26.R_avail_link_3_Mon.C1,p26.R_avail_link_3_Fri.C1,p26.R_avail_link_4_Mon.C1,p26.R_avail_link_4_Tue.C1,p26.R_avail_link_5_Mon.C1,p26.R_avail_link_6_Thu.C1,p26.R_avail_link_6_Fri.C1,p26.obj.C2","p26.R_cover_Tue.C1,p26.R_cover_Wed.C1,p26.R_cover_Thu.C1,p26.R_cover_Fri.C1,p26.R_avail_link_1_Mon.C1,p26.R_avail_link_1_Wed.C1,p26.R_avail_link_2_Tue.C1,p26.R_avail_link_3_Mon.C1,p26.R_avail_link_3_Fri.C1,p26.R_avail_link_4_Mon.C1,p26.R_avail_link_4_Tue.C1,p26.R_avail_link_5_Mon.C1,p26.R_avail_link_6_Thu.C1,p26.R_avail_link_6_Fri.C1",,,,d5839693463bfdbcb0d4963266969ce73cd2aa77362b984445e7e478daf0f78d,658.472,4526,3321,False,,,none,,56,84,55,85,169,14,0,14,,
p26__chenyitian-shanshu_SIRL-Gurobi__s9,chenyitian-shanshu/SIRL-Gurobi,26,26,9,schema_failure,schema_failure,schema_failure,clean_fenced,True,False,False,True,,,,,,d5839693463bfdbcb0d4963266969ce73cd2aa77362b984445e7e478daf0f78d,681.31,4526,3430,False,,,none,,,,,,,0,0,0,schema_failure,missing solution key: h_1_Mon; missing solution key: h_1_Tue; missing solution key: h_1_Wed; missing solution key: h_1_Thu; missing solution key: h_1_Fri; missing solution key: h_2_Mon; missing solution key: h_2_Tue; missing solution key: h_2_Wed; missing solution key: h_2_Thu; missing solution key: h_2_Fri; missing solution key: h_3_Mon; missing solution key: h_3_Tue; missing solution key: h_3_Wed; missing solution key: h_3_Thu; missing solution key: h_3_Fri; missing solution key: h_4_Mon; missing solution key: h_4_Tue; missing solution key: h_4_Wed; missing solution key: h_4_Thu; missing solution key: h_4_Fri; missing solution key: h_5_Mon; missing solution key: h_5_Tue; missing solution key: h_5_Wed; missing solution key: h_5_Thu; missing solution key: h_5_Fri; missing solution key: h_6_Mon; missing solution key: h_6_Tue; missing solution key: h_6_Wed; missing solution key: h_6_Thu; missing solution key: h_6_Fri; missing solution key: y_1_Mon; missing solution key: y_1_Tue; missing solution key: y_1_Wed; missing solution key: y_1_Thu; missing solution key: y_1_Fri; missing solution key: y_2_Mon; missing solution key: y_2_Tue; missing solution key: y_2_Wed; missing solution key: y_2_Thu; missing solution key: y_2_Fri; missing solution key: y_3_Mon; missing solution key: y_3_Tue; missing solution key: y_3_Wed; missing solution key: y_3_Thu; missing solution key: y_3_Fri; missing solution key: y_4_Mon; missing solution key: y_4_Tue; missing solution key: y_4_Wed; missing solution key: y_4_Thu; missing solution key: y_4_Fri; missing solution key: y_5_Mon; missing solution key: y_5_Tue; missing solution key: y_5_Wed; missing solution key: y_5_Thu; missing solution key: y_5_Fri; missing solution key: y_6_Mon; missing solution key: y_6_Tue; missing solution key: y_6_Wed; missing solution key: y_6_Thu; missing solution key: y_6_Fri
p27__chenyitian-shanshu_SIRL-Gurobi__s0,chenyitian-shanshu/SIRL-Gurobi,27,27,0,code_failure,code_failure,code_failure,clean_fenced,False,False,False,False,,,,,,4861c12f543fcce191f450127793fa1e6d0c5dda0aad28ad310e8e65874aff8c,289.123,3743,1262,False,,,none,,,,,,,0,0,0,runtime_error,"Traceback (most recent call last):
  File ""/project/eick/maamr/sirl_exp1/results/sirl_8bit_resume_p22_p41/execution_workdirs/p27__chenyitian-shanshu_SIRL-Gurobi__s0/execute_generated.py"", line 48, in <module>
    result = module.solve(data)
  File ""/project/eick/maamr/sirl_exp1/results/sirl_8bit_resume_p22_p41/execution_workdirs/p27__chenyitian-shanshu_SIRL-Gurobi__s0/generated_model.py"", line 42, in solve
    model, x, u = build_model(data)
  File ""/project/eick/maamr/sirl_exp1/results/sirl_8bit_resume_p22_p41/execution_workdirs/p27__chenyitian-shanshu_SIRL-Gurobi__s0/generated_model.py"", line 15, in build_model
    for (i, j) in distance.keys():
ValueError: too many values to unpack (expected 2)"
p27__chenyitian-shanshu_SIRL-Gurobi__s1,chenyitian-shanshu/SIRL-Gurobi,27,27,1,code_failure,code_failure,code_failure,clean_fenced,False,False,False,False,,,,,,4861c12f543fcce191f450127793fa1e6d0c5dda0aad28ad310e8e65874aff8c,289.103,3743,1263,False,,,none,,,,,,,0,0,0,runtime_error,"Traceback (most recent call last):
  File ""/project/eick/maamr/sirl_exp1/results/sirl_8bit_resume_p22_p41/execution_workdirs/p27__chenyitian-shanshu_SIRL-Gurobi__s1/execute_generated.py"", line 48, in <module>
    result = module.solve(data)
  File ""/project/eick/maamr/sirl_exp1/results/sirl_8bit_resume_p22_p41/execution_workdirs/p27__chenyitian-shanshu_SIRL-Gurobi__s1/generated_model.py"", line 42, in solve
    model, x, u = build_model(data)
  File ""/project/eick/maamr/sirl_exp1/results/sirl_8bit_resume_p22_p41/execution_workdirs/p27__chenyitian-shanshu_SIRL-Gurobi__s1/generated_model.py"", line 15, in build_model
    for (i, j) in distance.keys():
ValueError: too many values to unpack (expected 2)"
p27__chenyitian-shanshu_SIRL-Gurobi__s2,chenyitian-shanshu/SIRL-Gurobi,27,27,2,code_failure,code_failure,code_failure,clean_fenced,False,False,False,False,,,,,,4861c12f543fcce191f450127793fa1e6d0c5dda0aad28ad310e8e65874aff8c,242.885,3743,1263,False,,,none,,,,,,,0,0,0,runtime_error,"Traceback (most recent call last):
  File ""/project/eick/maamr/sirl_exp1/results/sirl_8bit_resume_p22_p41/execution_workdirs/p27__chenyitian-shanshu_SIRL-Gurobi__s2/execute_generated.py"", line 48, in <module>
    result = module.solve(data)
  File ""/project/eick/maamr/sirl_exp1/results/sirl_8bit_resume_p22_p41/execution_workdirs/p27__chenyitian-shanshu_SIRL-Gurobi__s2/generated_model.py"", line 42, in solve
    model, x, u = build_model(data)
  File ""/project/eick/maamr/sirl_exp1/results/sirl_8bit_resume_p22_p41/execution_workdirs/p27__chenyitian-shanshu_SIRL-Gurobi__s2/generated_model.py"", line 15, in build_model
    for (i, j) in distance.keys():
ValueError: too many values to unpack (expected 2)"
p27__chenyitian-shanshu_SIRL-Gurobi__s3,chenyitian-shanshu/SIRL-Gurobi,27,27,3,code_failure,code_failure,code_failure,clean_fenced,False,False,False,False,,,,,,4861c12f543fcce191f450127793fa1e6d0c5dda0aad28ad310e8e65874aff8c,289.71,3743,1265,False,,,none,,,,,,,0,0,0,runtime_error,"Traceback (most recent call last):
  File ""/project/eick/maamr/sirl_exp1/results/sirl_8bit_resume_p22_p41/execution_workdirs/p27__chenyitian-shanshu_SIRL-Gurobi__s3/execute_generated.py"", line 48, in <module>
    result = module.solve(data)
  File ""/project/eick/maamr/sirl_exp1/results/sirl_8bit_resume_p22_p41/execution_workdirs/p27__chenyitian-shanshu_SIRL-Gurobi__s3/generated_model.py"", line 41, in solve
    model, x, u = build_model(data)
  File ""/project/eick/maamr/sirl_exp1/results/sirl_8bit_resume_p22_p41/execution_workdirs/p27__chenyitian-shanshu_SIRL-Gurobi__s3/generated_model.py"", line 15, in build_model
    for (i, j) in distance.keys():
ValueError: too many values to unpack (expected 2)"
p27__chenyitian-shanshu_SIRL-Gurobi__s4,chenyitian-shanshu/SIRL-Gurobi,27,27,4,code_failure,code_failure,code_failure,clean_fenced,False,False,False,False,,,,,,4861c12f543fcce191f450127793fa1e6d0c5dda0aad28ad310e8e65874aff8c,289.876,3743,1266,False,,,none,,,,,,,0,0,0,runtime_error,"Traceback (most recent call last):
  File ""/project/eick/maamr/sirl_exp1/results/sirl_8bit_resume_p22_p41/execution_workdirs/p27__chenyitian-shanshu_SIRL-Gurobi__s4/execute_generated.py"", line 48, in <module>
    result = module.solve(data)
  File ""/project/eick/maamr/sirl_exp1/results/sirl_8bit_resume_p22_p41/execution_workdirs/p27__chenyitian-shanshu_SIRL-Gurobi__s4/generated_model.py"", line 41, in solve
    model, x, u = build_model(data)
  File ""/project/eick/maamr/sirl_exp1/results/sirl_8bit_resume_p22_p41/execution_workdirs/p27__chenyitian-shanshu_SIRL-Gurobi__s4/generated_model.py"", line 15, in build_model
    for (i, j) in distance.keys():
ValueError: too many values to unpack (expected 2)"
p27__chenyitian-shanshu_SIRL-Gurobi__s5,chenyitian-shanshu/SIRL-Gurobi,27,27,5,code_failure,code_failure,code_failure,clean_fenced,False,False,False,False,,,,,,4861c12f543fcce191f450127793fa1e6d0c5dda0aad28ad310e8e65874aff8c,243.845,3743,1265,False,,,none,,,,,,,0,0,0,runtime_error,"Traceback (most recent call last):
  File ""/project/eick/maamr/sirl_exp1/results/sirl_8bit_resume_p22_p41/execution_workdirs/p27__chenyitian-shanshu_SIRL-Gurobi__s5/execute_generated.py"", line 48, in <module>
    result = module.solve(data)
  File ""/project/eick/maamr/sirl_exp1/results/sirl_8bit_resume_p22_p41/execution_workdirs/p27__chenyitian-shanshu_SIRL-Gurobi__s5/generated_model.py"", line 44, in solve
    model, x, u = build_model(data)
  File ""/project/eick/maamr/sirl_exp1/results/sirl_8bit_resume_p22_p41/execution_workdirs/p27__chenyitian-shanshu_SIRL-Gurobi__s5/generated_model.py"", line 15, in build_model
    for (i, j) in distance.keys():
ValueError: too many values to unpack (expected 2)"
p27__chenyitian-shanshu_SIRL-Gurobi__s6,chenyitian-shanshu/SIRL-Gurobi,27,27,6,code_failure,code_failure,code_failure,clean_fenced,False,False,False,False,,,,,,4861c12f543fcce191f450127793fa1e6d0c5dda0aad28ad310e8e65874aff8c,287.203,3743,1277,False,,,none,,,,,,,0,0,0,runtime_error,"Traceback (most recent call last):
  File ""/project/eick/maamr/sirl_exp1/results/sirl_8bit_resume_p22_p41/execution_workdirs/p27__chenyitian-shanshu_SIRL-Gurobi__s6/execute_generated.py"", line 48, in <module>
    result = module.solve(data)
  File ""/project/eick/maamr/sirl_exp1/results/sirl_8bit_resume_p22_p41/execution_workdirs/p27__chenyitian-shanshu_SIRL-Gurobi__s6/generated_model.py"", line 42, in solve
    model, x, u = build_model(data)
  File ""/project/eick/maamr/sirl_exp1/results/sirl_8bit_resume_p22_p41/execution_workdirs/p27__chenyitian-shanshu_SIRL-Gurobi__s6/generated_model.py"", line 15, in build_model
    for (i, j) in distance.keys():
ValueError: too many values to unpack (expected 2)"
p27__chenyitian-shanshu_SIRL-Gurobi__s7,chenyitian-shanshu/SIRL-Gurobi,27,27,7,code_failure,code_failure,code_failure,clean_fenced,False,False,False,False,,,,,,4861c12f543fcce191f450127793fa1e6d0c5dda0aad28ad310e8e65874aff8c,293.079,3743,1277,False,,,none,,,,,,,0,0,0,runtime_error,"Traceback (most recent call last):
  File ""/project/eick/maamr/sirl_exp1/results/sirl_8bit_resume_p22_p41/execution_workdirs/p27__chenyitian-shanshu_SIRL-Gurobi__s7/execute_generated.py"", line 48, in <module>
    result = module.solve(data)
  File ""/project/eick/maamr/sirl_exp1/results/sirl_8bit_resume_p22_p41/execution_workdirs/p27__chenyitian-shanshu_SIRL-Gurobi__s7/generated_model.py"", line 42, in solve
    model, x, u = build_model(data)
  File ""/project/eick/maamr/sirl_exp1/results/sirl_8bit_resume_p22_p41/execution_workdirs/p27__chenyitian-shanshu_SIRL-Gurobi__s7/generated_model.py"", line 15, in build_model
    for (i, j) in distance.keys():
ValueError: too many values to unpack (expected 2)"
p27__chenyitian-shanshu_SIRL-Gurobi__s8,chenyitian-shanshu/SIRL-Gurobi,27,27,8,code_failure,code_failure,code_failure,clean_fenced,False,False,False,False,,,,,,4861c12f543fcce191f450127793fa1e6d0c5dda0aad28ad310e8e65874aff8c,244.963,3743,1267,False,,,none,,,,,,,0,0,0,runtime_error,"Traceback (most recent call last):
  File ""/project/eick/maamr/sirl_exp1/results/sirl_8bit_resume_p22_p41/execution_workdirs/p27__chenyitian-shanshu_SIRL-Gurobi__s8/execute_generated.py"", line 48, in <module>
    result = module.solve(data)
  File ""/project/eick/maamr/sirl_exp1/results/sirl_8bit_resume_p22_p41/execution_workdirs/p27__chenyitian-shanshu_SIRL-Gurobi__s8/generated_model.py"", line 43, in solve
    model, x, u = build_model(data)
  File ""/project/eick/maamr/sirl_exp1/results/sirl_8bit_resume_p22_p41/execution_workdirs/p27__chenyitian-shanshu_SIRL-Gurobi__s8/generated_model.py"", line 15, in build_model
    for (i, j) in distance.keys():
ValueError: too many values to unpack (expected 2)"
p27__chenyitian-shanshu_SIRL-Gurobi__s9,chenyitian-shanshu/SIRL-Gurobi,27,27,9,code_failure,code_failure,code_failure,clean_fenced,False,False,False,False,,,,,,4861c12f543fcce191f450127793fa1e6d0c5dda0aad28ad310e8e65874aff8c,290.413,3743,1266,False,,,none,,,,,,,0,0,0,runtime_error,"Traceback (most recent call last):
  File ""/project/eick/maamr/sirl_exp1/results/sirl_8bit_resume_p22_p41/execution_workdirs/p27__chenyitian-shanshu_SIRL-Gurobi__s9/execute_generated.py"", line 48, in <module>
    result = module.solve(data)
  File ""/project/eick/maamr/sirl_exp1/results/sirl_8bit_resume_p22_p41/execution_workdirs/p27__chenyitian-shanshu_SIRL-Gurobi__s9/generated_model.py"", line 41, in solve
    model, x, u = build_model(data)
  File ""/project/eick/maamr/sirl_exp1/results/sirl_8bit_resume_p22_p41/execution_workdirs/p27__chenyitian-shanshu_SIRL-Gurobi__s9/generated_model.py"", line 15, in build_model
    for (i, j) in distance.keys():
ValueError: too many values to unpack (expected 2)"
p28__chenyitian-shanshu_SIRL-Gurobi__s0,chenyitian-shanshu/SIRL-Gurobi,28,28,0,loud_bug,loud_bug,loud_bug,clean_fenced,True,True,False,True,"p28.obj.C1,p28.obj.C2",,,,,357a8b20cce3eb7af3a34136f9998a7ef7ebf2032e9aaa9a7e60411831a0791a,902.801,4933,3756,False,,,none,,45,44,44,45,89,0,0,0,,
p28__chenyitian-shanshu_SIRL-Gurobi__s1,chenyitian-shanshu/SIRL-Gurobi,28,28,1,loud_bug,loud_bug,loud_bug,clean_fenced,True,True,False,True,"p28.obj.C1,p28.obj.C2",,,,,357a8b20cce3eb7af3a34136f9998a7ef7ebf2032e9aaa9a7e60411831a0791a,765.767,4933,3807,False,,,none,,45,44,44,45,89,0,0,0,,
p28__chenyitian-shanshu_SIRL-Gurobi__s2,chenyitian-shanshu/SIRL-Gurobi,28,28,2,loud_bug,loud_bug,loud_bug,clean_fenced,True,True,False,True,"p28.obj.C1,p28.obj.C2",,,,,357a8b20cce3eb7af3a34136f9998a7ef7ebf2032e9aaa9a7e60411831a0791a,902.015,4933,3755,False,,,none,,45,44,44,45,89,0,0,0,,
p28__chenyitian-shanshu_SIRL-Gurobi__s3,chenyitian-shanshu/SIRL-Gurobi,28,28,3,loud_bug,loud_bug,loud_bug,clean_fenced,True,True,False,True,"p28.obj.C1,p28.obj.C2",,,,,357a8b20cce3eb7af3a34136f9998a7ef7ebf2032e9aaa9a7e60411831a0791a,764.254,4933,3754,False,,,none,,45,44,44,45,89,0,0,0,,
p28__chenyitian-shanshu_SIRL-Gurobi__s4,chenyitian-shanshu/SIRL-Gurobi,28,28,4,loud_bug,loud_bug,loud_bug,clean_fenced,True,True,False,True,"p28.obj.C1,p28.obj.C2",,,,,357a8b20cce3eb7af3a34136f9998a7ef7ebf2032e9aaa9a7e60411831a0791a,912.048,4933,3799,False,,,none,,45,44,44,45,89,0,0,0,,
p28__chenyitian-shanshu_SIRL-Gurobi__s5,chenyitian-shanshu/SIRL-Gurobi,28,28,5,loud_bug,loud_bug,loud_bug,clean_fenced,True,True,False,True,"p28.obj.C1,p28.obj.C2",,,,,357a8b20cce3eb7af3a34136f9998a7ef7ebf2032e9aaa9a7e60411831a0791a,408.075,4933,1892,False,,,none,,45,44,44,45,89,0,0,0,,
p28__chenyitian-shanshu_SIRL-Gurobi__s6,chenyitian-shanshu/SIRL-Gurobi,28,28,6,loud_bug,loud_bug,loud_bug,clean_fenced,True,True,False,True,"p28.obj.C1,p28.obj.C2",,,,,357a8b20cce3eb7af3a34136f9998a7ef7ebf2032e9aaa9a7e60411831a0791a,774.173,4933,3798,False,,,none,,45,44,44,45,89,0,0,0,,
p28__chenyitian-shanshu_SIRL-Gurobi__s7,chenyitian-shanshu/SIRL-Gurobi,28,28,7,loud_bug,loud_bug,loud_bug,clean_fenced,True,True,False,True,"p28.obj.C1,p28.obj.C2",,,,,357a8b20cce3eb7af3a34136f9998a7ef7ebf2032e9aaa9a7e60411831a0791a,768.697,4933,3755,False,,,none,,45,44,44,45,89,0,0,0,,
p28__chenyitian-shanshu_SIRL-Gurobi__s8,chenyitian-shanshu/SIRL-Gurobi,28,28,8,loud_bug,loud_bug,loud_bug,clean_fenced,True,True,False,True,"p28.obj.C1,p28.obj.C2",,,,,357a8b20cce3eb7af3a34136f9998a7ef7ebf2032e9aaa9a7e60411831a0791a,885.194,4933,3689,False,,,none,,45,44,44,45,89,0,0,0,,
p28__chenyitian-shanshu_SIRL-Gurobi__s9,chenyitian-shanshu/SIRL-Gurobi,28,28,9,loud_bug,loud_bug,loud_bug,clean_fenced,True,True,False,True,"p28.obj.C1,p28.obj.C2",,,,,357a8b20cce3eb7af3a34136f9998a7ef7ebf2032e9aaa9a7e60411831a0791a,739.088,4933,3678,False,,,none,,45,44,44,45,89,0,0,0,,
p29__chenyitian-shanshu_SIRL-Gurobi__s0,chenyitian-shanshu/SIRL-Gurobi,29,29,0,loud_bug,loud_bug,loud_bug,clean_fenced,True,True,False,True,"p29.R_worker_IV.C1,p29.obj.C2",p29.R_worker_IV.C1,,,,a0611ef91cc680d486ab338e99e2075b779c12fe5b1ef5721e56e8a19bb17a03,150.882,2111,822,False,,,none,,32,31,31,32,63,1,0,1,,
p29__chenyitian-shanshu_SIRL-Gurobi__s1,chenyitian-shanshu/SIRL-Gurobi,29,29,1,loud_bug,loud_bug,loud_bug,clean_fenced,True,True,False,True,"p29.R_worker_IV.C1,p29.obj.C2",p29.R_worker_IV.C1,,,,a0611ef91cc680d486ab338e99e2075b779c12fe5b1ef5721e56e8a19bb17a03,150.541,2111,822,False,,,none,,32,31,31,32,63,1,0,1,,
p29__chenyitian-shanshu_SIRL-Gurobi__s2,chenyitian-shanshu/SIRL-Gurobi,29,29,2,loud_bug,loud_bug,loud_bug,clean_fenced,True,True,False,True,"p29.R_worker_IV.C1,p29.obj.C2",p29.R_worker_IV.C1,,,,a0611ef91cc680d486ab338e99e2075b779c12fe5b1ef5721e56e8a19bb17a03,152.829,2111,833,False,,,none,,32,31,31,32,63,1,0,1,,
p29__chenyitian-shanshu_SIRL-Gurobi__s3,chenyitian-shanshu/SIRL-Gurobi,29,29,3,loud_bug,loud_bug,loud_bug,clean_fenced,True,True,False,True,"p29.R_worker_IV.C1,p29.obj.C2",p29.R_worker_IV.C1,,,,a0611ef91cc680d486ab338e99e2075b779c12fe5b1ef5721e56e8a19bb17a03,153.748,2111,822,False,,,none,,32,31,31,32,63,1,0,1,,
p29__chenyitian-shanshu_SIRL-Gurobi__s4,chenyitian-shanshu/SIRL-Gurobi,29,29,4,loud_bug,loud_bug,loud_bug,clean_fenced,True,True,False,True,"p29.R_worker_IV.C1,p29.obj.C2",p29.R_worker_IV.C1,,,,a0611ef91cc680d486ab338e99e2075b779c12fe5b1ef5721e56e8a19bb17a03,153.613,2111,822,False,,,none,,32,31,31,32,63,1,0,1,,
p29__chenyitian-shanshu_SIRL-Gurobi__s5,chenyitian-shanshu/SIRL-Gurobi,29,29,5,loud_bug,loud_bug,loud_bug,clean_fenced,True,True,False,True,"p29.R_worker_IV.C1,p29.obj.C2",p29.R_worker_IV.C1,,,,a0611ef91cc680d486ab338e99e2075b779c12fe5b1ef5721e56e8a19bb17a03,153.071,2111,820,False,,,none,,32,31,31,32,63,1,0,1,,
p29__chenyitian-shanshu_SIRL-Gurobi__s6,chenyitian-shanshu/SIRL-Gurobi,29,29,6,loud_bug,loud_bug,loud_bug,clean_fenced,True,True,False,True,"p29.R_worker_IV.C1,p29.obj.C2",p29.R_worker_IV.C1,,,,a0611ef91cc680d486ab338e99e2075b779c12fe5b1ef5721e56e8a19bb17a03,118.922,2111,648,False,,,none,,32,31,31,32,63,1,0,1,,
p29__chenyitian-shanshu_SIRL-Gurobi__s7,chenyitian-shanshu/SIRL-Gurobi,29,29,7,loud_bug,loud_bug,loud_bug,clean_fenced,True,True,False,True,"p29.R_worker_IV.C1,p29.obj.C2",p29.R_worker_IV.C1,,,,a0611ef91cc680d486ab338e99e2075b779c12fe5b1ef5721e56e8a19bb17a03,150.762,2111,822,False,,,none,,32,31,31,32,63,1,0,1,,
p29__chenyitian-shanshu_SIRL-Gurobi__s8,chenyitian-shanshu/SIRL-Gurobi,29,29,8,loud_bug,loud_bug,loud_bug,clean_fenced,True,True,False,True,"p29.R_worker_IV.C1,p29.obj.C2",p29.R_worker_IV.C1,,,,a0611ef91cc680d486ab338e99e2075b779c12fe5b1ef5721e56e8a19bb17a03,184.791,2111,819,False,,,none,,32,31,31,32,63,1,0,1,,
p29__chenyitian-shanshu_SIRL-Gurobi__s9,chenyitian-shanshu/SIRL-Gurobi,29,29,9,loud_bug,loud_bug,loud_bug,clean_fenced,True,True,False,True,"p29.R_worker_IV.C1,p29.obj.C2",p29.R_worker_IV.C1,,,,a0611ef91cc680d486ab338e99e2075b779c12fe5b1ef5721e56e8a19bb17a03,153.444,2111,822,False,,,none,,32,31,31,32,63,1,0,1,,
p30__chenyitian-shanshu_SIRL-Gurobi__s0,chenyitian-shanshu/SIRL-Gurobi,30,30,0,loud_bug,loud_bug,loud_bug,clean_fenced,True,True,False,True,"p30.R_year2_budget.C1,p30.R_year3_budget.C1,p30.R_final_balance.C1,p30.obj.C2","p30.R_year2_budget.C1,p30.R_year3_budget.C1,p30.R_final_balance.C1",,,,3489c300b2e562f4274c68aee839f12de4681bdf8696a50a5e7a443af6f69bc5,272.844,1647,1212,False,,,none,,9,8,8,9,17,3,0,3,,
p30__chenyitian-shanshu_SIRL-Gurobi__s1,chenyitian-shanshu/SIRL-Gurobi,30,30,1,loud_bug,loud_bug,loud_bug,clean_fenced,True,True,False,True,"p30.R_year2_budget.C1,p30.R_year3_budget.C1,p30.R_final_balance.C1,p30.obj.C2","p30.R_year2_budget.C1,p30.R_year3_budget.C1,p30.R_final_balance.C1",,,,3489c300b2e562f4274c68aee839f12de4681bdf8696a50a5e7a443af6f69bc5,240.272,1647,1067,False,,,none,,9,8,8,9,17,3,0,3,,
p30__chenyitian-shanshu_SIRL-Gurobi__s2,chenyitian-shanshu/SIRL-Gurobi,30,30,2,loud_bug,loud_bug,loud_bug,clean_fenced,True,True,False,True,"p30.R_year2_budget.C1,p30.R_year3_budget.C1,p30.R_final_balance.C1,p30.obj.C2","p30.R_year2_budget.C1,p30.R_year3_budget.C1,p30.R_final_balance.C1",,,,3489c300b2e562f4274c68aee839f12de4681bdf8696a50a5e7a443af6f69bc5,273.078,1647,1212,False,,,none,,9,8,8,9,17,3,0,3,,
p30__chenyitian-shanshu_SIRL-Gurobi__s3,chenyitian-shanshu/SIRL-Gurobi,30,30,3,loud_bug,loud_bug,loud_bug,clean_fenced,True,True,False,True,"p30.R_year2_budget.C1,p30.R_final_balance.C1,p30.obj.C2","p30.R_year2_budget.C1,p30.R_final_balance.C1",,,,3489c300b2e562f4274c68aee839f12de4681bdf8696a50a5e7a443af6f69bc5,233.807,1647,1038,False,,,none,,9,8,8,9,17,2,0,2,,
p30__chenyitian-shanshu_SIRL-Gurobi__s4,chenyitian-shanshu/SIRL-Gurobi,30,30,4,loud_bug,loud_bug,loud_bug,clean_fenced,True,True,False,True,"p30.R_year2_budget.C1,p30.R_year3_budget.C1,p30.R_final_balance.C1,p30.obj.C2","p30.R_year2_budget.C1,p30.R_year3_budget.C1,p30.R_final_balance.C1",,,,3489c300b2e562f4274c68aee839f12de4681bdf8696a50a5e7a443af6f69bc5,252.512,1647,1122,False,,,none,,9,8,8,9,17,3,0,3,,
p30__chenyitian-shanshu_SIRL-Gurobi__s5,chenyitian-shanshu/SIRL-Gurobi,30,30,5,loud_bug,loud_bug,loud_bug,clean_fenced,True,True,False,True,"p30.R_year2_budget.C1,p30.R_year3_budget.C1,p30.R_final_balance.C1,p30.obj.C2","p30.R_year2_budget.C1,p30.R_year3_budget.C1,p30.R_final_balance.C1",,,,3489c300b2e562f4274c68aee839f12de4681bdf8696a50a5e7a443af6f69bc5,262.174,1647,1165,False,,,none,,9,8,8,9,17,3,0,3,,
p30__chenyitian-shanshu_SIRL-Gurobi__s6,chenyitian-shanshu/SIRL-Gurobi,30,30,6,loud_bug,loud_bug,loud_bug,clean_fenced,True,True,False,True,"p30.R_year2_budget.C1,p30.R_year3_budget.C1,p30.R_final_balance.C1,p30.obj.C2","p30.R_year2_budget.C1,p30.R_year3_budget.C1,p30.R_final_balance.C1",,,,3489c300b2e562f4274c68aee839f12de4681bdf8696a50a5e7a443af6f69bc5,256.345,1647,1138,False,,,none,,9,8,8,9,17,3,0,3,,
p30__chenyitian-shanshu_SIRL-Gurobi__s7,chenyitian-shanshu/SIRL-Gurobi,30,30,7,loud_bug,loud_bug,loud_bug,clean_fenced,True,True,False,True,"p30.R_year2_budget.C1,p30.R_year3_budget.C1,p30.R_final_balance.C1,p30.obj.C2","p30.R_year2_budget.C1,p30.R_year3_budget.C1,p30.R_final_balance.C1",,,,3489c300b2e562f4274c68aee839f12de4681bdf8696a50a5e7a443af6f69bc5,226.939,1647,1218,False,,,none,,9,8,8,9,17,3,0,3,,
p30__chenyitian-shanshu_SIRL-Gurobi__s8,chenyitian-shanshu/SIRL-Gurobi,30,30,8,loud_bug,loud_bug,loud_bug,clean_fenced,True,True,False,True,"p30.R_year2_budget.C1,p30.R_year3_budget.C1,p30.R_final_balance.C1,p30.obj.C2","p30.R_year2_budget.C1,p30.R_year3_budget.C1,p30.R_final_balance.C1",,,,3489c300b2e562f4274c68aee839f12de4681bdf8696a50a5e7a443af6f69bc5,240.829,1647,1067,False,,,none,,9,8,8,9,17,3,0,3,,
p30__chenyitian-shanshu_SIRL-Gurobi__s9,chenyitian-shanshu/SIRL-Gurobi,30,30,9,loud_bug,loud_bug,loud_bug,clean_fenced,True,True,False,True,"p30.R_year2_budget.C1,p30.R_year3_budget.C1,p30.R_final_balance.C1,p30.obj.C2","p30.R_year2_budget.C1,p30.R_year3_budget.C1,p30.R_final_balance.C1",,,,3489c300b2e562f4274c68aee839f12de4681bdf8696a50a5e7a443af6f69bc5,240.745,1647,1067,False,,,none,,9,8,8,9,17,3,0,3,,
p31__chenyitian-shanshu_SIRL-Gurobi__s0,chenyitian-shanshu/SIRL-Gurobi,31,31,0,code_failure,code_failure,code_failure,clean_fenced,False,False,False,False,,,,,,b8c33f838c0cbe9b22f23c34e347c88c6cdd20c505bd1ba32107c9f9d051bc42,423.179,2885,1866,False,,,none,,,,,,,0,0,0,runtime_error,"Traceback (most recent call last):
  File ""/project/eick/maamr/sirl_exp1/results/sirl_8bit_resume_p22_p41/execution_workdirs/p31__chenyitian-shanshu_SIRL-Gurobi__s0/execute_generated.py"", line 48, in <module>
    result = module.solve(data)
  File ""/project/eick/maamr/sirl_exp1/results/sirl_8bit_resume_p22_p41/execution_workdirs/p31__chenyitian-shanshu_SIRL-Gurobi__s0/generated_model.py"", line 105, in solve
    model, variables = build_model(data)
  File ""/project/eick/maamr/sirl_exp1/results/sirl_8bit_resume_p22_p41/execution_workdirs/p31__chenyitian-shanshu_SIRL-Gurobi__s0/generated_model.py"", line 48, in build_model
    p2_objective += x[f""x_{type_id}_{branch}_{specialty}""]
KeyError: 'x_1_Donghai_None'"
p31__chenyitian-shanshu_SIRL-Gurobi__s1,chenyitian-shanshu/SIRL-Gurobi,31,31,1,code_failure,code_failure,code_failure,clean_fenced,False,False,False,False,,,,,,b8c33f838c0cbe9b22f23c34e347c88c6cdd20c505bd1ba32107c9f9d051bc42,240.234,2885,1268,False,,,none,,,,,,,0,0,0,runtime_error,"Traceback (most recent call last):
  File ""/project/eick/maamr/sirl_exp1/results/sirl_8bit_resume_p22_p41/execution_workdirs/p31__chenyitian-shanshu_SIRL-Gurobi__s1/execute_generated.py"", line 48, in <module>
    result = module.solve(data)
  File ""/project/eick/maamr/sirl_exp1/results/sirl_8bit_resume_p22_p41/execution_workdirs/p31__chenyitian-shanshu_SIRL-Gurobi__s1/generated_model.py"", line 69, in solve
    model, x, p3_shortfall = build_model(data)
  File ""/project/eick/maamr/sirl_exp1/results/sirl_8bit_resume_p22_p41/execution_workdirs/p31__chenyitian-shanshu_SIRL-Gurobi__s1/generated_model.py"", line 48, in build_model
    p2_objective += x[f""x_{type_id}_{branch}_{specialty}""]
KeyError: 'x_1_Donghai_None'"
p31__chenyitian-shanshu_SIRL-Gurobi__s2,chenyitian-shanshu/SIRL-Gurobi,31,31,2,code_failure,code_failure,code_failure,clean_fenced,False,False,False,False,,,,,,b8c33f838c0cbe9b22f23c34e347c88c6cdd20c505bd1ba32107c9f9d051bc42,276.33,2885,1222,False,,,none,,,,,,,0,0,0,runtime_error,"Traceback (most recent call last):
  File ""/project/eick/maamr/sirl_exp1/results/sirl_8bit_resume_p22_p41/execution_workdirs/p31__chenyitian-shanshu_SIRL-Gurobi__s2/execute_generated.py"", line 48, in <module>
    result = module.solve(data)
  File ""/project/eick/maamr/sirl_exp1/results/sirl_8bit_resume_p22_p41/execution_workdirs/p31__chenyitian-shanshu_SIRL-Gurobi__s2/generated_model.py"", line 60, in solve
    model, x, p3_shortfall = build_model(data)
  File ""/project/eick/maamr/sirl_exp1/results/sirl_8bit_resume_p22_p41/execution_workdirs/p31__chenyitian-shanshu_SIRL-Gurobi__s2/generated_model.py"", line 46, in build_model
    model.addConstr(x[f""x_{type_id}_{data['preferred_city'][type_id]}_{preferred_specialty[type_id]}""] <= p2_target)
KeyError: 1"
p31__chenyitian-shanshu_SIRL-Gurobi__s3,chenyitian-shanshu/SIRL-Gurobi,31,31,3,code_failure,code_failure,code_failure,clean_fenced,False,False,False,False,,,,,,b8c33f838c0cbe9b22f23c34e347c88c6cdd20c505bd1ba32107c9f9d051bc42,252.776,2885,1333,False,,,none,,,,,,,0,0,0,syntax_error,"Traceback (most recent call last):
  File ""/project/eick/maamr/sirl_exp1/results/sirl_8bit_resume_p22_p41/execution_workdirs/p31__chenyitian-shanshu_SIRL-Gurobi__s3/execute_generated.py"", line 11, in <module>
    spec.loader.exec_module(module)
  File ""<frozen importlib._bootstrap_external>"", line 879, in exec_module
  File ""<frozen importlib._bootstrap_external>"", line 1017, in get_code
  File ""<frozen importlib._bootstrap_external>"", line 947, in source_to_code
  File ""<frozen importlib._bootstrap>"", line 241, in _call_with_frames_removed
  File ""/project/eick/maamr/sirl_exp1/results/sirl_8bit_resume_p22_p41/execution_workdirs/p31__chenyitian-shanshu_SIRL-Gurobi__s3/generated_model.py"", line 44
    model.addConstr(gp.quicksum(x[f""x_{type_id}_{branch}_{specialty}""] for type_id in data[""types"" if branch + ""_"" + str(specialty) in demand.keys()] if specialty in suitable_specialties.get(type_id, [])) >= demand.get(branch + ""_"" + str(specialty), 0))
                                                                                           ^^^^^^^^^^^^^^^^^^^^^^^^^^^^^^^^^^^^^^^^^^^^^^^^^^^^^^^^^
SyntaxError: expected 'else' after 'if' expression"
p31__chenyitian-shanshu_SIRL-Gurobi__s4,chenyitian-shanshu/SIRL-Gurobi,31,31,4,code_failure,code_failure,code_failure,clean_fenced,False,False,False,False,,,,,,b8c33f838c0cbe9b22f23c34e347c88c6cdd20c505bd1ba32107c9f9d051bc42,747.846,2885,3253,False,,,none,,,,,,,0,0,0,runtime_error,"Traceback (most recent call last):
  File ""/project/eick/maamr/sirl_exp1/results/sirl_8bit_resume_p22_p41/execution_workdirs/p31__chenyitian-shanshu_SIRL-Gurobi__s4/execute_generated.py"", line 48, in <module>
    result = module.solve(data)
  File ""/project/eick/maamr/sirl_exp1/results/sirl_8bit_resume_p22_p41/execution_workdirs/p31__chenyitian-shanshu_SIRL-Gurobi__s4/generated_model.py"", line 98, in solve
    model, variables = build_model(data)
  File ""/project/eick/maamr/sirl_exp1/results/sirl_8bit_resume_p22_p41/execution_workdirs/p31__chenyitian-shanshu_SIRL-Gurobi__s4/generated_model.py"", line 37, in build_model
    gp.quicksum(variables[f""x_{i}_Donghai_{j}""] for i in [1, 2, 3, 4, 5, 6] for j in [1, 2, 3]) +
  File ""src/gurobipy/gurobi.pxi"", line 3842, in gurobipy.quicksum
  File ""/project/eick/maamr/sirl_exp1/results/sirl_8bit_resume_p22_p41/execution_workdirs/p31__chenyitian-shanshu_SIRL-Gurobi__s4/generated_model.py"", line 37, in <genexpr>
    gp.quicksum(variables[f""x_{i}_Donghai_{j}""] for i in [1, 2, 3, 4, 5, 6] for j in [1, 2, 3]) +
KeyError: 'x_1_Donghai_3'"
p31__chenyitian-shanshu_SIRL-Gurobi__s5,chenyitian-shanshu/SIRL-Gurobi,31,31,5,code_failure,code_failure,code_failure,clean_fenced,False,False,False,False,,,,,,b8c33f838c0cbe9b22f23c34e347c88c6cdd20c505bd1ba32107c9f9d051bc42,346.429,2885,1827,False,,,none,,,,,,,0,0,0,runtime_error,"Traceback (most recent call last):
  File ""/project/eick/maamr/sirl_exp1/results/sirl_8bit_resume_p22_p41/execution_workdirs/p31__chenyitian-shanshu_SIRL-Gurobi__s5/execute_generated.py"", line 48, in <module>
    result = module.solve(data)
  File ""/project/eick/maamr/sirl_exp1/results/sirl_8bit_resume_p22_p41/execution_workdirs/p31__chenyitian-shanshu_SIRL-Gurobi__s5/generated_model.py"", line 103, in solve
    model, variables = build_model(data)
  File ""/project/eick/maamr/sirl_exp1/results/sirl_8bit_resume_p22_p41/execution_workdirs/p31__chenyitian-shanshu_SIRL-Gurobi__s5/generated_model.py"", line 48, in build_model
    p2_objective += x[f""x_{type_id}_{branch}_{specialty}""]
KeyError: 'x_1_Donghai_None'"
p31__chenyitian-shanshu_SIRL-Gurobi__s6,chenyitian-shanshu/SIRL-Gurobi,31,31,6,code_failure,code_failure,code_failure,clean_fenced,False,False,False,False,,,,,,b8c33f838c0cbe9b22f23c34e347c88c6cdd20c505bd1ba32107c9f9d051bc42,358.943,2885,1894,False,,,none,,,,,,,0,0,0,runtime_error,"Traceback (most recent call last):
  File ""/project/eick/maamr/sirl_exp1/results/sirl_8bit_resume_p22_p41/execution_workdirs/p31__chenyitian-shanshu_SIRL-Gurobi__s6/execute_generated.py"", line 48, in <module>
    result = module.solve(data)
  File ""/project/eick/maamr/sirl_exp1/results/sirl_8bit_resume_p22_p41/execution_workdirs/p31__chenyitian-shanshu_SIRL-Gurobi__s6/generated_model.py"", line 106, in solve
    model, variables = build_model(data)
  File ""/project/eick/maamr/sirl_exp1/results/sirl_8bit_resume_p22_p41/execution_workdirs/p31__chenyitian-shanshu_SIRL-Gurobi__s6/generated_model.py"", line 48, in build_model
    p2_objective += x[f""x_{type_id}_{branch}_{specialty}""]
KeyError: 'x_1_Donghai_None'"
p31__chenyitian-shanshu_SIRL-Gurobi__s7,chenyitian-shanshu/SIRL-Gurobi,31,31,7,schema_failure,schema_failure,schema_failure,clean_fenced,True,False,False,True,,,,,,b8c33f838c0cbe9b22f23c34e347c88c6cdd20c505bd1ba32107c9f9d051bc42,288.599,2885,1274,False,,,none,,,,,,,0,0,0,schema_failure,result['solution'] is not a dict
p31__chenyitian-shanshu_SIRL-Gurobi__s8,chenyitian-shanshu/SIRL-Gurobi,31,31,8,code_failure,code_failure,code_failure,clean_fenced,False,False,False,False,,,,,,b8c33f838c0cbe9b22f23c34e347c88c6cdd20c505bd1ba32107c9f9d051bc42,308.959,2885,1366,False,,,none,,,,,,,0,0,0,runtime_error,"Traceback (most recent call last):
  File ""/project/eick/maamr/sirl_exp1/results/sirl_8bit_resume_p22_p41/execution_workdirs/p31__chenyitian-shanshu_SIRL-Gurobi__s8/execute_generated.py"", line 48, in <module>
    result = module.solve(data)
  File ""/project/eick/maamr/sirl_exp1/results/sirl_8bit_resume_p22_p41/execution_workdirs/p31__chenyitian-shanshu_SIRL-Gurobi__s8/generated_model.py"", line 69, in solve
    model, x, p3_shortfall = build_model(data)
  File ""/project/eick/maamr/sirl_exp1/results/sirl_8bit_resume_p22_p41/execution_workdirs/p31__chenyitian-shanshu_SIRL-Gurobi__s8/generated_model.py"", line 46, in build_model
    if preferred_specialty[type_id] in suitable_specialties.get(type_id, []):
KeyError: 1"
p31__chenyitian-shanshu_SIRL-Gurobi__s9,chenyitian-shanshu/SIRL-Gurobi,31,31,9,schema_failure,schema_failure,schema_failure,clean_fenced,True,False,False,True,,,,,,b8c33f838c0cbe9b22f23c34e347c88c6cdd20c505bd1ba32107c9f9d051bc42,303.435,2885,1341,False,,,none,,,,,,,0,0,0,schema_failure,result['solution'] is not a dict
p32__chenyitian-shanshu_SIRL-Gurobi__s0,chenyitian-shanshu/SIRL-Gurobi,32,32,0,loud_bug,loud_bug,loud_bug,clean_fenced,True,True,False,True,"p32.R_position_filled_1.C1,p32.R_position_filled_3.C1,p32.R_position_filled_5.C1,p32.R_vat1_order_pos_1.C1,p32.R_vat1_order_pos_2.C1,p32.R_vat1_order_pos_4.C1,p32.R_route_precedence_pos_1_vat_2.C1,p32.R_route_precedence_pos_1_vat_3.C1,p32.R_route_precedence_pos_2_vat_2.C1,p32.R_route_precedence_pos_2_vat_3.C1,p32.R_route_precedence_pos_3_vat_2.C1,p32.R_route_precedence_pos_4_vat_2.C1,p32.R_route_precedence_pos_4_vat_3.C1,p32.R_route_precedence_pos_5_vat_2.C1,p32.R_same_vat_order_pos_2_vat_1.C1,p32.R_same_vat_order_pos_2_vat_2.C1,p32.R_same_vat_order_pos_2_vat_3.C1,p32.R_same_vat_order_pos_4_vat_1.C1,p32.R_same_vat_order_pos_4_vat_2.C1,p32.R_same_vat_order_pos_4_vat_3.C1,p32.obj.C2","p32.R_position_filled_1.C1,p32.R_position_filled_3.C1,p32.R_position_filled_5.C1,p32.R_vat1_order_pos_1.C1,p32.R_vat1_order_pos_2.C1,p32.R_vat1_order_pos_4.C1,p32.R_route_precedence_pos_1_vat_2.C1,p32.R_route_precedence_pos_1_vat_3.C1,p32.R_route_precedence_pos_2_vat_2.C1,p32.R_route_precedence_pos_2_vat_3.C1,p32.R_route_precedence_pos_3_vat_2.C1,p32.R_route_precedence_pos_4_vat_2.C1,p32.R_route_precedence_pos_4_vat_3.C1,p32.R_route_precedence_pos_5_vat_2.C1,p32.R_same_vat_order_pos_2_vat_1.C1,p32.R_same_vat_order_pos_2_vat_2.C1,p32.R_same_vat_order_pos_2_vat_3.C1,p32.R_same_vat_order_pos_4_vat_1.C1,p32.R_same_vat_order_pos_4_vat_2.C1,p32.R_same_vat_order_pos_4_vat_3.C1",,,,27cd7990e927cb79b581988e002dd2887370b203ad095ad060abc2fef68811f7,731.658,3228,3161,False,,,none,,66,65,65,66,131,20,0,20,,
p32__chenyitian-shanshu_SIRL-Gurobi__s1,chenyitian-shanshu/SIRL-Gurobi,32,32,1,loud_bug,loud_bug,loud_bug,clean_fenced,True,True,False,True,"p32.R_position_filled_1.C1,p32.R_position_filled_2.C1,p32.R_position_filled_3.C1,p32.R_position_filled_4.C1,p32.R_position_filled_5.C1,p32.R_route_precedence_pos_1_vat_2.C1,p32.R_route_precedence_pos_1_vat_3.C1,p32.R_route_precedence_pos_5_vat_3.C1,p32.R_same_vat_order_pos_5_vat_3.C1,p32.obj.C1,p32.obj.C2","p32.R_position_filled_1.C1,p32.R_position_filled_2.C1,p32.R_position_filled_3.C1,p32.R_position_filled_4.C1,p32.R_position_filled_5.C1,p32.R_route_precedence_pos_1_vat_2.C1,p32.R_route_precedence_pos_1_vat_3.C1,p32.R_route_precedence_pos_5_vat_3.C1,p32.R_same_vat_order_pos_5_vat_3.C1",,,,27cd7990e927cb79b581988e002dd2887370b203ad095ad060abc2fef68811f7,729.184,3228,3150,False,,,none,,66,65,65,66,131,9,0,9,,
p32__chenyitian-shanshu_SIRL-Gurobi__s2,chenyitian-shanshu/SIRL-Gurobi,32,32,2,code_failure,code_failure,code_failure,clean_fenced,False,False,False,False,,,,,,27cd7990e927cb79b581988e002dd2887370b203ad095ad060abc2fef68811f7,494.78,3228,2564,False,,,none,,,,,,,0,0,0,runtime_error,"Traceback (most recent call last):
  File ""/project/eick/maamr/sirl_exp1/results/sirl_8bit_resume_p22_p41/execution_workdirs/p32__chenyitian-shanshu_SIRL-Gurobi__s2/execute_generated.py"", line 48, in <module>
    result = module.solve(data)
  File ""/project/eick/maamr/sirl_exp1/results/sirl_8bit_resume_p22_p41/execution_workdirs/p32__chenyitian-shanshu_SIRL-Gurobi__s2/generated_model.py"", line 84, in solve
    model, variables = build_model(data)
  File ""/project/eick/maamr/sirl_exp1/results/sirl_8bit_resume_p22_p41/execution_workdirs/p32__chenyitian-shanshu_SIRL-Gurobi__s2/generated_model.py"", line 79, in build_model
    model.setObjective(variables[""C""][(3, 5)] + variables[""C""][(2, 5)] + variables[""C""][(1, 5)] + variables[""C""][(4, 5)] + variables[""C""][(5, 5)], GRB.MINIMIZE)
KeyError: (4, 5)"
p32__chenyitian-shanshu_SIRL-Gurobi__s3,chenyitian-shanshu/SIRL-Gurobi,32,32,3,loud_bug,loud_bug,loud_bug,clean_fenced,True,True,False,True,"p32.R_job_once_1.C1,p32.R_job_once_2.C1,p32.R_job_once_3.C1,p32.R_job_once_4.C1,p32.R_job_once_5.C1,p32.R_position_filled_1.C1,p32.R_position_filled_2.C1,p32.R_position_filled_3.C1,p32.R_position_filled_4.C1,p32.R_position_filled_5.C1,p32.R_vat1_order_pos_1.C1,p32.R_vat1_order_pos_2.C1,p32.R_vat1_order_pos_3.C1,p32.R_vat1_order_pos_4.C1,p32.R_vat1_order_pos_5.C1,p32.R_route_precedence_pos_1_vat_2.C1,p32.R_route_precedence_pos_1_vat_3.C1,p32.R_route_precedence_pos_2_vat_2.C1,p32.R_route_precedence_pos_2_vat_3.C1,p32.R_route_precedence_pos_3_vat_2.C1,p32.R_route_precedence_pos_3_vat_3.C1,p32.R_route_precedence_pos_4_vat_2.C1,p32.R_route_precedence_pos_4_vat_3.C1,p32.R_route_precedence_pos_5_vat_2.C1,p32.R_route_precedence_pos_5_vat_3.C1,p32.R_same_vat_order_pos_2_vat_1.C1,p32.R_same_vat_order_pos_2_vat_2.C1,p32.R_same_vat_order_pos_2_vat_3.C1,p32.R_same_vat_order_pos_3_vat_1.C1,p32.R_same_vat_order_pos_3_vat_2.C1,p32.R_same_vat_order_pos_3_vat_3.C1,p32.R_same_vat_order_pos_4_vat_1.C1,p32.R_same_vat_order_pos_4_vat_2.C1,p32.R_same_vat_order_pos_4_vat_3.C1,p32.R_same_vat_order_pos_5_vat_1.C1,p32.R_same_vat_order_pos_5_vat_2.C1,p32.R_same_vat_order_pos_5_vat_3.C1,p32.R_cmax_final.C1,p32.R_y_upper_1_1.C1,p32.R_y_upper_1_2.C1,p32.R_y_upper_1_3.C1,p32.R_y_upper_1_4.C1,p32.R_y_upper_1_5.C1,p32.R_y_upper_2_1.C1,p32.R_y_upper_2_2.C1,p32.R_y_upper_2_3.C1,p32.R_y_upper_2_4.C1,p32.R_y_upper_2_5.C1,p32.R_y_upper_3_1.C1,p32.R_y_upper_3_2.C1,p32.R_y_upper_3_3.C1,p32.R_y_upper_3_4.C1,p32.R_y_upper_3_5.C1,p32.R_y_upper_4_1.C1,p32.R_y_upper_4_2.C1,p32.R_y_upper_4_3.C1,p32.R_y_upper_4_4.C1,p32.R_y_upper_4_5.C1,p32.R_y_upper_5_1.C1,p32.R_y_upper_5_2.C1,p32.R_y_upper_5_3.C1,p32.R_y_upper_5_4.C1,p32.R_y_upper_5_5.C1,p32.R_y_integer.C1,p32.R_nonneg.C1,p32.obj.C1,p32.obj.C2","p32.R_job_once_1.C1,p32.R_job_once_2.C1,p32.R_job_once_3.C1,p32.R_job_once_4.C1,p32.R_job_once_5.C1,p32.R_position_filled_1.C1,p32.R_position_filled_2.C1,p32.R_position_filled_3.C1,p32.R_position_filled_4.C1,p32.R_position_filled_5.C1,p32.R_vat1_order_pos_1.C1,p32.R_vat1_order_pos_2.C1,p32.R_vat1_order_pos_3.C1,p32.R_vat1_order_pos_4.C1,p32.R_vat1_order_pos_5.C1,p32.R_route_precedence_pos_1_vat_2.C1,p32.R_route_precedence_pos_1_vat_3.C1,p32.R_route_precedence_pos_2_vat_2.C1,p32.R_route_precedence_pos_2_vat_3.C1,p32.R_route_precedence_pos_3_vat_2.C1,p32.R_route_precedence_pos_3_vat_3.C1,p32.R_route_precedence_pos_4_vat_2.C1,p32.R_route_precedence_pos_4_vat_3.C1,p32.R_route_precedence_pos_5_vat_2.C1,p32.R_route_precedence_pos_5_vat_3.C1,p32.R_same_vat_order_pos_2_vat_1.C1,p32.R_same_vat_order_pos_2_vat_2.C1,p32.R_same_vat_order_pos_2_vat_3.C1,p32.R_same_vat_order_pos_3_vat_1.C1,p32.R_same_vat_order_pos_3_vat_2.C1,p32.R_same_vat_order_pos_3_vat_3.C1,p32.R_same_vat_order_pos_4_vat_1.C1,p32.R_same_vat_order_pos_4_vat_2.C1,p32.R_same_vat_order_pos_4_vat_3.C1,p32.R_same_vat_order_pos_5_vat_1.C1,p32.R_same_vat_order_pos_5_vat_2.C1,p32.R_same_vat_order_pos_5_vat_3.C1,p32.R_cmax_final.C1,p32.R_y_upper_1_1.C1,p32.R_y_upper_1_2.C1,p32.R_y_upper_1_3.C1,p32.R_y_upper_1_4.C1,p32.R_y_upper_1_5.C1,p32.R_y_upper_2_1.C1,p32.R_y_upper_2_2.C1,p32.R_y_upper_2_3.C1,p32.R_y_upper_2_4.C1,p32.R_y_upper_2_5.C1,p32.R_y_upper_3_1.C1,p32.R_y_upper_3_2.C1,p32.R_y_upper_3_3.C1,p32.R_y_upper_3_4.C1,p32.R_y_upper_3_5.C1,p32.R_y_upper_4_1.C1,p32.R_y_upper_4_2.C1,p32.R_y_upper_4_3.C1,p32.R_y_upper_4_4.C1,p32.R_y_upper_4_5.C1,p32.R_y_upper_5_1.C1,p32.R_y_upper_5_2.C1,p32.R_y_upper_5_3.C1,p32.R_y_upper_5_4.C1,p32.R_y_upper_5_5.C1,p32.R_y_integer.C1,p32.R_nonneg.C1",,,,27cd7990e927cb79b581988e002dd2887370b203ad095ad060abc2fef68811f7,853.047,3228,3665,False,,,none,,66,65,65,66,131,65,0,65,,
p32__chenyitian-shanshu_SIRL-Gurobi__s4,chenyitian-shanshu/SIRL-Gurobi,32,32,4,code_failure,code_failure,code_failure,clean_fenced,False,False,False,False,,,,,,27cd7990e927cb79b581988e002dd2887370b203ad095ad060abc2fef68811f7,729.569,3228,3152,False,,,none,,,,,,,0,0,0,runtime_error,"Traceback (most recent call last):
  File ""/project/eick/maamr/sirl_exp1/results/sirl_8bit_resume_p22_p41/execution_workdirs/p32__chenyitian-shanshu_SIRL-Gurobi__s4/execute_generated.py"", line 48, in <module>
    result = module.solve(data)
  File ""/project/eick/maamr/sirl_exp1/results/sirl_8bit_resume_p22_p41/execution_workdirs/p32__chenyitian-shanshu_SIRL-Gurobi__s4/generated_model.py"", line 124, in solve
    model, variables = build_model(data)
  File ""/project/eick/maamr/sirl_exp1/results/sirl_8bit_resume_p22_p41/execution_workdirs/p32__chenyitian-shanshu_SIRL-Gurobi__s4/generated_model.py"", line 110, in build_model
    model.addConstr(variables[f""C_{batch}_{pos}""] >= processing_time[f""{batch}""][str(vat)] * variables[f""y_{batch}_{pos}""])
KeyError: 'C_1_4'"
p32__chenyitian-shanshu_SIRL-Gurobi__s5,chenyitian-shanshu/SIRL-Gurobi,32,32,5,loud_bug,loud_bug,loud_bug,clean_fenced,True,True,False,True,"p32.R_position_filled_1.C1,p32.R_position_filled_2.C1,p32.R_position_filled_3.C1,p32.R_position_filled_4.C1,p32.R_position_filled_5.C1,p32.R_vat1_order_pos_5.C1,p32.R_route_precedence_pos_5_vat_2.C1,p32.R_route_precedence_pos_5_vat_3.C1,p32.R_same_vat_order_pos_5_vat_1.C1,p32.R_same_vat_order_pos_5_vat_2.C1,p32.R_same_vat_order_pos_5_vat_3.C1,p32.obj.C1,p32.obj.C2","p32.R_position_filled_1.C1,p32.R_position_filled_2.C1,p32.R_position_filled_3.C1,p32.R_position_filled_4.C1,p32.R_position_filled_5.C1,p32.R_vat1_order_pos_5.C1,p32.R_route_precedence_pos_5_vat_2.C1,p32.R_route_precedence_pos_5_vat_3.C1,p32.R_same_vat_order_pos_5_vat_1.C1,p32.R_same_vat_order_pos_5_vat_2.C1,p32.R_same_vat_order_pos_5_vat_3.C1",,,,27cd7990e927cb79b581988e002dd2887370b203ad095ad060abc2fef68811f7,733.373,3228,3745,False,,,none,,66,65,65,66,131,11,0,11,,
p32__chenyitian-shanshu_SIRL-Gurobi__s6,chenyitian-shanshu/SIRL-Gurobi,32,32,6,code_failure,code_failure,code_failure,clean_fenced,False,False,False,False,,,,,,27cd7990e927cb79b581988e002dd2887370b203ad095ad060abc2fef68811f7,608.562,3228,3167,False,,,none,,,,,,,0,0,0,runtime_error,"Traceback (most recent call last):
  File ""/project/eick/maamr/sirl_exp1/results/sirl_8bit_resume_p22_p41/execution_workdirs/p32__chenyitian-shanshu_SIRL-Gurobi__s6/execute_generated.py"", line 48, in <module>
    result = module.solve(data)
  File ""/project/eick/maamr/sirl_exp1/results/sirl_8bit_resume_p22_p41/execution_workdirs/p32__chenyitian-shanshu_SIRL-Gurobi__s6/generated_model.py"", line 125, in solve
    model, variables = build_model(data)
  File ""/project/eick/maamr/sirl_exp1/results/sirl_8bit_resume_p22_p41/execution_workdirs/p32__chenyitian-shanshu_SIRL-Gurobi__s6/generated_model.py"", line 110, in build_model
    model.addConstr(variables[f""C_{batch}_{pos}""] >= processing_time[str(batch)][str(vat)] * variables[f""y_{batch}_{pos}""])
KeyError: 'C_1_4'"
p32__chenyitian-shanshu_SIRL-Gurobi__s7,chenyitian-shanshu/SIRL-Gurobi,32,32,7,loud_bug,loud_bug,loud_bug,clean_fenced,True,True,False,True,"p32.R_job_once_1.C1,p32.R_job_once_2.C1,p32.R_job_once_3.C1,p32.R_job_once_4.C1,p32.R_job_once_5.C1,p32.R_position_filled_1.C1,p32.R_position_filled_2.C1,p32.R_position_filled_3.C1,p32.R_position_filled_4.C1,p32.R_position_filled_5.C1,p32.R_vat1_order_pos_1.C1,p32.R_vat1_order_pos_2.C1,p32.R_vat1_order_pos_3.C1,p32.R_vat1_order_pos_4.C1,p32.R_vat1_order_pos_5.C1,p32.R_route_precedence_pos_1_vat_2.C1,p32.R_route_precedence_pos_1_vat_3.C1,p32.R_route_precedence_pos_2_vat_2.C1,p32.R_route_precedence_pos_2_vat_3.C1,p32.R_route_precedence_pos_3_vat_2.C1,p32.R_route_precedence_pos_3_vat_3.C1,p32.R_route_precedence_pos_4_vat_2.C1,p32.R_route_precedence_pos_4_vat_3.C1,p32.R_route_precedence_pos_5_vat_2.C1,p32.R_route_precedence_pos_5_vat_3.C1,p32.R_same_vat_order_pos_2_vat_1.C1,p32.R_same_vat_order_pos_2_vat_2.C1,p32.R_same_vat_order_pos_2_vat_3.C1,p32.R_same_vat_order_pos_3_vat_1.C1,p32.R_same_vat_order_pos_3_vat_2.C1,p32.R_same_vat_order_pos_3_vat_3.C1,p32.R_same_vat_order_pos_4_vat_1.C1,p32.R_same_vat_order_pos_4_vat_2.C1,p32.R_same_vat_order_pos_4_vat_3.C1,p32.R_same_vat_order_pos_5_vat_1.C1,p32.R_same_vat_order_pos_5_vat_2.C1,p32.R_same_vat_order_pos_5_vat_3.C1,p32.R_cmax_final.C1,p32.R_y_upper_1_1.C1,p32.R_y_upper_1_2.C1,p32.R_y_upper_1_3.C1,p32.R_y_upper_1_4.C1,p32.R_y_upper_1_5.C1,p32.R_y_upper_2_1.C1,p32.R_y_upper_2_2.C1,p32.R_y_upper_2_3.C1,p32.R_y_upper_2_4.C1,p32.R_y_upper_2_5.C1,p32.R_y_upper_3_1.C1,p32.R_y_upper_3_2.C1,p32.R_y_upper_3_3.C1,p32.R_y_upper_3_4.C1,p32.R_y_upper_3_5.C1,p32.R_y_upper_4_1.C1,p32.R_y_upper_4_2.C1,p32.R_y_upper_4_3.C1,p32.R_y_upper_4_4.C1,p32.R_y_upper_4_5.C1,p32.R_y_upper_5_1.C1,p32.R_y_upper_5_2.C1,p32.R_y_upper_5_3.C1,p32.R_y_upper_5_4.C1,p32.R_y_upper_5_5.C1,p32.R_y_integer.C1,p32.R_nonneg.C1,p32.obj.C1,p32.obj.C2","p32.R_job_once_1.C1,p32.R_job_once_2.C1,p32.R_job_once_3.C1,p32.R_job_once_4.C1,p32.R_job_once_5.C1,p32.R_position_filled_1.C1,p32.R_position_filled_2.C1,p32.R_position_filled_3.C1,p32.R_position_filled_4.C1,p32.R_position_filled_5.C1,p32.R_vat1_order_pos_1.C1,p32.R_vat1_order_pos_2.C1,p32.R_vat1_order_pos_3.C1,p32.R_vat1_order_pos_4.C1,p32.R_vat1_order_pos_5.C1,p32.R_route_precedence_pos_1_vat_2.C1,p32.R_route_precedence_pos_1_vat_3.C1,p32.R_route_precedence_pos_2_vat_2.C1,p32.R_route_precedence_pos_2_vat_3.C1,p32.R_route_precedence_pos_3_vat_2.C1,p32.R_route_precedence_pos_3_vat_3.C1,p32.R_route_precedence_pos_4_vat_2.C1,p32.R_route_precedence_pos_4_vat_3.C1,p32.R_route_precedence_pos_5_vat_2.C1,p32.R_route_precedence_pos_5_vat_3.C1,p32.R_same_vat_order_pos_2_vat_1.C1,p32.R_same_vat_order_pos_2_vat_2.C1,p32.R_same_vat_order_pos_2_vat_3.C1,p32.R_same_vat_order_pos_3_vat_1.C1,p32.R_same_vat_order_pos_3_vat_2.C1,p32.R_same_vat_order_pos_3_vat_3.C1,p32.R_same_vat_order_pos_4_vat_1.C1,p32.R_same_vat_order_pos_4_vat_2.C1,p32.R_same_vat_order_pos_4_vat_3.C1,p32.R_same_vat_order_pos_5_vat_1.C1,p32.R_same_vat_order_pos_5_vat_2.C1,p32.R_same_vat_order_pos_5_vat_3.C1,p32.R_cmax_final.C1,p32.R_y_upper_1_1.C1,p32.R_y_upper_1_2.C1,p32.R_y_upper_1_3.C1,p32.R_y_upper_1_4.C1,p32.R_y_upper_1_5.C1,p32.R_y_upper_2_1.C1,p32.R_y_upper_2_2.C1,p32.R_y_upper_2_3.C1,p32.R_y_upper_2_4.C1,p32.R_y_upper_2_5.C1,p32.R_y_upper_3_1.C1,p32.R_y_upper_3_2.C1,p32.R_y_upper_3_3.C1,p32.R_y_upper_3_4.C1,p32.R_y_upper_3_5.C1,p32.R_y_upper_4_1.C1,p32.R_y_upper_4_2.C1,p32.R_y_upper_4_3.C1,p32.R_y_upper_4_4.C1,p32.R_y_upper_4_5.C1,p32.R_y_upper_5_1.C1,p32.R_y_upper_5_2.C1,p32.R_y_upper_5_3.C1,p32.R_y_upper_5_4.C1,p32.R_y_upper_5_5.C1,p32.R_y_integer.C1,p32.R_nonneg.C1",,,,27cd7990e927cb79b581988e002dd2887370b203ad095ad060abc2fef68811f7,709.364,3228,3664,False,,,none,,66,65,65,66,131,65,0,65,,
p32__chenyitian-shanshu_SIRL-Gurobi__s8,chenyitian-shanshu/SIRL-Gurobi,32,32,8,code_failure,code_failure,code_failure,clean_fenced,False,False,False,False,,,,,,27cd7990e927cb79b581988e002dd2887370b203ad095ad060abc2fef68811f7,588.894,3228,2563,False,,,none,,,,,,,0,0,0,runtime_error,"Traceback (most recent call last):
  File ""/project/eick/maamr/sirl_exp1/results/sirl_8bit_resume_p22_p41/execution_workdirs/p32__chenyitian-shanshu_SIRL-Gurobi__s8/execute_generated.py"", line 48, in <module>
    result = module.solve(data)
  File ""/project/eick/maamr/sirl_exp1/results/sirl_8bit_resume_p22_p41/execution_workdirs/p32__chenyitian-shanshu_SIRL-Gurobi__s8/generated_model.py"", line 84, in solve
    model, variables = build_model(data)
  File ""/project/eick/maamr/sirl_exp1/results/sirl_8bit_resume_p22_p41/execution_workdirs/p32__chenyitian-shanshu_SIRL-Gurobi__s8/generated_model.py"", line 79, in build_model
    model.setObjective(variables[""C""][(3, 5)] + variables[""C""][(2, 5)] + variables[""C""][(1, 5)] + variables[""C""][(4, 5)] + variables[""C""][(5, 5)], GRB.MINIMIZE)
KeyError: (4, 5)"
p32__chenyitian-shanshu_SIRL-Gurobi__s9,chenyitian-shanshu/SIRL-Gurobi,32,32,9,loud_bug,loud_bug,loud_bug,clean_fenced,True,True,False,True,"p32.R_position_filled_1.C1,p32.R_position_filled_2.C1,p32.R_position_filled_3.C1,p32.R_position_filled_4.C1,p32.R_position_filled_5.C1,p32.R_route_precedence_pos_1_vat_2.C1,p32.R_route_precedence_pos_1_vat_3.C1,p32.R_route_precedence_pos_5_vat_3.C1,p32.R_same_vat_order_pos_5_vat_3.C1,p32.obj.C1,p32.obj.C2","p32.R_position_filled_1.C1,p32.R_position_filled_2.C1,p32.R_position_filled_3.C1,p32.R_position_filled_4.C1,p32.R_position_filled_5.C1,p32.R_route_precedence_pos_1_vat_2.C1,p32.R_route_precedence_pos_1_vat_3.C1,p32.R_route_precedence_pos_5_vat_3.C1,p32.R_same_vat_order_pos_5_vat_3.C1",,,,27cd7990e927cb79b581988e002dd2887370b203ad095ad060abc2fef68811f7,782.004,3228,3611,False,,,none,,66,65,65,66,131,9,0,9,,
p33__chenyitian-shanshu_SIRL-Gurobi__s0,chenyitian-shanshu/SIRL-Gurobi,33,33,0,loud_bug,loud_bug,loud_bug,clean_fenced,True,True,False,True,"p33.R_year1_budget.C1,p33.R_year2_budget.C1,p33.R_year3_budget.C1,p33.R_final_balance.C1,p33.R_limit_project2.C1,p33.R_limit_project3.C1,p33.R_limit_project4.C1,p33.R_nonneg.C1,p33.obj.C1,p33.obj.C2","p33.R_year1_budget.C1,p33.R_year2_budget.C1,p33.R_year3_budget.C1,p33.R_final_balance.C1,p33.R_limit_project2.C1,p33.R_limit_project3.C1,p33.R_limit_project4.C1,p33.R_nonneg.C1",,,,ea393c4deb4322533c78397f420a9381f7e5a1d12798be65059308d715c806f6,256.468,1672,1139,False,,,none,,9,8,8,9,17,8,0,8,,
p33__chenyitian-shanshu_SIRL-Gurobi__s1,chenyitian-shanshu/SIRL-Gurobi,33,33,1,loud_bug,loud_bug,loud_bug,clean_fenced,True,True,False,True,"p33.R_year2_budget.C1,p33.R_year3_budget.C1,p33.R_final_balance.C1,p33.obj.C2","p33.R_year2_budget.C1,p33.R_year3_budget.C1,p33.R_final_balance.C1",,,,ea393c4deb4322533c78397f420a9381f7e5a1d12798be65059308d715c806f6,254.639,1672,1131,False,,,none,,9,8,8,9,17,3,0,3,,
p33__chenyitian-shanshu_SIRL-Gurobi__s2,chenyitian-shanshu/SIRL-Gurobi,33,33,2,loud_bug,loud_bug,loud_bug,clean_fenced,True,True,False,True,"p33.R_year2_budget.C1,p33.R_year3_budget.C1,p33.R_final_balance.C1,p33.obj.C2","p33.R_year2_budget.C1,p33.R_year3_budget.C1,p33.R_final_balance.C1",,,,ea393c4deb4322533c78397f420a9381f7e5a1d12798be65059308d715c806f6,254.505,1672,1131,False,,,none,,9,8,8,9,17,3,0,3,,
p33__chenyitian-shanshu_SIRL-Gurobi__s3,chenyitian-shanshu/SIRL-Gurobi,33,33,3,loud_bug,loud_bug,loud_bug,clean_fenced,True,True,False,True,"p33.R_year1_budget.C1,p33.R_year2_budget.C1,p33.R_year3_budget.C1,p33.R_final_balance.C1,p33.R_limit_project2.C1,p33.R_limit_project3.C1,p33.R_limit_project4.C1,p33.R_nonneg.C1,p33.obj.C1,p33.obj.C2","p33.R_year1_budget.C1,p33.R_year2_budget.C1,p33.R_year3_budget.C1,p33.R_final_balance.C1,p33.R_limit_project2.C1,p33.R_limit_project3.C1,p33.R_limit_project4.C1,p33.R_nonneg.C1",,,,ea393c4deb4322533c78397f420a9381f7e5a1d12798be65059308d715c806f6,207.883,1672,1120,False,,,none,,9,8,8,9,17,8,0,8,,
p33__chenyitian-shanshu_SIRL-Gurobi__s4,chenyitian-shanshu/SIRL-Gurobi,33,33,4,loud_bug,loud_bug,loud_bug,clean_fenced,True,True,False,True,"p33.R_year1_budget.C1,p33.R_year2_budget.C1,p33.R_year3_budget.C1,p33.R_final_balance.C1,p33.R_limit_project2.C1,p33.R_limit_project3.C1,p33.R_limit_project4.C1,p33.R_nonneg.C1,p33.obj.C1,p33.obj.C2","p33.R_year1_budget.C1,p33.R_year2_budget.C1,p33.R_year3_budget.C1,p33.R_final_balance.C1,p33.R_limit_project2.C1,p33.R_limit_project3.C1,p33.R_limit_project4.C1,p33.R_nonneg.C1",,,,ea393c4deb4322533c78397f420a9381f7e5a1d12798be65059308d715c806f6,211.478,1672,1134,False,,,none,,9,8,8,9,17,8,0,8,,
p33__chenyitian-shanshu_SIRL-Gurobi__s5,chenyitian-shanshu/SIRL-Gurobi,33,33,5,loud_bug,loud_bug,loud_bug,clean_fenced,True,True,False,True,"p33.R_year1_budget.C1,p33.R_year2_budget.C1,p33.R_year3_budget.C1,p33.R_final_balance.C1,p33.R_limit_project2.C1,p33.R_limit_project3.C1,p33.R_limit_project4.C1,p33.R_nonneg.C1,p33.obj.C1,p33.obj.C2","p33.R_year1_budget.C1,p33.R_year2_budget.C1,p33.R_year3_budget.C1,p33.R_final_balance.C1,p33.R_limit_project2.C1,p33.R_limit_project3.C1,p33.R_limit_project4.C1,p33.R_nonneg.C1",,,,ea393c4deb4322533c78397f420a9381f7e5a1d12798be65059308d715c806f6,249.849,1672,1347,False,,,none,,9,8,8,9,17,8,0,8,,
p33__chenyitian-shanshu_SIRL-Gurobi__s6,chenyitian-shanshu/SIRL-Gurobi,33,33,6,loud_bug,loud_bug,loud_bug,clean_fenced,True,True,False,True,"p33.R_year2_budget.C1,p33.R_year3_budget.C1,p33.R_final_balance.C1,p33.obj.C2","p33.R_year2_budget.C1,p33.R_year3_budget.C1,p33.R_final_balance.C1",,,,ea393c4deb4322533c78397f420a9381f7e5a1d12798be65059308d715c806f6,198.237,1672,1068,False,,,none,,9,8,8,9,17,3,0,3,,
p33__chenyitian-shanshu_SIRL-Gurobi__s7,chenyitian-shanshu/SIRL-Gurobi,33,33,7,loud_bug,loud_bug,loud_bug,clean_fenced,True,True,False,True,"p33.R_year3_budget.C1,p33.R_final_balance.C1,p33.obj.C2","p33.R_year3_budget.C1,p33.R_final_balance.C1",,,,ea393c4deb4322533c78397f420a9381f7e5a1d12798be65059308d715c806f6,205.378,1672,1107,False,,,none,,9,8,8,9,17,2,0,2,,
p33__chenyitian-shanshu_SIRL-Gurobi__s8,chenyitian-shanshu/SIRL-Gurobi,33,33,8,schema_failure,schema_failure,schema_failure,clean_fenced,True,False,False,True,,,,,,ea393c4deb4322533c78397f420a9381f7e5a1d12798be65059308d715c806f6,234.536,1672,1258,False,,,none,,,,,,,0,0,0,schema_failure,result['solution'] is not a dict
p33__chenyitian-shanshu_SIRL-Gurobi__s9,chenyitian-shanshu/SIRL-Gurobi,33,33,9,loud_bug,loud_bug,loud_bug,clean_fenced,True,True,False,True,"p33.R_year3_budget.C1,p33.obj.C2",p33.R_year3_budget.C1,,,,ea393c4deb4322533c78397f420a9381f7e5a1d12798be65059308d715c806f6,217.156,1672,1171,False,,,none,,9,8,8,9,17,1,0,1,,
p34__chenyitian-shanshu_SIRL-Gurobi__s0,chenyitian-shanshu/SIRL-Gurobi,34,34,0,correct,correct,correct,clean_fenced,True,True,True,True,,,,,,b6609641d8d903b4caf2b18925bdb5919e180535f141cae0386381b7d2cddb54,76.841,1158,420,False,,,none,,6,5,5,6,11,0,0,0,,
p34__chenyitian-shanshu_SIRL-Gurobi__s1,chenyitian-shanshu/SIRL-Gurobi,34,34,1,correct,correct,correct,clean_fenced,True,True,True,True,,,,,,b6609641d8d903b4caf2b18925bdb5919e180535f141cae0386381b7d2cddb54,85.407,1158,380,False,,,none,,6,5,5,6,11,0,0,0,,
p34__chenyitian-shanshu_SIRL-Gurobi__s2,chenyitian-shanshu/SIRL-Gurobi,34,34,2,correct,correct,correct,clean_fenced,True,True,True,True,,,,,,b6609641d8d903b4caf2b18925bdb5919e180535f141cae0386381b7d2cddb54,78.305,1158,420,False,,,none,,6,5,5,6,11,0,0,0,,
p34__chenyitian-shanshu_SIRL-Gurobi__s3,chenyitian-shanshu/SIRL-Gurobi,34,34,3,correct,correct,correct,clean_fenced,True,True,True,True,,,,,,b6609641d8d903b4caf2b18925bdb5919e180535f141cae0386381b7d2cddb54,78.24,1158,420,False,,,none,,6,5,5,6,11,0,0,0,,
p34__chenyitian-shanshu_SIRL-Gurobi__s4,chenyitian-shanshu/SIRL-Gurobi,34,34,4,correct,correct,correct,clean_fenced,True,True,True,True,,,,,,b6609641d8d903b4caf2b18925bdb5919e180535f141cae0386381b7d2cddb54,95.058,1158,423,False,,,none,,6,5,5,6,11,0,0,0,,
p34__chenyitian-shanshu_SIRL-Gurobi__s5,chenyitian-shanshu/SIRL-Gurobi,34,34,5,correct,correct,correct,clean_fenced,True,True,True,True,,,,,,b6609641d8d903b4caf2b18925bdb5919e180535f141cae0386381b7d2cddb54,94.377,1158,420,False,,,none,,6,5,5,6,11,0,0,0,,
p34__chenyitian-shanshu_SIRL-Gurobi__s6,chenyitian-shanshu/SIRL-Gurobi,34,34,6,correct,correct,correct,clean_fenced,True,True,True,True,,,,,,b6609641d8d903b4caf2b18925bdb5919e180535f141cae0386381b7d2cddb54,94.46,1158,420,False,,,none,,6,5,5,6,11,0,0,0,,
p34__chenyitian-shanshu_SIRL-Gurobi__s7,chenyitian-shanshu/SIRL-Gurobi,34,34,7,correct,correct,correct,clean_fenced,True,True,True,True,,,,,,b6609641d8d903b4caf2b18925bdb5919e180535f141cae0386381b7d2cddb54,70.929,1158,380,False,,,none,,6,5,5,6,11,0,0,0,,
p34__chenyitian-shanshu_SIRL-Gurobi__s8,chenyitian-shanshu/SIRL-Gurobi,34,34,8,correct,correct,correct,clean_fenced,True,True,True,True,,,,,,b6609641d8d903b4caf2b18925bdb5919e180535f141cae0386381b7d2cddb54,78.298,1158,420,False,,,none,,6,5,5,6,11,0,0,0,,
p34__chenyitian-shanshu_SIRL-Gurobi__s9,chenyitian-shanshu/SIRL-Gurobi,34,34,9,correct,correct,correct,clean_fenced,True,True,True,True,,,,,,b6609641d8d903b4caf2b18925bdb5919e180535f141cae0386381b7d2cddb54,69.154,1158,371,False,,,none,,6,5,5,6,11,0,0,0,,
p35__chenyitian-shanshu_SIRL-Gurobi__s0,chenyitian-shanshu/SIRL-Gurobi,35,35,0,schema_failure,schema_failure,schema_failure,clean_fenced,True,False,False,True,,,,,,3c61bd4942e6e32ccee80bee1c35a64d1e4f7b75856a34e7edf9a01c15646a8d,220.93,1780,1207,False,,,none,,,,,,,0,0,0,schema_failure,result['solution'] is not a dict
p35__chenyitian-shanshu_SIRL-Gurobi__s1,chenyitian-shanshu/SIRL-Gurobi,35,35,1,loud_bug,loud_bug,loud_bug,clean_fenced,True,True,False,True,"p35.R_demand_1.C1,p35.R_demand_2.C1,p35.obj.C2","p35.R_demand_1.C1,p35.R_demand_2.C1",,,,3c61bd4942e6e32ccee80bee1c35a64d1e4f7b75856a34e7edf9a01c15646a8d,222.634,1780,1216,False,,,none,,13,12,12,13,25,2,0,2,,
p35__chenyitian-shanshu_SIRL-Gurobi__s2,chenyitian-shanshu/SIRL-Gurobi,35,35,2,loud_bug,loud_bug,loud_bug,clean_fenced,True,True,False,True,"p35.R_supply_1.C1,p35.R_balance_station_2.C1,p35.R_capacity_link_station_2.C1,p35.obj.C2","p35.R_supply_1.C1,p35.R_balance_station_2.C1,p35.R_capacity_link_station_2.C1",,,,3c61bd4942e6e32ccee80bee1c35a64d1e4f7b75856a34e7edf9a01c15646a8d,206.135,1780,916,False,,,none,,13,12,12,13,25,3,0,3,,
p35__chenyitian-shanshu_SIRL-Gurobi__s3,chenyitian-shanshu/SIRL-Gurobi,35,35,3,code_failure,code_failure,code_failure,clean_fenced,False,False,False,False,,,,,,3c61bd4942e6e32ccee80bee1c35a64d1e4f7b75856a34e7edf9a01c15646a8d,283.253,1780,1259,False,,,none,,,,,,,0,0,0,runtime_error,"Traceback (most recent call last):
  File ""/project/eick/maamr/sirl_exp1/results/sirl_8bit_resume_p22_p41/execution_workdirs/p35__chenyitian-shanshu_SIRL-Gurobi__s3/execute_generated.py"", line 48, in <module>
    result = module.solve(data)
  File ""/project/eick/maamr/sirl_exp1/results/sirl_8bit_resume_p22_p41/execution_workdirs/p35__chenyitian-shanshu_SIRL-Gurobi__s3/generated_model.py"", line 105, in solve
    model, variables = build_model(data)
  File ""/project/eick/maamr/sirl_exp1/results/sirl_8bit_resume_p22_p41/execution_workdirs/p35__chenyitian-shanshu_SIRL-Gurobi__s3/generated_model.py"", line 40, in build_model
    f[1] * y[1] + f[2] * y[2],
KeyError: 1"
p35__chenyitian-shanshu_SIRL-Gurobi__s4,chenyitian-shanshu/SIRL-Gurobi,35,35,4,schema_failure,schema_failure,schema_failure,clean_fenced,True,False,False,True,,,,,,3c61bd4942e6e32ccee80bee1c35a64d1e4f7b75856a34e7edf9a01c15646a8d,212.871,1780,945,False,,,none,,,,,,,0,0,0,schema_failure,result['solution'] is not a dict
p35__chenyitian-shanshu_SIRL-Gurobi__s5,chenyitian-shanshu/SIRL-Gurobi,35,35,5,loud_bug,loud_bug,loud_bug,clean_fenced,True,True,False,True,"p35.R_supply_1.C1,p35.R_supply_2.C1,p35.R_demand_1.C1,p35.R_demand_2.C1,p35.R_balance_station_1.C1,p35.R_balance_station_2.C1,p35.R_capacity_link_station_1.C1,p35.R_capacity_link_station_2.C1,p35.R_y_ub_1.C1,p35.R_y_ub_2.C1,p35.R_binary_y.C1,p35.R_nonneg.C1,p35.obj.C1,p35.obj.C2","p35.R_supply_1.C1,p35.R_supply_2.C1,p35.R_demand_1.C1,p35.R_demand_2.C1,p35.R_balance_station_1.C1,p35.R_balance_station_2.C1,p35.R_capacity_link_station_1.C1,p35.R_capacity_link_station_2.C1,p35.R_y_ub_1.C1,p35.R_y_ub_2.C1,p35.R_binary_y.C1,p35.R_nonneg.C1",,,,3c61bd4942e6e32ccee80bee1c35a64d1e4f7b75856a34e7edf9a01c15646a8d,241.689,1780,1075,False,,,none,,13,12,12,13,25,12,0,12,,
p35__chenyitian-shanshu_SIRL-Gurobi__s6,chenyitian-shanshu/SIRL-Gurobi,35,35,6,loud_bug,loud_bug,loud_bug,clean_fenced,True,True,False,True,"p35.R_supply_1.C1,p35.R_supply_2.C1,p35.R_demand_1.C1,p35.R_demand_2.C1,p35.R_balance_station_1.C1,p35.R_balance_station_2.C1,p35.R_capacity_link_station_1.C1,p35.R_capacity_link_station_2.C1,p35.R_y_ub_1.C1,p35.R_y_ub_2.C1,p35.R_binary_y.C1,p35.R_nonneg.C1,p35.obj.C1,p35.obj.C2","p35.R_supply_1.C1,p35.R_supply_2.C1,p35.R_demand_1.C1,p35.R_demand_2.C1,p35.R_balance_station_1.C1,p35.R_balance_station_2.C1,p35.R_capacity_link_station_1.C1,p35.R_capacity_link_station_2.C1,p35.R_y_ub_1.C1,p35.R_y_ub_2.C1,p35.R_binary_y.C1,p35.R_nonneg.C1",,,,3c61bd4942e6e32ccee80bee1c35a64d1e4f7b75856a34e7edf9a01c15646a8d,309.21,1780,1374,False,,,none,,13,12,12,13,25,12,0,12,,
p35__chenyitian-shanshu_SIRL-Gurobi__s7,chenyitian-shanshu/SIRL-Gurobi,35,35,7,loud_bug,loud_bug,loud_bug,clean_fenced,True,True,False,True,"p35.R_supply_1.C1,p35.R_supply_2.C1,p35.R_demand_1.C1,p35.R_demand_2.C1,p35.R_balance_station_1.C1,p35.R_balance_station_2.C1,p35.R_capacity_link_station_1.C1,p35.R_capacity_link_station_2.C1,p35.R_y_ub_1.C1,p35.R_y_ub_2.C1,p35.R_binary_y.C1,p35.R_nonneg.C1,p35.obj.C1,p35.obj.C2","p35.R_supply_1.C1,p35.R_supply_2.C1,p35.R_demand_1.C1,p35.R_demand_2.C1,p35.R_balance_station_1.C1,p35.R_balance_station_2.C1,p35.R_capacity_link_station_1.C1,p35.R_capacity_link_station_2.C1,p35.R_y_ub_1.C1,p35.R_y_ub_2.C1,p35.R_binary_y.C1,p35.R_nonneg.C1",,,,3c61bd4942e6e32ccee80bee1c35a64d1e4f7b75856a34e7edf9a01c15646a8d,216.048,1780,1157,False,,,none,,13,12,12,13,25,12,0,12,,
p35__chenyitian-shanshu_SIRL-Gurobi__s8,chenyitian-shanshu/SIRL-Gurobi,35,35,8,code_failure,code_failure,code_failure,clean_fenced,False,False,False,False,,,,,,3c61bd4942e6e32ccee80bee1c35a64d1e4f7b75856a34e7edf9a01c15646a8d,162.361,1780,870,False,,,none,,,,,,,0,0,0,runtime_error,"Traceback (most recent call last):
  File ""/project/eick/maamr/sirl_exp1/results/sirl_8bit_resume_p22_p41/execution_workdirs/p35__chenyitian-shanshu_SIRL-Gurobi__s8/execute_generated.py"", line 48, in <module>
    result = module.solve(data)
  File ""/project/eick/maamr/sirl_exp1/results/sirl_8bit_resume_p22_p41/execution_workdirs/p35__chenyitian-shanshu_SIRL-Gurobi__s8/generated_model.py"", line 68, in solve
    ""x_1_1"": variables[""x""][(1, 1)].x,
KeyError: (1, 1)"
p35__chenyitian-shanshu_SIRL-Gurobi__s9,chenyitian-shanshu/SIRL-Gurobi,35,35,9,schema_failure,schema_failure,schema_failure,clean_fenced,True,False,False,True,,,,,,3c61bd4942e6e32ccee80bee1c35a64d1e4f7b75856a34e7edf9a01c15646a8d,195.324,1780,1053,False,,,none,,,,,,,0,0,0,schema_failure,result['solution'] is not a dict
p36__chenyitian-shanshu_SIRL-Gurobi__s0,chenyitian-shanshu/SIRL-Gurobi,36,36,0,code_failure,code_failure,code_failure,clean_fenced,False,False,False,False,,,,,,1741849203fbf3e6069f8706cfcba89240297e96c2b5094448785840a75bbe51,206.141,2095,915,False,,,none,,,,,,,0,0,0,runtime_error,"Traceback (most recent call last):
  File ""/project/eick/maamr/sirl_exp1/results/sirl_8bit_resume_p22_p41/execution_workdirs/p36__chenyitian-shanshu_SIRL-Gurobi__s0/execute_generated.py"", line 48, in <module>
    result = module.solve(data)
  File ""/project/eick/maamr/sirl_exp1/results/sirl_8bit_resume_p22_p41/execution_workdirs/p36__chenyitian-shanshu_SIRL-Gurobi__s0/generated_model.py"", line 59, in solve
    model, variables = build_model(data)
  File ""/project/eick/maamr/sirl_exp1/results/sirl_8bit_resume_p22_p41/execution_workdirs/p36__chenyitian-shanshu_SIRL-Gurobi__s0/generated_model.py"", line 32, in build_model
    gp.quicksum(fee_per_100sqm_by_length[l] * variables[f""x_{s}_{l}""] for s in months for l in contract_lengths),
  File ""src/gurobipy/gurobi.pxi"", line 3842, in gurobipy.quicksum
  File ""/project/eick/maamr/sirl_exp1/results/sirl_8bit_resume_p22_p41/execution_workdirs/p36__chenyitian-shanshu_SIRL-Gurobi__s0/generated_model.py"", line 32, in <genexpr>
    gp.quicksum(fee_per_100sqm_by_length[l] * variables[f""x_{s}_{l}""] for s in months for l in contract_lengths),
KeyError: 1"
p36__chenyitian-shanshu_SIRL-Gurobi__s1,chenyitian-shanshu/SIRL-Gurobi,36,36,1,code_failure,code_failure,code_failure,clean_fenced,False,False,False,False,,,,,,1741849203fbf3e6069f8706cfcba89240297e96c2b5094448785840a75bbe51,247.888,2095,1332,False,,,none,,,,,,,0,0,0,runtime_error,"Traceback (most recent call last):
  File ""/project/eick/maamr/sirl_exp1/results/sirl_8bit_resume_p22_p41/execution_workdirs/p36__chenyitian-shanshu_SIRL-Gurobi__s1/execute_generated.py"", line 48, in <module>
    result = module.solve(data)
  File ""/project/eick/maamr/sirl_exp1/results/sirl_8bit_resume_p22_p41/execution_workdirs/p36__chenyitian-shanshu_SIRL-Gurobi__s1/generated_model.py"", line 80, in solve
    model, x, y = build_model(data)
  File ""/project/eick/maamr/sirl_exp1/results/sirl_8bit_resume_p22_p41/execution_workdirs/p36__chenyitian-shanshu_SIRL-Gurobi__s1/generated_model.py"", line 40, in build_model
    x[f""x_{start_month}_{length}""] = model.addVar(name=variables_keys[f""x_{start_month}_{length}""], vtype=GRB.INTEGER, lb=0)
KeyError: 'x_2_4'"
p36__chenyitian-shanshu_SIRL-Gurobi__s2,chenyitian-shanshu/SIRL-Gurobi,36,36,2,code_failure,code_failure,code_failure,clean_fenced,False,False,False,False,,,,,,1741849203fbf3e6069f8706cfcba89240297e96c2b5094448785840a75bbe51,255.358,2095,1368,False,,,none,,,,,,,0,0,0,runtime_error,"Traceback (most recent call last):
  File ""/project/eick/maamr/sirl_exp1/results/sirl_8bit_resume_p22_p41/execution_workdirs/p36__chenyitian-shanshu_SIRL-Gurobi__s2/execute_generated.py"", line 48, in <module>
    result = module.solve(data)
  File ""/project/eick/maamr/sirl_exp1/results/sirl_8bit_resume_p22_p41/execution_workdirs/p36__chenyitian-shanshu_SIRL-Gurobi__s2/generated_model.py"", line 72, in solve
    model, x, y = build_model(data)
  File ""/project/eick/maamr/sirl_exp1/results/sirl_8bit_resume_p22_p41/execution_workdirs/p36__chenyitian-shanshu_SIRL-Gurobi__s2/generated_model.py"", line 40, in build_model
    x[f""x_{start_month}_{length}""] = model.addVar(name=variables_keys[f""x_{start_month}_{length}""], vtype=GRB.INTEGER, lb=0)
KeyError: 'x_2_4'"
p36__chenyitian-shanshu_SIRL-Gurobi__s3,chenyitian-shanshu/SIRL-Gurobi,36,36,3,code_failure,code_failure,code_failure,clean_fenced,False,False,False,False,,,,,,1741849203fbf3e6069f8706cfcba89240297e96c2b5094448785840a75bbe51,308.502,2095,1370,False,,,none,,,,,,,0,0,0,runtime_error,"Traceback (most recent call last):
  File ""/project/eick/maamr/sirl_exp1/results/sirl_8bit_resume_p22_p41/execution_workdirs/p36__chenyitian-shanshu_SIRL-Gurobi__s3/execute_generated.py"", line 48, in <module>
    result = module.solve(data)
  File ""/project/eick/maamr/sirl_exp1/results/sirl_8bit_resume_p22_p41/execution_workdirs/p36__chenyitian-shanshu_SIRL-Gurobi__s3/generated_model.py"", line 72, in solve
    model, x, y = build_model(data)
  File ""/project/eick/maamr/sirl_exp1/results/sirl_8bit_resume_p22_p41/execution_workdirs/p36__chenyitian-shanshu_SIRL-Gurobi__s3/generated_model.py"", line 40, in build_model
    x[f""x_{start_month}_{length}""] = model.addVar(name=variables_keys[f""x_{start_month}_{length}""], vtype=GRB.INTEGER, lb=0)
KeyError: 'x_2_4'"
p36__chenyitian-shanshu_SIRL-Gurobi__s4,chenyitian-shanshu/SIRL-Gurobi,36,36,4,code_failure,code_failure,code_failure,clean_fenced,False,False,False,False,,,,,,1741849203fbf3e6069f8706cfcba89240297e96c2b5094448785840a75bbe51,163.832,2095,825,False,,,none,,,,,,,0,0,0,runtime_error,"Traceback (most recent call last):
  File ""/project/eick/maamr/sirl_exp1/results/sirl_8bit_resume_p22_p41/execution_workdirs/p36__chenyitian-shanshu_SIRL-Gurobi__s4/execute_generated.py"", line 48, in <module>
    result = module.solve(data)
  File ""/project/eick/maamr/sirl_exp1/results/sirl_8bit_resume_p22_p41/execution_workdirs/p36__chenyitian-shanshu_SIRL-Gurobi__s4/generated_model.py"", line 51, in solve
    model, x, y = build_model(data)
  File ""/project/eick/maamr/sirl_exp1/results/sirl_8bit_resume_p22_p41/execution_workdirs/p36__chenyitian-shanshu_SIRL-Gurobi__s4/generated_model.py"", line 30, in build_model
    total_rental_cost = gp.quicksum(fee_per_100sqm_by_length[length] * x[start_month, length] for start_month in months for length in contract_lengths)
  File ""src/gurobipy/gurobi.pxi"", line 3842, in gurobipy.quicksum
  File ""/project/eick/maamr/sirl_exp1/results/sirl_8bit_resume_p22_p41/execution_workdirs/p36__chenyitian-shanshu_SIRL-Gurobi__s4/generated_model.py"", line 30, in <genexpr>
    total_rental_cost = gp.quicksum(fee_per_100sqm_by_length[length] * x[start_month, length] for start_month in months for length in contract_lengths)
KeyError: 1"
p36__chenyitian-shanshu_SIRL-Gurobi__s5,chenyitian-shanshu/SIRL-Gurobi,36,36,5,code_failure,code_failure,code_failure,clean_fenced,False,False,False,False,,,,,,1741849203fbf3e6069f8706cfcba89240297e96c2b5094448785840a75bbe51,206.842,2095,920,False,,,none,,,,,,,0,0,0,runtime_error,"Traceback (most recent call last):
  File ""/project/eick/maamr/sirl_exp1/results/sirl_8bit_resume_p22_p41/execution_workdirs/p36__chenyitian-shanshu_SIRL-Gurobi__s5/execute_generated.py"", line 48, in <module>
    result = module.solve(data)
  File ""/project/eick/maamr/sirl_exp1/results/sirl_8bit_resume_p22_p41/execution_workdirs/p36__chenyitian-shanshu_SIRL-Gurobi__s5/generated_model.py"", line 57, in solve
    model, variables = build_model(data)
  File ""/project/eick/maamr/sirl_exp1/results/sirl_8bit_resume_p22_p41/execution_workdirs/p36__chenyitian-shanshu_SIRL-Gurobi__s5/generated_model.py"", line 30, in build_model
    total_rental_cost = gp.quicksum(fee_per_100sqm_by_length[length] * 100 * x[start_month, length] for start_month in months for length in contract_lengths)
  File ""src/gurobipy/gurobi.pxi"", line 3842, in gurobipy.quicksum
  File ""/project/eick/maamr/sirl_exp1/results/sirl_8bit_resume_p22_p41/execution_workdirs/p36__chenyitian-shanshu_SIRL-Gurobi__s5/generated_model.py"", line 30, in <genexpr>
    total_rental_cost = gp.quicksum(fee_per_100sqm_by_length[length] * 100 * x[start_month, length] for start_month in months for length in contract_lengths)
KeyError: 1"
p36__chenyitian-shanshu_SIRL-Gurobi__s6,chenyitian-shanshu/SIRL-Gurobi,36,36,6,code_failure,code_failure,code_failure,clean_fenced,False,False,False,False,,,,,,1741849203fbf3e6069f8706cfcba89240297e96c2b5094448785840a75bbe51,171.004,2095,915,False,,,none,,,,,,,0,0,0,runtime_error,"Traceback (most recent call last):
  File ""/project/eick/maamr/sirl_exp1/results/sirl_8bit_resume_p22_p41/execution_workdirs/p36__chenyitian-shanshu_SIRL-Gurobi__s6/execute_generated.py"", line 48, in <module>
    result = module.solve(data)
  File ""/project/eick/maamr/sirl_exp1/results/sirl_8bit_resume_p22_p41/execution_workdirs/p36__chenyitian-shanshu_SIRL-Gurobi__s6/generated_model.py"", line 59, in solve
    model, variables = build_model(data)
  File ""/project/eick/maamr/sirl_exp1/results/sirl_8bit_resume_p22_p41/execution_workdirs/p36__chenyitian-shanshu_SIRL-Gurobi__s6/generated_model.py"", line 32, in build_model
    gp.quicksum(fee_per_100sqm_by_length[l] * variables[f""x_{s}_{l}""] for s in months for l in contract_lengths),
  File ""src/gurobipy/gurobi.pxi"", line 3842, in gurobipy.quicksum
  File ""/project/eick/maamr/sirl_exp1/results/sirl_8bit_resume_p22_p41/execution_workdirs/p36__chenyitian-shanshu_SIRL-Gurobi__s6/generated_model.py"", line 32, in <genexpr>
    gp.quicksum(fee_per_100sqm_by_length[l] * variables[f""x_{s}_{l}""] for s in months for l in contract_lengths),
KeyError: 1"
p36__chenyitian-shanshu_SIRL-Gurobi__s7,chenyitian-shanshu/SIRL-Gurobi,36,36,7,code_failure,code_failure,code_failure,clean_fenced,False,False,False,False,,,,,,1741849203fbf3e6069f8706cfcba89240297e96c2b5094448785840a75bbe51,308.239,2095,1370,False,,,none,,,,,,,0,0,0,runtime_error,"Traceback (most recent call last):
  File ""/project/eick/maamr/sirl_exp1/results/sirl_8bit_resume_p22_p41/execution_workdirs/p36__chenyitian-shanshu_SIRL-Gurobi__s7/execute_generated.py"", line 48, in <module>
    result = module.solve(data)
  File ""/project/eick/maamr/sirl_exp1/results/sirl_8bit_resume_p22_p41/execution_workdirs/p36__chenyitian-shanshu_SIRL-Gurobi__s7/generated_model.py"", line 72, in solve
    model, x, y = build_model(data)
  File ""/project/eick/maamr/sirl_exp1/results/sirl_8bit_resume_p22_p41/execution_workdirs/p36__chenyitian-shanshu_SIRL-Gurobi__s7/generated_model.py"", line 40, in build_model
    x[f""x_{start_month}_{length}""] = model.addVar(name=variables_keys[f""x_{start_month}_{length}""], vtype=GRB.INTEGER, lb=0)
KeyError: 'x_2_4'"
p36__chenyitian-shanshu_SIRL-Gurobi__s8,chenyitian-shanshu/SIRL-Gurobi,36,36,8,code_failure,code_failure,code_failure,clean_fenced,False,False,False,False,,,,,,1741849203fbf3e6069f8706cfcba89240297e96c2b5094448785840a75bbe51,308.374,2095,1370,False,,,none,,,,,,,0,0,0,runtime_error,"Traceback (most recent call last):
  File ""/project/eick/maamr/sirl_exp1/results/sirl_8bit_resume_p22_p41/execution_workdirs/p36__chenyitian-shanshu_SIRL-Gurobi__s8/execute_generated.py"", line 48, in <module>
    result = module.solve(data)
  File ""/project/eick/maamr/sirl_exp1/results/sirl_8bit_resume_p22_p41/execution_workdirs/p36__chenyitian-shanshu_SIRL-Gurobi__s8/generated_model.py"", line 72, in solve
    model, x, y = build_model(data)
  File ""/project/eick/maamr/sirl_exp1/results/sirl_8bit_resume_p22_p41/execution_workdirs/p36__chenyitian-shanshu_SIRL-Gurobi__s8/generated_model.py"", line 40, in build_model
    x[f""x_{start_month}_{length}""] = model.addVar(name=variables_keys[f""x_{start_month}_{length}""], vtype=GRB.INTEGER, lb=0)
KeyError: 'x_2_4'"
p36__chenyitian-shanshu_SIRL-Gurobi__s9,chenyitian-shanshu/SIRL-Gurobi,36,36,9,code_failure,code_failure,code_failure,clean_fenced,False,False,False,False,,,,,,1741849203fbf3e6069f8706cfcba89240297e96c2b5094448785840a75bbe51,308.567,2095,1370,False,,,none,,,,,,,0,0,0,runtime_error,"Traceback (most recent call last):
  File ""/project/eick/maamr/sirl_exp1/results/sirl_8bit_resume_p22_p41/execution_workdirs/p36__chenyitian-shanshu_SIRL-Gurobi__s9/execute_generated.py"", line 48, in <module>
    result = module.solve(data)
  File ""/project/eick/maamr/sirl_exp1/results/sirl_8bit_resume_p22_p41/execution_workdirs/p36__chenyitian-shanshu_SIRL-Gurobi__s9/generated_model.py"", line 72, in solve
    model, x, y = build_model(data)
  File ""/project/eick/maamr/sirl_exp1/results/sirl_8bit_resume_p22_p41/execution_workdirs/p36__chenyitian-shanshu_SIRL-Gurobi__s9/generated_model.py"", line 40, in build_model
    x[f""x_{start_month}_{length}""] = model.addVar(name=variables_keys[f""x_{start_month}_{length}""], vtype=GRB.INTEGER, lb=0)
KeyError: 'x_2_4'"
p37__chenyitian-shanshu_SIRL-Gurobi__s0,chenyitian-shanshu/SIRL-Gurobi,37,37,0,loud_bug,loud_bug,loud_bug,clean_fenced,True,True,False,True,"p37.R_inventory_balance_1.C1,p37.R_inventory_balance_2.C1,p37.R_cash_balance_1.C1,p37.R_profit_definition.C1,p37.obj.C2","p37.R_inventory_balance_1.C1,p37.R_inventory_balance_2.C1,p37.R_cash_balance_1.C1,p37.R_profit_definition.C1",,,,7074a3c288e27997c8ca33783d68aac2ca27e5304017768b74f0b427349653bc,286.377,1529,1276,False,,,none,,16,15,15,16,31,4,0,4,,
p37__chenyitian-shanshu_SIRL-Gurobi__s1,chenyitian-shanshu/SIRL-Gurobi,37,37,1,schema_failure,schema_failure,schema_failure,clean_fenced,True,False,False,True,,,,,,7074a3c288e27997c8ca33783d68aac2ca27e5304017768b74f0b427349653bc,268.801,1529,1197,False,,,none,,,,,,,0,0,0,schema_failure,result['solution'] is not a dict
p37__chenyitian-shanshu_SIRL-Gurobi__s2,chenyitian-shanshu/SIRL-Gurobi,37,37,2,loud_bug,loud_bug,loud_bug,clean_fenced,True,True,False,True,"p37.R_inventory_balance_1.C1,p37.R_inventory_balance_2.C1,p37.R_cash_balance_1.C1,p37.R_profit_definition.C1,p37.obj.C2","p37.R_inventory_balance_1.C1,p37.R_inventory_balance_2.C1,p37.R_cash_balance_1.C1,p37.R_profit_definition.C1",,,,7074a3c288e27997c8ca33783d68aac2ca27e5304017768b74f0b427349653bc,225.097,1529,1209,False,,,none,,16,15,15,16,31,4,0,4,,
p37__chenyitian-shanshu_SIRL-Gurobi__s3,chenyitian-shanshu/SIRL-Gurobi,37,37,3,loud_bug,loud_bug,loud_bug,clean_fenced,True,True,False,True,"p37.R_inventory_balance_1.C1,p37.R_inventory_balance_2.C1,p37.R_inventory_balance_3.C1,p37.R_sell_available_1.C1,p37.R_cash_balance_1.C1,p37.R_cash_balance_2.C1,p37.R_cash_balance_3.C1,p37.R_profit_definition.C1,p37.obj.C2","p37.R_inventory_balance_1.C1,p37.R_inventory_balance_2.C1,p37.R_inventory_balance_3.C1,p37.R_sell_available_1.C1,p37.R_cash_balance_1.C1,p37.R_cash_balance_2.C1,p37.R_cash_balance_3.C1,p37.R_profit_definition.C1",,,,7074a3c288e27997c8ca33783d68aac2ca27e5304017768b74f0b427349653bc,225.539,1529,1209,False,,,none,,16,15,15,16,31,8,0,8,,
p37__chenyitian-shanshu_SIRL-Gurobi__s4,chenyitian-shanshu/SIRL-Gurobi,37,37,4,loud_bug,loud_bug,loud_bug,clean_fenced,True,True,False,True,"p37.R_inventory_balance_1.C1,p37.R_inventory_balance_2.C1,p37.R_inventory_balance_3.C1,p37.R_sell_available_1.C1,p37.R_sell_available_2.C1,p37.R_sell_available_3.C1,p37.R_capacity_1.C1,p37.R_capacity_2.C1,p37.R_capacity_3.C1,p37.R_final_inventory.C1,p37.R_cash_balance_1.C1,p37.R_cash_balance_2.C1,p37.R_cash_balance_3.C1,p37.R_profit_definition.C1,p37.R_nonneg.C1,p37.obj.C1,p37.obj.C2","p37.R_inventory_balance_1.C1,p37.R_inventory_balance_2.C1,p37.R_inventory_balance_3.C1,p37.R_sell_available_1.C1,p37.R_sell_available_2.C1,p37.R_sell_available_3.C1,p37.R_capacity_1.C1,p37.R_capacity_2.C1,p37.R_capacity_3.C1,p37.R_final_inventory.C1,p37.R_cash_balance_1.C1,p37.R_cash_balance_2.C1,p37.R_cash_balance_3.C1,p37.R_profit_definition.C1,p37.R_nonneg.C1",,,,7074a3c288e27997c8ca33783d68aac2ca27e5304017768b74f0b427349653bc,238.482,1529,1280,False,,,none,,16,15,15,16,31,15,0,15,,
p37__chenyitian-shanshu_SIRL-Gurobi__s5,chenyitian-shanshu/SIRL-Gurobi,37,37,5,loud_bug,loud_bug,loud_bug,clean_fenced,True,True,False,True,"p37.R_inventory_balance_1.C1,p37.R_inventory_balance_2.C1,p37.R_inventory_balance_3.C1,p37.R_sell_available_1.C1,p37.R_cash_balance_1.C1,p37.R_cash_balance_2.C1,p37.R_cash_balance_3.C1,p37.R_profit_definition.C1,p37.obj.C2","p37.R_inventory_balance_1.C1,p37.R_inventory_balance_2.C1,p37.R_inventory_balance_3.C1,p37.R_sell_available_1.C1,p37.R_cash_balance_1.C1,p37.R_cash_balance_2.C1,p37.R_cash_balance_3.C1,p37.R_profit_definition.C1",,,,7074a3c288e27997c8ca33783d68aac2ca27e5304017768b74f0b427349653bc,225.276,1529,1209,False,,,none,,16,15,15,16,31,8,0,8,,
p37__chenyitian-shanshu_SIRL-Gurobi__s6,chenyitian-shanshu/SIRL-Gurobi,37,37,6,schema_failure,schema_failure,schema_failure,clean_fenced,True,False,False,True,,,,,,7074a3c288e27997c8ca33783d68aac2ca27e5304017768b74f0b427349653bc,248.368,1529,1332,False,,,none,,,,,,,0,0,0,schema_failure,result['solution'] is not a dict
p37__chenyitian-shanshu_SIRL-Gurobi__s7,chenyitian-shanshu/SIRL-Gurobi,37,37,7,loud_bug,loud_bug,loud_bug,clean_fenced,True,True,False,True,"p37.R_inventory_balance_2.C1,p37.R_inventory_balance_3.C1,p37.R_sell_available_1.C1,p37.R_sell_available_2.C1,p37.R_sell_available_3.C1,p37.R_final_inventory.C1,p37.R_cash_balance_1.C1,p37.R_cash_balance_2.C1,p37.R_cash_balance_3.C1,p37.R_profit_definition.C1,p37.obj.C2","p37.R_inventory_balance_2.C1,p37.R_inventory_balance_3.C1,p37.R_sell_available_1.C1,p37.R_sell_available_2.C1,p37.R_sell_available_3.C1,p37.R_final_inventory.C1,p37.R_cash_balance_1.C1,p37.R_cash_balance_2.C1,p37.R_cash_balance_3.C1,p37.R_profit_definition.C1",,,,7074a3c288e27997c8ca33783d68aac2ca27e5304017768b74f0b427349653bc,185.706,1529,1002,False,,,none,,16,15,15,16,31,10,0,10,,
p37__chenyitian-shanshu_SIRL-Gurobi__s8,chenyitian-shanshu/SIRL-Gurobi,37,37,8,code_failure,code_failure,code_failure,clean_fenced,False,False,False,False,,,,,,7074a3c288e27997c8ca33783d68aac2ca27e5304017768b74f0b427349653bc,198.824,1529,1074,False,,,none,,,,,,,0,0,0,runtime_error,"Traceback (most recent call last):
  File ""/project/eick/maamr/sirl_exp1/results/sirl_8bit_resume_p22_p41/execution_workdirs/p37__chenyitian-shanshu_SIRL-Gurobi__s8/execute_generated.py"", line 48, in <module>
    result = module.solve(data)
  File ""/project/eick/maamr/sirl_exp1/results/sirl_8bit_resume_p22_p41/execution_workdirs/p37__chenyitian-shanshu_SIRL-Gurobi__s8/generated_model.py"", line 62, in solve
    model, variables = build_model(data)
  File ""/project/eick/maamr/sirl_exp1/results/sirl_8bit_resume_p22_p41/execution_workdirs/p37__chenyitian-shanshu_SIRL-Gurobi__s8/generated_model.py"", line 34, in build_model
    model.addConstr(buy[month] * data[""purchase_price""][str(month)] - sell[month] * data[""selling_price""][str(month)] + inventory[month] - inventory[month + 1] == - buy[month] + cash[month] - cash[month + 1] + sell[month - 1] * data[""selling_price""][str(month - 1)] - buy[month - 1] * data[""purchase_price""][str(month - 1)])
KeyError: 4"
p37__chenyitian-shanshu_SIRL-Gurobi__s9,chenyitian-shanshu/SIRL-Gurobi,37,37,9,loud_bug,loud_bug,loud_bug,clean_fenced,True,True,False,True,"p37.R_inventory_balance_3.C1,p37.R_final_inventory.C1,p37.R_cash_balance_3.C1,p37.R_profit_definition.C1,p37.obj.C2","p37.R_inventory_balance_3.C1,p37.R_final_inventory.C1,p37.R_cash_balance_3.C1,p37.R_profit_definition.C1",,,,7074a3c288e27997c8ca33783d68aac2ca27e5304017768b74f0b427349653bc,239.044,1529,1289,False,,,none,,16,15,15,16,31,4,0,4,,
p38__chenyitian-shanshu_SIRL-Gurobi__s0,chenyitian-shanshu/SIRL-Gurobi,38,38,0,code_failure,code_failure,code_failure,clean_fenced,False,False,False,False,,,,,,00d230ac67d88ddccbde01d7eaeb306a33e8f15ea9b642f343eb656dd0cf6efe,402.978,2737,2128,False,,,none,,,,,,,0,0,0,runtime_error,"Traceback (most recent call last):
  File ""/project/eick/maamr/sirl_exp1/results/sirl_8bit_resume_p22_p41/execution_workdirs/p38__chenyitian-shanshu_SIRL-Gurobi__s0/execute_generated.py"", line 48, in <module>
    result = module.solve(data)
  File ""/project/eick/maamr/sirl_exp1/results/sirl_8bit_resume_p22_p41/execution_workdirs/p38__chenyitian-shanshu_SIRL-Gurobi__s0/generated_model.py"", line 109, in solve
    model, variables = build_model(data)
  File ""/project/eick/maamr/sirl_exp1/results/sirl_8bit_resume_p22_p41/execution_workdirs/p38__chenyitian-shanshu_SIRL-Gurobi__s0/generated_model.py"", line 63, in build_model
    model.addConstr(own_storage[month] <= data[""own_warehouse_capacity_cubic_m""] - quicksum(0.2 * prod_I[prev_month] + 0.4 * prod_II[prev_month] - inv_I[prev_month] - own_storage[prev_month] - external_storage[prev_month] for prev_month in data[""months""] if prev_month < month))
NameError: name 'quicksum' is not defined"
p38__chenyitian-shanshu_SIRL-Gurobi__s1,chenyitian-shanshu/SIRL-Gurobi,38,38,1,loud_bug,loud_bug,loud_bug,clean_fenced,True,True,False,True,"p38.R_balance_I_7.C1,p38.R_balance_I_8.C1,p38.R_balance_I_9.C1,p38.R_balance_I_10.C1,p38.R_balance_I_11.C1,p38.R_balance_I_12.C1,p38.R_balance_II_7.C1,p38.R_balance_II_8.C1,p38.R_balance_II_9.C1,p38.R_balance_II_10.C1,p38.R_balance_II_11.C1,p38.R_balance_II_12.C1,p38.obj.C2","p38.R_balance_I_7.C1,p38.R_balance_I_8.C1,p38.R_balance_I_9.C1,p38.R_balance_I_10.C1,p38.R_balance_I_11.C1,p38.R_balance_I_12.C1,p38.R_balance_II_7.C1,p38.R_balance_II_8.C1,p38.R_balance_II_9.C1,p38.R_balance_II_10.C1,p38.R_balance_II_11.C1,p38.R_balance_II_12.C1",,,,00d230ac67d88ddccbde01d7eaeb306a33e8f15ea9b642f343eb656dd0cf6efe,360.572,2737,1897,False,,,none,,32,31,31,32,63,12,0,12,,
p38__chenyitian-shanshu_SIRL-Gurobi__s2,chenyitian-shanshu/SIRL-Gurobi,38,38,2,loud_bug,loud_bug,loud_bug,clean_fenced,True,True,False,True,"p38.R_balance_I_7.C1,p38.R_balance_I_8.C1,p38.R_balance_I_9.C1,p38.R_balance_I_10.C1,p38.R_balance_I_11.C1,p38.R_balance_I_12.C1,p38.R_balance_II_7.C1,p38.R_balance_II_8.C1,p38.R_balance_II_9.C1,p38.R_balance_II_10.C1,p38.R_balance_II_11.C1,p38.R_balance_II_12.C1,p38.obj.C2","p38.R_balance_I_7.C1,p38.R_balance_I_8.C1,p38.R_balance_I_9.C1,p38.R_balance_I_10.C1,p38.R_balance_I_11.C1,p38.R_balance_I_12.C1,p38.R_balance_II_7.C1,p38.R_balance_II_8.C1,p38.R_balance_II_9.C1,p38.R_balance_II_10.C1,p38.R_balance_II_11.C1,p38.R_balance_II_12.C1",,,,00d230ac67d88ddccbde01d7eaeb306a33e8f15ea9b642f343eb656dd0cf6efe,361.363,2737,1902,False,,,none,,32,31,31,32,63,12,0,12,,
p38__chenyitian-shanshu_SIRL-Gurobi__s3,chenyitian-shanshu/SIRL-Gurobi,38,38,3,loud_bug,loud_bug,loud_bug,clean_fenced,True,True,False,True,"p38.R_balance_I_7.C1,p38.R_balance_I_8.C1,p38.R_balance_I_9.C1,p38.R_balance_I_10.C1,p38.R_balance_I_11.C1,p38.R_balance_I_12.C1,p38.R_balance_II_7.C1,p38.R_balance_II_8.C1,p38.R_balance_II_9.C1,p38.R_balance_II_10.C1,p38.R_balance_II_11.C1,p38.R_balance_II_12.C1,p38.obj.C2","p38.R_balance_I_7.C1,p38.R_balance_I_8.C1,p38.R_balance_I_9.C1,p38.R_balance_I_10.C1,p38.R_balance_I_11.C1,p38.R_balance_I_12.C1,p38.R_balance_II_7.C1,p38.R_balance_II_8.C1,p38.R_balance_II_9.C1,p38.R_balance_II_10.C1,p38.R_balance_II_11.C1,p38.R_balance_II_12.C1",,,,00d230ac67d88ddccbde01d7eaeb306a33e8f15ea9b642f343eb656dd0cf6efe,358.256,2737,1897,False,,,none,,32,31,31,32,63,12,0,12,,
p38__chenyitian-shanshu_SIRL-Gurobi__s4,chenyitian-shanshu/SIRL-Gurobi,38,38,4,schema_failure,schema_failure,schema_failure,clean_fenced,True,False,False,True,,,,,,00d230ac67d88ddccbde01d7eaeb306a33e8f15ea9b642f343eb656dd0cf6efe,413.568,2737,2179,False,,,none,,,,,,,0,0,0,schema_failure,result['solution'] is not a dict
p38__chenyitian-shanshu_SIRL-Gurobi__s5,chenyitian-shanshu/SIRL-Gurobi,38,38,5,loud_bug,loud_bug,loud_bug,clean_fenced,True,True,False,True,"p38.R_balance_I_7.C1,p38.R_balance_I_8.C1,p38.R_balance_I_9.C1,p38.R_balance_I_10.C1,p38.R_balance_I_11.C1,p38.R_balance_I_12.C1,p38.R_balance_II_7.C1,p38.R_balance_II_8.C1,p38.R_balance_II_9.C1,p38.R_balance_II_10.C1,p38.R_balance_II_11.C1,p38.R_balance_II_12.C1,p38.obj.C2","p38.R_balance_I_7.C1,p38.R_balance_I_8.C1,p38.R_balance_I_9.C1,p38.R_balance_I_10.C1,p38.R_balance_I_11.C1,p38.R_balance_I_12.C1,p38.R_balance_II_7.C1,p38.R_balance_II_8.C1,p38.R_balance_II_9.C1,p38.R_balance_II_10.C1,p38.R_balance_II_11.C1,p38.R_balance_II_12.C1",,,,00d230ac67d88ddccbde01d7eaeb306a33e8f15ea9b642f343eb656dd0cf6efe,360.67,2737,1903,False,,,none,,32,31,31,32,63,12,0,12,,
p38__chenyitian-shanshu_SIRL-Gurobi__s6,chenyitian-shanshu/SIRL-Gurobi,38,38,6,schema_failure,schema_failure,schema_failure,clean_fenced,True,False,False,True,,,,,,00d230ac67d88ddccbde01d7eaeb306a33e8f15ea9b642f343eb656dd0cf6efe,361.739,2737,1911,False,,,none,,,,,,,0,0,0,schema_failure,result['solution'] is not a dict
p38__chenyitian-shanshu_SIRL-Gurobi__s7,chenyitian-shanshu/SIRL-Gurobi,38,38,7,loud_bug,loud_bug,loud_bug,clean_fenced,True,True,False,True,"p38.R_balance_I_7.C1,p38.R_balance_I_8.C1,p38.R_balance_I_9.C1,p38.R_balance_I_10.C1,p38.R_balance_I_11.C1,p38.R_balance_I_12.C1,p38.R_balance_II_7.C1,p38.R_balance_II_8.C1,p38.R_balance_II_9.C1,p38.R_balance_II_10.C1,p38.R_balance_II_11.C1,p38.R_balance_II_12.C1,p38.obj.C2","p38.R_balance_I_7.C1,p38.R_balance_I_8.C1,p38.R_balance_I_9.C1,p38.R_balance_I_10.C1,p38.R_balance_I_11.C1,p38.R_balance_I_12.C1,p38.R_balance_II_7.C1,p38.R_balance_II_8.C1,p38.R_balance_II_9.C1,p38.R_balance_II_10.C1,p38.R_balance_II_11.C1,p38.R_balance_II_12.C1",,,,00d230ac67d88ddccbde01d7eaeb306a33e8f15ea9b642f343eb656dd0cf6efe,432.792,2737,2279,False,,,none,,32,31,31,32,63,12,0,12,,
p38__chenyitian-shanshu_SIRL-Gurobi__s8,chenyitian-shanshu/SIRL-Gurobi,38,38,8,loud_bug,loud_bug,loud_bug,clean_fenced,True,True,False,True,"p38.R_balance_I_7.C1,p38.R_balance_I_8.C1,p38.R_balance_I_9.C1,p38.R_balance_I_10.C1,p38.R_balance_I_11.C1,p38.R_balance_I_12.C1,p38.R_balance_II_7.C1,p38.R_balance_II_8.C1,p38.R_balance_II_9.C1,p38.R_balance_II_10.C1,p38.R_balance_II_11.C1,p38.R_balance_II_12.C1,p38.obj.C2","p38.R_balance_I_7.C1,p38.R_balance_I_8.C1,p38.R_balance_I_9.C1,p38.R_balance_I_10.C1,p38.R_balance_I_11.C1,p38.R_balance_I_12.C1,p38.R_balance_II_7.C1,p38.R_balance_II_8.C1,p38.R_balance_II_9.C1,p38.R_balance_II_10.C1,p38.R_balance_II_11.C1,p38.R_balance_II_12.C1",,,,00d230ac67d88ddccbde01d7eaeb306a33e8f15ea9b642f343eb656dd0cf6efe,359.903,2737,1902,False,,,none,,32,31,31,32,63,12,0,12,,
p38__chenyitian-shanshu_SIRL-Gurobi__s9,chenyitian-shanshu/SIRL-Gurobi,38,38,9,schema_failure,schema_failure,schema_failure,clean_fenced,True,False,False,True,,,,,,00d230ac67d88ddccbde01d7eaeb306a33e8f15ea9b642f343eb656dd0cf6efe,362.165,2737,1906,False,,,none,,,,,,,0,0,0,schema_failure,result['solution'] is not a dict
p39__chenyitian-shanshu_SIRL-Gurobi__s0,chenyitian-shanshu/SIRL-Gurobi,39,39,0,loud_bug,loud_bug,loud_bug,clean_fenced,True,True,False,True,"p39.R_machine_span.C1,p39.obj.C1,p39.obj.C2",p39.R_machine_span.C1,,,,d7f2323e3280451a0ee3c343967405eabe5108e6262c32b8e897b31946c56d49,142.717,1429,766,False,,,none,,17,16,16,17,33,1,0,1,,
p39__chenyitian-shanshu_SIRL-Gurobi__s1,chenyitian-shanshu/SIRL-Gurobi,39,39,1,schema_failure,schema_failure,schema_failure,clean_fenced,True,False,False,True,,,,,,d7f2323e3280451a0ee3c343967405eabe5108e6262c32b8e897b31946c56d49,188.443,1429,1010,False,,,none,,,,,,,0,0,0,schema_failure,result['solution'] is not a dict
p39__chenyitian-shanshu_SIRL-Gurobi__s2,chenyitian-shanshu/SIRL-Gurobi,39,39,2,loud_bug,loud_bug,loud_bug,clean_fenced,True,True,False,True,"p39.R_machine_span.C1,p39.obj.C1,p39.obj.C2",p39.R_machine_span.C1,,,,d7f2323e3280451a0ee3c343967405eabe5108e6262c32b8e897b31946c56d49,142.802,1429,766,False,,,none,,17,16,16,17,33,1,0,1,,
p39__chenyitian-shanshu_SIRL-Gurobi__s3,chenyitian-shanshu/SIRL-Gurobi,39,39,3,code_failure,code_failure,code_failure,clean_fenced,False,False,False,False,,,,,,d7f2323e3280451a0ee3c343967405eabe5108e6262c32b8e897b31946c56d49,188.538,1429,1013,False,,,none,,,,,,,0,0,0,runtime_error,"Traceback (most recent call last):
  File ""/project/eick/maamr/sirl_exp1/results/sirl_8bit_resume_p22_p41/execution_workdirs/p39__chenyitian-shanshu_SIRL-Gurobi__s3/execute_generated.py"", line 48, in <module>
    result = module.solve(data)
  File ""/project/eick/maamr/sirl_exp1/results/sirl_8bit_resume_p22_p41/execution_workdirs/p39__chenyitian-shanshu_SIRL-Gurobi__s3/generated_model.py"", line 72, in solve
    model, variables = build_model(data)
  File ""/project/eick/maamr/sirl_exp1/results/sirl_8bit_resume_p22_p41/execution_workdirs/p39__chenyitian-shanshu_SIRL-Gurobi__s3/generated_model.py"", line 61, in build_model
    total_cost = gp.quicksum(work_cost_per_project_day * variables[activity] for activity in activities) + \
  File ""src/gurobipy/gurobi.pxi"", line 3842, in gurobipy.quicksum
  File ""/project/eick/maamr/sirl_exp1/results/sirl_8bit_resume_p22_p41/execution_workdirs/p39__chenyitian-shanshu_SIRL-Gurobi__s3/generated_model.py"", line 61, in <genexpr>
    total_cost = gp.quicksum(work_cost_per_project_day * variables[activity] for activity in activities) + \
KeyError: 'A'"
p39__chenyitian-shanshu_SIRL-Gurobi__s4,chenyitian-shanshu/SIRL-Gurobi,39,39,4,code_failure,code_failure,code_failure,clean_fenced,False,False,False,False,,,,,,d7f2323e3280451a0ee3c343967405eabe5108e6262c32b8e897b31946c56d49,188.682,1429,1013,False,,,none,,,,,,,0,0,0,runtime_error,"Traceback (most recent call last):
  File ""/project/eick/maamr/sirl_exp1/results/sirl_8bit_resume_p22_p41/execution_workdirs/p39__chenyitian-shanshu_SIRL-Gurobi__s4/execute_generated.py"", line 48, in <module>
    result = module.solve(data)
  File ""/project/eick/maamr/sirl_exp1/results/sirl_8bit_resume_p22_p41/execution_workdirs/p39__chenyitian-shanshu_SIRL-Gurobi__s4/generated_model.py"", line 72, in solve
    model, variables = build_model(data)
  File ""/project/eick/maamr/sirl_exp1/results/sirl_8bit_resume_p22_p41/execution_workdirs/p39__chenyitian-shanshu_SIRL-Gurobi__s4/generated_model.py"", line 61, in build_model
    total_cost = gp.quicksum(work_cost_per_project_day * variables[activity] for activity in activities) + \
  File ""src/gurobipy/gurobi.pxi"", line 3842, in gurobipy.quicksum
  File ""/project/eick/maamr/sirl_exp1/results/sirl_8bit_resume_p22_p41/execution_workdirs/p39__chenyitian-shanshu_SIRL-Gurobi__s4/generated_model.py"", line 61, in <genexpr>
    total_cost = gp.quicksum(work_cost_per_project_day * variables[activity] for activity in activities) + \
KeyError: 'A'"
p39__chenyitian-shanshu_SIRL-Gurobi__s5,chenyitian-shanshu/SIRL-Gurobi,39,39,5,loud_bug,loud_bug,loud_bug,clean_fenced,True,True,False,True,"p39.R_cmax_B.C1,p39.R_cmax_C.C1,p39.R_machine_span.C1,p39.obj.C1,p39.obj.C2","p39.R_cmax_B.C1,p39.R_cmax_C.C1,p39.R_machine_span.C1",,,,d7f2323e3280451a0ee3c343967405eabe5108e6262c32b8e897b31946c56d49,130.083,1429,702,False,,,none,,17,16,16,17,33,3,0,3,,
p39__chenyitian-shanshu_SIRL-Gurobi__s6,chenyitian-shanshu/SIRL-Gurobi,39,39,6,code_failure,code_failure,code_failure,clean_fenced,False,False,False,False,,,,,,d7f2323e3280451a0ee3c343967405eabe5108e6262c32b8e897b31946c56d49,190.391,1429,1027,False,,,none,,,,,,,0,0,0,runtime_error,"Traceback (most recent call last):
  File ""/project/eick/maamr/sirl_exp1/results/sirl_8bit_resume_p22_p41/execution_workdirs/p39__chenyitian-shanshu_SIRL-Gurobi__s6/execute_generated.py"", line 48, in <module>
    result = module.solve(data)
  File ""/project/eick/maamr/sirl_exp1/results/sirl_8bit_resume_p22_p41/execution_workdirs/p39__chenyitian-shanshu_SIRL-Gurobi__s6/generated_model.py"", line 72, in solve
    model, variables = build_model(data)
  File ""/project/eick/maamr/sirl_exp1/results/sirl_8bit_resume_p22_p41/execution_workdirs/p39__chenyitian-shanshu_SIRL-Gurobi__s6/generated_model.py"", line 61, in build_model
    total_cost = gp.quicksum(work_cost_per_project_day * variables[activity] for activity in activities) \
  File ""src/gurobipy/gurobi.pxi"", line 3842, in gurobipy.quicksum
  File ""/project/eick/maamr/sirl_exp1/results/sirl_8bit_resume_p22_p41/execution_workdirs/p39__chenyitian-shanshu_SIRL-Gurobi__s6/generated_model.py"", line 61, in <genexpr>
    total_cost = gp.quicksum(work_cost_per_project_day * variables[activity] for activity in activities) \
KeyError: 'A'"
p39__chenyitian-shanshu_SIRL-Gurobi__s7,chenyitian-shanshu/SIRL-Gurobi,39,39,7,schema_failure,schema_failure,schema_failure,clean_fenced,True,False,False,True,,,,,,d7f2323e3280451a0ee3c343967405eabe5108e6262c32b8e897b31946c56d49,189.665,1429,1017,False,,,none,,,,,,,0,0,0,schema_failure,result['solution'] is not a dict
p39__chenyitian-shanshu_SIRL-Gurobi__s8,chenyitian-shanshu/SIRL-Gurobi,39,39,8,loud_bug,loud_bug,loud_bug,clean_fenced,True,True,False,True,"p39.R_machine_span.C1,p39.obj.C1,p39.obj.C2",p39.R_machine_span.C1,,,,d7f2323e3280451a0ee3c343967405eabe5108e6262c32b8e897b31946c56d49,143.382,1429,766,False,,,none,,17,16,16,17,33,1,0,1,,
p39__chenyitian-shanshu_SIRL-Gurobi__s9,chenyitian-shanshu/SIRL-Gurobi,39,39,9,loud_bug,loud_bug,loud_bug,clean_fenced,True,True,False,True,"p39.R_machine_span.C1,p39.obj.C1,p39.obj.C2",p39.R_machine_span.C1,,,,d7f2323e3280451a0ee3c343967405eabe5108e6262c32b8e897b31946c56d49,142.801,1429,766,False,,,none,,17,16,16,17,33,1,0,1,,
p40__chenyitian-shanshu_SIRL-Gurobi__s0,chenyitian-shanshu/SIRL-Gurobi,40,40,0,code_failure,code_failure,code_failure,clean_fenced,False,False,False,False,,,,,,fbf640ca83aab7a2419bf405eef5e31aba5a9061b64b7e934b304cb71a94cf30,365.098,2097,1942,False,,,none,,,,,,,0,0,0,runtime_error,"Traceback (most recent call last):
  File ""/project/eick/maamr/sirl_exp1/results/sirl_8bit_resume_p22_p41/execution_workdirs/p40__chenyitian-shanshu_SIRL-Gurobi__s0/execute_generated.py"", line 48, in <module>
    result = module.solve(data)
  File ""/project/eick/maamr/sirl_exp1/results/sirl_8bit_resume_p22_p41/execution_workdirs/p40__chenyitian-shanshu_SIRL-Gurobi__s0/generated_model.py"", line 116, in solve
    model, variables = build_model(data)
  File ""/project/eick/maamr/sirl_exp1/results/sirl_8bit_resume_p22_p41/execution_workdirs/p40__chenyitian-shanshu_SIRL-Gurobi__s0/generated_model.py"", line 39, in build_model
    method_worker_requirements[""task2_B""][""fixed_setup_cost""] * y2_B +
KeyError: 'fixed_setup_cost'"
p40__chenyitian-shanshu_SIRL-Gurobi__s1,chenyitian-shanshu/SIRL-Gurobi,40,40,1,schema_failure,schema_failure,schema_failure,clean_fenced,True,False,False,True,,,,,,fbf640ca83aab7a2419bf405eef5e31aba5a9061b64b7e934b304cb71a94cf30,308.526,2097,1652,False,,,none,,,,,,,0,0,0,schema_failure,result['solution'] is not a dict
p40__chenyitian-shanshu_SIRL-Gurobi__s2,chenyitian-shanshu/SIRL-Gurobi,40,40,2,loud_bug,loud_bug,loud_bug,clean_fenced,True,True,False,True,"p40.R_choose_task_1.C1,p40.R_choose_task_2.C1,p40.R_choose_task_3.C1,p40.obj.C2","p40.R_choose_task_1.C1,p40.R_choose_task_2.C1,p40.R_choose_task_3.C1",,,,fbf640ca83aab7a2419bf405eef5e31aba5a9061b64b7e934b304cb71a94cf30,277.78,2097,1489,False,,,none,,27,26,26,27,53,3,0,3,,
p40__chenyitian-shanshu_SIRL-Gurobi__s3,chenyitian-shanshu/SIRL-Gurobi,40,40,3,loud_bug,loud_bug,loud_bug,clean_fenced,True,True,False,True,"p40.R_choose_task_1.C1,p40.R_choose_task_2.C1,p40.R_choose_task_3.C1,p40.obj.C2","p40.R_choose_task_1.C1,p40.R_choose_task_2.C1,p40.R_choose_task_3.C1",,,,fbf640ca83aab7a2419bf405eef5e31aba5a9061b64b7e934b304cb71a94cf30,350.927,2097,1864,False,,,none,,27,26,26,27,53,3,0,3,,
p40__chenyitian-shanshu_SIRL-Gurobi__s4,chenyitian-shanshu/SIRL-Gurobi,40,40,4,loud_bug,loud_bug,loud_bug,clean_fenced,True,True,False,True,"p40.R_choose_task_1.C1,p40.R_choose_task_2.C1,p40.R_choose_task_3.C1,p40.obj.C2","p40.R_choose_task_1.C1,p40.R_choose_task_2.C1,p40.R_choose_task_3.C1",,,,fbf640ca83aab7a2419bf405eef5e31aba5a9061b64b7e934b304cb71a94cf30,354.068,2097,1867,False,,,none,,27,26,26,27,53,3,0,3,,
p40__chenyitian-shanshu_SIRL-Gurobi__s5,chenyitian-shanshu/SIRL-Gurobi,40,40,5,loud_bug,loud_bug,loud_bug,clean_fenced,True,True,False,True,"p40.R_choose_task_1.C1,p40.R_choose_task_2.C1,p40.R_choose_task_3.C1,p40.obj.C2","p40.R_choose_task_1.C1,p40.R_choose_task_2.C1,p40.R_choose_task_3.C1",,,,fbf640ca83aab7a2419bf405eef5e31aba5a9061b64b7e934b304cb71a94cf30,335.331,2097,1796,False,,,none,,27,26,26,27,53,3,0,3,,
p40__chenyitian-shanshu_SIRL-Gurobi__s6,chenyitian-shanshu/SIRL-Gurobi,40,40,6,schema_failure,schema_failure,schema_failure,clean_fenced,True,False,False,True,,,,,,fbf640ca83aab7a2419bf405eef5e31aba5a9061b64b7e934b304cb71a94cf30,305.301,2097,1638,False,,,none,,,,,,,0,0,0,schema_failure,result['solution'] is not a dict
p40__chenyitian-shanshu_SIRL-Gurobi__s7,chenyitian-shanshu/SIRL-Gurobi,40,40,7,loud_bug,loud_bug,loud_bug,clean_fenced,True,True,False,True,"p40.R_choose_task_1.C1,p40.R_choose_task_2.C1,p40.R_choose_task_3.C1,p40.R_t1A_skilled.C1,p40.R_t1B_skilled.C1,p40.R_t1B_labor.C1,p40.R_t2A_skilled.C1,p40.R_t2B_labor.C1,p40.R_t3A_labor.C1,p40.R_t3B_skilled.C1,p40.R_t3B_labor.C1,p40.R_t3B_min_skilled.C1,p40.R_exclusion_t1B_t3A.C1,p40.R_total_skilled_def.C1,p40.R_total_labor_def.C1,p40.R_max_skilled.C1,p40.R_max_labor.C1,p40.R_skilled_labor_ratio.C1,p40.R_y1_A_ub.C1,p40.R_y1_B_ub.C1,p40.R_y2_A_ub.C1,p40.R_y2_B_ub.C1,p40.R_y3_A_ub.C1,p40.R_y3_B_ub.C1,p40.R_integer_workers_and_choices.C1,p40.R_nonneg.C1,p40.obj.C1,p40.obj.C2","p40.R_choose_task_1.C1,p40.R_choose_task_2.C1,p40.R_choose_task_3.C1,p40.R_t1A_skilled.C1,p40.R_t1B_skilled.C1,p40.R_t1B_labor.C1,p40.R_t2A_skilled.C1,p40.R_t2B_labor.C1,p40.R_t3A_labor.C1,p40.R_t3B_skilled.C1,p40.R_t3B_labor.C1,p40.R_t3B_min_skilled.C1,p40.R_exclusion_t1B_t3A.C1,p40.R_total_skilled_def.C1,p40.R_total_labor_def.C1,p40.R_max_skilled.C1,p40.R_max_labor.C1,p40.R_skilled_labor_ratio.C1,p40.R_y1_A_ub.C1,p40.R_y1_B_ub.C1,p40.R_y2_A_ub.C1,p40.R_y2_B_ub.C1,p40.R_y3_A_ub.C1,p40.R_y3_B_ub.C1,p40.R_integer_workers_and_choices.C1,p40.R_nonneg.C1",,,,fbf640ca83aab7a2419bf405eef5e31aba5a9061b64b7e934b304cb71a94cf30,393.756,2097,1747,False,,,none,,27,26,26,27,53,26,0,26,,
p40__chenyitian-shanshu_SIRL-Gurobi__s8,chenyitian-shanshu/SIRL-Gurobi,40,40,8,loud_bug,loud_bug,loud_bug,clean_fenced,True,True,False,True,"p40.R_choose_task_1.C1,p40.R_choose_task_2.C1,p40.R_choose_task_3.C1,p40.obj.C2","p40.R_choose_task_1.C1,p40.R_choose_task_2.C1,p40.R_choose_task_3.C1",,,,fbf640ca83aab7a2419bf405eef5e31aba5a9061b64b7e934b304cb71a94cf30,357.678,2097,1585,False,,,none,,27,26,26,27,53,3,0,3,,
p40__chenyitian-shanshu_SIRL-Gurobi__s9,chenyitian-shanshu/SIRL-Gurobi,40,40,9,code_failure,code_failure,code_failure,clean_fenced,False,False,False,False,,,,,,fbf640ca83aab7a2419bf405eef5e31aba5a9061b64b7e934b304cb71a94cf30,460.181,2097,2036,False,,,none,,,,,,,0,0,0,runtime_error,"Traceback (most recent call last):
  File ""/project/eick/maamr/sirl_exp1/results/sirl_8bit_resume_p22_p41/execution_workdirs/p40__chenyitian-shanshu_SIRL-Gurobi__s9/execute_generated.py"", line 48, in <module>
    result = module.solve(data)
  File ""/project/eick/maamr/sirl_exp1/results/sirl_8bit_resume_p22_p41/execution_workdirs/p40__chenyitian-shanshu_SIRL-Gurobi__s9/generated_model.py"", line 120, in solve
    model, variables = build_model(data)
  File ""/project/eick/maamr/sirl_exp1/results/sirl_8bit_resume_p22_p41/execution_workdirs/p40__chenyitian-shanshu_SIRL-Gurobi__s9/generated_model.py"", line 39, in build_model
    method_worker_requirements[""task2_B""][""fixed_setup_cost""] * y2_B +
KeyError: 'fixed_setup_cost'"
p41__chenyitian-shanshu_SIRL-Gurobi__s0,chenyitian-shanshu/SIRL-Gurobi,41,41,0,loud_bug,loud_bug,loud_bug,clean_fenced,True,True,False,True,"p41.R_machine1_capacity.C1,p41.R_machine2_capacity.C1,p41.R_liquid_balance.C1,p41.R_solid_balance.C1,p41.R_nonneg.C1,p41.obj.C1,p41.obj.C2","p41.R_machine1_capacity.C1,p41.R_machine2_capacity.C1,p41.R_liquid_balance.C1,p41.R_solid_balance.C1,p41.R_nonneg.C1",,,,7614afc6cc1999fa96fc7e84c3397e8ac5ae78f99fe17e25dcf01e1a57c70f43,106.173,1205,573,False,,,none,,6,5,5,6,11,5,0,5,,
p41__chenyitian-shanshu_SIRL-Gurobi__s1,chenyitian-shanshu/SIRL-Gurobi,41,41,1,silent_bug,silent_bug,silent_bug,clean_fenced,True,True,True,True,,,"R_liquid_balance,R_solid_balance",,,7614afc6cc1999fa96fc7e84c3397e8ac5ae78f99fe17e25dcf01e1a57c70f43,102.244,1205,552,False,structural_constraint_error,"fviol:R_liquid_balance,R_solid_balance",formulation_only,constraint_misspecification,6,5,5,6,11,0,2,2,,
p41__chenyitian-shanshu_SIRL-Gurobi__s2,chenyitian-shanshu/SIRL-Gurobi,41,41,2,loud_bug,loud_bug,loud_bug,clean_fenced,True,True,False,True,"p41.R_machine1_capacity.C1,p41.R_machine2_capacity.C1,p41.R_liquid_balance.C1,p41.R_solid_balance.C1,p41.R_nonneg.C1,p41.obj.C1,p41.obj.C2","p41.R_machine1_capacity.C1,p41.R_machine2_capacity.C1,p41.R_liquid_balance.C1,p41.R_solid_balance.C1,p41.R_nonneg.C1",,,,7614afc6cc1999fa96fc7e84c3397e8ac5ae78f99fe17e25dcf01e1a57c70f43,146.693,1205,652,False,,,none,,6,5,5,6,11,5,0,5,,
p41__chenyitian-shanshu_SIRL-Gurobi__s3,chenyitian-shanshu/SIRL-Gurobi,41,41,3,silent_bug,silent_bug,silent_bug,clean_fenced,True,True,True,True,,,"R_liquid_balance,R_solid_balance",,,7614afc6cc1999fa96fc7e84c3397e8ac5ae78f99fe17e25dcf01e1a57c70f43,101.323,1205,546,False,structural_constraint_error,"fviol:R_liquid_balance,R_solid_balance",formulation_only,constraint_misspecification,6,5,5,6,11,0,2,2,,
p41__chenyitian-shanshu_SIRL-Gurobi__s4,chenyitian-shanshu/SIRL-Gurobi,41,41,4,silent_bug,silent_bug,silent_bug,clean_fenced,True,True,True,True,,,"R_liquid_balance,R_solid_balance",,,7614afc6cc1999fa96fc7e84c3397e8ac5ae78f99fe17e25dcf01e1a57c70f43,101.043,1205,546,False,structural_constraint_error,"fviol:R_liquid_balance,R_solid_balance",formulation_only,constraint_misspecification,6,5,5,6,11,0,2,2,,
p41__chenyitian-shanshu_SIRL-Gurobi__s5,chenyitian-shanshu/SIRL-Gurobi,41,41,5,silent_bug,silent_bug,silent_bug,clean_fenced,True,True,True,True,,,"R_liquid_balance,R_solid_balance",,,7614afc6cc1999fa96fc7e84c3397e8ac5ae78f99fe17e25dcf01e1a57c70f43,101.017,1205,546,False,structural_constraint_error,"fviol:R_liquid_balance,R_solid_balance",formulation_only,constraint_misspecification,6,5,5,6,11,0,2,2,,
p41__chenyitian-shanshu_SIRL-Gurobi__s6,chenyitian-shanshu/SIRL-Gurobi,41,41,6,loud_bug,loud_bug,loud_bug,clean_fenced,True,True,False,True,"p41.R_machine1_capacity.C1,p41.R_machine2_capacity.C1,p41.R_liquid_balance.C1,p41.R_solid_balance.C1,p41.R_nonneg.C1,p41.obj.C1,p41.obj.C2","p41.R_machine1_capacity.C1,p41.R_machine2_capacity.C1,p41.R_liquid_balance.C1,p41.R_solid_balance.C1,p41.R_nonneg.C1",,,,7614afc6cc1999fa96fc7e84c3397e8ac5ae78f99fe17e25dcf01e1a57c70f43,107.872,1205,583,False,,,none,,6,5,5,6,11,5,0,5,,
p41__chenyitian-shanshu_SIRL-Gurobi__s7,chenyitian-shanshu/SIRL-Gurobi,41,41,7,schema_failure,schema_failure,schema_failure,clean_fenced,True,False,False,True,,,,,,7614afc6cc1999fa96fc7e84c3397e8ac5ae78f99fe17e25dcf01e1a57c70f43,131.576,1205,586,False,,,none,,,,,,,0,0,0,schema_failure,result['solution'] is not a dict
p41__chenyitian-shanshu_SIRL-Gurobi__s8,chenyitian-shanshu/SIRL-Gurobi,41,41,8,correct,correct,correct,clean_fenced,True,True,True,True,,,,,,7614afc6cc1999fa96fc7e84c3397e8ac5ae78f99fe17e25dcf01e1a57c70f43,129.119,1205,575,False,,,none,,6,5,5,6,11,0,0,0,,
p41__chenyitian-shanshu_SIRL-Gurobi__s9,chenyitian-shanshu/SIRL-Gurobi,41,41,9,schema_failure,schema_failure,schema_failure,clean_fenced,True,False,False,True,,,,,,7614afc6cc1999fa96fc7e84c3397e8ac5ae78f99fe17e25dcf01e1a57c70f43,131.517,1205,586,False,,,none,,,,,,,0,0,0,schema_failure,result['solution'] is not a dict
