final_verdict,reason,suspected_rule,primary_localization_applicability,track_a_plus_top_k,full_track_a_ranked_suspect_list,track_a_primary_suspect,invalid_or_unknown_track_a_requirement_ids,duplicate_track_a_requirement_ids_removed,valid_unique_track_a_suspects,skipped_requirement_ids,route,track_a_prediction,track_a_baseline_run_id,track_b_records_by_requirement,probe_count,requirement_scope_ids,requirements_skipped_by_scope,back_translations_executed,back_translations_skipped,judge_3_calls_executed,judge_3_calls_skipped,witness_verifier_skip_records,witness_verifier_calls_executed,witness_verifier_calls_skipped,root_cause_calls_executed,root_cause_calls_skipped,attempt1_reuse_records,attempt1_artifacts_generated_normally,attempt1_artifacts_reused,calls_saved_through_reuse,technical_retry_count,judge_panel,panel_decision,judge_audit,judge_panel_version,judge_panel_executed,judge_panel_rejected,judge_panel_repaired,judge_panel_actions,judge_panel_records,judge_panel_leak_violations,semantic_validation_mode,semantic_would_reject_count,semantic_would_reject_by_check,probe_attempt_records,fallback_records,attempt_counts,execution_modes,diagnostic_only_ids,diagnostic_fail_requirement_ids,deterministic_evidence_records,metamorphic_evidence_records,metamorphic_mode,metamorphic_config,metamorphic_config_hash,metamorphic_solver_calls,unresolved_requirement_ids,unresolved_threshold,unresolved_threshold_triggered,requirement_summaries,track_b_configuration,evidence_hierarchy,architecture,raw_fail_requirement_ids,authoritative_declared_attribute_fail_requirement_ids,authoritative_declared_attribute_fail_count,witness_reviewable_fail_requirement_ids,official_retained_fail_requirement_ids,official_witness_policy,official_requirement_result_labels,current_ranked_requirement_ids,witness_blind_records,witness_probe_aware_records,witness_dual_records,witness_blind_call_count,witness_probe_aware_call_count,witness_dual_confirmed_violation_count,witness_dual_confirmed_permitted_count,witness_dual_inconsistent_count,witness_dual_cannot_tell_count,witness_dual_unconfirmed_count,shadow_root_unique_call_count,inference_stage_failure_counts,shadow_blind_requirement_result_labels,shadow_blind_confirmed_fail_requirement_ids,shadow_blind_verdict,shadow_blind_current_primary,shadow_blind_current_ranked_ids,shadow_blind_root_cause_record,shadow_blind_root_cause_call_count,shadow_blind_root_primary,shadow_blind_root_ranked_ids,shadow_blind_root_collateral_ids,shadow_blind_hybrid_primary,shadow_blind_hybrid_ranked_ids,shadow_probe_aware_requirement_result_labels,shadow_probe_aware_confirmed_fail_requirement_ids,shadow_probe_aware_verdict,shadow_probe_aware_current_primary,shadow_probe_aware_current_ranked_ids,shadow_probe_aware_root_cause_record,shadow_probe_aware_root_cause_call_count,shadow_probe_aware_root_primary,shadow_probe_aware_root_ranked_ids,shadow_probe_aware_root_collateral_ids,shadow_probe_aware_hybrid_primary,shadow_probe_aware_hybrid_ranked_ids,shadow_dual_requirement_result_labels,shadow_dual_confirmed_fail_requirement_ids,shadow_dual_verdict,shadow_dual_current_primary,shadow_dual_current_ranked_ids,shadow_dual_root_cause_record,shadow_dual_root_cause_call_count,shadow_dual_root_primary,shadow_dual_root_ranked_ids,shadow_dual_root_collateral_ids,shadow_dual_hybrid_primary,shadow_dual_hybrid_ranked_ids,run_id,track,verifier_model,candidate_id,candidate_kind,problem_id,repetition,requirement_source,oracle_contract_used,verdict,suspected_requirement_ids,predicted_taxonomy_category,primary_suspected_requirement_id,primary_selection_source,root_cause_requirement_ids,collateral_requirement_ids,predicted_taxonomy_raw,error_reason,evidence,confidence,parse_ok,prediction_valid,detection_valid,localization_valid,reason_valid,evidence_valid,taxonomy_valid,validation_errors,retried,input_tokens,cached_input_tokens,uncached_input_tokens,reasoning_tokens,output_tokens,total_tokens,runtime_sec,solver_calls,truncated,error,requested_seed,repetition_seed,temperature,provider,prompt_hashes,effective_output_token_limits,completion_statuses,incomplete_reasons,api_call_count,truncation_retry_count,truncation_recovered,call_metadata,probes_generated,probes_valid,probes_unknown,probes_executed,executed_fail_count,executed_fail_requirement_ids,probe_result_adherence,probe_verdict_conflict,requirement_result_labels,decision_sources,fallback_count,pipeline_error_count,semantic_confirmation_calls,probe_coverage,llm_final_verdict,enforced_final_verdict,initial_verdict,decision_mode,probe_attempted,probe_execution_rate,fallback_rate,baseline_reused,baseline_run_id,baseline_prediction_hash,candidate_code_hash,visible_payload_hash,baseline_visible_payload_hash,baseline_input_tokens,baseline_output_tokens,baseline_total_tokens,baseline_runtime_sec,incremental_input_tokens,incremental_output_tokens,incremental_total_tokens,incremental_runtime_sec,contract_hash,contract_context_hash,contract_cache_hit,contract_input_tokens_amortized,contract_output_tokens_amortized,contract_total_tokens_amortized,contract_runtime_sec_amortized,risk_ranking,selected_requirement_ids,reserve_requirement_id,reserve_used,composition_action,no_probe_ablation,probe_failure_reasons,contract_validation_errors,composition_eligible_requirement_count,composition_ineligible_requirement_ids,normative_relation_rejection_count,normative_relation_rejection_requirement_ids
incorrect,The model doesn't account for the substitution possibility correctly. It allows allocations that violate the capacity constraints; containers with larger capacities are not used appropriately to meet demand when smaller ones are insufficient.,Capacity constraints are not effectively enforced during allocation.,not_applicable,,,,,,,,,,,,,,,,,,,,,,,,,,,,0,,{},[],,0,0,0,{},[],[],,,,,,,,,,{},{},off,,,0,[],3,False,[],metadata_three_judges_dual_a_witness_consensus_root_shadow,v12,,,,,,,,,,,,,,,,,,,,,,,,,,,,,,,,,,,,,,,,,,,,,,,,,,,,,,,,,,0__gemma3:12b__base_p1__r0,0,gemma3:12b,base_p1,base,1,0,gold,False,incorrect,[],mixed_or_unclear,,none,[],[],,The model doesn't account for the substitution possibility correctly. It allows allocations that violate the capacity constraints; containers with larger capacities are not used appropriately to meet demand when smaller ones are insufficient.,,0.0,True,True,True,,,,,,False,1234,unavailable,unavailable,unavailable,70,1304,20.674,0,False,,42,42,,"[""ollama""]","[""1c7d4a027950b5cfa06d16318d2860305472dc1da87f70200ae51f2d7c36cdcd""]",[10000],"[""completed""]","[""""]",1,0,False,"[{""provider"": ""ollama"", ""model"": ""gemma3:12b"", ""prompt_sha256"": ""1c7d4a027950b5cfa06d16318d2860305472dc1da87f70200ae51f2d7c36cdcd"", ""prompt_hash"": ""1c7d4a027950b5cfa06d16318d2860305472dc1da87f70200ae51f2d7c36cdcd"", ""prompt_character_count"": 3389, ""prompt_utf8_bytes"": 3391, ""requested_seed"": 42, ""effective_seed"": 42, ""requested_temperature"": null, ""effective_temperature"": null, ""requested_output_token_limit"": 10000, ""effective_output_token_limit"": 10000, ""completion_status"": ""completed"", ""incomplete_reason"": """", ""truncated"": false, ""had_truncation"": false, ""truncation_retry_count"": 0, ""truncation_recovered"": false, ""attempts"": [{""attempt"": 1, ""requested_output_token_limit"": 10000, ""effective_output_token_limit"": 10000, ""completion_status"": ""completed"", ""incomplete_reason"": """", ""truncated"": false, ""input_tokens"": 1234, ""output_tokens"": 70, ""reasoning_tokens"": """", ""api_attempts"": 1, ""prompt_eval_count"": 1234, ""eval_count"": 70, ""done"": true, ""done_reason"": ""stop"", ""requested_num_ctx"": null, ""effective_num_ctx"": null, ""think_requested"": true, ""think_honored"": true, ""think_fallback_used"": false, ""think_fallback_http_status"": null}], ""dropped_parameters"": [], ""reasoning_tokens"": """", ""input_tokens"": 1234, ""cached_input_tokens"": """", ""uncached_input_tokens"": """", ""output_tokens"": 70, ""provider_cache_status"": ""unavailable"", ""api_attempts"": 1, ""structured_output_requested"": true, ""structured_output_enforced"": true, ""structured_output_schema_name"": ""track_0_review"", ""structured_output_schema_sha256"": ""6a4a2d4573e9ccd055b4c71bb46f15ff86c3d81e9dd7b768ad256f45db757384"", ""response_schema_hash"": ""6a4a2d4573e9ccd055b4c71bb46f15ff86c3d81e9dd7b768ad256f45db757384"", ""stable_prefix_hash"": ""7077f1238010402ee74d1a83c3a0fb99992b2a4f17b4d0804914077a6cbfd285"", ""prompt_eval_count"": 1234, ""eval_count"": 70, ""done"": true, ""done_reason"": ""stop"", ""requested_num_ctx"": null, ""effective_num_ctx"": null, ""num_ctx_explicit"": false, ""think_requested"": true, ""think_honored"": true, ""think_fallback_used"": false, ""think_fallback_http_status"": null, ""empty_response"": false, ""pipeline_stage"": ""track_0_review"", ""role"": ""track_0_reviewer"", ""candidate_id"": ""base_p1"", ""requirement_id"": ""not_applicable"", ""semantic_attempt"": 1, ""technical_retry"": 1}]",0,0,0,0,0,[],,False,{},{},0,0,0,0.0,,incorrect,,direct_no_requirement_review,False,0.0,0.0,,,,16134c8ddee5c4330dde7f562811f0b9b83f35e44b6f8503ba6fc533cedf7501,,,,,,,,,,,,,,,,,,,,,,,,,,,,,
incorrect,"The model constraints are incorrect. They appear to be attempting to cover each period's demand with salespeople starting at different shifts, but the constraints do not accurately represent the overlapping coverage needed during each period. The constraints seem to double count people.","Constraints should ensure that each period's demand is met by salespeople working during that period, accounting for the 8-hour shift overlap.",not_applicable,,,,,,,,,,,,,,,,,,,,,,,,,,,,0,,{},[],,0,0,0,{},[],[],,,,,,,,,,{},{},off,,,0,[],3,False,[],metadata_three_judges_dual_a_witness_consensus_root_shadow,v12,,,,,,,,,,,,,,,,,,,,,,,,,,,,,,,,,,,,,,,,,,,,,,,,,,,,,,,,,,0__gemma3:12b__base_p3__r0,0,gemma3:12b,base_p3,base,3,0,gold,False,incorrect,[],mixed_or_unclear,,none,[],[],,"The model constraints are incorrect. They appear to be attempting to cover each period's demand with salespeople starting at different shifts, but the constraints do not accurately represent the overlapping coverage needed during each period. The constraints seem to double count people.",,0.0,True,True,True,,,,,,False,1551,unavailable,unavailable,unavailable,99,1650,13.649,0,False,,42,42,,"[""ollama""]","[""4c92b978fe0f6d94839dcb295c743242151e18268dd19430585af2e142a81ab7""]",[10000],"[""completed""]","[""""]",1,0,False,"[{""provider"": ""ollama"", ""model"": ""gemma3:12b"", ""prompt_sha256"": ""4c92b978fe0f6d94839dcb295c743242151e18268dd19430585af2e142a81ab7"", ""prompt_hash"": ""4c92b978fe0f6d94839dcb295c743242151e18268dd19430585af2e142a81ab7"", ""prompt_character_count"": 4239, ""prompt_utf8_bytes"": 4239, ""requested_seed"": 42, ""effective_seed"": 42, ""requested_temperature"": null, ""effective_temperature"": null, ""requested_output_token_limit"": 10000, ""effective_output_token_limit"": 10000, ""completion_status"": ""completed"", ""incomplete_reason"": """", ""truncated"": false, ""had_truncation"": false, ""truncation_retry_count"": 0, ""truncation_recovered"": false, ""attempts"": [{""attempt"": 1, ""requested_output_token_limit"": 10000, ""effective_output_token_limit"": 10000, ""completion_status"": ""completed"", ""incomplete_reason"": """", ""truncated"": false, ""input_tokens"": 1551, ""output_tokens"": 99, ""reasoning_tokens"": """", ""api_attempts"": 1, ""prompt_eval_count"": 1551, ""eval_count"": 99, ""done"": true, ""done_reason"": ""stop"", ""requested_num_ctx"": null, ""effective_num_ctx"": null, ""think_requested"": true, ""think_honored"": true, ""think_fallback_used"": false, ""think_fallback_http_status"": null}], ""dropped_parameters"": [], ""reasoning_tokens"": """", ""input_tokens"": 1551, ""cached_input_tokens"": """", ""uncached_input_tokens"": """", ""output_tokens"": 99, ""provider_cache_status"": ""unavailable"", ""api_attempts"": 1, ""structured_output_requested"": true, ""structured_output_enforced"": true, ""structured_output_schema_name"": ""track_0_review"", ""structured_output_schema_sha256"": ""6a4a2d4573e9ccd055b4c71bb46f15ff86c3d81e9dd7b768ad256f45db757384"", ""response_schema_hash"": ""6a4a2d4573e9ccd055b4c71bb46f15ff86c3d81e9dd7b768ad256f45db757384"", ""stable_prefix_hash"": ""7077f1238010402ee74d1a83c3a0fb99992b2a4f17b4d0804914077a6cbfd285"", ""prompt_eval_count"": 1551, ""eval_count"": 99, ""done"": true, ""done_reason"": ""stop"", ""requested_num_ctx"": null, ""effective_num_ctx"": null, ""num_ctx_explicit"": false, ""think_requested"": true, ""think_honored"": true, ""think_fallback_used"": false, ""think_fallback_http_status"": null, ""empty_response"": false, ""pipeline_stage"": ""track_0_review"", ""role"": ""track_0_reviewer"", ""candidate_id"": ""base_p3"", ""requirement_id"": ""not_applicable"", ""semantic_attempt"": 1, ""technical_retry"": 1}]",0,0,0,0,0,[],,False,{},{},0,0,0,0.0,,incorrect,,direct_no_requirement_review,False,0.0,0.0,,,,8675772206e774b1cd862fee46c5e4ad45284c28c47267b65be8621bcccda71d,,,,,,,,,,,,,,,,,,,,,,,,,,,,,
incorrect,"The model doesn't enforce the prerequisite constraints (Calculus -> Business Statistics, Intro to Programming -> Computer Simulation/Data Structures, Business Statistics -> Forecasting).",Missing prerequisite constraints.,not_applicable,,,,,,,,,,,,,,,,,,,,,,,,,,,,0,,{},[],,0,0,0,{},[],[],,,,,,,,,,{},{},off,,,0,[],3,False,[],metadata_three_judges_dual_a_witness_consensus_root_shadow,v12,,,,,,,,,,,,,,,,,,,,,,,,,,,,,,,,,,,,,,,,,,,,,,,,,,,,,,,,,,0__gemma3:12b__base_p5__r0,0,gemma3:12b,base_p5,base,5,0,gold,False,incorrect,[],mixed_or_unclear,,none,[],[],,"The model doesn't enforce the prerequisite constraints (Calculus -> Business Statistics, Intro to Programming -> Computer Simulation/Data Structures, Business Statistics -> Forecasting).",,0.0,True,True,True,,,,,,False,1611,unavailable,unavailable,unavailable,59,1670,9.504,0,False,,42,42,,"[""ollama""]","[""663dac47a42fb2a9e4b6c03a5b2c74a3f6deb2b92f73810af7b5ce35ea910596""]",[10000],"[""completed""]","[""""]",1,0,False,"[{""provider"": ""ollama"", ""model"": ""gemma3:12b"", ""prompt_sha256"": ""663dac47a42fb2a9e4b6c03a5b2c74a3f6deb2b92f73810af7b5ce35ea910596"", ""prompt_hash"": ""663dac47a42fb2a9e4b6c03a5b2c74a3f6deb2b92f73810af7b5ce35ea910596"", ""prompt_character_count"": 5085, ""prompt_utf8_bytes"": 5085, ""requested_seed"": 42, ""effective_seed"": 42, ""requested_temperature"": null, ""effective_temperature"": null, ""requested_output_token_limit"": 10000, ""effective_output_token_limit"": 10000, ""completion_status"": ""completed"", ""incomplete_reason"": """", ""truncated"": false, ""had_truncation"": false, ""truncation_retry_count"": 0, ""truncation_recovered"": false, ""attempts"": [{""attempt"": 1, ""requested_output_token_limit"": 10000, ""effective_output_token_limit"": 10000, ""completion_status"": ""completed"", ""incomplete_reason"": """", ""truncated"": false, ""input_tokens"": 1611, ""output_tokens"": 59, ""reasoning_tokens"": """", ""api_attempts"": 1, ""prompt_eval_count"": 1611, ""eval_count"": 59, ""done"": true, ""done_reason"": ""stop"", ""requested_num_ctx"": null, ""effective_num_ctx"": null, ""think_requested"": true, ""think_honored"": true, ""think_fallback_used"": false, ""think_fallback_http_status"": null}], ""dropped_parameters"": [], ""reasoning_tokens"": """", ""input_tokens"": 1611, ""cached_input_tokens"": """", ""uncached_input_tokens"": """", ""output_tokens"": 59, ""provider_cache_status"": ""unavailable"", ""api_attempts"": 1, ""structured_output_requested"": true, ""structured_output_enforced"": true, ""structured_output_schema_name"": ""track_0_review"", ""structured_output_schema_sha256"": ""6a4a2d4573e9ccd055b4c71bb46f15ff86c3d81e9dd7b768ad256f45db757384"", ""response_schema_hash"": ""6a4a2d4573e9ccd055b4c71bb46f15ff86c3d81e9dd7b768ad256f45db757384"", ""stable_prefix_hash"": ""7077f1238010402ee74d1a83c3a0fb99992b2a4f17b4d0804914077a6cbfd285"", ""prompt_eval_count"": 1611, ""eval_count"": 59, ""done"": true, ""done_reason"": ""stop"", ""requested_num_ctx"": null, ""effective_num_ctx"": null, ""num_ctx_explicit"": false, ""think_requested"": true, ""think_honored"": true, ""think_fallback_used"": false, ""think_fallback_http_status"": null, ""empty_response"": false, ""pipeline_stage"": ""track_0_review"", ""role"": ""track_0_reviewer"", ""candidate_id"": ""base_p5"", ""requirement_id"": ""not_applicable"", ""semantic_attempt"": 1, ""technical_retry"": 1}]",0,0,0,0,0,[],,False,{},{},0,0,0,0.0,,incorrect,,direct_no_requirement_review,False,0.0,0.0,,,,faeab98d918e6d4cb9ca5edb06d29bfeebbc216f7462296fcca55bf35563d53d,,,,,,,,,,,,,,,,,,,,,,,,,,,,,
incorrect,The constraints are incorrect. They seem to be defining a flow balance constraint but with an incorrect sign for incoming and outgoing flows. This results in infeasibility.,Flow balance constraints should accurately represent inflows and outflows for each region.,not_applicable,,,,,,,,,,,,,,,,,,,,,,,,,,,,0,,{},[],,0,0,0,{},[],[],,,,,,,,,,{},{},off,,,0,[],3,False,[],metadata_three_judges_dual_a_witness_consensus_root_shadow,v12,,,,,,,,,,,,,,,,,,,,,,,,,,,,,,,,,,,,,,,,,,,,,,,,,,,,,,,,,,0__gemma3:12b__base_p6__r0,0,gemma3:12b,base_p6,base,6,0,gold,False,incorrect,[],mixed_or_unclear,,none,[],[],,The constraints are incorrect. They seem to be defining a flow balance constraint but with an incorrect sign for incoming and outgoing flows. This results in infeasibility.,,0.0,True,True,True,,,,,,False,2695,unavailable,unavailable,unavailable,67,2762,11.736,0,False,,42,42,,"[""ollama""]","[""385f1cb8daef0fc867a1bb80eae1af3f08252aeeee90e0bbcdd28b9fbee8a339""]",[10000],"[""completed""]","[""""]",1,0,False,"[{""provider"": ""ollama"", ""model"": ""gemma3:12b"", ""prompt_sha256"": ""385f1cb8daef0fc867a1bb80eae1af3f08252aeeee90e0bbcdd28b9fbee8a339"", ""prompt_hash"": ""385f1cb8daef0fc867a1bb80eae1af3f08252aeeee90e0bbcdd28b9fbee8a339"", ""prompt_character_count"": 6263, ""prompt_utf8_bytes"": 6263, ""requested_seed"": 42, ""effective_seed"": 42, ""requested_temperature"": null, ""effective_temperature"": null, ""requested_output_token_limit"": 10000, ""effective_output_token_limit"": 10000, ""completion_status"": ""completed"", ""incomplete_reason"": """", ""truncated"": false, ""had_truncation"": false, ""truncation_retry_count"": 0, ""truncation_recovered"": false, ""attempts"": [{""attempt"": 1, ""requested_output_token_limit"": 10000, ""effective_output_token_limit"": 10000, ""completion_status"": ""completed"", ""incomplete_reason"": """", ""truncated"": false, ""input_tokens"": 2695, ""output_tokens"": 67, ""reasoning_tokens"": """", ""api_attempts"": 1, ""prompt_eval_count"": 2695, ""eval_count"": 67, ""done"": true, ""done_reason"": ""stop"", ""requested_num_ctx"": null, ""effective_num_ctx"": null, ""think_requested"": true, ""think_honored"": true, ""think_fallback_used"": false, ""think_fallback_http_status"": null}], ""dropped_parameters"": [], ""reasoning_tokens"": """", ""input_tokens"": 2695, ""cached_input_tokens"": """", ""uncached_input_tokens"": """", ""output_tokens"": 67, ""provider_cache_status"": ""unavailable"", ""api_attempts"": 1, ""structured_output_requested"": true, ""structured_output_enforced"": true, ""structured_output_schema_name"": ""track_0_review"", ""structured_output_schema_sha256"": ""6a4a2d4573e9ccd055b4c71bb46f15ff86c3d81e9dd7b768ad256f45db757384"", ""response_schema_hash"": ""6a4a2d4573e9ccd055b4c71bb46f15ff86c3d81e9dd7b768ad256f45db757384"", ""stable_prefix_hash"": ""7077f1238010402ee74d1a83c3a0fb99992b2a4f17b4d0804914077a6cbfd285"", ""prompt_eval_count"": 2695, ""eval_count"": 67, ""done"": true, ""done_reason"": ""stop"", ""requested_num_ctx"": null, ""effective_num_ctx"": null, ""num_ctx_explicit"": false, ""think_requested"": true, ""think_honored"": true, ""think_fallback_used"": false, ""think_fallback_http_status"": null, ""empty_response"": false, ""pipeline_stage"": ""track_0_review"", ""role"": ""track_0_reviewer"", ""candidate_id"": ""base_p6"", ""requirement_id"": ""not_applicable"", ""semantic_attempt"": 1, ""technical_retry"": 1}]",0,0,0,0,0,[],,False,{},{},0,0,0,0.0,,incorrect,,direct_no_requirement_review,False,0.0,0.0,,,,dd6293e73f46e2d9c17f89c5b43a8bb4a9857e05af37bdd5b2f08a134f0e2f7f,,,,,,,,,,,,,,,,,,,,,,,,,,,,,
incorrect,"The constraints are incorrect. They only consider one time window per constraint instead of accumulating the workers needed per shift. For example, window 0 (6am-9am) needs 55 workers. The model currently covers it with s1 and s4, but doesn't account for the additional workers needed by subsequent time windows covered by those shifts.","Constraints should be formulated to ensure worker coverage across all time windows, not just individual windows.",not_applicable,,,,,,,,,,,,,,,,,,,,,,,,,,,,0,,{},[],,0,0,0,{},[],[],,,,,,,,,,{},{},off,,,0,[],3,False,[],metadata_three_judges_dual_a_witness_consensus_root_shadow,v12,,,,,,,,,,,,,,,,,,,,,,,,,,,,,,,,,,,,,,,,,,,,,,,,,,,,,,,,,,0__gemma3:12b__base_p8__r0,0,gemma3:12b,base_p8,base,8,0,gold,False,incorrect,[],mixed_or_unclear,,none,[],[],,"The constraints are incorrect. They only consider one time window per constraint instead of accumulating the workers needed per shift. For example, window 0 (6am-9am) needs 55 workers. The model currently covers it with s1 and s4, but doesn't account for the additional workers needed by subsequent time windows covered by those shifts.",,0.0,True,True,True,,,,,,False,1755,unavailable,unavailable,unavailable,113,1868,15.249,0,False,,42,42,,"[""ollama""]","[""810339881fb8ad6b54e22bbdb255c98716754ac1d094a6f9237ad32782db39ee""]",[10000],"[""completed""]","[""""]",1,0,False,"[{""provider"": ""ollama"", ""model"": ""gemma3:12b"", ""prompt_sha256"": ""810339881fb8ad6b54e22bbdb255c98716754ac1d094a6f9237ad32782db39ee"", ""prompt_hash"": ""810339881fb8ad6b54e22bbdb255c98716754ac1d094a6f9237ad32782db39ee"", ""prompt_character_count"": 4835, ""prompt_utf8_bytes"": 4835, ""requested_seed"": 42, ""effective_seed"": 42, ""requested_temperature"": null, ""effective_temperature"": null, ""requested_output_token_limit"": 10000, ""effective_output_token_limit"": 10000, ""completion_status"": ""completed"", ""incomplete_reason"": """", ""truncated"": false, ""had_truncation"": false, ""truncation_retry_count"": 0, ""truncation_recovered"": false, ""attempts"": [{""attempt"": 1, ""requested_output_token_limit"": 10000, ""effective_output_token_limit"": 10000, ""completion_status"": ""completed"", ""incomplete_reason"": """", ""truncated"": false, ""input_tokens"": 1755, ""output_tokens"": 113, ""reasoning_tokens"": """", ""api_attempts"": 1, ""prompt_eval_count"": 1755, ""eval_count"": 113, ""done"": true, ""done_reason"": ""stop"", ""requested_num_ctx"": null, ""effective_num_ctx"": null, ""think_requested"": true, ""think_honored"": true, ""think_fallback_used"": false, ""think_fallback_http_status"": null}], ""dropped_parameters"": [], ""reasoning_tokens"": """", ""input_tokens"": 1755, ""cached_input_tokens"": """", ""uncached_input_tokens"": """", ""output_tokens"": 113, ""provider_cache_status"": ""unavailable"", ""api_attempts"": 1, ""structured_output_requested"": true, ""structured_output_enforced"": true, ""structured_output_schema_name"": ""track_0_review"", ""structured_output_schema_sha256"": ""6a4a2d4573e9ccd055b4c71bb46f15ff86c3d81e9dd7b768ad256f45db757384"", ""response_schema_hash"": ""6a4a2d4573e9ccd055b4c71bb46f15ff86c3d81e9dd7b768ad256f45db757384"", ""stable_prefix_hash"": ""7077f1238010402ee74d1a83c3a0fb99992b2a4f17b4d0804914077a6cbfd285"", ""prompt_eval_count"": 1755, ""eval_count"": 113, ""done"": true, ""done_reason"": ""stop"", ""requested_num_ctx"": null, ""effective_num_ctx"": null, ""num_ctx_explicit"": false, ""think_requested"": true, ""think_honored"": true, ""think_fallback_used"": false, ""think_fallback_http_status"": null, ""empty_response"": false, ""pipeline_stage"": ""track_0_review"", ""role"": ""track_0_reviewer"", ""candidate_id"": ""base_p8"", ""requirement_id"": ""not_applicable"", ""semantic_attempt"": 1, ""technical_retry"": 1}]",0,0,0,0,0,[],,False,{},{},0,0,0,0.0,,incorrect,,direct_no_requirement_review,False,0.0,0.0,,,,7117f27d4d47541be623054f6f316bce56124d1079f00d81bbf6995d85824b0f,,,,,,,,,,,,,,,,,,,,,,,,,,,,,
incorrect,"The model's constraints are incorrect. They don't accurately represent how employees contribute to the daily staffing requirements. Each constraint sums the number of workers starting on different days, but it fails to account for the 5-day work period. This causes the model to produce an infeasible or suboptimal solution.",The constraints need to consider the 5-day work window for each employee when calculating their contribution to each day's staffing.,not_applicable,,,,,,,,,,,,,,,,,,,,,,,,,,,,0,,{},[],,0,0,0,{},[],[],,,,,,,,,,{},{},off,,,0,[],3,False,[],metadata_three_judges_dual_a_witness_consensus_root_shadow,v12,,,,,,,,,,,,,,,,,,,,,,,,,,,,,,,,,,,,,,,,,,,,,,,,,,,,,,,,,,0__gemma3:12b__base_p9__r0,0,gemma3:12b,base_p9,base,9,0,gold,False,incorrect,[],mixed_or_unclear,,none,[],[],,"The model's constraints are incorrect. They don't accurately represent how employees contribute to the daily staffing requirements. Each constraint sums the number of workers starting on different days, but it fails to account for the 5-day work period. This causes the model to produce an infeasible or suboptimal solution.",,0.0,True,True,True,,,,,,False,1683,unavailable,unavailable,unavailable,111,1794,14.847,0,False,,42,42,,"[""ollama""]","[""feda933d33355aad07a5b5aff6ffe8b2e83812291247c5d1d7bd94739dc9612c""]",[10000],"[""completed""]","[""""]",1,0,False,"[{""provider"": ""ollama"", ""model"": ""gemma3:12b"", ""prompt_sha256"": ""feda933d33355aad07a5b5aff6ffe8b2e83812291247c5d1d7bd94739dc9612c"", ""prompt_hash"": ""feda933d33355aad07a5b5aff6ffe8b2e83812291247c5d1d7bd94739dc9612c"", ""prompt_character_count"": 4710, ""prompt_utf8_bytes"": 4710, ""requested_seed"": 42, ""effective_seed"": 42, ""requested_temperature"": null, ""effective_temperature"": null, ""requested_output_token_limit"": 10000, ""effective_output_token_limit"": 10000, ""completion_status"": ""completed"", ""incomplete_reason"": """", ""truncated"": false, ""had_truncation"": false, ""truncation_retry_count"": 0, ""truncation_recovered"": false, ""attempts"": [{""attempt"": 1, ""requested_output_token_limit"": 10000, ""effective_output_token_limit"": 10000, ""completion_status"": ""completed"", ""incomplete_reason"": """", ""truncated"": false, ""input_tokens"": 1683, ""output_tokens"": 111, ""reasoning_tokens"": """", ""api_attempts"": 1, ""prompt_eval_count"": 1683, ""eval_count"": 111, ""done"": true, ""done_reason"": ""stop"", ""requested_num_ctx"": null, ""effective_num_ctx"": null, ""think_requested"": true, ""think_honored"": true, ""think_fallback_used"": false, ""think_fallback_http_status"": null}], ""dropped_parameters"": [], ""reasoning_tokens"": """", ""input_tokens"": 1683, ""cached_input_tokens"": """", ""uncached_input_tokens"": """", ""output_tokens"": 111, ""provider_cache_status"": ""unavailable"", ""api_attempts"": 1, ""structured_output_requested"": true, ""structured_output_enforced"": true, ""structured_output_schema_name"": ""track_0_review"", ""structured_output_schema_sha256"": ""6a4a2d4573e9ccd055b4c71bb46f15ff86c3d81e9dd7b768ad256f45db757384"", ""response_schema_hash"": ""6a4a2d4573e9ccd055b4c71bb46f15ff86c3d81e9dd7b768ad256f45db757384"", ""stable_prefix_hash"": ""7077f1238010402ee74d1a83c3a0fb99992b2a4f17b4d0804914077a6cbfd285"", ""prompt_eval_count"": 1683, ""eval_count"": 111, ""done"": true, ""done_reason"": ""stop"", ""requested_num_ctx"": null, ""effective_num_ctx"": null, ""num_ctx_explicit"": false, ""think_requested"": true, ""think_honored"": true, ""think_fallback_used"": false, ""think_fallback_http_status"": null, ""empty_response"": false, ""pipeline_stage"": ""track_0_review"", ""role"": ""track_0_reviewer"", ""candidate_id"": ""base_p9"", ""requirement_id"": ""not_applicable"", ""semantic_attempt"": 1, ""technical_retry"": 1}]",0,0,0,0,0,[],,False,{},{},0,0,0,0.0,,incorrect,,direct_no_requirement_review,False,0.0,0.0,,,,12194447a710bd1666db91db06233bbe01875f24e1834ab28d29941ba6118a65,,,,,,,,,,,,,,,,,,,,,,,,,,,,,
incorrect,The model does not correctly implement the machinery rental constraint. It seems the model incorrectly links the machinery rental variables to the production variables instead of linking them to the presence of production.,Machinery rental should be conditional; it only occurs if the corresponding product is produced.,not_applicable,,,,,,,,,,,,,,,,,,,,,,,,,,,,0,,{},[],,0,0,0,{},[],[],,,,,,,,,,{},{},off,,,0,[],3,False,[],metadata_three_judges_dual_a_witness_consensus_root_shadow,v12,,,,,,,,,,,,,,,,,,,,,,,,,,,,,,,,,,,,,,,,,,,,,,,,,,,,,,,,,,0__gemma3:12b__base_p10__r0,0,gemma3:12b,base_p10,base,10,0,gold,False,incorrect,[],mixed_or_unclear,,none,[],[],,The model does not correctly implement the machinery rental constraint. It seems the model incorrectly links the machinery rental variables to the production variables instead of linking them to the presence of production.,,0.0,True,True,True,,,,,,False,1571,unavailable,unavailable,unavailable,75,1646,11.278,0,False,,42,42,,"[""ollama""]","[""23820b9c700655ac51a4fb2332bbf65807ae8dfd61f18c2b663b85079c52b1a1""]",[10000],"[""completed""]","[""""]",1,0,False,"[{""provider"": ""ollama"", ""model"": ""gemma3:12b"", ""prompt_sha256"": ""23820b9c700655ac51a4fb2332bbf65807ae8dfd61f18c2b663b85079c52b1a1"", ""prompt_hash"": ""23820b9c700655ac51a4fb2332bbf65807ae8dfd61f18c2b663b85079c52b1a1"", ""prompt_character_count"": 4837, ""prompt_utf8_bytes"": 4837, ""requested_seed"": 42, ""effective_seed"": 42, ""requested_temperature"": null, ""effective_temperature"": null, ""requested_output_token_limit"": 10000, ""effective_output_token_limit"": 10000, ""completion_status"": ""completed"", ""incomplete_reason"": """", ""truncated"": false, ""had_truncation"": false, ""truncation_retry_count"": 0, ""truncation_recovered"": false, ""attempts"": [{""attempt"": 1, ""requested_output_token_limit"": 10000, ""effective_output_token_limit"": 10000, ""completion_status"": ""completed"", ""incomplete_reason"": """", ""truncated"": false, ""input_tokens"": 1571, ""output_tokens"": 75, ""reasoning_tokens"": """", ""api_attempts"": 1, ""prompt_eval_count"": 1571, ""eval_count"": 75, ""done"": true, ""done_reason"": ""stop"", ""requested_num_ctx"": null, ""effective_num_ctx"": null, ""think_requested"": true, ""think_honored"": true, ""think_fallback_used"": false, ""think_fallback_http_status"": null}], ""dropped_parameters"": [], ""reasoning_tokens"": """", ""input_tokens"": 1571, ""cached_input_tokens"": """", ""uncached_input_tokens"": """", ""output_tokens"": 75, ""provider_cache_status"": ""unavailable"", ""api_attempts"": 1, ""structured_output_requested"": true, ""structured_output_enforced"": true, ""structured_output_schema_name"": ""track_0_review"", ""structured_output_schema_sha256"": ""6a4a2d4573e9ccd055b4c71bb46f15ff86c3d81e9dd7b768ad256f45db757384"", ""response_schema_hash"": ""6a4a2d4573e9ccd055b4c71bb46f15ff86c3d81e9dd7b768ad256f45db757384"", ""stable_prefix_hash"": ""7077f1238010402ee74d1a83c3a0fb99992b2a4f17b4d0804914077a6cbfd285"", ""prompt_eval_count"": 1571, ""eval_count"": 75, ""done"": true, ""done_reason"": ""stop"", ""requested_num_ctx"": null, ""effective_num_ctx"": null, ""num_ctx_explicit"": false, ""think_requested"": true, ""think_honored"": true, ""think_fallback_used"": false, ""think_fallback_http_status"": null, ""empty_response"": false, ""pipeline_stage"": ""track_0_review"", ""role"": ""track_0_reviewer"", ""candidate_id"": ""base_p10"", ""requirement_id"": ""not_applicable"", ""semantic_attempt"": 1, ""technical_retry"": 1}]",0,0,0,0,0,[],,False,{},{},0,0,0,0.0,,incorrect,,direct_no_requirement_review,False,0.0,0.0,,,,b36fcd32d5d853f7c771822f1c19fbb173aaf39e66d23f5e9a98cc04335c438f,,,,,,,,,,,,,,,,,,,,,,,,,,,,,
correct,The provided code successfully builds and solves a linear programming model based on the given constraints and objective function. The code's structure and logic align with standard Gurobi modeling practices.,"The model appears to correctly interpret and implement the provided linear constraints and objective function, ensuring a valid and solvable LP formulation.",not_applicable,,,,,,,,,,,,,,,,,,,,,,,,,,,,0,,{},[],,0,0,0,{},[],[],,,,,,,,,,{},{},off,,,0,[],3,False,[],metadata_three_judges_dual_a_witness_consensus_root_shadow,v12,,,,,,,,,,,,,,,,,,,,,,,,,,,,,,,,,,,,,,,,,,,,,,,,,,,,,,,,,,0__gemma3:12b__base_p12__r0,0,gemma3:12b,base_p12,base,12,0,gold,False,correct,[],none,,none,[],[],,,,0.0,True,True,True,,,,,,False,2051,unavailable,unavailable,unavailable,79,2130,12.123,0,False,,42,42,,"[""ollama""]","[""f5a5a042fd670316365d70afc5dba213a9537757f3bbf99f18fdbe1df69945c6""]",[10000],"[""completed""]","[""""]",1,0,False,"[{""provider"": ""ollama"", ""model"": ""gemma3:12b"", ""prompt_sha256"": ""f5a5a042fd670316365d70afc5dba213a9537757f3bbf99f18fdbe1df69945c6"", ""prompt_hash"": ""f5a5a042fd670316365d70afc5dba213a9537757f3bbf99f18fdbe1df69945c6"", ""prompt_character_count"": 9214, ""prompt_utf8_bytes"": 9214, ""requested_seed"": 42, ""effective_seed"": 42, ""requested_temperature"": null, ""effective_temperature"": null, ""requested_output_token_limit"": 10000, ""effective_output_token_limit"": 10000, ""completion_status"": ""completed"", ""incomplete_reason"": """", ""truncated"": false, ""had_truncation"": false, ""truncation_retry_count"": 0, ""truncation_recovered"": false, ""attempts"": [{""attempt"": 1, ""requested_output_token_limit"": 10000, ""effective_output_token_limit"": 10000, ""completion_status"": ""completed"", ""incomplete_reason"": """", ""truncated"": false, ""input_tokens"": 2051, ""output_tokens"": 79, ""reasoning_tokens"": """", ""api_attempts"": 1, ""prompt_eval_count"": 2051, ""eval_count"": 79, ""done"": true, ""done_reason"": ""stop"", ""requested_num_ctx"": null, ""effective_num_ctx"": null, ""think_requested"": true, ""think_honored"": true, ""think_fallback_used"": false, ""think_fallback_http_status"": null}], ""dropped_parameters"": [], ""reasoning_tokens"": """", ""input_tokens"": 2051, ""cached_input_tokens"": """", ""uncached_input_tokens"": """", ""output_tokens"": 79, ""provider_cache_status"": ""unavailable"", ""api_attempts"": 1, ""structured_output_requested"": true, ""structured_output_enforced"": true, ""structured_output_schema_name"": ""track_0_review"", ""structured_output_schema_sha256"": ""6a4a2d4573e9ccd055b4c71bb46f15ff86c3d81e9dd7b768ad256f45db757384"", ""response_schema_hash"": ""6a4a2d4573e9ccd055b4c71bb46f15ff86c3d81e9dd7b768ad256f45db757384"", ""stable_prefix_hash"": ""7077f1238010402ee74d1a83c3a0fb99992b2a4f17b4d0804914077a6cbfd285"", ""prompt_eval_count"": 2051, ""eval_count"": 79, ""done"": true, ""done_reason"": ""stop"", ""requested_num_ctx"": null, ""effective_num_ctx"": null, ""num_ctx_explicit"": false, ""think_requested"": true, ""think_honored"": true, ""think_fallback_used"": false, ""think_fallback_http_status"": null, ""empty_response"": false, ""pipeline_stage"": ""track_0_review"", ""role"": ""track_0_reviewer"", ""candidate_id"": ""base_p12"", ""requirement_id"": ""not_applicable"", ""semantic_attempt"": 1, ""technical_retry"": 1}]",0,0,0,0,0,[],,False,{},{},0,0,0,0.0,,correct,,direct_no_requirement_review,False,0.0,0.0,,,,de362fca9bfb35c24f5eaa4ce81b00e53d145f021082bfac9ae71657cb792cef,,,,,,,,,,,,,,,,,,,,,,,,,,,,,
incorrect,"The problem requires a path from A to E via C. The model includes constraints like `constraint_001` which seem to be intended to enforce flow conservation at each node, but they are written in a way that incorrectly models the required path, leading to an infeasible or suboptimal solution. Specifically, these constraints consider paths not passing through C.",Flow conservation constraints should be tailored to enforce the A->C->E path.,not_applicable,,,,,,,,,,,,,,,,,,,,,,,,,,,,0,,{},[],,0,0,0,{},[],[],,,,,,,,,,{},{},off,,,0,[],3,False,[],metadata_three_judges_dual_a_witness_consensus_root_shadow,v12,,,,,,,,,,,,,,,,,,,,,,,,,,,,,,,,,,,,,,,,,,,,,,,,,,,,,,,,,,0__gemma3:12b__base_p22__r0,0,gemma3:12b,base_p22,base,22,0,gold,False,incorrect,[],mixed_or_unclear,,none,[],[],,"The problem requires a path from A to E via C. The model includes constraints like `constraint_001` which seem to be intended to enforce flow conservation at each node, but they are written in a way that incorrectly models the required path, leading to an infeasible or suboptimal solution. Specifically, these constraints consider paths not passing through C.",,0.0,True,True,True,,,,,,False,3601,unavailable,unavailable,unavailable,110,3711,17.856,0,False,,42,42,,"[""ollama""]","[""7d1227f4c45e835c18178b8eb84bdcda2277d5c6397b4c477f0f5e69fffb8767""]",[10000],"[""completed""]","[""""]",1,0,False,"[{""provider"": ""ollama"", ""model"": ""gemma3:12b"", ""prompt_sha256"": ""7d1227f4c45e835c18178b8eb84bdcda2277d5c6397b4c477f0f5e69fffb8767"", ""prompt_hash"": ""7d1227f4c45e835c18178b8eb84bdcda2277d5c6397b4c477f0f5e69fffb8767"", ""prompt_character_count"": 8280, ""prompt_utf8_bytes"": 8280, ""requested_seed"": 42, ""effective_seed"": 42, ""requested_temperature"": null, ""effective_temperature"": null, ""requested_output_token_limit"": 10000, ""effective_output_token_limit"": 10000, ""completion_status"": ""completed"", ""incomplete_reason"": """", ""truncated"": false, ""had_truncation"": false, ""truncation_retry_count"": 0, ""truncation_recovered"": false, ""attempts"": [{""attempt"": 1, ""requested_output_token_limit"": 10000, ""effective_output_token_limit"": 10000, ""completion_status"": ""completed"", ""incomplete_reason"": """", ""truncated"": false, ""input_tokens"": 3601, ""output_tokens"": 110, ""reasoning_tokens"": """", ""api_attempts"": 1, ""prompt_eval_count"": 3601, ""eval_count"": 110, ""done"": true, ""done_reason"": ""stop"", ""requested_num_ctx"": null, ""effective_num_ctx"": null, ""think_requested"": true, ""think_honored"": true, ""think_fallback_used"": false, ""think_fallback_http_status"": null}], ""dropped_parameters"": [], ""reasoning_tokens"": """", ""input_tokens"": 3601, ""cached_input_tokens"": """", ""uncached_input_tokens"": """", ""output_tokens"": 110, ""provider_cache_status"": ""unavailable"", ""api_attempts"": 1, ""structured_output_requested"": true, ""structured_output_enforced"": true, ""structured_output_schema_name"": ""track_0_review"", ""structured_output_schema_sha256"": ""6a4a2d4573e9ccd055b4c71bb46f15ff86c3d81e9dd7b768ad256f45db757384"", ""response_schema_hash"": ""6a4a2d4573e9ccd055b4c71bb46f15ff86c3d81e9dd7b768ad256f45db757384"", ""stable_prefix_hash"": ""7077f1238010402ee74d1a83c3a0fb99992b2a4f17b4d0804914077a6cbfd285"", ""prompt_eval_count"": 3601, ""eval_count"": 110, ""done"": true, ""done_reason"": ""stop"", ""requested_num_ctx"": null, ""effective_num_ctx"": null, ""num_ctx_explicit"": false, ""think_requested"": true, ""think_honored"": true, ""think_fallback_used"": false, ""think_fallback_http_status"": null, ""empty_response"": false, ""pipeline_stage"": ""track_0_review"", ""role"": ""track_0_reviewer"", ""candidate_id"": ""base_p22"", ""requirement_id"": ""not_applicable"", ""semantic_attempt"": 1, ""technical_retry"": 1}]",0,0,0,0,0,[],,False,{},{},0,0,0,0.0,,incorrect,,direct_no_requirement_review,False,0.0,0.0,,,,5efab1091e29adde5e283cb48cada340ea96e556d7c798a751e794a5d7c9854d,,,,,,,,,,,,,,,,,,,,,,,,,,,,,
correct,"The provided code implements a standard Gurobi (GP) model building and solving process. It correctly sets up variables, constraints, and the objective function based on the given specifications. The solving process and the returned solution format are also reasonable.",optional free-text description,not_applicable,,,,,,,,,,,,,,,,,,,,,,,,,,,,0,,{},[],,0,0,0,{},[],[],,,,,,,,,,{},{},off,,,0,[],3,False,[],metadata_three_judges_dual_a_witness_consensus_root_shadow,v12,,,,,,,,,,,,,,,,,,,,,,,,,,,,,,,,,,,,,,,,,,,,,,,,,,,,,,,,,,0__gemma3:12b__base_p23__r0,0,gemma3:12b,base_p23,base,23,0,gold,False,correct,[],none,,none,[],[],,,,0.0,True,True,True,,,,,,False,2051,unavailable,unavailable,unavailable,76,2127,11.804,0,False,,42,42,,"[""ollama""]","[""17c0051f174b25d0d50f6ce989f20da4bf1f4092010b32ba1344f10895705803""]",[10000],"[""completed""]","[""""]",1,0,False,"[{""provider"": ""ollama"", ""model"": ""gemma3:12b"", ""prompt_sha256"": ""17c0051f174b25d0d50f6ce989f20da4bf1f4092010b32ba1344f10895705803"", ""prompt_hash"": ""17c0051f174b25d0d50f6ce989f20da4bf1f4092010b32ba1344f10895705803"", ""prompt_character_count"": 32253, ""prompt_utf8_bytes"": 32253, ""requested_seed"": 42, ""effective_seed"": 42, ""requested_temperature"": null, ""effective_temperature"": null, ""requested_output_token_limit"": 10000, ""effective_output_token_limit"": 10000, ""completion_status"": ""completed"", ""incomplete_reason"": """", ""truncated"": false, ""had_truncation"": false, ""truncation_retry_count"": 0, ""truncation_recovered"": false, ""attempts"": [{""attempt"": 1, ""requested_output_token_limit"": 10000, ""effective_output_token_limit"": 10000, ""completion_status"": ""completed"", ""incomplete_reason"": """", ""truncated"": false, ""input_tokens"": 2051, ""output_tokens"": 76, ""reasoning_tokens"": """", ""api_attempts"": 1, ""prompt_eval_count"": 2051, ""eval_count"": 76, ""done"": true, ""done_reason"": ""stop"", ""requested_num_ctx"": null, ""effective_num_ctx"": null, ""think_requested"": true, ""think_honored"": true, ""think_fallback_used"": false, ""think_fallback_http_status"": null}], ""dropped_parameters"": [], ""reasoning_tokens"": """", ""input_tokens"": 2051, ""cached_input_tokens"": """", ""uncached_input_tokens"": """", ""output_tokens"": 76, ""provider_cache_status"": ""unavailable"", ""api_attempts"": 1, ""structured_output_requested"": true, ""structured_output_enforced"": true, ""structured_output_schema_name"": ""track_0_review"", ""structured_output_schema_sha256"": ""6a4a2d4573e9ccd055b4c71bb46f15ff86c3d81e9dd7b768ad256f45db757384"", ""response_schema_hash"": ""6a4a2d4573e9ccd055b4c71bb46f15ff86c3d81e9dd7b768ad256f45db757384"", ""stable_prefix_hash"": ""7077f1238010402ee74d1a83c3a0fb99992b2a4f17b4d0804914077a6cbfd285"", ""prompt_eval_count"": 2051, ""eval_count"": 76, ""done"": true, ""done_reason"": ""stop"", ""requested_num_ctx"": null, ""effective_num_ctx"": null, ""num_ctx_explicit"": false, ""think_requested"": true, ""think_honored"": true, ""think_fallback_used"": false, ""think_fallback_http_status"": null, ""empty_response"": false, ""pipeline_stage"": ""track_0_review"", ""role"": ""track_0_reviewer"", ""candidate_id"": ""base_p23"", ""requirement_id"": ""not_applicable"", ""semantic_attempt"": 1, ""technical_retry"": 1}]",0,0,0,0,0,[],,False,{},{},0,0,0,0.0,,correct,,direct_no_requirement_review,False,0.0,0.0,,,,b8805a0ff3d3f111d050c377c7198bbd93397c2dd56942f7404460887e494f4f,,,,,,,,,,,,,,,,,,,,,,,,,,,,,
incorrect,"The constraints are not correctly implemented. Specifically, constraint 005, 006, 007, 008, and 009 all have the same RHS (1), but they need to restrict the number of tasks assigned to each worker to 1. The constraints need to change to allow only one task per worker.",Each worker can be assigned to at most one task.,not_applicable,,,,,,,,,,,,,,,,,,,,,,,,,,,,0,,{},[],,0,0,0,{},[],[],,,,,,,,,,{},{},off,,,0,[],3,False,[],metadata_three_judges_dual_a_witness_consensus_root_shadow,v12,,,,,,,,,,,,,,,,,,,,,,,,,,,,,,,,,,,,,,,,,,,,,,,,,,,,,,,,,,0__gemma3:12b__base_p29__r0,0,gemma3:12b,base_p29,base,29,0,gold,False,incorrect,[],mixed_or_unclear,,none,[],[],,"The constraints are not correctly implemented. Specifically, constraint 005, 006, 007, 008, and 009 all have the same RHS (1), but they need to restrict the number of tasks assigned to each worker to 1. The constraints need to change to allow only one task per worker.",,0.0,True,True,True,,,,,,False,3332,unavailable,unavailable,unavailable,107,3439,16.889,0,False,,42,42,,"[""ollama""]","[""a16019b36e7430454cff3e21b553b8b323c69ca5f75f2e3a925bfea19a48dac7""]",[10000],"[""completed""]","[""""]",1,0,False,"[{""provider"": ""ollama"", ""model"": ""gemma3:12b"", ""prompt_sha256"": ""a16019b36e7430454cff3e21b553b8b323c69ca5f75f2e3a925bfea19a48dac7"", ""prompt_hash"": ""a16019b36e7430454cff3e21b553b8b323c69ca5f75f2e3a925bfea19a48dac7"", ""prompt_character_count"": 7669, ""prompt_utf8_bytes"": 7669, ""requested_seed"": 42, ""effective_seed"": 42, ""requested_temperature"": null, ""effective_temperature"": null, ""requested_output_token_limit"": 10000, ""effective_output_token_limit"": 10000, ""completion_status"": ""completed"", ""incomplete_reason"": """", ""truncated"": false, ""had_truncation"": false, ""truncation_retry_count"": 0, ""truncation_recovered"": false, ""attempts"": [{""attempt"": 1, ""requested_output_token_limit"": 10000, ""effective_output_token_limit"": 10000, ""completion_status"": ""completed"", ""incomplete_reason"": """", ""truncated"": false, ""input_tokens"": 3332, ""output_tokens"": 107, ""reasoning_tokens"": """", ""api_attempts"": 1, ""prompt_eval_count"": 3332, ""eval_count"": 107, ""done"": true, ""done_reason"": ""stop"", ""requested_num_ctx"": null, ""effective_num_ctx"": null, ""think_requested"": true, ""think_honored"": true, ""think_fallback_used"": false, ""think_fallback_http_status"": null}], ""dropped_parameters"": [], ""reasoning_tokens"": """", ""input_tokens"": 3332, ""cached_input_tokens"": """", ""uncached_input_tokens"": """", ""output_tokens"": 107, ""provider_cache_status"": ""unavailable"", ""api_attempts"": 1, ""structured_output_requested"": true, ""structured_output_enforced"": true, ""structured_output_schema_name"": ""track_0_review"", ""structured_output_schema_sha256"": ""6a4a2d4573e9ccd055b4c71bb46f15ff86c3d81e9dd7b768ad256f45db757384"", ""response_schema_hash"": ""6a4a2d4573e9ccd055b4c71bb46f15ff86c3d81e9dd7b768ad256f45db757384"", ""stable_prefix_hash"": ""7077f1238010402ee74d1a83c3a0fb99992b2a4f17b4d0804914077a6cbfd285"", ""prompt_eval_count"": 3332, ""eval_count"": 107, ""done"": true, ""done_reason"": ""stop"", ""requested_num_ctx"": null, ""effective_num_ctx"": null, ""num_ctx_explicit"": false, ""think_requested"": true, ""think_honored"": true, ""think_fallback_used"": false, ""think_fallback_http_status"": null, ""empty_response"": false, ""pipeline_stage"": ""track_0_review"", ""role"": ""track_0_reviewer"", ""candidate_id"": ""base_p29"", ""requirement_id"": ""not_applicable"", ""semantic_attempt"": 1, ""technical_retry"": 1}]",0,0,0,0,0,[],,False,{},{},0,0,0,0.0,,incorrect,,direct_no_requirement_review,False,0.0,0.0,,,,3c1b4591639e482485a9ab559ccfac1744ed736094207bc52090112781956a3e,,,,,,,,,,,,,,,,,,,,,,,,,,,,,
incorrect,"The model doesn't account for the compounding effect of annual investments; the investment returns are not added to the principal for subsequent annual investments, which would increase the available funds for later investments.",Compounding of investment returns should be considered.,not_applicable,,,,,,,,,,,,,,,,,,,,,,,,,,,,0,,{},[],,0,0,0,{},[],[],,,,,,,,,,{},{},off,,,0,[],3,False,[],metadata_three_judges_dual_a_witness_consensus_root_shadow,v12,,,,,,,,,,,,,,,,,,,,,,,,,,,,,,,,,,,,,,,,,,,,,,,,,,,,,,,,,,0__gemma3:12b__base_p30__r0,0,gemma3:12b,base_p30,base,30,0,gold,False,incorrect,[],mixed_or_unclear,,none,[],[],,"The model doesn't account for the compounding effect of annual investments; the investment returns are not added to the principal for subsequent annual investments, which would increase the available funds for later investments.",,0.0,True,True,True,,,,,,False,1427,unavailable,unavailable,unavailable,70,1497,10.33,0,False,,42,42,,"[""ollama""]","[""b244b324bd8bfcec1e90f5c086b250596b4dff2d3c798d70992dc62330e15835""]",[10000],"[""completed""]","[""""]",1,0,False,"[{""provider"": ""ollama"", ""model"": ""gemma3:12b"", ""prompt_sha256"": ""b244b324bd8bfcec1e90f5c086b250596b4dff2d3c798d70992dc62330e15835"", ""prompt_hash"": ""b244b324bd8bfcec1e90f5c086b250596b4dff2d3c798d70992dc62330e15835"", ""prompt_character_count"": 4097, ""prompt_utf8_bytes"": 4097, ""requested_seed"": 42, ""effective_seed"": 42, ""requested_temperature"": null, ""effective_temperature"": null, ""requested_output_token_limit"": 10000, ""effective_output_token_limit"": 10000, ""completion_status"": ""completed"", ""incomplete_reason"": """", ""truncated"": false, ""had_truncation"": false, ""truncation_retry_count"": 0, ""truncation_recovered"": false, ""attempts"": [{""attempt"": 1, ""requested_output_token_limit"": 10000, ""effective_output_token_limit"": 10000, ""completion_status"": ""completed"", ""incomplete_reason"": """", ""truncated"": false, ""input_tokens"": 1427, ""output_tokens"": 70, ""reasoning_tokens"": """", ""api_attempts"": 1, ""prompt_eval_count"": 1427, ""eval_count"": 70, ""done"": true, ""done_reason"": ""stop"", ""requested_num_ctx"": null, ""effective_num_ctx"": null, ""think_requested"": true, ""think_honored"": true, ""think_fallback_used"": false, ""think_fallback_http_status"": null}], ""dropped_parameters"": [], ""reasoning_tokens"": """", ""input_tokens"": 1427, ""cached_input_tokens"": """", ""uncached_input_tokens"": """", ""output_tokens"": 70, ""provider_cache_status"": ""unavailable"", ""api_attempts"": 1, ""structured_output_requested"": true, ""structured_output_enforced"": true, ""structured_output_schema_name"": ""track_0_review"", ""structured_output_schema_sha256"": ""6a4a2d4573e9ccd055b4c71bb46f15ff86c3d81e9dd7b768ad256f45db757384"", ""response_schema_hash"": ""6a4a2d4573e9ccd055b4c71bb46f15ff86c3d81e9dd7b768ad256f45db757384"", ""stable_prefix_hash"": ""7077f1238010402ee74d1a83c3a0fb99992b2a4f17b4d0804914077a6cbfd285"", ""prompt_eval_count"": 1427, ""eval_count"": 70, ""done"": true, ""done_reason"": ""stop"", ""requested_num_ctx"": null, ""effective_num_ctx"": null, ""num_ctx_explicit"": false, ""think_requested"": true, ""think_honored"": true, ""think_fallback_used"": false, ""think_fallback_http_status"": null, ""empty_response"": false, ""pipeline_stage"": ""track_0_review"", ""role"": ""track_0_reviewer"", ""candidate_id"": ""base_p30"", ""requirement_id"": ""not_applicable"", ""semantic_attempt"": 1, ""technical_retry"": 1}]",0,0,0,0,0,[],,False,{},{},0,0,0,0.0,,incorrect,,direct_no_requirement_review,False,0.0,0.0,,,,5a0ac8a74cbb335f2718a2f2305c348306a23153154265ba019fa60a3a672114,,,,,,,,,,,,,,,,,,,,,,,,,,,,,
incorrect,"The model prioritizes minimizing the 'p3_shortfall' rather than maximizing the number of people assigned to their preferred city. The problem states P3 is to *maximize* assignments to preferred city, not minimize the shortfall. The objective function uses GRB.MINIMIZE, which is incorrect.",Incorrect objective function direction.,not_applicable,,,,,,,,,,,,,,,,,,,,,,,,,,,,0,,{},[],,0,0,0,{},[],[],,,,,,,,,,{},{},off,,,0,[],3,False,[],metadata_three_judges_dual_a_witness_consensus_root_shadow,v12,,,,,,,,,,,,,,,,,,,,,,,,,,,,,,,,,,,,,,,,,,,,,,,,,,,,,,,,,,0__gemma3:12b__base_p31__r0,0,gemma3:12b,base_p31,base,31,0,gold,False,incorrect,[],mixed_or_unclear,,none,[],[],,"The model prioritizes minimizing the 'p3_shortfall' rather than maximizing the number of people assigned to their preferred city. The problem states P3 is to *maximize* assignments to preferred city, not minimize the shortfall. The objective function uses GRB.MINIMIZE, which is incorrect.",,0.0,True,True,True,,,,,,False,3546,unavailable,unavailable,unavailable,89,3635,14.95,0,False,,42,42,,"[""ollama""]","[""9018fc2a5490b7fa5b5ea72880016fc7dc61dfc97244691ac3591edf81cb4d96""]",[10000],"[""completed""]","[""""]",1,0,False,"[{""provider"": ""ollama"", ""model"": ""gemma3:12b"", ""prompt_sha256"": ""9018fc2a5490b7fa5b5ea72880016fc7dc61dfc97244691ac3591edf81cb4d96"", ""prompt_hash"": ""9018fc2a5490b7fa5b5ea72880016fc7dc61dfc97244691ac3591edf81cb4d96"", ""prompt_character_count"": 8860, ""prompt_utf8_bytes"": 8860, ""requested_seed"": 42, ""effective_seed"": 42, ""requested_temperature"": null, ""effective_temperature"": null, ""requested_output_token_limit"": 10000, ""effective_output_token_limit"": 10000, ""completion_status"": ""completed"", ""incomplete_reason"": """", ""truncated"": false, ""had_truncation"": false, ""truncation_retry_count"": 0, ""truncation_recovered"": false, ""attempts"": [{""attempt"": 1, ""requested_output_token_limit"": 10000, ""effective_output_token_limit"": 10000, ""completion_status"": ""completed"", ""incomplete_reason"": """", ""truncated"": false, ""input_tokens"": 3546, ""output_tokens"": 89, ""reasoning_tokens"": """", ""api_attempts"": 1, ""prompt_eval_count"": 3546, ""eval_count"": 89, ""done"": true, ""done_reason"": ""stop"", ""requested_num_ctx"": null, ""effective_num_ctx"": null, ""think_requested"": true, ""think_honored"": true, ""think_fallback_used"": false, ""think_fallback_http_status"": null}], ""dropped_parameters"": [], ""reasoning_tokens"": """", ""input_tokens"": 3546, ""cached_input_tokens"": """", ""uncached_input_tokens"": """", ""output_tokens"": 89, ""provider_cache_status"": ""unavailable"", ""api_attempts"": 1, ""structured_output_requested"": true, ""structured_output_enforced"": true, ""structured_output_schema_name"": ""track_0_review"", ""structured_output_schema_sha256"": ""6a4a2d4573e9ccd055b4c71bb46f15ff86c3d81e9dd7b768ad256f45db757384"", ""response_schema_hash"": ""6a4a2d4573e9ccd055b4c71bb46f15ff86c3d81e9dd7b768ad256f45db757384"", ""stable_prefix_hash"": ""7077f1238010402ee74d1a83c3a0fb99992b2a4f17b4d0804914077a6cbfd285"", ""prompt_eval_count"": 3546, ""eval_count"": 89, ""done"": true, ""done_reason"": ""stop"", ""requested_num_ctx"": null, ""effective_num_ctx"": null, ""num_ctx_explicit"": false, ""think_requested"": true, ""think_honored"": true, ""think_fallback_used"": false, ""think_fallback_http_status"": null, ""empty_response"": false, ""pipeline_stage"": ""track_0_review"", ""role"": ""track_0_reviewer"", ""candidate_id"": ""base_p31"", ""requirement_id"": ""not_applicable"", ""semantic_attempt"": 1, ""technical_retry"": 1}]",0,0,0,0,0,[],,False,{},{},0,0,0,0.0,,incorrect,,direct_no_requirement_review,False,0.0,0.0,,,,351c8d47d8dda873df8a648ed05f5226b138ecda15e6aabfe0b7b11f83b75882,,,,,,,,,,,,,,,,,,,,,,,,,,,,,
incorrect,"The model minimizes cost, but the objective function incorrectly uses GRB.MAXIMIZE instead of GRB.MINIMIZE.","The objective function should be set to minimize cost, not maximize it.",not_applicable,,,,,,,,,,,,,,,,,,,,,,,,,,,,0,,{},[],,0,0,0,{},[],[],,,,,,,,,,{},{},off,,,0,[],3,False,[],metadata_three_judges_dual_a_witness_consensus_root_shadow,v12,,,,,,,,,,,,,,,,,,,,,,,,,,,,,,,,,,,,,,,,,,,,,,,,,,,,,,,,,,0__gemma3:12b__base_p34__r0,0,gemma3:12b,base_p34,base,34,0,gold,False,incorrect,[],mixed_or_unclear,,none,[],[],,"The model minimizes cost, but the objective function incorrectly uses GRB.MAXIMIZE instead of GRB.MINIMIZE.",,0.0,True,True,True,,,,,,False,1285,unavailable,unavailable,unavailable,63,1348,9.733,0,False,,42,42,,"[""ollama""]","[""e2e1e400600606b6f01eb9ba928b34279b5c9b8a4e7d6ca281c3d7b8495da51e""]",[10000],"[""completed""]","[""""]",1,0,False,"[{""provider"": ""ollama"", ""model"": ""gemma3:12b"", ""prompt_sha256"": ""e2e1e400600606b6f01eb9ba928b34279b5c9b8a4e7d6ca281c3d7b8495da51e"", ""prompt_hash"": ""e2e1e400600606b6f01eb9ba928b34279b5c9b8a4e7d6ca281c3d7b8495da51e"", ""prompt_character_count"": 4136, ""prompt_utf8_bytes"": 4136, ""requested_seed"": 42, ""effective_seed"": 42, ""requested_temperature"": null, ""effective_temperature"": null, ""requested_output_token_limit"": 10000, ""effective_output_token_limit"": 10000, ""completion_status"": ""completed"", ""incomplete_reason"": """", ""truncated"": false, ""had_truncation"": false, ""truncation_retry_count"": 0, ""truncation_recovered"": false, ""attempts"": [{""attempt"": 1, ""requested_output_token_limit"": 10000, ""effective_output_token_limit"": 10000, ""completion_status"": ""completed"", ""incomplete_reason"": """", ""truncated"": false, ""input_tokens"": 1285, ""output_tokens"": 63, ""reasoning_tokens"": """", ""api_attempts"": 1, ""prompt_eval_count"": 1285, ""eval_count"": 63, ""done"": true, ""done_reason"": ""stop"", ""requested_num_ctx"": null, ""effective_num_ctx"": null, ""think_requested"": true, ""think_honored"": true, ""think_fallback_used"": false, ""think_fallback_http_status"": null}], ""dropped_parameters"": [], ""reasoning_tokens"": """", ""input_tokens"": 1285, ""cached_input_tokens"": """", ""uncached_input_tokens"": """", ""output_tokens"": 63, ""provider_cache_status"": ""unavailable"", ""api_attempts"": 1, ""structured_output_requested"": true, ""structured_output_enforced"": true, ""structured_output_schema_name"": ""track_0_review"", ""structured_output_schema_sha256"": ""6a4a2d4573e9ccd055b4c71bb46f15ff86c3d81e9dd7b768ad256f45db757384"", ""response_schema_hash"": ""6a4a2d4573e9ccd055b4c71bb46f15ff86c3d81e9dd7b768ad256f45db757384"", ""stable_prefix_hash"": ""7077f1238010402ee74d1a83c3a0fb99992b2a4f17b4d0804914077a6cbfd285"", ""prompt_eval_count"": 1285, ""eval_count"": 63, ""done"": true, ""done_reason"": ""stop"", ""requested_num_ctx"": null, ""effective_num_ctx"": null, ""num_ctx_explicit"": false, ""think_requested"": true, ""think_honored"": true, ""think_fallback_used"": false, ""think_fallback_http_status"": null, ""empty_response"": false, ""pipeline_stage"": ""track_0_review"", ""role"": ""track_0_reviewer"", ""candidate_id"": ""base_p34"", ""requirement_id"": ""not_applicable"", ""semantic_attempt"": 1, ""technical_retry"": 1}]",0,0,0,0,0,[],,False,{},{},0,0,0,0.0,,incorrect,,direct_no_requirement_review,False,0.0,0.0,,,,21492c121eff624d4814f1e7fc9f52db98f810275795e63b829d4c1d724d005d,,,,,,,,,,,,,,,,,,,,,,,,,,,,,
correct,"The model correctly formulates the transportation problem with fixed costs and capacity constraints, and solves it to optimality.",,not_applicable,,,,,,,,,,,,,,,,,,,,,,,,,,,,0,,{},[],,0,0,0,{},[],[],,,,,,,,,,{},{},off,,,0,[],3,False,[],metadata_three_judges_dual_a_witness_consensus_root_shadow,v12,,,,,,,,,,,,,,,,,,,,,,,,,,,,,,,,,,,,,,,,,,,,,,,,,,,,,,,,,,0__gemma3:12b__base_p35__r0,0,gemma3:12b,base_p35,base,35,0,gold,False,correct,[],none,,none,[],[],,,,0.0,True,True,True,,,,,,False,1471,unavailable,unavailable,unavailable,45,1516,8.098,0,False,,42,42,,"[""ollama""]","[""0bc4cd4b57256d2e4fba966201c1619c047c97084e9f95ca29c0bdd1c031ecbf""]",[10000],"[""completed""]","[""""]",1,0,False,"[{""provider"": ""ollama"", ""model"": ""gemma3:12b"", ""prompt_sha256"": ""0bc4cd4b57256d2e4fba966201c1619c047c97084e9f95ca29c0bdd1c031ecbf"", ""prompt_hash"": ""0bc4cd4b57256d2e4fba966201c1619c047c97084e9f95ca29c0bdd1c031ecbf"", ""prompt_character_count"": 4084, ""prompt_utf8_bytes"": 4084, ""requested_seed"": 42, ""effective_seed"": 42, ""requested_temperature"": null, ""effective_temperature"": null, ""requested_output_token_limit"": 10000, ""effective_output_token_limit"": 10000, ""completion_status"": ""completed"", ""incomplete_reason"": """", ""truncated"": false, ""had_truncation"": false, ""truncation_retry_count"": 0, ""truncation_recovered"": false, ""attempts"": [{""attempt"": 1, ""requested_output_token_limit"": 10000, ""effective_output_token_limit"": 10000, ""completion_status"": ""completed"", ""incomplete_reason"": """", ""truncated"": false, ""input_tokens"": 1471, ""output_tokens"": 45, ""reasoning_tokens"": """", ""api_attempts"": 1, ""prompt_eval_count"": 1471, ""eval_count"": 45, ""done"": true, ""done_reason"": ""stop"", ""requested_num_ctx"": null, ""effective_num_ctx"": null, ""think_requested"": true, ""think_honored"": true, ""think_fallback_used"": false, ""think_fallback_http_status"": null}], ""dropped_parameters"": [], ""reasoning_tokens"": """", ""input_tokens"": 1471, ""cached_input_tokens"": """", ""uncached_input_tokens"": """", ""output_tokens"": 45, ""provider_cache_status"": ""unavailable"", ""api_attempts"": 1, ""structured_output_requested"": true, ""structured_output_enforced"": true, ""structured_output_schema_name"": ""track_0_review"", ""structured_output_schema_sha256"": ""6a4a2d4573e9ccd055b4c71bb46f15ff86c3d81e9dd7b768ad256f45db757384"", ""response_schema_hash"": ""6a4a2d4573e9ccd055b4c71bb46f15ff86c3d81e9dd7b768ad256f45db757384"", ""stable_prefix_hash"": ""7077f1238010402ee74d1a83c3a0fb99992b2a4f17b4d0804914077a6cbfd285"", ""prompt_eval_count"": 1471, ""eval_count"": 45, ""done"": true, ""done_reason"": ""stop"", ""requested_num_ctx"": null, ""effective_num_ctx"": null, ""num_ctx_explicit"": false, ""think_requested"": true, ""think_honored"": true, ""think_fallback_used"": false, ""think_fallback_http_status"": null, ""empty_response"": false, ""pipeline_stage"": ""track_0_review"", ""role"": ""track_0_reviewer"", ""candidate_id"": ""base_p35"", ""requirement_id"": ""not_applicable"", ""semantic_attempt"": 1, ""technical_retry"": 1}]",0,0,0,0,0,[],,False,{},{},0,0,0,0.0,,correct,,direct_no_requirement_review,False,0.0,0.0,,,,e337ebabd1ea84f73f13f5d84ff7938048d4fd62cef4ffbd9c7fb874aa4f38d4,,,,,,,,,,,,,,,,,,,,,,,,,,,,,
incorrect,"The constraints for demand satisfaction are incorrect. They only sum the coefficients of variables without multiplying by the demand value, leading to incorrect constraints. For example, constraint_001 should be 15 = 15*x_1_1 + 15*x_1_2 + 15*x_1_3 + 15*x_1_4, not 15 = x_1_1 + x_1_2 + x_1_3 + x_1_4",Demand constraints should multiply the contract variables by the demand amount for each month.,not_applicable,,,,,,,,,,,,,,,,,,,,,,,,,,,,0,,{},[],,0,0,0,{},[],[],,,,,,,,,,{},{},off,,,0,[],3,False,[],metadata_three_judges_dual_a_witness_consensus_root_shadow,v12,,,,,,,,,,,,,,,,,,,,,,,,,,,,,,,,,,,,,,,,,,,,,,,,,,,,,,,,,,0__gemma3:12b__base_p36__r0,0,gemma3:12b,base_p36,base,36,0,gold,False,incorrect,[],mixed_or_unclear,,none,[],[],,"The constraints for demand satisfaction are incorrect. They only sum the coefficients of variables without multiplying by the demand value, leading to incorrect constraints. For example, constraint_001 should be 15 = 15*x_1_1 + 15*x_1_2 + 15*x_1_3 + 15*x_1_4, not 15 = x_1_1 + x_1_2 + x_1_3 + x_1_4",,0.0,True,True,True,,,,,,False,2907,unavailable,unavailable,unavailable,148,3055,20.492,0,False,,42,42,,"[""ollama""]","[""8d671de578f92981f728bbe6ac200e1ff1136fb18389e889d1d5930a8106c071""]",[10000],"[""completed""]","[""""]",1,0,False,"[{""provider"": ""ollama"", ""model"": ""gemma3:12b"", ""prompt_sha256"": ""8d671de578f92981f728bbe6ac200e1ff1136fb18389e889d1d5930a8106c071"", ""prompt_hash"": ""8d671de578f92981f728bbe6ac200e1ff1136fb18389e889d1d5930a8106c071"", ""prompt_character_count"": 7304, ""prompt_utf8_bytes"": 7304, ""requested_seed"": 42, ""effective_seed"": 42, ""requested_temperature"": null, ""effective_temperature"": null, ""requested_output_token_limit"": 10000, ""effective_output_token_limit"": 10000, ""completion_status"": ""completed"", ""incomplete_reason"": """", ""truncated"": false, ""had_truncation"": false, ""truncation_retry_count"": 0, ""truncation_recovered"": false, ""attempts"": [{""attempt"": 1, ""requested_output_token_limit"": 10000, ""effective_output_token_limit"": 10000, ""completion_status"": ""completed"", ""incomplete_reason"": """", ""truncated"": false, ""input_tokens"": 2907, ""output_tokens"": 148, ""reasoning_tokens"": """", ""api_attempts"": 1, ""prompt_eval_count"": 2907, ""eval_count"": 148, ""done"": true, ""done_reason"": ""stop"", ""requested_num_ctx"": null, ""effective_num_ctx"": null, ""think_requested"": true, ""think_honored"": true, ""think_fallback_used"": false, ""think_fallback_http_status"": null}], ""dropped_parameters"": [], ""reasoning_tokens"": """", ""input_tokens"": 2907, ""cached_input_tokens"": """", ""uncached_input_tokens"": """", ""output_tokens"": 148, ""provider_cache_status"": ""unavailable"", ""api_attempts"": 1, ""structured_output_requested"": true, ""structured_output_enforced"": true, ""structured_output_schema_name"": ""track_0_review"", ""structured_output_schema_sha256"": ""6a4a2d4573e9ccd055b4c71bb46f15ff86c3d81e9dd7b768ad256f45db757384"", ""response_schema_hash"": ""6a4a2d4573e9ccd055b4c71bb46f15ff86c3d81e9dd7b768ad256f45db757384"", ""stable_prefix_hash"": ""7077f1238010402ee74d1a83c3a0fb99992b2a4f17b4d0804914077a6cbfd285"", ""prompt_eval_count"": 2907, ""eval_count"": 148, ""done"": true, ""done_reason"": ""stop"", ""requested_num_ctx"": null, ""effective_num_ctx"": null, ""num_ctx_explicit"": false, ""think_requested"": true, ""think_honored"": true, ""think_fallback_used"": false, ""think_fallback_http_status"": null, ""empty_response"": false, ""pipeline_stage"": ""track_0_review"", ""role"": ""track_0_reviewer"", ""candidate_id"": ""base_p36"", ""requirement_id"": ""not_applicable"", ""semantic_attempt"": 1, ""technical_retry"": 1}]",0,0,0,0,0,[],,False,{},{},0,0,0,0.0,,incorrect,,direct_no_requirement_review,False,0.0,0.0,,,,73837272a09cbc4567204bf6b0f8e53bd338149d08ee64c983aac4ce2449c01d,,,,,,,,,,,,,,,,,,,,,,,,,,,,,
incorrect,"The model does not account for the fact that grain purchased in month 1 cannot be sold until month 2, and grain purchased in month 2 cannot be sold until month 3. The inventory constraint calculations are flawed because they assume immediate sale and purchase cycles.",Inventory and sales should be staggered by one month.,not_applicable,,,,,,,,,,,,,,,,,,,,,,,,,,,,0,,{},[],,0,0,0,{},[],[],,,,,,,,,,{},{},off,,,0,[],3,False,[],metadata_three_judges_dual_a_witness_consensus_root_shadow,v12,,,,,,,,,,,,,,,,,,,,,,,,,,,,,,,,,,,,,,,,,,,,,,,,,,,,,,,,,,0__gemma3:12b__base_p37__r0,0,gemma3:12b,base_p37,base,37,0,gold,False,incorrect,[],mixed_or_unclear,,none,[],[],,"The model does not account for the fact that grain purchased in month 1 cannot be sold until month 2, and grain purchased in month 2 cannot be sold until month 3. The inventory constraint calculations are flawed because they assume immediate sale and purchase cycles.",,0.0,True,True,True,,,,,,False,2109,unavailable,unavailable,unavailable,86,2195,12.955,0,False,,42,42,,"[""ollama""]","[""05e1c6e7b0fd34320ca7e14e88450c535f24365e1bb93f261db5ce258ebaedf4""]",[10000],"[""completed""]","[""""]",1,0,False,"[{""provider"": ""ollama"", ""model"": ""gemma3:12b"", ""prompt_sha256"": ""05e1c6e7b0fd34320ca7e14e88450c535f24365e1bb93f261db5ce258ebaedf4"", ""prompt_hash"": ""05e1c6e7b0fd34320ca7e14e88450c535f24365e1bb93f261db5ce258ebaedf4"", ""prompt_character_count"": 5821, ""prompt_utf8_bytes"": 5821, ""requested_seed"": 42, ""effective_seed"": 42, ""requested_temperature"": null, ""effective_temperature"": null, ""requested_output_token_limit"": 10000, ""effective_output_token_limit"": 10000, ""completion_status"": ""completed"", ""incomplete_reason"": """", ""truncated"": false, ""had_truncation"": false, ""truncation_retry_count"": 0, ""truncation_recovered"": false, ""attempts"": [{""attempt"": 1, ""requested_output_token_limit"": 10000, ""effective_output_token_limit"": 10000, ""completion_status"": ""completed"", ""incomplete_reason"": """", ""truncated"": false, ""input_tokens"": 2109, ""output_tokens"": 86, ""reasoning_tokens"": """", ""api_attempts"": 1, ""prompt_eval_count"": 2109, ""eval_count"": 86, ""done"": true, ""done_reason"": ""stop"", ""requested_num_ctx"": null, ""effective_num_ctx"": null, ""think_requested"": true, ""think_honored"": true, ""think_fallback_used"": false, ""think_fallback_http_status"": null}], ""dropped_parameters"": [], ""reasoning_tokens"": """", ""input_tokens"": 2109, ""cached_input_tokens"": """", ""uncached_input_tokens"": """", ""output_tokens"": 86, ""provider_cache_status"": ""unavailable"", ""api_attempts"": 1, ""structured_output_requested"": true, ""structured_output_enforced"": true, ""structured_output_schema_name"": ""track_0_review"", ""structured_output_schema_sha256"": ""6a4a2d4573e9ccd055b4c71bb46f15ff86c3d81e9dd7b768ad256f45db757384"", ""response_schema_hash"": ""6a4a2d4573e9ccd055b4c71bb46f15ff86c3d81e9dd7b768ad256f45db757384"", ""stable_prefix_hash"": ""7077f1238010402ee74d1a83c3a0fb99992b2a4f17b4d0804914077a6cbfd285"", ""prompt_eval_count"": 2109, ""eval_count"": 86, ""done"": true, ""done_reason"": ""stop"", ""requested_num_ctx"": null, ""effective_num_ctx"": null, ""num_ctx_explicit"": false, ""think_requested"": true, ""think_honored"": true, ""think_fallback_used"": false, ""think_fallback_http_status"": null, ""empty_response"": false, ""pipeline_stage"": ""track_0_review"", ""role"": ""track_0_reviewer"", ""candidate_id"": ""base_p37"", ""requirement_id"": ""not_applicable"", ""semantic_attempt"": 1, ""technical_retry"": 1}]",0,0,0,0,0,[],,False,{},{},0,0,0,0.0,,incorrect,,direct_no_requirement_review,False,0.0,0.0,,,,a73ce9bc250bdc4b7bbe5cb874ab8732e07ebecf683d57646e413f0b2b515e26,,,,,,,,,,,,,,,,,,,,,,,,,,,,,
incorrect,"The objective function seems to be minimizing the makespan (Cmax) plus a fixed cost for the machine rental. However, the problem states that the work cost is 1000 Euros per project day, which should also be incorporated into the objective function. The model does not include the total work duration as a component of the cost to be minimized.",The objective function should include the total project work duration (or cost associated with the duration) as well as the machine rental cost.,not_applicable,,,,,,,,,,,,,,,,,,,,,,,,,,,,0,,{},[],,0,0,0,{},[],[],,,,,,,,,,{},{},off,,,0,[],3,False,[],metadata_three_judges_dual_a_witness_consensus_root_shadow,v12,,,,,,,,,,,,,,,,,,,,,,,,,,,,,,,,,,,,,,,,,,,,,,,,,,,,,,,,,,0__gemma3:12b__base_p39__r0,0,gemma3:12b,base_p39,base,39,0,gold,False,incorrect,[],mixed_or_unclear,,none,[],[],,"The objective function seems to be minimizing the makespan (Cmax) plus a fixed cost for the machine rental. However, the problem states that the work cost is 1000 Euros per project day, which should also be incorporated into the objective function. The model does not include the total work duration as a component of the cost to be minimized.",,0.0,True,True,True,,,,,,False,1974,unavailable,unavailable,unavailable,121,2095,16.254,0,False,,42,42,,"[""ollama""]","[""fced81d699f2294e73f20214664de97e6ef39aae831e380653bba970b8d5f3c1""]",[10000],"[""completed""]","[""""]",1,0,False,"[{""provider"": ""ollama"", ""model"": ""gemma3:12b"", ""prompt_sha256"": ""fced81d699f2294e73f20214664de97e6ef39aae831e380653bba970b8d5f3c1"", ""prompt_hash"": ""fced81d699f2294e73f20214664de97e6ef39aae831e380653bba970b8d5f3c1"", ""prompt_character_count"": 5446, ""prompt_utf8_bytes"": 5446, ""requested_seed"": 42, ""effective_seed"": 42, ""requested_temperature"": null, ""effective_temperature"": null, ""requested_output_token_limit"": 10000, ""effective_output_token_limit"": 10000, ""completion_status"": ""completed"", ""incomplete_reason"": """", ""truncated"": false, ""had_truncation"": false, ""truncation_retry_count"": 0, ""truncation_recovered"": false, ""attempts"": [{""attempt"": 1, ""requested_output_token_limit"": 10000, ""effective_output_token_limit"": 10000, ""completion_status"": ""completed"", ""incomplete_reason"": """", ""truncated"": false, ""input_tokens"": 1974, ""output_tokens"": 121, ""reasoning_tokens"": """", ""api_attempts"": 1, ""prompt_eval_count"": 1974, ""eval_count"": 121, ""done"": true, ""done_reason"": ""stop"", ""requested_num_ctx"": null, ""effective_num_ctx"": null, ""think_requested"": true, ""think_honored"": true, ""think_fallback_used"": false, ""think_fallback_http_status"": null}], ""dropped_parameters"": [], ""reasoning_tokens"": """", ""input_tokens"": 1974, ""cached_input_tokens"": """", ""uncached_input_tokens"": """", ""output_tokens"": 121, ""provider_cache_status"": ""unavailable"", ""api_attempts"": 1, ""structured_output_requested"": true, ""structured_output_enforced"": true, ""structured_output_schema_name"": ""track_0_review"", ""structured_output_schema_sha256"": ""6a4a2d4573e9ccd055b4c71bb46f15ff86c3d81e9dd7b768ad256f45db757384"", ""response_schema_hash"": ""6a4a2d4573e9ccd055b4c71bb46f15ff86c3d81e9dd7b768ad256f45db757384"", ""stable_prefix_hash"": ""7077f1238010402ee74d1a83c3a0fb99992b2a4f17b4d0804914077a6cbfd285"", ""prompt_eval_count"": 1974, ""eval_count"": 121, ""done"": true, ""done_reason"": ""stop"", ""requested_num_ctx"": null, ""effective_num_ctx"": null, ""num_ctx_explicit"": false, ""think_requested"": true, ""think_honored"": true, ""think_fallback_used"": false, ""think_fallback_http_status"": null, ""empty_response"": false, ""pipeline_stage"": ""track_0_review"", ""role"": ""track_0_reviewer"", ""candidate_id"": ""base_p39"", ""requirement_id"": ""not_applicable"", ""semantic_attempt"": 1, ""technical_retry"": 1}]",0,0,0,0,0,[],,False,{},{},0,0,0,0.0,,incorrect,,direct_no_requirement_review,False,0.0,0.0,,,,ae4e555aa37dc6e2be9752e1eaa03779145be84b2a37ff82d5024c41d0348335,,,,,,,,,,,,,,,,,,,,,,,,,,,,,
incorrect,"The objective function seems to be missing the weekly wages of laborers assigned to task 2 and task 3. The model only includes the wage cost for skilled workers assigned to task 1, 2, and 3, plus fixed cost for task 1. It does not account for the labor costs associated with tasks 2 and 3.","Objective function should include all relevant costs, including wages for both skilled and unskilled labor.",not_applicable,,,,,,,,,,,,,,,,,,,,,,,,,,,,0,,{},[],,0,0,0,{},[],[],,,,,,,,,,{},{},off,,,0,[],3,False,[],metadata_three_judges_dual_a_witness_consensus_root_shadow,v12,,,,,,,,,,,,,,,,,,,,,,,,,,,,,,,,,,,,,,,,,,,,,,,,,,,,,,,,,,0__gemma3:12b__base_p40__r0,0,gemma3:12b,base_p40,base,40,0,gold,False,incorrect,[],mixed_or_unclear,,none,[],[],,"The objective function seems to be missing the weekly wages of laborers assigned to task 2 and task 3. The model only includes the wage cost for skilled workers assigned to task 1, 2, and 3, plus fixed cost for task 1. It does not account for the labor costs associated with tasks 2 and 3.",,0.0,True,True,True,,,,,,False,3000,unavailable,unavailable,unavailable,110,3110,16.522,0,False,,42,42,,"[""ollama""]","[""eb49f2597cf16fc7ea6dc5f3aea59084116252644d4d13ee66339008a0e6be97""]",[10000],"[""completed""]","[""""]",1,0,False,"[{""provider"": ""ollama"", ""model"": ""gemma3:12b"", ""prompt_sha256"": ""eb49f2597cf16fc7ea6dc5f3aea59084116252644d4d13ee66339008a0e6be97"", ""prompt_hash"": ""eb49f2597cf16fc7ea6dc5f3aea59084116252644d4d13ee66339008a0e6be97"", ""prompt_character_count"": 7767, ""prompt_utf8_bytes"": 7767, ""requested_seed"": 42, ""effective_seed"": 42, ""requested_temperature"": null, ""effective_temperature"": null, ""requested_output_token_limit"": 10000, ""effective_output_token_limit"": 10000, ""completion_status"": ""completed"", ""incomplete_reason"": """", ""truncated"": false, ""had_truncation"": false, ""truncation_retry_count"": 0, ""truncation_recovered"": false, ""attempts"": [{""attempt"": 1, ""requested_output_token_limit"": 10000, ""effective_output_token_limit"": 10000, ""completion_status"": ""completed"", ""incomplete_reason"": """", ""truncated"": false, ""input_tokens"": 3000, ""output_tokens"": 110, ""reasoning_tokens"": """", ""api_attempts"": 1, ""prompt_eval_count"": 3000, ""eval_count"": 110, ""done"": true, ""done_reason"": ""stop"", ""requested_num_ctx"": null, ""effective_num_ctx"": null, ""think_requested"": true, ""think_honored"": true, ""think_fallback_used"": false, ""think_fallback_http_status"": null}], ""dropped_parameters"": [], ""reasoning_tokens"": """", ""input_tokens"": 3000, ""cached_input_tokens"": """", ""uncached_input_tokens"": """", ""output_tokens"": 110, ""provider_cache_status"": ""unavailable"", ""api_attempts"": 1, ""structured_output_requested"": true, ""structured_output_enforced"": true, ""structured_output_schema_name"": ""track_0_review"", ""structured_output_schema_sha256"": ""6a4a2d4573e9ccd055b4c71bb46f15ff86c3d81e9dd7b768ad256f45db757384"", ""response_schema_hash"": ""6a4a2d4573e9ccd055b4c71bb46f15ff86c3d81e9dd7b768ad256f45db757384"", ""stable_prefix_hash"": ""7077f1238010402ee74d1a83c3a0fb99992b2a4f17b4d0804914077a6cbfd285"", ""prompt_eval_count"": 3000, ""eval_count"": 110, ""done"": true, ""done_reason"": ""stop"", ""requested_num_ctx"": null, ""effective_num_ctx"": null, ""num_ctx_explicit"": false, ""think_requested"": true, ""think_honored"": true, ""think_fallback_used"": false, ""think_fallback_http_status"": null, ""empty_response"": false, ""pipeline_stage"": ""track_0_review"", ""role"": ""track_0_reviewer"", ""candidate_id"": ""base_p40"", ""requirement_id"": ""not_applicable"", ""semantic_attempt"": 1, ""technical_retry"": 1}]",0,0,0,0,0,[],,False,{},{},0,0,0,0.0,,incorrect,,direct_no_requirement_review,False,0.0,0.0,,,,69709622abf28bfb34835c497648c92e74607e1f8e5108f73723e0cbfde39aa6,,,,,,,,,,,,,,,,,,,,,,,,,,,,,
incorrect,"The model doesn't account for the initial inventory and demand constraints; it only focuses on production and ending inventory, ignoring the requirement to meet the demand of 75 liquid and 95 solid fertilizers.",Missing demand satisfaction constraints.,not_applicable,,,,,,,,,,,,,,,,,,,,,,,,,,,,0,,{},[],,0,0,0,{},[],[],,,,,,,,,,{},{},off,,,0,[],3,False,[],metadata_three_judges_dual_a_witness_consensus_root_shadow,v12,,,,,,,,,,,,,,,,,,,,,,,,,,,,,,,,,,,,,,,,,,,,,,,,,,,,,,,,,,0__gemma3:12b__base_p41__r0,0,gemma3:12b,base_p41,base,41,0,gold,False,incorrect,[],mixed_or_unclear,,none,[],[],,"The model doesn't account for the initial inventory and demand constraints; it only focuses on production and ending inventory, ignoring the requirement to meet the demand of 75 liquid and 95 solid fertilizers.",,0.0,True,True,True,,,,,,False,1313,unavailable,unavailable,unavailable,70,1383,10.294,0,False,,42,42,,"[""ollama""]","[""eb7d787b3705b7f4d439845424128958fa5eddcae1769964965510c5db159e5f""]",[10000],"[""completed""]","[""""]",1,0,False,"[{""provider"": ""ollama"", ""model"": ""gemma3:12b"", ""prompt_sha256"": ""eb7d787b3705b7f4d439845424128958fa5eddcae1769964965510c5db159e5f"", ""prompt_hash"": ""eb7d787b3705b7f4d439845424128958fa5eddcae1769964965510c5db159e5f"", ""prompt_character_count"": 4233, ""prompt_utf8_bytes"": 4233, ""requested_seed"": 42, ""effective_seed"": 42, ""requested_temperature"": null, ""effective_temperature"": null, ""requested_output_token_limit"": 10000, ""effective_output_token_limit"": 10000, ""completion_status"": ""completed"", ""incomplete_reason"": """", ""truncated"": false, ""had_truncation"": false, ""truncation_retry_count"": 0, ""truncation_recovered"": false, ""attempts"": [{""attempt"": 1, ""requested_output_token_limit"": 10000, ""effective_output_token_limit"": 10000, ""completion_status"": ""completed"", ""incomplete_reason"": """", ""truncated"": false, ""input_tokens"": 1313, ""output_tokens"": 70, ""reasoning_tokens"": """", ""api_attempts"": 1, ""prompt_eval_count"": 1313, ""eval_count"": 70, ""done"": true, ""done_reason"": ""stop"", ""requested_num_ctx"": null, ""effective_num_ctx"": null, ""think_requested"": true, ""think_honored"": true, ""think_fallback_used"": false, ""think_fallback_http_status"": null}], ""dropped_parameters"": [], ""reasoning_tokens"": """", ""input_tokens"": 1313, ""cached_input_tokens"": """", ""uncached_input_tokens"": """", ""output_tokens"": 70, ""provider_cache_status"": ""unavailable"", ""api_attempts"": 1, ""structured_output_requested"": true, ""structured_output_enforced"": true, ""structured_output_schema_name"": ""track_0_review"", ""structured_output_schema_sha256"": ""6a4a2d4573e9ccd055b4c71bb46f15ff86c3d81e9dd7b768ad256f45db757384"", ""response_schema_hash"": ""6a4a2d4573e9ccd055b4c71bb46f15ff86c3d81e9dd7b768ad256f45db757384"", ""stable_prefix_hash"": ""7077f1238010402ee74d1a83c3a0fb99992b2a4f17b4d0804914077a6cbfd285"", ""prompt_eval_count"": 1313, ""eval_count"": 70, ""done"": true, ""done_reason"": ""stop"", ""requested_num_ctx"": null, ""effective_num_ctx"": null, ""num_ctx_explicit"": false, ""think_requested"": true, ""think_honored"": true, ""think_fallback_used"": false, ""think_fallback_http_status"": null, ""empty_response"": false, ""pipeline_stage"": ""track_0_review"", ""role"": ""track_0_reviewer"", ""candidate_id"": ""base_p41"", ""requirement_id"": ""not_applicable"", ""semantic_attempt"": 1, ""technical_retry"": 1}]",0,0,0,0,0,[],,False,{},{},0,0,0,0.0,,incorrect,,direct_no_requirement_review,False,0.0,0.0,,,,de469db86cc9f140fc4017d4d518e8d45dcf09a2ac3c62bc0f98b02040a3d065,,,,,,,,,,,,,,,,,,,,,,,,,,,,,
correct,"The provided code accurately translates the given constraints and objective function into a Gurobi model. The variable and constraint specifications are correctly processed, and the objective function is properly set up for minimization.",,not_applicable,,,,,,,,,,,,,,,,,,,,,,,,,,,,0,,{},[],,0,0,0,{},[],[],,,,,,,,,,{},{},off,,,0,[],3,False,[],metadata_three_judges_dual_a_witness_consensus_root_shadow,v12,,,,,,,,,,,,,,,,,,,,,,,,,,,,,,,,,,,,,,,,,,,,,,,,,,,,,,,,,,0__gemma3:12b__base_p17__r0,0,gemma3:12b,base_p17,base,17,0,gold,False,correct,[],none,,none,[],[],,,,0.0,True,True,True,,,,,,False,2051,unavailable,unavailable,unavailable,62,2113,10.379,0,False,,42,42,,"[""ollama""]","[""c0f009dbf8554037b9a1e067153f5484273b4b9393049d4dc0906a3b91a84062""]",[10000],"[""completed""]","[""""]",1,0,False,"[{""provider"": ""ollama"", ""model"": ""gemma3:12b"", ""prompt_sha256"": ""c0f009dbf8554037b9a1e067153f5484273b4b9393049d4dc0906a3b91a84062"", ""prompt_hash"": ""c0f009dbf8554037b9a1e067153f5484273b4b9393049d4dc0906a3b91a84062"", ""prompt_character_count"": 15198, ""prompt_utf8_bytes"": 15198, ""requested_seed"": 42, ""effective_seed"": 42, ""requested_temperature"": null, ""effective_temperature"": null, ""requested_output_token_limit"": 10000, ""effective_output_token_limit"": 10000, ""completion_status"": ""completed"", ""incomplete_reason"": """", ""truncated"": false, ""had_truncation"": false, ""truncation_retry_count"": 0, ""truncation_recovered"": false, ""attempts"": [{""attempt"": 1, ""requested_output_token_limit"": 10000, ""effective_output_token_limit"": 10000, ""completion_status"": ""completed"", ""incomplete_reason"": """", ""truncated"": false, ""input_tokens"": 2051, ""output_tokens"": 62, ""reasoning_tokens"": """", ""api_attempts"": 1, ""prompt_eval_count"": 2051, ""eval_count"": 62, ""done"": true, ""done_reason"": ""stop"", ""requested_num_ctx"": null, ""effective_num_ctx"": null, ""think_requested"": true, ""think_honored"": true, ""think_fallback_used"": false, ""think_fallback_http_status"": null}], ""dropped_parameters"": [], ""reasoning_tokens"": """", ""input_tokens"": 2051, ""cached_input_tokens"": """", ""uncached_input_tokens"": """", ""output_tokens"": 62, ""provider_cache_status"": ""unavailable"", ""api_attempts"": 1, ""structured_output_requested"": true, ""structured_output_enforced"": true, ""structured_output_schema_name"": ""track_0_review"", ""structured_output_schema_sha256"": ""6a4a2d4573e9ccd055b4c71bb46f15ff86c3d81e9dd7b768ad256f45db757384"", ""response_schema_hash"": ""6a4a2d4573e9ccd055b4c71bb46f15ff86c3d81e9dd7b768ad256f45db757384"", ""stable_prefix_hash"": ""7077f1238010402ee74d1a83c3a0fb99992b2a4f17b4d0804914077a6cbfd285"", ""prompt_eval_count"": 2051, ""eval_count"": 62, ""done"": true, ""done_reason"": ""stop"", ""requested_num_ctx"": null, ""effective_num_ctx"": null, ""num_ctx_explicit"": false, ""think_requested"": true, ""think_honored"": true, ""think_fallback_used"": false, ""think_fallback_http_status"": null, ""empty_response"": false, ""pipeline_stage"": ""track_0_review"", ""role"": ""track_0_reviewer"", ""candidate_id"": ""base_p17"", ""requirement_id"": ""not_applicable"", ""semantic_attempt"": 1, ""technical_retry"": 1}]",0,0,0,0,0,[],,False,{},{},0,0,0,0.0,,correct,,direct_no_requirement_review,False,0.0,0.0,,,,62ab4d7ecff62f6bf6162e54b95835fdb7eb3f2c29ed58b40fac88ed9ef83045,,,,,,,,,,,,,,,,,,,,,,,,,,,,,
correct,"The model is correctly constructed based on the provided problem description. The constraints are accurately represented using the given data, and the objective function is properly set up for minimization.",None,not_applicable,,,,,,,,,,,,,,,,,,,,,,,,,,,,0,,{},[],,0,0,0,{},[],[],,,,,,,,,,{},{},off,,,0,[],3,False,[],metadata_three_judges_dual_a_witness_consensus_root_shadow,v12,,,,,,,,,,,,,,,,,,,,,,,,,,,,,,,,,,,,,,,,,,,,,,,,,,,,,,,,,,0__gemma3:12b__base_p27__r0,0,gemma3:12b,base_p27,base,27,0,gold,False,correct,[],none,,none,[],[],,,,0.0,True,True,True,,,,,,False,2051,unavailable,unavailable,unavailable,57,2108,9.972,0,False,,42,42,,"[""ollama""]","[""96c1a067c2ea5436ca4a9f117b732fe7f79b62c0c9c74811426d3e704aa7bc5d""]",[10000],"[""completed""]","[""""]",1,0,False,"[{""provider"": ""ollama"", ""model"": ""gemma3:12b"", ""prompt_sha256"": ""96c1a067c2ea5436ca4a9f117b732fe7f79b62c0c9c74811426d3e704aa7bc5d"", ""prompt_hash"": ""96c1a067c2ea5436ca4a9f117b732fe7f79b62c0c9c74811426d3e704aa7bc5d"", ""prompt_character_count"": 12836, ""prompt_utf8_bytes"": 12836, ""requested_seed"": 42, ""effective_seed"": 42, ""requested_temperature"": null, ""effective_temperature"": null, ""requested_output_token_limit"": 10000, ""effective_output_token_limit"": 10000, ""completion_status"": ""completed"", ""incomplete_reason"": """", ""truncated"": false, ""had_truncation"": false, ""truncation_retry_count"": 0, ""truncation_recovered"": false, ""attempts"": [{""attempt"": 1, ""requested_output_token_limit"": 10000, ""effective_output_token_limit"": 10000, ""completion_status"": ""completed"", ""incomplete_reason"": """", ""truncated"": false, ""input_tokens"": 2051, ""output_tokens"": 57, ""reasoning_tokens"": """", ""api_attempts"": 1, ""prompt_eval_count"": 2051, ""eval_count"": 57, ""done"": true, ""done_reason"": ""stop"", ""requested_num_ctx"": null, ""effective_num_ctx"": null, ""think_requested"": true, ""think_honored"": true, ""think_fallback_used"": false, ""think_fallback_http_status"": null}], ""dropped_parameters"": [], ""reasoning_tokens"": """", ""input_tokens"": 2051, ""cached_input_tokens"": """", ""uncached_input_tokens"": """", ""output_tokens"": 57, ""provider_cache_status"": ""unavailable"", ""api_attempts"": 1, ""structured_output_requested"": true, ""structured_output_enforced"": true, ""structured_output_schema_name"": ""track_0_review"", ""structured_output_schema_sha256"": ""6a4a2d4573e9ccd055b4c71bb46f15ff86c3d81e9dd7b768ad256f45db757384"", ""response_schema_hash"": ""6a4a2d4573e9ccd055b4c71bb46f15ff86c3d81e9dd7b768ad256f45db757384"", ""stable_prefix_hash"": ""7077f1238010402ee74d1a83c3a0fb99992b2a4f17b4d0804914077a6cbfd285"", ""prompt_eval_count"": 2051, ""eval_count"": 57, ""done"": true, ""done_reason"": ""stop"", ""requested_num_ctx"": null, ""effective_num_ctx"": null, ""num_ctx_explicit"": false, ""think_requested"": true, ""think_honored"": true, ""think_fallback_used"": false, ""think_fallback_http_status"": null, ""empty_response"": false, ""pipeline_stage"": ""track_0_review"", ""role"": ""track_0_reviewer"", ""candidate_id"": ""base_p27"", ""requirement_id"": ""not_applicable"", ""semantic_attempt"": 1, ""technical_retry"": 1}]",0,0,0,0,0,[],,False,{},{},0,0,0,0.0,,correct,,direct_no_requirement_review,False,0.0,0.0,,,,846d53e86a6717668d0668747142e4dedafaa7367e297a8cb144a0767e20936f,,,,,,,,,,,,,,,,,,,,,,,,,,,,,
correct,"The model appears logically sound based on the provided constraints and objective function. It correctly establishes variables, constraints, and objective based on the given specifications.",,not_applicable,,,,,,,,,,,,,,,,,,,,,,,,,,,,0,,{},[],,0,0,0,{},[],[],,,,,,,,,,{},{},off,,,0,[],3,False,[],metadata_three_judges_dual_a_witness_consensus_root_shadow,v12,,,,,,,,,,,,,,,,,,,,,,,,,,,,,,,,,,,,,,,,,,,,,,,,,,,,,,,,,,0__gemma3:12b__base_p28__r0,0,gemma3:12b,base_p28,base,28,0,gold,False,correct,[],none,,none,[],[],,,,0.0,True,True,True,,,,,,False,2051,unavailable,unavailable,unavailable,49,2100,9.164,0,False,,42,42,,"[""ollama""]","[""78f246ddd83eb1313985b6ee984dcd1a16e30579f1ae7081cbbae03278404543""]",[10000],"[""completed""]","[""""]",1,0,False,"[{""provider"": ""ollama"", ""model"": ""gemma3:12b"", ""prompt_sha256"": ""78f246ddd83eb1313985b6ee984dcd1a16e30579f1ae7081cbbae03278404543"", ""prompt_hash"": ""78f246ddd83eb1313985b6ee984dcd1a16e30579f1ae7081cbbae03278404543"", ""prompt_character_count"": 15103, ""prompt_utf8_bytes"": 15103, ""requested_seed"": 42, ""effective_seed"": 42, ""requested_temperature"": null, ""effective_temperature"": null, ""requested_output_token_limit"": 10000, ""effective_output_token_limit"": 10000, ""completion_status"": ""completed"", ""incomplete_reason"": """", ""truncated"": false, ""had_truncation"": false, ""truncation_retry_count"": 0, ""truncation_recovered"": false, ""attempts"": [{""attempt"": 1, ""requested_output_token_limit"": 10000, ""effective_output_token_limit"": 10000, ""completion_status"": ""completed"", ""incomplete_reason"": """", ""truncated"": false, ""input_tokens"": 2051, ""output_tokens"": 49, ""reasoning_tokens"": """", ""api_attempts"": 1, ""prompt_eval_count"": 2051, ""eval_count"": 49, ""done"": true, ""done_reason"": ""stop"", ""requested_num_ctx"": null, ""effective_num_ctx"": null, ""think_requested"": true, ""think_honored"": true, ""think_fallback_used"": false, ""think_fallback_http_status"": null}], ""dropped_parameters"": [], ""reasoning_tokens"": """", ""input_tokens"": 2051, ""cached_input_tokens"": """", ""uncached_input_tokens"": """", ""output_tokens"": 49, ""provider_cache_status"": ""unavailable"", ""api_attempts"": 1, ""structured_output_requested"": true, ""structured_output_enforced"": true, ""structured_output_schema_name"": ""track_0_review"", ""structured_output_schema_sha256"": ""6a4a2d4573e9ccd055b4c71bb46f15ff86c3d81e9dd7b768ad256f45db757384"", ""response_schema_hash"": ""6a4a2d4573e9ccd055b4c71bb46f15ff86c3d81e9dd7b768ad256f45db757384"", ""stable_prefix_hash"": ""7077f1238010402ee74d1a83c3a0fb99992b2a4f17b4d0804914077a6cbfd285"", ""prompt_eval_count"": 2051, ""eval_count"": 49, ""done"": true, ""done_reason"": ""stop"", ""requested_num_ctx"": null, ""effective_num_ctx"": null, ""num_ctx_explicit"": false, ""think_requested"": true, ""think_honored"": true, ""think_fallback_used"": false, ""think_fallback_http_status"": null, ""empty_response"": false, ""pipeline_stage"": ""track_0_review"", ""role"": ""track_0_reviewer"", ""candidate_id"": ""base_p28"", ""requirement_id"": ""not_applicable"", ""semantic_attempt"": 1, ""technical_retry"": 1}]",0,0,0,0,0,[],,False,{},{},0,0,0,0.0,,correct,,direct_no_requirement_review,False,0.0,0.0,,,,2fea0e1c74b19c5d382c9214ac7ad4d09df5e9d6536873b1e3f22fdf0481a8e6,,,,,,,,,,,,,,,,,,,,,,,,,,,,,
correct,"The provided code defines a linear programming model and solver based on the given constraint and variable specifications. It correctly constructs the model, adds constraints, sets the objective function, and solves the model using Gurobi. The solver status and solution are returned as a dictionary, indicating a functional implementation.",The model creation and solution process appear to be consistent with the provided data and a standard linear programming approach.,not_applicable,,,,,,,,,,,,,,,,,,,,,,,,,,,,0,,{},[],,0,0,0,{},[],[],,,,,,,,,,{},{},off,,,0,[],3,False,[],metadata_three_judges_dual_a_witness_consensus_root_shadow,v12,,,,,,,,,,,,,,,,,,,,,,,,,,,,,,,,,,,,,,,,,,,,,,,,,,,,,,,,,,0__gemma3:12b__base_p32__r0,0,gemma3:12b,base_p32,base,32,0,gold,False,correct,[],none,,none,[],[],,,,0.0,True,True,True,,,,,,False,2051,unavailable,unavailable,unavailable,98,2149,13.891,0,False,,42,42,,"[""ollama""]","[""68abf63178a754402c1668ed27633ca9d12ee22cac7dd60b6140966cc854f673""]",[10000],"[""completed""]","[""""]",1,0,False,"[{""provider"": ""ollama"", ""model"": ""gemma3:12b"", ""prompt_sha256"": ""68abf63178a754402c1668ed27633ca9d12ee22cac7dd60b6140966cc854f673"", ""prompt_hash"": ""68abf63178a754402c1668ed27633ca9d12ee22cac7dd60b6140966cc854f673"", ""prompt_character_count"": 13581, ""prompt_utf8_bytes"": 13581, ""requested_seed"": 42, ""effective_seed"": 42, ""requested_temperature"": null, ""effective_temperature"": null, ""requested_output_token_limit"": 10000, ""effective_output_token_limit"": 10000, ""completion_status"": ""completed"", ""incomplete_reason"": """", ""truncated"": false, ""had_truncation"": false, ""truncation_retry_count"": 0, ""truncation_recovered"": false, ""attempts"": [{""attempt"": 1, ""requested_output_token_limit"": 10000, ""effective_output_token_limit"": 10000, ""completion_status"": ""completed"", ""incomplete_reason"": """", ""truncated"": false, ""input_tokens"": 2051, ""output_tokens"": 98, ""reasoning_tokens"": """", ""api_attempts"": 1, ""prompt_eval_count"": 2051, ""eval_count"": 98, ""done"": true, ""done_reason"": ""stop"", ""requested_num_ctx"": null, ""effective_num_ctx"": null, ""think_requested"": true, ""think_honored"": true, ""think_fallback_used"": false, ""think_fallback_http_status"": null}], ""dropped_parameters"": [], ""reasoning_tokens"": """", ""input_tokens"": 2051, ""cached_input_tokens"": """", ""uncached_input_tokens"": """", ""output_tokens"": 98, ""provider_cache_status"": ""unavailable"", ""api_attempts"": 1, ""structured_output_requested"": true, ""structured_output_enforced"": true, ""structured_output_schema_name"": ""track_0_review"", ""structured_output_schema_sha256"": ""6a4a2d4573e9ccd055b4c71bb46f15ff86c3d81e9dd7b768ad256f45db757384"", ""response_schema_hash"": ""6a4a2d4573e9ccd055b4c71bb46f15ff86c3d81e9dd7b768ad256f45db757384"", ""stable_prefix_hash"": ""7077f1238010402ee74d1a83c3a0fb99992b2a4f17b4d0804914077a6cbfd285"", ""prompt_eval_count"": 2051, ""eval_count"": 98, ""done"": true, ""done_reason"": ""stop"", ""requested_num_ctx"": null, ""effective_num_ctx"": null, ""num_ctx_explicit"": false, ""think_requested"": true, ""think_honored"": true, ""think_fallback_used"": false, ""think_fallback_http_status"": null, ""empty_response"": false, ""pipeline_stage"": ""track_0_review"", ""role"": ""track_0_reviewer"", ""candidate_id"": ""base_p32"", ""requirement_id"": ""not_applicable"", ""semantic_attempt"": 1, ""technical_retry"": 1}]",0,0,0,0,0,[],,False,{},{},0,0,0,0.0,,correct,,direct_no_requirement_review,False,0.0,0.0,,,,d6873e183cde1c05246af540bf5a8b0555f529996bfce6a7306dd72b602609bd,,,,,,,,,,,,,,,,,,,,,,,,,,,,,
correct,"The provided code seems to correctly implement a linear programming model. It defines variables, constraints, and an objective function according to the given specifications. The model-building and solving processes appear logically sound.",,not_applicable,,,,,,,,,,,,,,,,,,,,,,,,,,,,0,,{},[],,0,0,0,{},[],[],,,,,,,,,,{},{},off,,,0,[],3,False,[],metadata_three_judges_dual_a_witness_consensus_root_shadow,v12,,,,,,,,,,,,,,,,,,,,,,,,,,,,,,,,,,,,,,,,,,,,,,,,,,,,,,,,,,0__gemma3:12b__base_p38__r0,0,gemma3:12b,base_p38,base,38,0,gold,False,correct,[],none,,none,[],[],,,,0.0,True,True,True,,,,,,False,2051,unavailable,unavailable,unavailable,59,2110,10.083,0,False,,42,42,,"[""ollama""]","[""ac2f999a353661cccb0733f31d0f8e836c6f11ba5065e4b4f8f4408bbab0f937""]",[10000],"[""completed""]","[""""]",1,0,False,"[{""provider"": ""ollama"", ""model"": ""gemma3:12b"", ""prompt_sha256"": ""ac2f999a353661cccb0733f31d0f8e836c6f11ba5065e4b4f8f4408bbab0f937"", ""prompt_hash"": ""ac2f999a353661cccb0733f31d0f8e836c6f11ba5065e4b4f8f4408bbab0f937"", ""prompt_character_count"": 10474, ""prompt_utf8_bytes"": 10474, ""requested_seed"": 42, ""effective_seed"": 42, ""requested_temperature"": null, ""effective_temperature"": null, ""requested_output_token_limit"": 10000, ""effective_output_token_limit"": 10000, ""completion_status"": ""completed"", ""incomplete_reason"": """", ""truncated"": false, ""had_truncation"": false, ""truncation_retry_count"": 0, ""truncation_recovered"": false, ""attempts"": [{""attempt"": 1, ""requested_output_token_limit"": 10000, ""effective_output_token_limit"": 10000, ""completion_status"": ""completed"", ""incomplete_reason"": """", ""truncated"": false, ""input_tokens"": 2051, ""output_tokens"": 59, ""reasoning_tokens"": """", ""api_attempts"": 1, ""prompt_eval_count"": 2051, ""eval_count"": 59, ""done"": true, ""done_reason"": ""stop"", ""requested_num_ctx"": null, ""effective_num_ctx"": null, ""think_requested"": true, ""think_honored"": true, ""think_fallback_used"": false, ""think_fallback_http_status"": null}], ""dropped_parameters"": [], ""reasoning_tokens"": """", ""input_tokens"": 2051, ""cached_input_tokens"": """", ""uncached_input_tokens"": """", ""output_tokens"": 59, ""provider_cache_status"": ""unavailable"", ""api_attempts"": 1, ""structured_output_requested"": true, ""structured_output_enforced"": true, ""structured_output_schema_name"": ""track_0_review"", ""structured_output_schema_sha256"": ""6a4a2d4573e9ccd055b4c71bb46f15ff86c3d81e9dd7b768ad256f45db757384"", ""response_schema_hash"": ""6a4a2d4573e9ccd055b4c71bb46f15ff86c3d81e9dd7b768ad256f45db757384"", ""stable_prefix_hash"": ""7077f1238010402ee74d1a83c3a0fb99992b2a4f17b4d0804914077a6cbfd285"", ""prompt_eval_count"": 2051, ""eval_count"": 59, ""done"": true, ""done_reason"": ""stop"", ""requested_num_ctx"": null, ""effective_num_ctx"": null, ""num_ctx_explicit"": false, ""think_requested"": true, ""think_honored"": true, ""think_fallback_used"": false, ""think_fallback_http_status"": null, ""empty_response"": false, ""pipeline_stage"": ""track_0_review"", ""role"": ""track_0_reviewer"", ""candidate_id"": ""base_p38"", ""requirement_id"": ""not_applicable"", ""semantic_attempt"": 1, ""technical_retry"": 1}]",0,0,0,0,0,[],,False,{},{},0,0,0,0.0,,correct,,direct_no_requirement_review,False,0.0,0.0,,,,868e67e5d5d00b2532478e5dc20f4054c6cfcd4867ad5751cdcdcd8ebf17cc53,,,,,,,,,,,,,,,,,,,,,,,,,,,,,
incorrect,"The model attempts to assign aircraft to routes, but the constraints for meeting demand are flawed. Constraint 004 requires a minimum of 100 capability from aircraft types 1, 2, and 3, irrespective of route demand. Constraint 005 similarly mandates 150 capability, but route 1 has a demand of 100, and route 2 has a demand of 150. The model doesn't correctly correlate aircraft assignments with route-specific demands.",The model should ensure that the sum of capabilities assigned to each route equals its demand.,not_applicable,,,,,,,,,,,,,,,,,,,,,,,,,,,,0,,{},[],,0,0,0,{},[],[],,,,,,,,,,{},{},off,,,0,[],3,False,[],metadata_three_judges_dual_a_witness_consensus_root_shadow,v12,,,,,,,,,,,,,,,,,,,,,,,,,,,,,,,,,,,,,,,,,,,,,,,,,,,,,,,,,,0__gemma3:12b__base_p42__r0,0,gemma3:12b,base_p42,base,42,0,gold,False,incorrect,[],mixed_or_unclear,,none,[],[],,"The model attempts to assign aircraft to routes, but the constraints for meeting demand are flawed. Constraint 004 requires a minimum of 100 capability from aircraft types 1, 2, and 3, irrespective of route demand. Constraint 005 similarly mandates 150 capability, but route 1 has a demand of 100, and route 2 has a demand of 150. The model doesn't correctly correlate aircraft assignments with route-specific demands.",,0.0,True,True,True,,,,,,False,1440,unavailable,unavailable,unavailable,144,1584,18.09,0,False,,42,42,,"[""ollama""]","[""8432d30700c1d9500efd512093464f35f7041d436fcc17fa2f87f3bb0379c1d6""]",[10000],"[""completed""]","[""""]",1,0,False,"[{""provider"": ""ollama"", ""model"": ""gemma3:12b"", ""prompt_sha256"": ""8432d30700c1d9500efd512093464f35f7041d436fcc17fa2f87f3bb0379c1d6"", ""prompt_hash"": ""8432d30700c1d9500efd512093464f35f7041d436fcc17fa2f87f3bb0379c1d6"", ""prompt_character_count"": 4158, ""prompt_utf8_bytes"": 4158, ""requested_seed"": 42, ""effective_seed"": 42, ""requested_temperature"": null, ""effective_temperature"": null, ""requested_output_token_limit"": 10000, ""effective_output_token_limit"": 10000, ""completion_status"": ""completed"", ""incomplete_reason"": """", ""truncated"": false, ""had_truncation"": false, ""truncation_retry_count"": 0, ""truncation_recovered"": false, ""attempts"": [{""attempt"": 1, ""requested_output_token_limit"": 10000, ""effective_output_token_limit"": 10000, ""completion_status"": ""completed"", ""incomplete_reason"": """", ""truncated"": false, ""input_tokens"": 1440, ""output_tokens"": 144, ""reasoning_tokens"": """", ""api_attempts"": 1, ""prompt_eval_count"": 1440, ""eval_count"": 144, ""done"": true, ""done_reason"": ""stop"", ""requested_num_ctx"": null, ""effective_num_ctx"": null, ""think_requested"": true, ""think_honored"": true, ""think_fallback_used"": false, ""think_fallback_http_status"": null}], ""dropped_parameters"": [], ""reasoning_tokens"": """", ""input_tokens"": 1440, ""cached_input_tokens"": """", ""uncached_input_tokens"": """", ""output_tokens"": 144, ""provider_cache_status"": ""unavailable"", ""api_attempts"": 1, ""structured_output_requested"": true, ""structured_output_enforced"": true, ""structured_output_schema_name"": ""track_0_review"", ""structured_output_schema_sha256"": ""6a4a2d4573e9ccd055b4c71bb46f15ff86c3d81e9dd7b768ad256f45db757384"", ""response_schema_hash"": ""6a4a2d4573e9ccd055b4c71bb46f15ff86c3d81e9dd7b768ad256f45db757384"", ""stable_prefix_hash"": ""7077f1238010402ee74d1a83c3a0fb99992b2a4f17b4d0804914077a6cbfd285"", ""prompt_eval_count"": 1440, ""eval_count"": 144, ""done"": true, ""done_reason"": ""stop"", ""requested_num_ctx"": null, ""effective_num_ctx"": null, ""num_ctx_explicit"": false, ""think_requested"": true, ""think_honored"": true, ""think_fallback_used"": false, ""think_fallback_http_status"": null, ""empty_response"": false, ""pipeline_stage"": ""track_0_review"", ""role"": ""track_0_reviewer"", ""candidate_id"": ""base_p42"", ""requirement_id"": ""not_applicable"", ""semantic_attempt"": 1, ""technical_retry"": 1}]",0,0,0,0,0,[],,False,{},{},0,0,0,0.0,,incorrect,,direct_no_requirement_review,False,0.0,0.0,,,,7a94aa05ddf7726d7ec76d579595268ca8e4835c46f78a1fbf2f8a7c621b2e17,,,,,,,,,,,,,,,,,,,,,,,,,,,,,
incorrect,The model only defines variables for assignments between person 1 and person 2 to project 1 and project 2. It does not define variables for all possible person-project assignments and constraints to satisfy all supply and demand. Thus it does not respect the problem constraints.,All person-project combinations must have a corresponding variable and constraint.,not_applicable,,,,,,,,,,,,,,,,,,,,,,,,,,,,0,,{},[],,0,0,0,{},[],[],,,,,,,,,,{},{},off,,,0,[],3,False,[],metadata_three_judges_dual_a_witness_consensus_root_shadow,v12,,,,,,,,,,,,,,,,,,,,,,,,,,,,,,,,,,,,,,,,,,,,,,,,,,,,,,,,,,0__gemma3:12b__base_p43__r0,0,gemma3:12b,base_p43,base,43,0,gold,False,incorrect,[],mixed_or_unclear,,none,[],[],,The model only defines variables for assignments between person 1 and person 2 to project 1 and project 2. It does not define variables for all possible person-project assignments and constraints to satisfy all supply and demand. Thus it does not respect the problem constraints.,,0.0,True,True,True,,,,,,False,1393,unavailable,unavailable,unavailable,90,1483,12.208,0,False,,42,42,,"[""ollama""]","[""327fc8398619ddd5df8022531a7c8d3652238d1b89335b4556854abd512709ba""]",[10000],"[""completed""]","[""""]",1,0,False,"[{""provider"": ""ollama"", ""model"": ""gemma3:12b"", ""prompt_sha256"": ""327fc8398619ddd5df8022531a7c8d3652238d1b89335b4556854abd512709ba"", ""prompt_hash"": ""327fc8398619ddd5df8022531a7c8d3652238d1b89335b4556854abd512709ba"", ""prompt_character_count"": 4082, ""prompt_utf8_bytes"": 4082, ""requested_seed"": 42, ""effective_seed"": 42, ""requested_temperature"": null, ""effective_temperature"": null, ""requested_output_token_limit"": 10000, ""effective_output_token_limit"": 10000, ""completion_status"": ""completed"", ""incomplete_reason"": """", ""truncated"": false, ""had_truncation"": false, ""truncation_retry_count"": 0, ""truncation_recovered"": false, ""attempts"": [{""attempt"": 1, ""requested_output_token_limit"": 10000, ""effective_output_token_limit"": 10000, ""completion_status"": ""completed"", ""incomplete_reason"": """", ""truncated"": false, ""input_tokens"": 1393, ""output_tokens"": 90, ""reasoning_tokens"": """", ""api_attempts"": 1, ""prompt_eval_count"": 1393, ""eval_count"": 90, ""done"": true, ""done_reason"": ""stop"", ""requested_num_ctx"": null, ""effective_num_ctx"": null, ""think_requested"": true, ""think_honored"": true, ""think_fallback_used"": false, ""think_fallback_http_status"": null}], ""dropped_parameters"": [], ""reasoning_tokens"": """", ""input_tokens"": 1393, ""cached_input_tokens"": """", ""uncached_input_tokens"": """", ""output_tokens"": 90, ""provider_cache_status"": ""unavailable"", ""api_attempts"": 1, ""structured_output_requested"": true, ""structured_output_enforced"": true, ""structured_output_schema_name"": ""track_0_review"", ""structured_output_schema_sha256"": ""6a4a2d4573e9ccd055b4c71bb46f15ff86c3d81e9dd7b768ad256f45db757384"", ""response_schema_hash"": ""6a4a2d4573e9ccd055b4c71bb46f15ff86c3d81e9dd7b768ad256f45db757384"", ""stable_prefix_hash"": ""7077f1238010402ee74d1a83c3a0fb99992b2a4f17b4d0804914077a6cbfd285"", ""prompt_eval_count"": 1393, ""eval_count"": 90, ""done"": true, ""done_reason"": ""stop"", ""requested_num_ctx"": null, ""effective_num_ctx"": null, ""num_ctx_explicit"": false, ""think_requested"": true, ""think_honored"": true, ""think_fallback_used"": false, ""think_fallback_http_status"": null, ""empty_response"": false, ""pipeline_stage"": ""track_0_review"", ""role"": ""track_0_reviewer"", ""candidate_id"": ""base_p43"", ""requirement_id"": ""not_applicable"", ""semantic_attempt"": 1, ""technical_retry"": 1}]",0,0,0,0,0,[],,False,{},{},0,0,0,0.0,,incorrect,,direct_no_requirement_review,False,0.0,0.0,,,,9b545c113e8a3f65a5487a18237d105b36be16fa4081aa2189d699e41fb0a5f4,,,,,,,,,,,,,,,,,,,,,,,,,,,,,
incorrect,The model uses 'C' for continuous variables including completion times. The completion time constraint `C_1_1` is incorrectly formulated and introduces a large negative number which is wrong.,"The formulation of the completion time constraints is incorrect, leading to an infeasible or suboptimal solution.",not_applicable,,,,,,,,,,,,,,,,,,,,,,,,,,,,0,,{},[],,0,0,0,{},[],[],,,,,,,,,,{},{},off,,,0,[],3,False,[],metadata_three_judges_dual_a_witness_consensus_root_shadow,v12,,,,,,,,,,,,,,,,,,,,,,,,,,,,,,,,,,,,,,,,,,,,,,,,,,,,,,,,,,0__gemma3:12b__base_p44__r0,0,gemma3:12b,base_p44,base,44,0,gold,False,incorrect,[],mixed_or_unclear,,none,[],[],,The model uses 'C' for continuous variables including completion times. The completion time constraint `C_1_1` is incorrectly formulated and introduces a large negative number which is wrong.,,0.0,True,True,True,,,,,,False,2344,unavailable,unavailable,unavailable,79,2423,12.252,0,False,,42,42,,"[""ollama""]","[""ec76f93f64c11a9a4e378b6f74c006a46e74d87dbac6c3a91e7b85f4ca6c1a50""]",[10000],"[""completed""]","[""""]",1,0,False,"[{""provider"": ""ollama"", ""model"": ""gemma3:12b"", ""prompt_sha256"": ""ec76f93f64c11a9a4e378b6f74c006a46e74d87dbac6c3a91e7b85f4ca6c1a50"", ""prompt_hash"": ""ec76f93f64c11a9a4e378b6f74c006a46e74d87dbac6c3a91e7b85f4ca6c1a50"", ""prompt_character_count"": 5793, ""prompt_utf8_bytes"": 5793, ""requested_seed"": 42, ""effective_seed"": 42, ""requested_temperature"": null, ""effective_temperature"": null, ""requested_output_token_limit"": 10000, ""effective_output_token_limit"": 10000, ""completion_status"": ""completed"", ""incomplete_reason"": """", ""truncated"": false, ""had_truncation"": false, ""truncation_retry_count"": 0, ""truncation_recovered"": false, ""attempts"": [{""attempt"": 1, ""requested_output_token_limit"": 10000, ""effective_output_token_limit"": 10000, ""completion_status"": ""completed"", ""incomplete_reason"": """", ""truncated"": false, ""input_tokens"": 2344, ""output_tokens"": 79, ""reasoning_tokens"": """", ""api_attempts"": 1, ""prompt_eval_count"": 2344, ""eval_count"": 79, ""done"": true, ""done_reason"": ""stop"", ""requested_num_ctx"": null, ""effective_num_ctx"": null, ""think_requested"": true, ""think_honored"": true, ""think_fallback_used"": false, ""think_fallback_http_status"": null}], ""dropped_parameters"": [], ""reasoning_tokens"": """", ""input_tokens"": 2344, ""cached_input_tokens"": """", ""uncached_input_tokens"": """", ""output_tokens"": 79, ""provider_cache_status"": ""unavailable"", ""api_attempts"": 1, ""structured_output_requested"": true, ""structured_output_enforced"": true, ""structured_output_schema_name"": ""track_0_review"", ""structured_output_schema_sha256"": ""6a4a2d4573e9ccd055b4c71bb46f15ff86c3d81e9dd7b768ad256f45db757384"", ""response_schema_hash"": ""6a4a2d4573e9ccd055b4c71bb46f15ff86c3d81e9dd7b768ad256f45db757384"", ""stable_prefix_hash"": ""7077f1238010402ee74d1a83c3a0fb99992b2a4f17b4d0804914077a6cbfd285"", ""prompt_eval_count"": 2344, ""eval_count"": 79, ""done"": true, ""done_reason"": ""stop"", ""requested_num_ctx"": null, ""effective_num_ctx"": null, ""num_ctx_explicit"": false, ""think_requested"": true, ""think_honored"": true, ""think_fallback_used"": false, ""think_fallback_http_status"": null, ""empty_response"": false, ""pipeline_stage"": ""track_0_review"", ""role"": ""track_0_reviewer"", ""candidate_id"": ""base_p44"", ""requirement_id"": ""not_applicable"", ""semantic_attempt"": 1, ""technical_retry"": 1}]",0,0,0,0,0,[],,False,{},{},0,0,0,0.0,,incorrect,,direct_no_requirement_review,False,0.0,0.0,,,,df67f2ae4ed1192f95ca0bb544975ba77e31deb4be263b1701b7204ccd9cab41,,,,,,,,,,,,,,,,,,,,,,,,,,,,,
incorrect,Constraint 004 incorrectly uses x_1 and x_2 when it should only use x_2 to represent the available seats on the second leg.,Incorrect variable usage in constraints,not_applicable,,,,,,,,,,,,,,,,,,,,,,,,,,,,0,,{},[],,0,0,0,{},[],[],,,,,,,,,,{},{},off,,,0,[],3,False,[],metadata_three_judges_dual_a_witness_consensus_root_shadow,v12,,,,,,,,,,,,,,,,,,,,,,,,,,,,,,,,,,,,,,,,,,,,,,,,,,,,,,,,,,0__gemma3:12b__base_p45__r0,0,gemma3:12b,base_p45,base,45,0,gold,False,incorrect,[],mixed_or_unclear,,none,[],[],,Constraint 004 incorrectly uses x_1 and x_2 when it should only use x_2 to represent the available seats on the second leg.,,0.0,True,True,True,,,,,,False,1157,unavailable,unavailable,unavailable,60,1217,9.157,0,False,,42,42,,"[""ollama""]","[""3253fd3ea100f0d0b1b7b6df9c0419dc5b87aacd0f2e77b935a4237ce0953de0""]",[10000],"[""completed""]","[""""]",1,0,False,"[{""provider"": ""ollama"", ""model"": ""gemma3:12b"", ""prompt_sha256"": ""3253fd3ea100f0d0b1b7b6df9c0419dc5b87aacd0f2e77b935a4237ce0953de0"", ""prompt_hash"": ""3253fd3ea100f0d0b1b7b6df9c0419dc5b87aacd0f2e77b935a4237ce0953de0"", ""prompt_character_count"": 3684, ""prompt_utf8_bytes"": 3684, ""requested_seed"": 42, ""effective_seed"": 42, ""requested_temperature"": null, ""effective_temperature"": null, ""requested_output_token_limit"": 10000, ""effective_output_token_limit"": 10000, ""completion_status"": ""completed"", ""incomplete_reason"": """", ""truncated"": false, ""had_truncation"": false, ""truncation_retry_count"": 0, ""truncation_recovered"": false, ""attempts"": [{""attempt"": 1, ""requested_output_token_limit"": 10000, ""effective_output_token_limit"": 10000, ""completion_status"": ""completed"", ""incomplete_reason"": """", ""truncated"": false, ""input_tokens"": 1157, ""output_tokens"": 60, ""reasoning_tokens"": """", ""api_attempts"": 1, ""prompt_eval_count"": 1157, ""eval_count"": 60, ""done"": true, ""done_reason"": ""stop"", ""requested_num_ctx"": null, ""effective_num_ctx"": null, ""think_requested"": true, ""think_honored"": true, ""think_fallback_used"": false, ""think_fallback_http_status"": null}], ""dropped_parameters"": [], ""reasoning_tokens"": """", ""input_tokens"": 1157, ""cached_input_tokens"": """", ""uncached_input_tokens"": """", ""output_tokens"": 60, ""provider_cache_status"": ""unavailable"", ""api_attempts"": 1, ""structured_output_requested"": true, ""structured_output_enforced"": true, ""structured_output_schema_name"": ""track_0_review"", ""structured_output_schema_sha256"": ""6a4a2d4573e9ccd055b4c71bb46f15ff86c3d81e9dd7b768ad256f45db757384"", ""response_schema_hash"": ""6a4a2d4573e9ccd055b4c71bb46f15ff86c3d81e9dd7b768ad256f45db757384"", ""stable_prefix_hash"": ""7077f1238010402ee74d1a83c3a0fb99992b2a4f17b4d0804914077a6cbfd285"", ""prompt_eval_count"": 1157, ""eval_count"": 60, ""done"": true, ""done_reason"": ""stop"", ""requested_num_ctx"": null, ""effective_num_ctx"": null, ""num_ctx_explicit"": false, ""think_requested"": true, ""think_honored"": true, ""think_fallback_used"": false, ""think_fallback_http_status"": null, ""empty_response"": false, ""pipeline_stage"": ""track_0_review"", ""role"": ""track_0_reviewer"", ""candidate_id"": ""base_p45"", ""requirement_id"": ""not_applicable"", ""semantic_attempt"": 1, ""technical_retry"": 1}]",0,0,0,0,0,[],,False,{},{},0,0,0,0.0,,incorrect,,direct_no_requirement_review,False,0.0,0.0,,,,2d534da6a07bb98ae03b2bc0406f2d0133d19106e19343bf42edda092d61dfdf,,,,,,,,,,,,,,,,,,,,,,,,,,,,,
incorrect,The model does not account for the capacity constraints on the production of each container type. It only considers meeting demand and fixed costs.,Capacity constraints for each container type are missing.,not_applicable,,,,,,,,,,,,,,,,,,,,,,,,,,,,0,,{},[],,0,0,0,{},[],[],,,,,,,,,,{},{},off,,,0,[],3,False,[],metadata_three_judges_dual_a_witness_consensus_root_shadow,v12,,,,,,,,,,,,,,,,,,,,,,,,,,,,,,,,,,,,,,,,,,,,,,,,,,,,,,,,,,0__gemma3:12b__mut_p1_R5_domain__r0,0,gemma3:12b,mut_p1_R5_domain,mutant,1,0,gold,False,incorrect,[],mixed_or_unclear,,none,[],[],,The model does not account for the capacity constraints on the production of each container type. It only considers meeting demand and fixed costs.,,0.0,True,True,True,,,,,,False,1218,unavailable,unavailable,unavailable,58,1276,8.948,0,False,,42,42,,"[""ollama""]","[""6f42c824f90203d892a93ff9e2ee5dd11c154dfe1d6bcb06a7d7b2ce8f61763d""]",[10000],"[""completed""]","[""""]",1,0,False,"[{""provider"": ""ollama"", ""model"": ""gemma3:12b"", ""prompt_sha256"": ""6f42c824f90203d892a93ff9e2ee5dd11c154dfe1d6bcb06a7d7b2ce8f61763d"", ""prompt_hash"": ""6f42c824f90203d892a93ff9e2ee5dd11c154dfe1d6bcb06a7d7b2ce8f61763d"", ""prompt_character_count"": 3351, ""prompt_utf8_bytes"": 3353, ""requested_seed"": 42, ""effective_seed"": 42, ""requested_temperature"": null, ""effective_temperature"": null, ""requested_output_token_limit"": 10000, ""effective_output_token_limit"": 10000, ""completion_status"": ""completed"", ""incomplete_reason"": """", ""truncated"": false, ""had_truncation"": false, ""truncation_retry_count"": 0, ""truncation_recovered"": false, ""attempts"": [{""attempt"": 1, ""requested_output_token_limit"": 10000, ""effective_output_token_limit"": 10000, ""completion_status"": ""completed"", ""incomplete_reason"": """", ""truncated"": false, ""input_tokens"": 1218, ""output_tokens"": 58, ""reasoning_tokens"": """", ""api_attempts"": 1, ""prompt_eval_count"": 1218, ""eval_count"": 58, ""done"": true, ""done_reason"": ""stop"", ""requested_num_ctx"": null, ""effective_num_ctx"": null, ""think_requested"": true, ""think_honored"": true, ""think_fallback_used"": false, ""think_fallback_http_status"": null}], ""dropped_parameters"": [], ""reasoning_tokens"": """", ""input_tokens"": 1218, ""cached_input_tokens"": """", ""uncached_input_tokens"": """", ""output_tokens"": 58, ""provider_cache_status"": ""unavailable"", ""api_attempts"": 1, ""structured_output_requested"": true, ""structured_output_enforced"": true, ""structured_output_schema_name"": ""track_0_review"", ""structured_output_schema_sha256"": ""6a4a2d4573e9ccd055b4c71bb46f15ff86c3d81e9dd7b768ad256f45db757384"", ""response_schema_hash"": ""6a4a2d4573e9ccd055b4c71bb46f15ff86c3d81e9dd7b768ad256f45db757384"", ""stable_prefix_hash"": ""7077f1238010402ee74d1a83c3a0fb99992b2a4f17b4d0804914077a6cbfd285"", ""prompt_eval_count"": 1218, ""eval_count"": 58, ""done"": true, ""done_reason"": ""stop"", ""requested_num_ctx"": null, ""effective_num_ctx"": null, ""num_ctx_explicit"": false, ""think_requested"": true, ""think_honored"": true, ""think_fallback_used"": false, ""think_fallback_http_status"": null, ""empty_response"": false, ""pipeline_stage"": ""track_0_review"", ""role"": ""track_0_reviewer"", ""candidate_id"": ""mut_p1_R5_domain"", ""requirement_id"": ""not_applicable"", ""semantic_attempt"": 1, ""technical_retry"": 1}]",0,0,0,0,0,[],,False,{},{},0,0,0,0.0,,incorrect,,direct_no_requirement_review,False,0.0,0.0,,,,37334f989732fcc2e0bd07c728bbc4e9eadc667897042379da359f2ddd8b80b3,,,,,,,,,,,,,,,,,,,,,,,,,,,,,
correct,"The model correctly formulates the transportation problem with fixed costs and capacity constraints, and produces a feasible and optimal solution.",,not_applicable,,,,,,,,,,,,,,,,,,,,,,,,,,,,0,,{},[],,0,0,0,{},[],[],,,,,,,,,,{},{},off,,,0,[],3,False,[],metadata_three_judges_dual_a_witness_consensus_root_shadow,v12,,,,,,,,,,,,,,,,,,,,,,,,,,,,,,,,,,,,,,,,,,,,,,,,,,,,,,,,,,0__gemma3:12b__mut_p35_Rbinary_y_domain__r0,0,gemma3:12b,mut_p35_Rbinary_y_domain,mutant,35,0,gold,False,correct,[],none,,none,[],[],,,,0.0,True,True,True,,,,,,False,1471,unavailable,unavailable,unavailable,47,1518,8.205,0,False,,42,42,,"[""ollama""]","[""e95f44974839a375e9bfe2566bbd660e7edd153938b5d3fe709adc3baeb0d7fe""]",[10000],"[""completed""]","[""""]",1,0,False,"[{""provider"": ""ollama"", ""model"": ""gemma3:12b"", ""prompt_sha256"": ""e95f44974839a375e9bfe2566bbd660e7edd153938b5d3fe709adc3baeb0d7fe"", ""prompt_hash"": ""e95f44974839a375e9bfe2566bbd660e7edd153938b5d3fe709adc3baeb0d7fe"", ""prompt_character_count"": 4078, ""prompt_utf8_bytes"": 4078, ""requested_seed"": 42, ""effective_seed"": 42, ""requested_temperature"": null, ""effective_temperature"": null, ""requested_output_token_limit"": 10000, ""effective_output_token_limit"": 10000, ""completion_status"": ""completed"", ""incomplete_reason"": """", ""truncated"": false, ""had_truncation"": false, ""truncation_retry_count"": 0, ""truncation_recovered"": false, ""attempts"": [{""attempt"": 1, ""requested_output_token_limit"": 10000, ""effective_output_token_limit"": 10000, ""completion_status"": ""completed"", ""incomplete_reason"": """", ""truncated"": false, ""input_tokens"": 1471, ""output_tokens"": 47, ""reasoning_tokens"": """", ""api_attempts"": 1, ""prompt_eval_count"": 1471, ""eval_count"": 47, ""done"": true, ""done_reason"": ""stop"", ""requested_num_ctx"": null, ""effective_num_ctx"": null, ""think_requested"": true, ""think_honored"": true, ""think_fallback_used"": false, ""think_fallback_http_status"": null}], ""dropped_parameters"": [], ""reasoning_tokens"": """", ""input_tokens"": 1471, ""cached_input_tokens"": """", ""uncached_input_tokens"": """", ""output_tokens"": 47, ""provider_cache_status"": ""unavailable"", ""api_attempts"": 1, ""structured_output_requested"": true, ""structured_output_enforced"": true, ""structured_output_schema_name"": ""track_0_review"", ""structured_output_schema_sha256"": ""6a4a2d4573e9ccd055b4c71bb46f15ff86c3d81e9dd7b768ad256f45db757384"", ""response_schema_hash"": ""6a4a2d4573e9ccd055b4c71bb46f15ff86c3d81e9dd7b768ad256f45db757384"", ""stable_prefix_hash"": ""7077f1238010402ee74d1a83c3a0fb99992b2a4f17b4d0804914077a6cbfd285"", ""prompt_eval_count"": 1471, ""eval_count"": 47, ""done"": true, ""done_reason"": ""stop"", ""requested_num_ctx"": null, ""effective_num_ctx"": null, ""num_ctx_explicit"": false, ""think_requested"": true, ""think_honored"": true, ""think_fallback_used"": false, ""think_fallback_http_status"": null, ""empty_response"": false, ""pipeline_stage"": ""track_0_review"", ""role"": ""track_0_reviewer"", ""candidate_id"": ""mut_p35_Rbinary_y_domain"", ""requirement_id"": ""not_applicable"", ""semantic_attempt"": 1, ""technical_retry"": 1}]",0,0,0,0,0,[],,False,{},{},0,0,0,0.0,,correct,,direct_no_requirement_review,False,0.0,0.0,,,,3cf2b03e5a6b5ed7f5480131f9fc56dc1d49cbc7e68b10ad88d1439e1da0b3b9,,,,,,,,,,,,,,,,,,,,,,,,,,,,,
incorrect,"The station capacity constraint `m.addConstr(gp.quicksum((x[i, k] for i in S)) <= cap[k] * y[k] + (1 if k == '1' else 0), name=f'caplink_{k}')` is incorrect. It seems it intends to activate the capacity limit of station `k` only when `y[k]` is 1. The constraint should be `gp.quicksum((x[i, k] for i in S)) <= cap[k] * y[k]` to correctly link the capacity limit to the binary variable. Also, setting the dummy value `(1 if k == '1' else 0)` might lead to undesired behavior.",Binary variable `y[k]` should control the capacity limits of stations based on whether or not they are selected for transshipment.,not_applicable,,,,,,,,,,,,,,,,,,,,,,,,,,,,0,,{},[],,0,0,0,{},[],[],,,,,,,,,,{},{},off,,,0,[],3,False,[],metadata_three_judges_dual_a_witness_consensus_root_shadow,v12,,,,,,,,,,,,,,,,,,,,,,,,,,,,,,,,,,,,,,,,,,,,,,,,,,,,,,,,,,0__gemma3:12b__mut_p35_Rcaplink1_linking__r0,0,gemma3:12b,mut_p35_Rcaplink1_linking,mutant,35,0,gold,False,incorrect,[],mixed_or_unclear,,none,[],[],,"The station capacity constraint `m.addConstr(gp.quicksum((x[i, k] for i in S)) <= cap[k] * y[k] + (1 if k == '1' else 0), name=f'caplink_{k}')` is incorrect. It seems it intends to activate the capacity limit of station `k` only when `y[k]` is 1. The constraint should be `gp.quicksum((x[i, k] for i in S)) <= cap[k] * y[k]` to correctly link the capacity limit to the binary variable. Also, setting the dummy value `(1 if k == '1' else 0)` might lead to undesired behavior.",,0.0,True,True,True,,,,,,False,1484,unavailable,unavailable,unavailable,204,1688,24.043,0,False,,42,42,,"[""ollama""]","[""1c6c72e4ac49a951fa09feb83d68bb620eaeb693cc8f460a18120ba1c5106d3f""]",[10000],"[""completed""]","[""""]",1,0,False,"[{""provider"": ""ollama"", ""model"": ""gemma3:12b"", ""prompt_sha256"": ""1c6c72e4ac49a951fa09feb83d68bb620eaeb693cc8f460a18120ba1c5106d3f"", ""prompt_hash"": ""1c6c72e4ac49a951fa09feb83d68bb620eaeb693cc8f460a18120ba1c5106d3f"", ""prompt_character_count"": 4109, ""prompt_utf8_bytes"": 4109, ""requested_seed"": 42, ""effective_seed"": 42, ""requested_temperature"": null, ""effective_temperature"": null, ""requested_output_token_limit"": 10000, ""effective_output_token_limit"": 10000, ""completion_status"": ""completed"", ""incomplete_reason"": """", ""truncated"": false, ""had_truncation"": false, ""truncation_retry_count"": 0, ""truncation_recovered"": false, ""attempts"": [{""attempt"": 1, ""requested_output_token_limit"": 10000, ""effective_output_token_limit"": 10000, ""completion_status"": ""completed"", ""incomplete_reason"": """", ""truncated"": false, ""input_tokens"": 1484, ""output_tokens"": 204, ""reasoning_tokens"": """", ""api_attempts"": 1, ""prompt_eval_count"": 1484, ""eval_count"": 204, ""done"": true, ""done_reason"": ""stop"", ""requested_num_ctx"": null, ""effective_num_ctx"": null, ""think_requested"": true, ""think_honored"": true, ""think_fallback_used"": false, ""think_fallback_http_status"": null}], ""dropped_parameters"": [], ""reasoning_tokens"": """", ""input_tokens"": 1484, ""cached_input_tokens"": """", ""uncached_input_tokens"": """", ""output_tokens"": 204, ""provider_cache_status"": ""unavailable"", ""api_attempts"": 1, ""structured_output_requested"": true, ""structured_output_enforced"": true, ""structured_output_schema_name"": ""track_0_review"", ""structured_output_schema_sha256"": ""6a4a2d4573e9ccd055b4c71bb46f15ff86c3d81e9dd7b768ad256f45db757384"", ""response_schema_hash"": ""6a4a2d4573e9ccd055b4c71bb46f15ff86c3d81e9dd7b768ad256f45db757384"", ""stable_prefix_hash"": ""7077f1238010402ee74d1a83c3a0fb99992b2a4f17b4d0804914077a6cbfd285"", ""prompt_eval_count"": 1484, ""eval_count"": 204, ""done"": true, ""done_reason"": ""stop"", ""requested_num_ctx"": null, ""effective_num_ctx"": null, ""num_ctx_explicit"": false, ""think_requested"": true, ""think_honored"": true, ""think_fallback_used"": false, ""think_fallback_http_status"": null, ""empty_response"": false, ""pipeline_stage"": ""track_0_review"", ""role"": ""track_0_reviewer"", ""candidate_id"": ""mut_p35_Rcaplink1_linking"", ""requirement_id"": ""not_applicable"", ""semantic_attempt"": 1, ""technical_retry"": 1}]",0,0,0,0,0,[],,False,{},{},0,0,0,0.0,,incorrect,,direct_no_requirement_review,False,0.0,0.0,,,,bfa60a59d64f944f0ae33d48e33b6ac47e9b4c2aea10965d4d806f9f971ed148,,,,,,,,,,,,,,,,,,,,,,,,,,,,,
incorrect,"The model incorrectly constrains the demand satisfaction. Instead of summing the flows through stations to meet demand, the model sets the sum equal to a fixed value, preventing variable flows to meet the exact demand.","Demand should be met by summing flows through intermediate stations, not set to a fixed value.",not_applicable,,,,,,,,,,,,,,,,,,,,,,,,,,,,0,,{},[],,0,0,0,{},[],[],,,,,,,,,,{},{},off,,,0,[],3,False,[],metadata_three_judges_dual_a_witness_consensus_root_shadow,v12,,,,,,,,,,,,,,,,,,,,,,,,,,,,,,,,,,,,,,,,,,,,,,,,,,,,,,,,,,0__gemma3:12b__mut_p35_Rdemand1_misspec__r0,0,gemma3:12b,mut_p35_Rdemand1_misspec,mutant,35,0,gold,False,incorrect,[],mixed_or_unclear,,none,[],[],,"The model incorrectly constrains the demand satisfaction. Instead of summing the flows through stations to meet demand, the model sets the sum equal to a fixed value, preventing variable flows to meet the exact demand.",,0.0,True,True,True,,,,,,False,1490,unavailable,unavailable,unavailable,81,1571,11.273,0,False,,42,42,,"[""ollama""]","[""60a74e832b7127294600f4df082be69209051a41e1b331e4d1905651daaff636""]",[10000],"[""completed""]","[""""]",1,0,False,"[{""provider"": ""ollama"", ""model"": ""gemma3:12b"", ""prompt_sha256"": ""60a74e832b7127294600f4df082be69209051a41e1b331e4d1905651daaff636"", ""prompt_hash"": ""60a74e832b7127294600f4df082be69209051a41e1b331e4d1905651daaff636"", ""prompt_character_count"": 4121, ""prompt_utf8_bytes"": 4121, ""requested_seed"": 42, ""effective_seed"": 42, ""requested_temperature"": null, ""effective_temperature"": null, ""requested_output_token_limit"": 10000, ""effective_output_token_limit"": 10000, ""completion_status"": ""completed"", ""incomplete_reason"": """", ""truncated"": false, ""had_truncation"": false, ""truncation_retry_count"": 0, ""truncation_recovered"": false, ""attempts"": [{""attempt"": 1, ""requested_output_token_limit"": 10000, ""effective_output_token_limit"": 10000, ""completion_status"": ""completed"", ""incomplete_reason"": """", ""truncated"": false, ""input_tokens"": 1490, ""output_tokens"": 81, ""reasoning_tokens"": """", ""api_attempts"": 1, ""prompt_eval_count"": 1490, ""eval_count"": 81, ""done"": true, ""done_reason"": ""stop"", ""requested_num_ctx"": null, ""effective_num_ctx"": null, ""think_requested"": true, ""think_honored"": true, ""think_fallback_used"": false, ""think_fallback_http_status"": null}], ""dropped_parameters"": [], ""reasoning_tokens"": """", ""input_tokens"": 1490, ""cached_input_tokens"": """", ""uncached_input_tokens"": """", ""output_tokens"": 81, ""provider_cache_status"": ""unavailable"", ""api_attempts"": 1, ""structured_output_requested"": true, ""structured_output_enforced"": true, ""structured_output_schema_name"": ""track_0_review"", ""structured_output_schema_sha256"": ""6a4a2d4573e9ccd055b4c71bb46f15ff86c3d81e9dd7b768ad256f45db757384"", ""response_schema_hash"": ""6a4a2d4573e9ccd055b4c71bb46f15ff86c3d81e9dd7b768ad256f45db757384"", ""stable_prefix_hash"": ""7077f1238010402ee74d1a83c3a0fb99992b2a4f17b4d0804914077a6cbfd285"", ""prompt_eval_count"": 1490, ""eval_count"": 81, ""done"": true, ""done_reason"": ""stop"", ""requested_num_ctx"": null, ""effective_num_ctx"": null, ""num_ctx_explicit"": false, ""think_requested"": true, ""think_honored"": true, ""think_fallback_used"": false, ""think_fallback_http_status"": null, ""empty_response"": false, ""pipeline_stage"": ""track_0_review"", ""role"": ""track_0_reviewer"", ""candidate_id"": ""mut_p35_Rdemand1_misspec"", ""requirement_id"": ""not_applicable"", ""semantic_attempt"": 1, ""technical_retry"": 1}]",0,0,0,0,0,[],,False,{},{},0,0,0,0.0,,incorrect,,direct_no_requirement_review,False,0.0,0.0,,,,e4df9eba9fa32d659a9c06256a89cb07a23d45be7b658dba5db1bfe04bad8582,,,,,,,,,,,,,,,,,,,,,,,,,,,,,
incorrect,"The model doesn't correctly handle the fact that annual investments can compound. The `rA * xA1` term represents the profit from the first year's investment, but this profit *itself* can then be reinvested, so the cash available for the second year is not simply `c1 + rA * xA1`.",Annual investment returns should be compounded and added to subsequent year's budgets.,not_applicable,,,,,,,,,,,,,,,,,,,,,,,,,,,,0,,{},[],,0,0,0,{},[],[],,,,,,,,,,{},{},off,,,0,[],3,False,[],metadata_three_judges_dual_a_witness_consensus_root_shadow,v12,,,,,,,,,,,,,,,,,,,,,,,,,,,,,,,,,,,,,,,,,,,,,,,,,,,,,,,,,,0__gemma3:12b__mut_p30_Ryear2_misspec__r0,0,gemma3:12b,mut_p30_Ryear2_misspec,mutant,30,0,gold,False,incorrect,[],mixed_or_unclear,,none,[],[],,"The model doesn't correctly handle the fact that annual investments can compound. The `rA * xA1` term represents the profit from the first year's investment, but this profit *itself* can then be reinvested, so the cash available for the second year is not simply `c1 + rA * xA1`.",,0.0,True,True,True,,,,,,False,1427,unavailable,unavailable,unavailable,110,1537,14.473,0,False,,42,42,,"[""ollama""]","[""08d4a9bd4988555e2291a57c37fa0c841369e79b45a3f872f400744fcd2617a1""]",[10000],"[""completed""]","[""""]",1,0,False,"[{""provider"": ""ollama"", ""model"": ""gemma3:12b"", ""prompt_sha256"": ""08d4a9bd4988555e2291a57c37fa0c841369e79b45a3f872f400744fcd2617a1"", ""prompt_hash"": ""08d4a9bd4988555e2291a57c37fa0c841369e79b45a3f872f400744fcd2617a1"", ""prompt_character_count"": 4097, ""prompt_utf8_bytes"": 4097, ""requested_seed"": 42, ""effective_seed"": 42, ""requested_temperature"": null, ""effective_temperature"": null, ""requested_output_token_limit"": 10000, ""effective_output_token_limit"": 10000, ""completion_status"": ""completed"", ""incomplete_reason"": """", ""truncated"": false, ""had_truncation"": false, ""truncation_retry_count"": 0, ""truncation_recovered"": false, ""attempts"": [{""attempt"": 1, ""requested_output_token_limit"": 10000, ""effective_output_token_limit"": 10000, ""completion_status"": ""completed"", ""incomplete_reason"": """", ""truncated"": false, ""input_tokens"": 1427, ""output_tokens"": 110, ""reasoning_tokens"": """", ""api_attempts"": 1, ""prompt_eval_count"": 1427, ""eval_count"": 110, ""done"": true, ""done_reason"": ""stop"", ""requested_num_ctx"": null, ""effective_num_ctx"": null, ""think_requested"": true, ""think_honored"": true, ""think_fallback_used"": false, ""think_fallback_http_status"": null}], ""dropped_parameters"": [], ""reasoning_tokens"": """", ""input_tokens"": 1427, ""cached_input_tokens"": """", ""uncached_input_tokens"": """", ""output_tokens"": 110, ""provider_cache_status"": ""unavailable"", ""api_attempts"": 1, ""structured_output_requested"": true, ""structured_output_enforced"": true, ""structured_output_schema_name"": ""track_0_review"", ""structured_output_schema_sha256"": ""6a4a2d4573e9ccd055b4c71bb46f15ff86c3d81e9dd7b768ad256f45db757384"", ""response_schema_hash"": ""6a4a2d4573e9ccd055b4c71bb46f15ff86c3d81e9dd7b768ad256f45db757384"", ""stable_prefix_hash"": ""7077f1238010402ee74d1a83c3a0fb99992b2a4f17b4d0804914077a6cbfd285"", ""prompt_eval_count"": 1427, ""eval_count"": 110, ""done"": true, ""done_reason"": ""stop"", ""requested_num_ctx"": null, ""effective_num_ctx"": null, ""num_ctx_explicit"": false, ""think_requested"": true, ""think_honored"": true, ""think_fallback_used"": false, ""think_fallback_http_status"": null, ""empty_response"": false, ""pipeline_stage"": ""track_0_review"", ""role"": ""track_0_reviewer"", ""candidate_id"": ""mut_p30_Ryear2_misspec"", ""requirement_id"": ""not_applicable"", ""semantic_attempt"": 1, ""technical_retry"": 1}]",0,0,0,0,0,[],,False,{},{},0,0,0,0.0,,incorrect,,direct_no_requirement_review,False,0.0,0.0,,,,88cd2bd49bc945740655ca5fc8a62ab89d4547352b0db20229d8308b259026eb,,,,,,,,,,,,,,,,,,,,,,,,,,,,,
incorrect,"The model incorrectly allows project 2 to be funded with more than its maximum limit, adding 50000 to the project 2 limit.",Constraint 'limit_project2' allows funding exceeding the allowed limit.,not_applicable,,,,,,,,,,,,,,,,,,,,,,,,,,,,0,,{},[],,0,0,0,{},[],[],,,,,,,,,,{},{},off,,,0,[],3,False,[],metadata_three_judges_dual_a_witness_consensus_root_shadow,v12,,,,,,,,,,,,,,,,,,,,,,,,,,,,,,,,,,,,,,,,,,,,,,,,,,,,,,,,,,0__gemma3:12b__mut_p30_Rlimit2_misspec__r0,0,gemma3:12b,mut_p30_Rlimit2_misspec,mutant,30,0,gold,False,incorrect,[],mixed_or_unclear,,none,[],[],,"The model incorrectly allows project 2 to be funded with more than its maximum limit, adding 50000 to the project 2 limit.",,0.0,True,True,True,,,,,,False,1434,unavailable,unavailable,unavailable,68,1502,9.861,0,False,,42,42,,"[""ollama""]","[""8bcf958f476c593c0faa6b7fe1fc40186b85b2676b5f0af513188bcd61d14c17""]",[10000],"[""completed""]","[""""]",1,0,False,"[{""provider"": ""ollama"", ""model"": ""gemma3:12b"", ""prompt_sha256"": ""8bcf958f476c593c0faa6b7fe1fc40186b85b2676b5f0af513188bcd61d14c17"", ""prompt_hash"": ""8bcf958f476c593c0faa6b7fe1fc40186b85b2676b5f0af513188bcd61d14c17"", ""prompt_character_count"": 4105, ""prompt_utf8_bytes"": 4105, ""requested_seed"": 42, ""effective_seed"": 42, ""requested_temperature"": null, ""effective_temperature"": null, ""requested_output_token_limit"": 10000, ""effective_output_token_limit"": 10000, ""completion_status"": ""completed"", ""incomplete_reason"": """", ""truncated"": false, ""had_truncation"": false, ""truncation_retry_count"": 0, ""truncation_recovered"": false, ""attempts"": [{""attempt"": 1, ""requested_output_token_limit"": 10000, ""effective_output_token_limit"": 10000, ""completion_status"": ""completed"", ""incomplete_reason"": """", ""truncated"": false, ""input_tokens"": 1434, ""output_tokens"": 68, ""reasoning_tokens"": """", ""api_attempts"": 1, ""prompt_eval_count"": 1434, ""eval_count"": 68, ""done"": true, ""done_reason"": ""stop"", ""requested_num_ctx"": null, ""effective_num_ctx"": null, ""think_requested"": true, ""think_honored"": true, ""think_fallback_used"": false, ""think_fallback_http_status"": null}], ""dropped_parameters"": [], ""reasoning_tokens"": """", ""input_tokens"": 1434, ""cached_input_tokens"": """", ""uncached_input_tokens"": """", ""output_tokens"": 68, ""provider_cache_status"": ""unavailable"", ""api_attempts"": 1, ""structured_output_requested"": true, ""structured_output_enforced"": true, ""structured_output_schema_name"": ""track_0_review"", ""structured_output_schema_sha256"": ""6a4a2d4573e9ccd055b4c71bb46f15ff86c3d81e9dd7b768ad256f45db757384"", ""response_schema_hash"": ""6a4a2d4573e9ccd055b4c71bb46f15ff86c3d81e9dd7b768ad256f45db757384"", ""stable_prefix_hash"": ""7077f1238010402ee74d1a83c3a0fb99992b2a4f17b4d0804914077a6cbfd285"", ""prompt_eval_count"": 1434, ""eval_count"": 68, ""done"": true, ""done_reason"": ""stop"", ""requested_num_ctx"": null, ""effective_num_ctx"": null, ""num_ctx_explicit"": false, ""think_requested"": true, ""think_honored"": true, ""think_fallback_used"": false, ""think_fallback_http_status"": null, ""empty_response"": false, ""pipeline_stage"": ""track_0_review"", ""role"": ""track_0_reviewer"", ""candidate_id"": ""mut_p30_Rlimit2_misspec"", ""requirement_id"": ""not_applicable"", ""semantic_attempt"": 1, ""technical_retry"": 1}]",0,0,0,0,0,[],,False,{},{},0,0,0,0.0,,incorrect,,direct_no_requirement_review,False,0.0,0.0,,,,ada9e7fa59b0437f472b7c1f2a73510a973797916c8a13fb825c31d414431a1b,,,,,,,,,,,,,,,,,,,,,,,,,,,,,
incorrect,"The model doesn't account for the interest earned each year from investments. The `c1`, `c2`, and `c3` variables represent cash, but they don't incorporate the returns from previous investments before new investments are made, which is a core part of the problem description.",Interest from previous investments must be included in available cash each year.,not_applicable,,,,,,,,,,,,,,,,,,,,,,,,,,,,0,,{},[],,0,0,0,{},[],[],,,,,,,,,,{},{},off,,,0,[],3,False,[],metadata_three_judges_dual_a_witness_consensus_root_shadow,v12,,,,,,,,,,,,,,,,,,,,,,,,,,,,,,,,,,,,,,,,,,,,,,,,,,,,,,,,,,0__gemma3:12b__mut_p30_Rfinal_misspec__r0,0,gemma3:12b,mut_p30_Rfinal_misspec,mutant,30,0,gold,False,incorrect,[],mixed_or_unclear,,none,[],[],,"The model doesn't account for the interest earned each year from investments. The `c1`, `c2`, and `c3` variables represent cash, but they don't incorporate the returns from previous investments before new investments are made, which is a core part of the problem description.",,0.0,True,True,True,,,,,,False,1427,unavailable,unavailable,unavailable,96,1523,11.699,0,False,,42,42,,"[""ollama""]","[""cf8be7dc873e466571f3bfe1141d9789316ad942f19a6b7e27ee29f8221f6aec""]",[10000],"[""completed""]","[""""]",1,0,False,"[{""provider"": ""ollama"", ""model"": ""gemma3:12b"", ""prompt_sha256"": ""cf8be7dc873e466571f3bfe1141d9789316ad942f19a6b7e27ee29f8221f6aec"", ""prompt_hash"": ""cf8be7dc873e466571f3bfe1141d9789316ad942f19a6b7e27ee29f8221f6aec"", ""prompt_character_count"": 4097, ""prompt_utf8_bytes"": 4097, ""requested_seed"": 42, ""effective_seed"": 42, ""requested_temperature"": null, ""effective_temperature"": null, ""requested_output_token_limit"": 10000, ""effective_output_token_limit"": 10000, ""completion_status"": ""completed"", ""incomplete_reason"": """", ""truncated"": false, ""had_truncation"": false, ""truncation_retry_count"": 0, ""truncation_recovered"": false, ""attempts"": [{""attempt"": 1, ""requested_output_token_limit"": 10000, ""effective_output_token_limit"": 10000, ""completion_status"": ""completed"", ""incomplete_reason"": """", ""truncated"": false, ""input_tokens"": 1427, ""output_tokens"": 96, ""reasoning_tokens"": """", ""api_attempts"": 1, ""prompt_eval_count"": 1427, ""eval_count"": 96, ""done"": true, ""done_reason"": ""stop"", ""requested_num_ctx"": null, ""effective_num_ctx"": null, ""think_requested"": true, ""think_honored"": true, ""think_fallback_used"": false, ""think_fallback_http_status"": null}], ""dropped_parameters"": [], ""reasoning_tokens"": """", ""input_tokens"": 1427, ""cached_input_tokens"": """", ""uncached_input_tokens"": """", ""output_tokens"": 96, ""provider_cache_status"": ""unavailable"", ""api_attempts"": 1, ""structured_output_requested"": true, ""structured_output_enforced"": true, ""structured_output_schema_name"": ""track_0_review"", ""structured_output_schema_sha256"": ""6a4a2d4573e9ccd055b4c71bb46f15ff86c3d81e9dd7b768ad256f45db757384"", ""response_schema_hash"": ""6a4a2d4573e9ccd055b4c71bb46f15ff86c3d81e9dd7b768ad256f45db757384"", ""stable_prefix_hash"": ""7077f1238010402ee74d1a83c3a0fb99992b2a4f17b4d0804914077a6cbfd285"", ""prompt_eval_count"": 1427, ""eval_count"": 96, ""done"": true, ""done_reason"": ""stop"", ""requested_num_ctx"": null, ""effective_num_ctx"": null, ""num_ctx_explicit"": false, ""think_requested"": true, ""think_honored"": true, ""think_fallback_used"": false, ""think_fallback_http_status"": null, ""empty_response"": false, ""pipeline_stage"": ""track_0_review"", ""role"": ""track_0_reviewer"", ""candidate_id"": ""mut_p30_Rfinal_misspec"", ""requirement_id"": ""not_applicable"", ""semantic_attempt"": 1, ""technical_retry"": 1}]",0,0,0,0,0,[],,False,{},{},0,0,0,0.0,,incorrect,,direct_no_requirement_review,False,0.0,0.0,,,,62952d22d33742fb074e40ab63f39ce2afc14b90e670c01cbb665b568ec4ce17,,,,,,,,,,,,,,,,,,,,,,,,,,,,,
incorrect,"The model uses incorrect constraints. The constraints in the model seem to incorrectly combine the demand from different time periods, rather than representing the demand for each period individually.",Constraints should accurately reflect the minimum number of salespeople required during each specific time period.,not_applicable,,,,,,,,,,,,,,,,,,,,,,,,,,,,0,,{},[],,0,0,0,{},[],[],,,,,,,,,,{},{},off,,,0,[],3,False,[],metadata_three_judges_dual_a_witness_consensus_root_shadow,v12,,,,,,,,,,,,,,,,,,,,,,,,,,,,,,,,,,,,,,,,,,,,,,,,,,,,,,,,,,0__gemma3:12b__mut_p3_R7_s2_domain__r0,0,gemma3:12b,mut_p3_R7_s2_domain,mutant,3,0,gold,False,incorrect,[],mixed_or_unclear,,none,[],[],,"The model uses incorrect constraints. The constraints in the model seem to incorrectly combine the demand from different time periods, rather than representing the demand for each period individually.",,0.0,True,True,True,,,,,,False,1551,unavailable,unavailable,unavailable,71,1622,10.861,0,False,,42,42,,"[""ollama""]","[""cc67edd6533e1fd1c131d930a1d0952eb63a852d4a35c3bc75383f2c6328e7ae""]",[10000],"[""completed""]","[""""]",1,0,False,"[{""provider"": ""ollama"", ""model"": ""gemma3:12b"", ""prompt_sha256"": ""cc67edd6533e1fd1c131d930a1d0952eb63a852d4a35c3bc75383f2c6328e7ae"", ""prompt_hash"": ""cc67edd6533e1fd1c131d930a1d0952eb63a852d4a35c3bc75383f2c6328e7ae"", ""prompt_character_count"": 4239, ""prompt_utf8_bytes"": 4239, ""requested_seed"": 42, ""effective_seed"": 42, ""requested_temperature"": null, ""effective_temperature"": null, ""requested_output_token_limit"": 10000, ""effective_output_token_limit"": 10000, ""completion_status"": ""completed"", ""incomplete_reason"": """", ""truncated"": false, ""had_truncation"": false, ""truncation_retry_count"": 0, ""truncation_recovered"": false, ""attempts"": [{""attempt"": 1, ""requested_output_token_limit"": 10000, ""effective_output_token_limit"": 10000, ""completion_status"": ""completed"", ""incomplete_reason"": """", ""truncated"": false, ""input_tokens"": 1551, ""output_tokens"": 71, ""reasoning_tokens"": """", ""api_attempts"": 1, ""prompt_eval_count"": 1551, ""eval_count"": 71, ""done"": true, ""done_reason"": ""stop"", ""requested_num_ctx"": null, ""effective_num_ctx"": null, ""think_requested"": true, ""think_honored"": true, ""think_fallback_used"": false, ""think_fallback_http_status"": null}], ""dropped_parameters"": [], ""reasoning_tokens"": """", ""input_tokens"": 1551, ""cached_input_tokens"": """", ""uncached_input_tokens"": """", ""output_tokens"": 71, ""provider_cache_status"": ""unavailable"", ""api_attempts"": 1, ""structured_output_requested"": true, ""structured_output_enforced"": true, ""structured_output_schema_name"": ""track_0_review"", ""structured_output_schema_sha256"": ""6a4a2d4573e9ccd055b4c71bb46f15ff86c3d81e9dd7b768ad256f45db757384"", ""response_schema_hash"": ""6a4a2d4573e9ccd055b4c71bb46f15ff86c3d81e9dd7b768ad256f45db757384"", ""stable_prefix_hash"": ""7077f1238010402ee74d1a83c3a0fb99992b2a4f17b4d0804914077a6cbfd285"", ""prompt_eval_count"": 1551, ""eval_count"": 71, ""done"": true, ""done_reason"": ""stop"", ""requested_num_ctx"": null, ""effective_num_ctx"": null, ""num_ctx_explicit"": false, ""think_requested"": true, ""think_honored"": true, ""think_fallback_used"": false, ""think_fallback_http_status"": null, ""empty_response"": false, ""pipeline_stage"": ""track_0_review"", ""role"": ""track_0_reviewer"", ""candidate_id"": ""mut_p3_R7_s2_domain"", ""requirement_id"": ""not_applicable"", ""semantic_attempt"": 1, ""technical_retry"": 1}]",0,0,0,0,0,[],,False,{},{},0,0,0,0.0,,incorrect,,direct_no_requirement_review,False,0.0,0.0,,,,48ea990b710b05954e042871feeee4d737486932b6168b99edef45a5fc3a35bf,,,,,,,,,,,,,,,,,,,,,,,,,,,,,
incorrect,"The constraints are incorrect. They do not consider the shift length and period overlap, leading to an infeasible or suboptimal solution. For example, constraint_001 states that the sum of salespeople starting at 2:00 and 22:00 must be at least 10, but it does not take into account that the 2:00 shift is needed during the 2:00-6:00 period and the 22:00 shift is needed during the 22:00-2:00 period.",Constraints should consider the shift overlaps and match the demand during the specific time periods.,not_applicable,,,,,,,,,,,,,,,,,,,,,,,,,,,,0,,{},[],,0,0,0,{},[],[],,,,,,,,,,{},{},off,,,0,[],3,False,[],metadata_three_judges_dual_a_witness_consensus_root_shadow,v12,,,,,,,,,,,,,,,,,,,,,,,,,,,,,,,,,,,,,,,,,,,,,,,,,,,,,,,,,,0__gemma3:12b__mut_p3_R2_constraint__r0,0,gemma3:12b,mut_p3_R2_constraint,mutant,3,0,gold,False,incorrect,[],mixed_or_unclear,,none,[],[],,"The constraints are incorrect. They do not consider the shift length and period overlap, leading to an infeasible or suboptimal solution. For example, constraint_001 states that the sum of salespeople starting at 2:00 and 22:00 must be at least 10, but it does not take into account that the 2:00 shift is needed during the 2:00-6:00 period and the 22:00 shift is needed during the 22:00-2:00 period.",,0.0,True,True,True,,,,,,False,1553,unavailable,unavailable,unavailable,156,1709,19.92,0,False,,42,42,,"[""ollama""]","[""04c2c74f64bda156d54644aa5fb3e6fa9464d070eb35dbbe098add9cdd7be0e2""]",[10000],"[""completed""]","[""""]",1,0,False,"[{""provider"": ""ollama"", ""model"": ""gemma3:12b"", ""prompt_sha256"": ""04c2c74f64bda156d54644aa5fb3e6fa9464d070eb35dbbe098add9cdd7be0e2"", ""prompt_hash"": ""04c2c74f64bda156d54644aa5fb3e6fa9464d070eb35dbbe098add9cdd7be0e2"", ""prompt_character_count"": 4241, ""prompt_utf8_bytes"": 4241, ""requested_seed"": 42, ""effective_seed"": 42, ""requested_temperature"": null, ""effective_temperature"": null, ""requested_output_token_limit"": 10000, ""effective_output_token_limit"": 10000, ""completion_status"": ""completed"", ""incomplete_reason"": """", ""truncated"": false, ""had_truncation"": false, ""truncation_retry_count"": 0, ""truncation_recovered"": false, ""attempts"": [{""attempt"": 1, ""requested_output_token_limit"": 10000, ""effective_output_token_limit"": 10000, ""completion_status"": ""completed"", ""incomplete_reason"": """", ""truncated"": false, ""input_tokens"": 1553, ""output_tokens"": 156, ""reasoning_tokens"": """", ""api_attempts"": 1, ""prompt_eval_count"": 1553, ""eval_count"": 156, ""done"": true, ""done_reason"": ""stop"", ""requested_num_ctx"": null, ""effective_num_ctx"": null, ""think_requested"": true, ""think_honored"": true, ""think_fallback_used"": false, ""think_fallback_http_status"": null}], ""dropped_parameters"": [], ""reasoning_tokens"": """", ""input_tokens"": 1553, ""cached_input_tokens"": """", ""uncached_input_tokens"": """", ""output_tokens"": 156, ""provider_cache_status"": ""unavailable"", ""api_attempts"": 1, ""structured_output_requested"": true, ""structured_output_enforced"": true, ""structured_output_schema_name"": ""track_0_review"", ""structured_output_schema_sha256"": ""6a4a2d4573e9ccd055b4c71bb46f15ff86c3d81e9dd7b768ad256f45db757384"", ""response_schema_hash"": ""6a4a2d4573e9ccd055b4c71bb46f15ff86c3d81e9dd7b768ad256f45db757384"", ""stable_prefix_hash"": ""7077f1238010402ee74d1a83c3a0fb99992b2a4f17b4d0804914077a6cbfd285"", ""prompt_eval_count"": 1553, ""eval_count"": 156, ""done"": true, ""done_reason"": ""stop"", ""requested_num_ctx"": null, ""effective_num_ctx"": null, ""num_ctx_explicit"": false, ""think_requested"": true, ""think_honored"": true, ""think_fallback_used"": false, ""think_fallback_http_status"": null, ""empty_response"": false, ""pipeline_stage"": ""track_0_review"", ""role"": ""track_0_reviewer"", ""candidate_id"": ""mut_p3_R2_constraint"", ""requirement_id"": ""not_applicable"", ""semantic_attempt"": 1, ""technical_retry"": 1}]",0,0,0,0,0,[],,False,{},{},0,0,0,0.0,,incorrect,,direct_no_requirement_review,False,0.0,0.0,,,,61bd37edd6ffc035f6325f70d1d2dceacb88aaf5251bf8b9170e7934d8001277,,,,,,,,,,,,,,,,,,,,,,,,,,,,,
incorrect,"The constraints do not accurately represent the coverage required during each period. Each constraint seems to only consider coverage from one shift to the next, and doesn't account for the continuous nature of the shifts.","The constraints need to ensure that the total number of salespeople working during each time period meets the demand, considering the overlapping shifts.",not_applicable,,,,,,,,,,,,,,,,,,,,,,,,,,,,0,,{},[],,0,0,0,{},[],[],,,,,,,,,,{},{},off,,,0,[],3,False,[],metadata_three_judges_dual_a_witness_consensus_root_shadow,v12,,,,,,,,,,,,,,,,,,,,,,,,,,,,,,,,,,,,,,,,,,,,,,,,,,,,,,,,,,0__gemma3:12b__mut_p3_R9_s2_objective__r0,0,gemma3:12b,mut_p3_R9_s2_objective,mutant,3,0,gold,False,incorrect,[],mixed_or_unclear,,none,[],[],,"The constraints do not accurately represent the coverage required during each period. Each constraint seems to only consider coverage from one shift to the next, and doesn't account for the continuous nature of the shifts.",,0.0,True,True,True,,,,,,False,1553,unavailable,unavailable,unavailable,88,1641,12.501,0,False,,42,42,,"[""ollama""]","[""047abcc302451243ca1b03cc23d30ac3904e20612975800ef974f2db53c3beca""]",[10000],"[""completed""]","[""""]",1,0,False,"[{""provider"": ""ollama"", ""model"": ""gemma3:12b"", ""prompt_sha256"": ""047abcc302451243ca1b03cc23d30ac3904e20612975800ef974f2db53c3beca"", ""prompt_hash"": ""047abcc302451243ca1b03cc23d30ac3904e20612975800ef974f2db53c3beca"", ""prompt_character_count"": 4241, ""prompt_utf8_bytes"": 4241, ""requested_seed"": 42, ""effective_seed"": 42, ""requested_temperature"": null, ""effective_temperature"": null, ""requested_output_token_limit"": 10000, ""effective_output_token_limit"": 10000, ""completion_status"": ""completed"", ""incomplete_reason"": """", ""truncated"": false, ""had_truncation"": false, ""truncation_retry_count"": 0, ""truncation_recovered"": false, ""attempts"": [{""attempt"": 1, ""requested_output_token_limit"": 10000, ""effective_output_token_limit"": 10000, ""completion_status"": ""completed"", ""incomplete_reason"": """", ""truncated"": false, ""input_tokens"": 1553, ""output_tokens"": 88, ""reasoning_tokens"": """", ""api_attempts"": 1, ""prompt_eval_count"": 1553, ""eval_count"": 88, ""done"": true, ""done_reason"": ""stop"", ""requested_num_ctx"": null, ""effective_num_ctx"": null, ""think_requested"": true, ""think_honored"": true, ""think_fallback_used"": false, ""think_fallback_http_status"": null}], ""dropped_parameters"": [], ""reasoning_tokens"": """", ""input_tokens"": 1553, ""cached_input_tokens"": """", ""uncached_input_tokens"": """", ""output_tokens"": 88, ""provider_cache_status"": ""unavailable"", ""api_attempts"": 1, ""structured_output_requested"": true, ""structured_output_enforced"": true, ""structured_output_schema_name"": ""track_0_review"", ""structured_output_schema_sha256"": ""6a4a2d4573e9ccd055b4c71bb46f15ff86c3d81e9dd7b768ad256f45db757384"", ""response_schema_hash"": ""6a4a2d4573e9ccd055b4c71bb46f15ff86c3d81e9dd7b768ad256f45db757384"", ""stable_prefix_hash"": ""7077f1238010402ee74d1a83c3a0fb99992b2a4f17b4d0804914077a6cbfd285"", ""prompt_eval_count"": 1553, ""eval_count"": 88, ""done"": true, ""done_reason"": ""stop"", ""requested_num_ctx"": null, ""effective_num_ctx"": null, ""num_ctx_explicit"": false, ""think_requested"": true, ""think_honored"": true, ""think_fallback_used"": false, ""think_fallback_http_status"": null, ""empty_response"": false, ""pipeline_stage"": ""track_0_review"", ""role"": ""track_0_reviewer"", ""candidate_id"": ""mut_p3_R9_s2_objective"", ""requirement_id"": ""not_applicable"", ""semantic_attempt"": 1, ""technical_retry"": 1}]",0,0,0,0,0,[],,False,{},{},0,0,0,0.0,,incorrect,,direct_no_requirement_review,False,0.0,0.0,,,,499c6c1e230a4196d0416ec04c0024e2aba9f35a02089a2a049bb754f1cabbdb,,,,,,,,,,,,,,,,,,,,,,,,,,,,,
incorrect,"The objective function minimizes the total number of courses selected, but the constraints ensure that all requirements are met and prerequisites are satisfied. However, the constraints are not correctly reflecting the course overlaps. For example, Calculus fulfills the math requirement and Operations Research fulfills both Math and OR. The model doesn't account for this overlapping functionality when selecting courses, potentially leading to an incorrect (suboptimal) course selection.",The model needs to properly account for overlapping course requirements in the constraints.,not_applicable,,,,,,,,,,,,,,,,,,,,,,,,,,,,0,,{},[],,0,0,0,{},[],[],,,,,,,,,,{},{},off,,,0,[],3,False,[],metadata_three_judges_dual_a_witness_consensus_root_shadow,v12,,,,,,,,,,,,,,,,,,,,,,,,,,,,,,,,,,,,,,,,,,,,,,,,,,,,,,,,,,0__gemma3:12b__mut_p5_R8_sel_calculus_domain__r0,0,gemma3:12b,mut_p5_R8_sel_calculus_domain,mutant,5,0,gold,False,incorrect,[],mixed_or_unclear,,none,[],[],,"The objective function minimizes the total number of courses selected, but the constraints ensure that all requirements are met and prerequisites are satisfied. However, the constraints are not correctly reflecting the course overlaps. For example, Calculus fulfills the math requirement and Operations Research fulfills both Math and OR. The model doesn't account for this overlapping functionality when selecting courses, potentially leading to an incorrect (suboptimal) course selection.",,0.0,True,True,True,,,,,,False,1611,unavailable,unavailable,unavailable,117,1728,15.505,0,False,,42,42,,"[""ollama""]","[""4c1b04d7a06ad2672e071354d05846c1c788df21984814c8d9870a65a00c5075""]",[10000],"[""completed""]","[""""]",1,0,False,"[{""provider"": ""ollama"", ""model"": ""gemma3:12b"", ""prompt_sha256"": ""4c1b04d7a06ad2672e071354d05846c1c788df21984814c8d9870a65a00c5075"", ""prompt_hash"": ""4c1b04d7a06ad2672e071354d05846c1c788df21984814c8d9870a65a00c5075"", ""prompt_character_count"": 5085, ""prompt_utf8_bytes"": 5085, ""requested_seed"": 42, ""effective_seed"": 42, ""requested_temperature"": null, ""effective_temperature"": null, ""requested_output_token_limit"": 10000, ""effective_output_token_limit"": 10000, ""completion_status"": ""completed"", ""incomplete_reason"": """", ""truncated"": false, ""had_truncation"": false, ""truncation_retry_count"": 0, ""truncation_recovered"": false, ""attempts"": [{""attempt"": 1, ""requested_output_token_limit"": 10000, ""effective_output_token_limit"": 10000, ""completion_status"": ""completed"", ""incomplete_reason"": """", ""truncated"": false, ""input_tokens"": 1611, ""output_tokens"": 117, ""reasoning_tokens"": """", ""api_attempts"": 1, ""prompt_eval_count"": 1611, ""eval_count"": 117, ""done"": true, ""done_reason"": ""stop"", ""requested_num_ctx"": null, ""effective_num_ctx"": null, ""think_requested"": true, ""think_honored"": true, ""think_fallback_used"": false, ""think_fallback_http_status"": null}], ""dropped_parameters"": [], ""reasoning_tokens"": """", ""input_tokens"": 1611, ""cached_input_tokens"": """", ""uncached_input_tokens"": """", ""output_tokens"": 117, ""provider_cache_status"": ""unavailable"", ""api_attempts"": 1, ""structured_output_requested"": true, ""structured_output_enforced"": true, ""structured_output_schema_name"": ""track_0_review"", ""structured_output_schema_sha256"": ""6a4a2d4573e9ccd055b4c71bb46f15ff86c3d81e9dd7b768ad256f45db757384"", ""response_schema_hash"": ""6a4a2d4573e9ccd055b4c71bb46f15ff86c3d81e9dd7b768ad256f45db757384"", ""stable_prefix_hash"": ""7077f1238010402ee74d1a83c3a0fb99992b2a4f17b4d0804914077a6cbfd285"", ""prompt_eval_count"": 1611, ""eval_count"": 117, ""done"": true, ""done_reason"": ""stop"", ""requested_num_ctx"": null, ""effective_num_ctx"": null, ""num_ctx_explicit"": false, ""think_requested"": true, ""think_honored"": true, ""think_fallback_used"": false, ""think_fallback_http_status"": null, ""empty_response"": false, ""pipeline_stage"": ""track_0_review"", ""role"": ""track_0_reviewer"", ""candidate_id"": ""mut_p5_R8_sel_calculus_domain"", ""requirement_id"": ""not_applicable"", ""semantic_attempt"": 1, ""technical_retry"": 1}]",0,0,0,0,0,[],,False,{},{},0,0,0,0.0,,incorrect,,direct_no_requirement_review,False,0.0,0.0,,,,856322bcfe3e6a99e34884a365851bcb947716b6a7403370515a109460bf52b2,,,,,,,,,,,,,,,,,,,,,,,,,,,,,
incorrect,"The model incorrectly handles the course requirements. It uses a single constraint to represent the 'at least two math courses' requirement, combining calculus, operations research, data structures, business statistics, and forecasting. However, operations research and business statistics also fulfill the 'OR' requirement, and data structures fulfills the 'computer' requirement, leading to double-counting and incorrect solutions.","Each requirement (math, OR, computer) needs separate constraints to correctly enforce the minimum number of courses.",not_applicable,,,,,,,,,,,,,,,,,,,,,,,,,,,,0,,{},[],,0,0,0,{},[],[],,,,,,,,,,{},{},off,,,0,[],3,False,[],metadata_three_judges_dual_a_witness_consensus_root_shadow,v12,,,,,,,,,,,,,,,,,,,,,,,,,,,,,,,,,,,,,,,,,,,,,,,,,,,,,,,,,,0__gemma3:12b__mut_p5_R3_constraint__r0,0,gemma3:12b,mut_p5_R3_constraint,mutant,5,0,gold,False,incorrect,[],mixed_or_unclear,,none,[],[],,"The model incorrectly handles the course requirements. It uses a single constraint to represent the 'at least two math courses' requirement, combining calculus, operations research, data structures, business statistics, and forecasting. However, operations research and business statistics also fulfill the 'OR' requirement, and data structures fulfills the 'computer' requirement, leading to double-counting and incorrect solutions.",,0.0,True,True,True,,,,,,False,1613,unavailable,unavailable,unavailable,118,1731,15.595,0,False,,42,42,,"[""ollama""]","[""b42b96fc8c6b1f9ef0eac6da5038cfaf7aaea5076ae091cdde78bb6e31277068""]",[10000],"[""completed""]","[""""]",1,0,False,"[{""provider"": ""ollama"", ""model"": ""gemma3:12b"", ""prompt_sha256"": ""b42b96fc8c6b1f9ef0eac6da5038cfaf7aaea5076ae091cdde78bb6e31277068"", ""prompt_hash"": ""b42b96fc8c6b1f9ef0eac6da5038cfaf7aaea5076ae091cdde78bb6e31277068"", ""prompt_character_count"": 5087, ""prompt_utf8_bytes"": 5087, ""requested_seed"": 42, ""effective_seed"": 42, ""requested_temperature"": null, ""effective_temperature"": null, ""requested_output_token_limit"": 10000, ""effective_output_token_limit"": 10000, ""completion_status"": ""completed"", ""incomplete_reason"": """", ""truncated"": false, ""had_truncation"": false, ""truncation_retry_count"": 0, ""truncation_recovered"": false, ""attempts"": [{""attempt"": 1, ""requested_output_token_limit"": 10000, ""effective_output_token_limit"": 10000, ""completion_status"": ""completed"", ""incomplete_reason"": """", ""truncated"": false, ""input_tokens"": 1613, ""output_tokens"": 118, ""reasoning_tokens"": """", ""api_attempts"": 1, ""prompt_eval_count"": 1613, ""eval_count"": 118, ""done"": true, ""done_reason"": ""stop"", ""requested_num_ctx"": null, ""effective_num_ctx"": null, ""think_requested"": true, ""think_honored"": true, ""think_fallback_used"": false, ""think_fallback_http_status"": null}], ""dropped_parameters"": [], ""reasoning_tokens"": """", ""input_tokens"": 1613, ""cached_input_tokens"": """", ""uncached_input_tokens"": """", ""output_tokens"": 118, ""provider_cache_status"": ""unavailable"", ""api_attempts"": 1, ""structured_output_requested"": true, ""structured_output_enforced"": true, ""structured_output_schema_name"": ""track_0_review"", ""structured_output_schema_sha256"": ""6a4a2d4573e9ccd055b4c71bb46f15ff86c3d81e9dd7b768ad256f45db757384"", ""response_schema_hash"": ""6a4a2d4573e9ccd055b4c71bb46f15ff86c3d81e9dd7b768ad256f45db757384"", ""stable_prefix_hash"": ""7077f1238010402ee74d1a83c3a0fb99992b2a4f17b4d0804914077a6cbfd285"", ""prompt_eval_count"": 1613, ""eval_count"": 118, ""done"": true, ""done_reason"": ""stop"", ""requested_num_ctx"": null, ""effective_num_ctx"": null, ""num_ctx_explicit"": false, ""think_requested"": true, ""think_honored"": true, ""think_fallback_used"": false, ""think_fallback_http_status"": null, ""empty_response"": false, ""pipeline_stage"": ""track_0_review"", ""role"": ""track_0_reviewer"", ""candidate_id"": ""mut_p5_R3_constraint"", ""requirement_id"": ""not_applicable"", ""semantic_attempt"": 1, ""technical_retry"": 1}]",0,0,0,0,0,[],,False,{},{},0,0,0,0.0,,incorrect,,direct_no_requirement_review,False,0.0,0.0,,,,343306f72120fc40ecbf11369ca4d5c3408f8ceb98f055ed79315a146c6032c1,,,,,,,,,,,,,,,,,,,,,,,,,,,,,
incorrect,"The objective function is minimizing the total number of courses, but it assigns a cost of 1 to courses like 'or', 'ds', 'bs', 'cs', 'cp', and 'fc'. It assigns a cost of 0 to 'calculus'. This is incorrect because the problem asks to minimize the *number* of courses, not to penalize some courses more than others. It should assign a cost of 1 to all courses.",The objective function should assign a cost of 1 to each course to minimize the total number of courses selected.,not_applicable,,,,,,,,,,,,,,,,,,,,,,,,,,,,0,,{},[],,0,0,0,{},[],[],,,,,,,,,,{},{},off,,,0,[],3,False,[],metadata_three_judges_dual_a_witness_consensus_root_shadow,v12,,,,,,,,,,,,,,,,,,,,,,,,,,,,,,,,,,,,,,,,,,,,,,,,,,,,,,,,,,0__gemma3:12b__mut_p5_R9_sel_calculus_objective__r0,0,gemma3:12b,mut_p5_R9_sel_calculus_objective,mutant,5,0,gold,False,incorrect,[],mixed_or_unclear,,none,[],[],,"The objective function is minimizing the total number of courses, but it assigns a cost of 1 to courses like 'or', 'ds', 'bs', 'cs', 'cp', and 'fc'. It assigns a cost of 0 to 'calculus'. This is incorrect because the problem asks to minimize the *number* of courses, not to penalize some courses more than others. It should assign a cost of 1 to all courses.",,0.0,True,True,True,,,,,,False,1613,unavailable,unavailable,unavailable,136,1749,17.803,0,False,,42,42,,"[""ollama""]","[""8c7cea05bb19e42d78c81745420ea3e656eb47cddd4881f060ebb87a1882de85""]",[10000],"[""completed""]","[""""]",1,0,False,"[{""provider"": ""ollama"", ""model"": ""gemma3:12b"", ""prompt_sha256"": ""8c7cea05bb19e42d78c81745420ea3e656eb47cddd4881f060ebb87a1882de85"", ""prompt_hash"": ""8c7cea05bb19e42d78c81745420ea3e656eb47cddd4881f060ebb87a1882de85"", ""prompt_character_count"": 5087, ""prompt_utf8_bytes"": 5087, ""requested_seed"": 42, ""effective_seed"": 42, ""requested_temperature"": null, ""effective_temperature"": null, ""requested_output_token_limit"": 10000, ""effective_output_token_limit"": 10000, ""completion_status"": ""completed"", ""incomplete_reason"": """", ""truncated"": false, ""had_truncation"": false, ""truncation_retry_count"": 0, ""truncation_recovered"": false, ""attempts"": [{""attempt"": 1, ""requested_output_token_limit"": 10000, ""effective_output_token_limit"": 10000, ""completion_status"": ""completed"", ""incomplete_reason"": """", ""truncated"": false, ""input_tokens"": 1613, ""output_tokens"": 136, ""reasoning_tokens"": """", ""api_attempts"": 1, ""prompt_eval_count"": 1613, ""eval_count"": 136, ""done"": true, ""done_reason"": ""stop"", ""requested_num_ctx"": null, ""effective_num_ctx"": null, ""think_requested"": true, ""think_honored"": true, ""think_fallback_used"": false, ""think_fallback_http_status"": null}], ""dropped_parameters"": [], ""reasoning_tokens"": """", ""input_tokens"": 1613, ""cached_input_tokens"": """", ""uncached_input_tokens"": """", ""output_tokens"": 136, ""provider_cache_status"": ""unavailable"", ""api_attempts"": 1, ""structured_output_requested"": true, ""structured_output_enforced"": true, ""structured_output_schema_name"": ""track_0_review"", ""structured_output_schema_sha256"": ""6a4a2d4573e9ccd055b4c71bb46f15ff86c3d81e9dd7b768ad256f45db757384"", ""response_schema_hash"": ""6a4a2d4573e9ccd055b4c71bb46f15ff86c3d81e9dd7b768ad256f45db757384"", ""stable_prefix_hash"": ""7077f1238010402ee74d1a83c3a0fb99992b2a4f17b4d0804914077a6cbfd285"", ""prompt_eval_count"": 1613, ""eval_count"": 136, ""done"": true, ""done_reason"": ""stop"", ""requested_num_ctx"": null, ""effective_num_ctx"": null, ""num_ctx_explicit"": false, ""think_requested"": true, ""think_honored"": true, ""think_fallback_used"": false, ""think_fallback_http_status"": null, ""empty_response"": false, ""pipeline_stage"": ""track_0_review"", ""role"": ""track_0_reviewer"", ""candidate_id"": ""mut_p5_R9_sel_calculus_objective"", ""requirement_id"": ""not_applicable"", ""semantic_attempt"": 1, ""technical_retry"": 1}]",0,0,0,0,0,[],,False,{},{},0,0,0,0.0,,incorrect,,direct_no_requirement_review,False,0.0,0.0,,,,3333d94c4b6857cb4355658842c1a2ac96f864fd98b7b4ea05e0c086ed8b1fc5,,,,,,,,,,,,,,,,,,,,,,,,,,,,,
incorrect,"The model does not correctly implement the constraints. For example, the constraint `constraint_001` attempts to ensure that the total number of cars moved *from* regions 2, 3, 4, and 5 to region 1 is at least 185 *more* than the number of cars moved *to* region 1 from regions 1, 3, 4, and 5. This is an incorrect representation of the need to move enough cars to satisfy the demand in region 1.","The constraints should represent the net flow of cars into each region, ensuring the region's car count meets the 'cars_needed' value.",not_applicable,,,,,,,,,,,,,,,,,,,,,,,,,,,,0,,{},[],,0,0,0,{},[],[],,,,,,,,,,{},{},off,,,0,[],3,False,[],metadata_three_judges_dual_a_witness_consensus_root_shadow,v12,,,,,,,,,,,,,,,,,,,,,,,,,,,,,,,,,,,,,,,,,,,,,,,,,,,,,,,,,,0__gemma3:12b__mut_p6_R_bal_5_constraint__r0,0,gemma3:12b,mut_p6_R_bal_5_constraint,mutant,6,0,gold,False,incorrect,[],mixed_or_unclear,,none,[],[],,"The model does not correctly implement the constraints. For example, the constraint `constraint_001` attempts to ensure that the total number of cars moved *from* regions 2, 3, 4, and 5 to region 1 is at least 185 *more* than the number of cars moved *to* region 1 from regions 1, 3, 4, and 5. This is an incorrect representation of the need to move enough cars to satisfy the demand in region 1.",,0.0,True,True,True,,,,,,False,2699,unavailable,unavailable,unavailable,161,2860,21.672,0,False,,42,42,,"[""ollama""]","[""24623e20b3afb079a82639f179f5d5a72cb356d53de3fd3f06af4ecc94a32c74""]",[10000],"[""completed""]","[""""]",1,0,False,"[{""provider"": ""ollama"", ""model"": ""gemma3:12b"", ""prompt_sha256"": ""24623e20b3afb079a82639f179f5d5a72cb356d53de3fd3f06af4ecc94a32c74"", ""prompt_hash"": ""24623e20b3afb079a82639f179f5d5a72cb356d53de3fd3f06af4ecc94a32c74"", ""prompt_character_count"": 6267, ""prompt_utf8_bytes"": 6267, ""requested_seed"": 42, ""effective_seed"": 42, ""requested_temperature"": null, ""effective_temperature"": null, ""requested_output_token_limit"": 10000, ""effective_output_token_limit"": 10000, ""completion_status"": ""completed"", ""incomplete_reason"": """", ""truncated"": false, ""had_truncation"": false, ""truncation_retry_count"": 0, ""truncation_recovered"": false, ""attempts"": [{""attempt"": 1, ""requested_output_token_limit"": 10000, ""effective_output_token_limit"": 10000, ""completion_status"": ""completed"", ""incomplete_reason"": """", ""truncated"": false, ""input_tokens"": 2699, ""output_tokens"": 161, ""reasoning_tokens"": """", ""api_attempts"": 1, ""prompt_eval_count"": 2699, ""eval_count"": 161, ""done"": true, ""done_reason"": ""stop"", ""requested_num_ctx"": null, ""effective_num_ctx"": null, ""think_requested"": true, ""think_honored"": true, ""think_fallback_used"": false, ""think_fallback_http_status"": null}], ""dropped_parameters"": [], ""reasoning_tokens"": """", ""input_tokens"": 2699, ""cached_input_tokens"": """", ""uncached_input_tokens"": """", ""output_tokens"": 161, ""provider_cache_status"": ""unavailable"", ""api_attempts"": 1, ""structured_output_requested"": true, ""structured_output_enforced"": true, ""structured_output_schema_name"": ""track_0_review"", ""structured_output_schema_sha256"": ""6a4a2d4573e9ccd055b4c71bb46f15ff86c3d81e9dd7b768ad256f45db757384"", ""response_schema_hash"": ""6a4a2d4573e9ccd055b4c71bb46f15ff86c3d81e9dd7b768ad256f45db757384"", ""stable_prefix_hash"": ""7077f1238010402ee74d1a83c3a0fb99992b2a4f17b4d0804914077a6cbfd285"", ""prompt_eval_count"": 2699, ""eval_count"": 161, ""done"": true, ""done_reason"": ""stop"", ""requested_num_ctx"": null, ""effective_num_ctx"": null, ""num_ctx_explicit"": false, ""think_requested"": true, ""think_honored"": true, ""think_fallback_used"": false, ""think_fallback_http_status"": null, ""empty_response"": false, ""pipeline_stage"": ""track_0_review"", ""role"": ""track_0_reviewer"", ""candidate_id"": ""mut_p6_R_bal_5_constraint"", ""requirement_id"": ""not_applicable"", ""semantic_attempt"": 1, ""technical_retry"": 1}]",0,0,0,0,0,[],,False,{},{},0,0,0,0.0,,incorrect,,direct_no_requirement_review,False,0.0,0.0,,,,16ea8ecfbe840af1ddfc1b32cddf8a9123fce885b451fe62d071d7ef67e98ce1,,,,,,,,,,,,,,,,,,,,,,,,,,,,,
incorrect,The model incorrectly sets the objective function to be maximized instead of minimized.,The objective function should be defined as a minimization problem.,not_applicable,,,,,,,,,,,,,,,,,,,,,,,,,,,,0,,{},[],,0,0,0,{},[],[],,,,,,,,,,{},{},off,,,0,[],3,False,[],metadata_three_judges_dual_a_witness_consensus_root_shadow,v12,,,,,,,,,,,,,,,,,,,,,,,,,,,,,,,,,,,,,,,,,,,,,,,,,,,,,,,,,,0__gemma3:12b__mut_p6_R_obj_x_4_1_objective__r0,0,gemma3:12b,mut_p6_R_obj_x_4_1_objective,mutant,6,0,gold,False,incorrect,[],mixed_or_unclear,,none,[],[],,The model incorrectly sets the objective function to be maximized instead of minimized.,,0.0,True,True,True,,,,,,False,2697,unavailable,unavailable,unavailable,48,2745,16.895,0,False,,42,42,,"[""ollama""]","[""0e642a1e5ec5ae462875e1a1979cd54cdce5bb70e699517d87ed6831bd918990""]",[10000],"[""completed""]","[""""]",1,0,False,"[{""provider"": ""ollama"", ""model"": ""gemma3:12b"", ""prompt_sha256"": ""0e642a1e5ec5ae462875e1a1979cd54cdce5bb70e699517d87ed6831bd918990"", ""prompt_hash"": ""0e642a1e5ec5ae462875e1a1979cd54cdce5bb70e699517d87ed6831bd918990"", ""prompt_character_count"": 6265, ""prompt_utf8_bytes"": 6265, ""requested_seed"": 42, ""effective_seed"": 42, ""requested_temperature"": null, ""effective_temperature"": null, ""requested_output_token_limit"": 10000, ""effective_output_token_limit"": 10000, ""completion_status"": ""completed"", ""incomplete_reason"": """", ""truncated"": false, ""had_truncation"": false, ""truncation_retry_count"": 0, ""truncation_recovered"": false, ""attempts"": [{""attempt"": 1, ""requested_output_token_limit"": 10000, ""effective_output_token_limit"": 10000, ""completion_status"": ""completed"", ""incomplete_reason"": """", ""truncated"": false, ""input_tokens"": 2697, ""output_tokens"": 48, ""reasoning_tokens"": """", ""api_attempts"": 1, ""prompt_eval_count"": 2697, ""eval_count"": 48, ""done"": true, ""done_reason"": ""stop"", ""requested_num_ctx"": null, ""effective_num_ctx"": null, ""think_requested"": true, ""think_honored"": true, ""think_fallback_used"": false, ""think_fallback_http_status"": null}], ""dropped_parameters"": [], ""reasoning_tokens"": """", ""input_tokens"": 2697, ""cached_input_tokens"": """", ""uncached_input_tokens"": """", ""output_tokens"": 48, ""provider_cache_status"": ""unavailable"", ""api_attempts"": 1, ""structured_output_requested"": true, ""structured_output_enforced"": true, ""structured_output_schema_name"": ""track_0_review"", ""structured_output_schema_sha256"": ""6a4a2d4573e9ccd055b4c71bb46f15ff86c3d81e9dd7b768ad256f45db757384"", ""response_schema_hash"": ""6a4a2d4573e9ccd055b4c71bb46f15ff86c3d81e9dd7b768ad256f45db757384"", ""stable_prefix_hash"": ""7077f1238010402ee74d1a83c3a0fb99992b2a4f17b4d0804914077a6cbfd285"", ""prompt_eval_count"": 2697, ""eval_count"": 48, ""done"": true, ""done_reason"": ""stop"", ""requested_num_ctx"": null, ""effective_num_ctx"": null, ""num_ctx_explicit"": false, ""think_requested"": true, ""think_honored"": true, ""think_fallback_used"": false, ""think_fallback_http_status"": null, ""empty_response"": false, ""pipeline_stage"": ""track_0_review"", ""role"": ""track_0_reviewer"", ""candidate_id"": ""mut_p6_R_obj_x_4_1_objective"", ""requirement_id"": ""not_applicable"", ""semantic_attempt"": 1, ""technical_retry"": 1}]",0,0,0,0,0,[],,False,{},{},0,0,0,0.0,,incorrect,,direct_no_requirement_review,False,0.0,0.0,,,,4a08527af3b3d21cb0848da6f409596f3a45519f73ec54822b3ef87429b6cec1,,,,,,,,,,,,,,,,,,,,,,,,,,,,,
incorrect,The objective function uses 136.0 for s1 when the shift 1 wage is 135. This will result in a suboptimal solution.,Incorrect wage assigned to a shift.,not_applicable,,,,,,,,,,,,,,,,,,,,,,,,,,,,0,,{},[],,0,0,0,{},[],[],,,,,,,,,,{},{},off,,,0,[],3,False,[],metadata_three_judges_dual_a_witness_consensus_root_shadow,v12,,,,,,,,,,,,,,,,,,,,,,,,,,,,,,,,,,,,,,,,,,,,,,,,,,,,,,,,,,0__gemma3:12b__mut_p8_R_obj_s1_objective__r0,0,gemma3:12b,mut_p8_R_obj_s1_objective,mutant,8,0,gold,False,incorrect,[],mixed_or_unclear,,none,[],[],,The objective function uses 136.0 for s1 when the shift 1 wage is 135. This will result in a suboptimal solution.,,0.0,True,True,True,,,,,,False,1757,unavailable,unavailable,unavailable,63,1820,10.089,0,False,,42,42,,"[""ollama""]","[""9fb5cdb8dd67f8016d348424c1082f33d25bab757949c9ab9dd38424a40e1a6a""]",[10000],"[""completed""]","[""""]",1,0,False,"[{""provider"": ""ollama"", ""model"": ""gemma3:12b"", ""prompt_sha256"": ""9fb5cdb8dd67f8016d348424c1082f33d25bab757949c9ab9dd38424a40e1a6a"", ""prompt_hash"": ""9fb5cdb8dd67f8016d348424c1082f33d25bab757949c9ab9dd38424a40e1a6a"", ""prompt_character_count"": 4837, ""prompt_utf8_bytes"": 4837, ""requested_seed"": 42, ""effective_seed"": 42, ""requested_temperature"": null, ""effective_temperature"": null, ""requested_output_token_limit"": 10000, ""effective_output_token_limit"": 10000, ""completion_status"": ""completed"", ""incomplete_reason"": """", ""truncated"": false, ""had_truncation"": false, ""truncation_retry_count"": 0, ""truncation_recovered"": false, ""attempts"": [{""attempt"": 1, ""requested_output_token_limit"": 10000, ""effective_output_token_limit"": 10000, ""completion_status"": ""completed"", ""incomplete_reason"": """", ""truncated"": false, ""input_tokens"": 1757, ""output_tokens"": 63, ""reasoning_tokens"": """", ""api_attempts"": 1, ""prompt_eval_count"": 1757, ""eval_count"": 63, ""done"": true, ""done_reason"": ""stop"", ""requested_num_ctx"": null, ""effective_num_ctx"": null, ""think_requested"": true, ""think_honored"": true, ""think_fallback_used"": false, ""think_fallback_http_status"": null}], ""dropped_parameters"": [], ""reasoning_tokens"": """", ""input_tokens"": 1757, ""cached_input_tokens"": """", ""uncached_input_tokens"": """", ""output_tokens"": 63, ""provider_cache_status"": ""unavailable"", ""api_attempts"": 1, ""structured_output_requested"": true, ""structured_output_enforced"": true, ""structured_output_schema_name"": ""track_0_review"", ""structured_output_schema_sha256"": ""6a4a2d4573e9ccd055b4c71bb46f15ff86c3d81e9dd7b768ad256f45db757384"", ""response_schema_hash"": ""6a4a2d4573e9ccd055b4c71bb46f15ff86c3d81e9dd7b768ad256f45db757384"", ""stable_prefix_hash"": ""7077f1238010402ee74d1a83c3a0fb99992b2a4f17b4d0804914077a6cbfd285"", ""prompt_eval_count"": 1757, ""eval_count"": 63, ""done"": true, ""done_reason"": ""stop"", ""requested_num_ctx"": null, ""effective_num_ctx"": null, ""num_ctx_explicit"": false, ""think_requested"": true, ""think_honored"": true, ""think_fallback_used"": false, ""think_fallback_http_status"": null, ""empty_response"": false, ""pipeline_stage"": ""track_0_review"", ""role"": ""track_0_reviewer"", ""candidate_id"": ""mut_p8_R_obj_s1_objective"", ""requirement_id"": ""not_applicable"", ""semantic_attempt"": 1, ""technical_retry"": 1}]",0,0,0,0,0,[],,False,{},{},0,0,0,0.0,,incorrect,,direct_no_requirement_review,False,0.0,0.0,,,,1b8891bd3cc21fcbdf54175bd51b2e1c7175f7ae3ddad6a6e2d6858837877e6b,,,,,,,,,,,,,,,,,,,,,,,,,,,,,
incorrect,"The constraints are incorrect. They are summing up the number of workers, but do not account for overlapping work periods. The model should ensure the daily requirements are met, not just that a sum of workers exists.",The constraints should sum the contributions of workers starting on different days to each day's requirement.,not_applicable,,,,,,,,,,,,,,,,,,,,,,,,,,,,0,,{},[],,0,0,0,{},[],[],,,,,,,,,,{},{},off,,,0,[],3,False,[],metadata_three_judges_dual_a_witness_consensus_root_shadow,v12,,,,,,,,,,,,,,,,,,,,,,,,,,,,,,,,,,,,,,,,,,,,,,,,,,,,,,,,,,0__gemma3:12b__mut_p9_R_int_s0_domain__r0,0,gemma3:12b,mut_p9_R_int_s0_domain,mutant,9,0,gold,False,incorrect,[],mixed_or_unclear,,none,[],[],,"The constraints are incorrect. They are summing up the number of workers, but do not account for overlapping work periods. The model should ensure the daily requirements are met, not just that a sum of workers exists.",,0.0,True,True,True,,,,,,False,1683,unavailable,unavailable,unavailable,84,1767,12.173,0,False,,42,42,,"[""ollama""]","[""4755acf8a3c2b6c27478c29027bb6979e50b90634eeace46f6d10ad3aae9e8c4""]",[10000],"[""completed""]","[""""]",1,0,False,"[{""provider"": ""ollama"", ""model"": ""gemma3:12b"", ""prompt_sha256"": ""4755acf8a3c2b6c27478c29027bb6979e50b90634eeace46f6d10ad3aae9e8c4"", ""prompt_hash"": ""4755acf8a3c2b6c27478c29027bb6979e50b90634eeace46f6d10ad3aae9e8c4"", ""prompt_character_count"": 4710, ""prompt_utf8_bytes"": 4710, ""requested_seed"": 42, ""effective_seed"": 42, ""requested_temperature"": null, ""effective_temperature"": null, ""requested_output_token_limit"": 10000, ""effective_output_token_limit"": 10000, ""completion_status"": ""completed"", ""incomplete_reason"": """", ""truncated"": false, ""had_truncation"": false, ""truncation_retry_count"": 0, ""truncation_recovered"": false, ""attempts"": [{""attempt"": 1, ""requested_output_token_limit"": 10000, ""effective_output_token_limit"": 10000, ""completion_status"": ""completed"", ""incomplete_reason"": """", ""truncated"": false, ""input_tokens"": 1683, ""output_tokens"": 84, ""reasoning_tokens"": """", ""api_attempts"": 1, ""prompt_eval_count"": 1683, ""eval_count"": 84, ""done"": true, ""done_reason"": ""stop"", ""requested_num_ctx"": null, ""effective_num_ctx"": null, ""think_requested"": true, ""think_honored"": true, ""think_fallback_used"": false, ""think_fallback_http_status"": null}], ""dropped_parameters"": [], ""reasoning_tokens"": """", ""input_tokens"": 1683, ""cached_input_tokens"": """", ""uncached_input_tokens"": """", ""output_tokens"": 84, ""provider_cache_status"": ""unavailable"", ""api_attempts"": 1, ""structured_output_requested"": true, ""structured_output_enforced"": true, ""structured_output_schema_name"": ""track_0_review"", ""structured_output_schema_sha256"": ""6a4a2d4573e9ccd055b4c71bb46f15ff86c3d81e9dd7b768ad256f45db757384"", ""response_schema_hash"": ""6a4a2d4573e9ccd055b4c71bb46f15ff86c3d81e9dd7b768ad256f45db757384"", ""stable_prefix_hash"": ""7077f1238010402ee74d1a83c3a0fb99992b2a4f17b4d0804914077a6cbfd285"", ""prompt_eval_count"": 1683, ""eval_count"": 84, ""done"": true, ""done_reason"": ""stop"", ""requested_num_ctx"": null, ""effective_num_ctx"": null, ""num_ctx_explicit"": false, ""think_requested"": true, ""think_honored"": true, ""think_fallback_used"": false, ""think_fallback_http_status"": null, ""empty_response"": false, ""pipeline_stage"": ""track_0_review"", ""role"": ""track_0_reviewer"", ""candidate_id"": ""mut_p9_R_int_s0_domain"", ""requirement_id"": ""not_applicable"", ""semantic_attempt"": 1, ""technical_retry"": 1}]",0,0,0,0,0,[],,False,{},{},0,0,0,0.0,,incorrect,,direct_no_requirement_review,False,0.0,0.0,,,,1d4589d5a39a48f0474d3ee9eeda3624264cc2a20880ad23a11adf1167c1687c,,,,,,,,,,,,,,,,,,,,,,,,,,,,,
incorrect,"The constraints are incorrect. They are summing coefficients for the number of workers starting on each day, and the result is not correctly aligned with the daily employee requirements. The constraints are not summing the correct terms to represent the employees working each day.",The constraints should sum the workers contributing to each day's staffing based on their start day.,not_applicable,,,,,,,,,,,,,,,,,,,,,,,,,,,,0,,{},[],,0,0,0,{},[],[],,,,,,,,,,{},{},off,,,0,[],3,False,[],metadata_three_judges_dual_a_witness_consensus_root_shadow,v12,,,,,,,,,,,,,,,,,,,,,,,,,,,,,,,,,,,,,,,,,,,,,,,,,,,,,,,,,,0__gemma3:12b__mut_p9_R_day1_constraint__r0,0,gemma3:12b,mut_p9_R_day1_constraint,mutant,9,0,gold,False,incorrect,[],mixed_or_unclear,,none,[],[],,"The constraints are incorrect. They are summing coefficients for the number of workers starting on each day, and the result is not correctly aligned with the daily employee requirements. The constraints are not summing the correct terms to represent the employees working each day.",,0.0,True,True,True,,,,,,False,1685,unavailable,unavailable,unavailable,90,1775,12.742,0,False,,42,42,,"[""ollama""]","[""8f532d247724a7ad201e0d9086ba5a342d12eb75613abde30a048ad8a81e961c""]",[10000],"[""completed""]","[""""]",1,0,False,"[{""provider"": ""ollama"", ""model"": ""gemma3:12b"", ""prompt_sha256"": ""8f532d247724a7ad201e0d9086ba5a342d12eb75613abde30a048ad8a81e961c"", ""prompt_hash"": ""8f532d247724a7ad201e0d9086ba5a342d12eb75613abde30a048ad8a81e961c"", ""prompt_character_count"": 4712, ""prompt_utf8_bytes"": 4712, ""requested_seed"": 42, ""effective_seed"": 42, ""requested_temperature"": null, ""effective_temperature"": null, ""requested_output_token_limit"": 10000, ""effective_output_token_limit"": 10000, ""completion_status"": ""completed"", ""incomplete_reason"": """", ""truncated"": false, ""had_truncation"": false, ""truncation_retry_count"": 0, ""truncation_recovered"": false, ""attempts"": [{""attempt"": 1, ""requested_output_token_limit"": 10000, ""effective_output_token_limit"": 10000, ""completion_status"": ""completed"", ""incomplete_reason"": """", ""truncated"": false, ""input_tokens"": 1685, ""output_tokens"": 90, ""reasoning_tokens"": """", ""api_attempts"": 1, ""prompt_eval_count"": 1685, ""eval_count"": 90, ""done"": true, ""done_reason"": ""stop"", ""requested_num_ctx"": null, ""effective_num_ctx"": null, ""think_requested"": true, ""think_honored"": true, ""think_fallback_used"": false, ""think_fallback_http_status"": null}], ""dropped_parameters"": [], ""reasoning_tokens"": """", ""input_tokens"": 1685, ""cached_input_tokens"": """", ""uncached_input_tokens"": """", ""output_tokens"": 90, ""provider_cache_status"": ""unavailable"", ""api_attempts"": 1, ""structured_output_requested"": true, ""structured_output_enforced"": true, ""structured_output_schema_name"": ""track_0_review"", ""structured_output_schema_sha256"": ""6a4a2d4573e9ccd055b4c71bb46f15ff86c3d81e9dd7b768ad256f45db757384"", ""response_schema_hash"": ""6a4a2d4573e9ccd055b4c71bb46f15ff86c3d81e9dd7b768ad256f45db757384"", ""stable_prefix_hash"": ""7077f1238010402ee74d1a83c3a0fb99992b2a4f17b4d0804914077a6cbfd285"", ""prompt_eval_count"": 1685, ""eval_count"": 90, ""done"": true, ""done_reason"": ""stop"", ""requested_num_ctx"": null, ""effective_num_ctx"": null, ""num_ctx_explicit"": false, ""think_requested"": true, ""think_honored"": true, ""think_fallback_used"": false, ""think_fallback_http_status"": null, ""empty_response"": false, ""pipeline_stage"": ""track_0_review"", ""role"": ""track_0_reviewer"", ""candidate_id"": ""mut_p9_R_day1_constraint"", ""requirement_id"": ""not_applicable"", ""semantic_attempt"": 1, ""technical_retry"": 1}]",0,0,0,0,0,[],,False,{},{},0,0,0,0.0,,incorrect,,direct_no_requirement_review,False,0.0,0.0,,,,140a9e53b261b0055907e9f6d0fb37dd6f8d2b464548e6465399e710da5200fe,,,,,,,,,,,,,,,,,,,,,,,,,,,,,
incorrect,"The constraints are incorrect. They are summing over the wrong shifts to account for employee coverage. For instance, constraint_001 is intended to cover Monday, but it's adding workers starting on Monday, Saturday, Friday, Thursday, and Wednesday, which is not correct.",Constraints need to correctly account for the 5-day work window when summing contributions from different shift starts to cover the daily employee requirements.,not_applicable,,,,,,,,,,,,,,,,,,,,,,,,,,,,0,,{},[],,0,0,0,{},[],[],,,,,,,,,,{},{},off,,,0,[],3,False,[],metadata_three_judges_dual_a_witness_consensus_root_shadow,v12,,,,,,,,,,,,,,,,,,,,,,,,,,,,,,,,,,,,,,,,,,,,,,,,,,,,,,,,,,0__gemma3:12b__mut_p9_R_obj_s0_objective__r0,0,gemma3:12b,mut_p9_R_obj_s0_objective,mutant,9,0,gold,False,incorrect,[],mixed_or_unclear,,none,[],[],,"The constraints are incorrect. They are summing over the wrong shifts to account for employee coverage. For instance, constraint_001 is intended to cover Monday, but it's adding workers starting on Monday, Saturday, Friday, Thursday, and Wednesday, which is not correct.",,0.0,True,True,True,,,,,,False,1685,unavailable,unavailable,unavailable,106,1791,14.339,0,False,,42,42,,"[""ollama""]","[""e0cc154faaa3d644eee7818e05eec25b433da51580d60d973972da67a0db8885""]",[10000],"[""completed""]","[""""]",1,0,False,"[{""provider"": ""ollama"", ""model"": ""gemma3:12b"", ""prompt_sha256"": ""e0cc154faaa3d644eee7818e05eec25b433da51580d60d973972da67a0db8885"", ""prompt_hash"": ""e0cc154faaa3d644eee7818e05eec25b433da51580d60d973972da67a0db8885"", ""prompt_character_count"": 4712, ""prompt_utf8_bytes"": 4712, ""requested_seed"": 42, ""effective_seed"": 42, ""requested_temperature"": null, ""effective_temperature"": null, ""requested_output_token_limit"": 10000, ""effective_output_token_limit"": 10000, ""completion_status"": ""completed"", ""incomplete_reason"": """", ""truncated"": false, ""had_truncation"": false, ""truncation_retry_count"": 0, ""truncation_recovered"": false, ""attempts"": [{""attempt"": 1, ""requested_output_token_limit"": 10000, ""effective_output_token_limit"": 10000, ""completion_status"": ""completed"", ""incomplete_reason"": """", ""truncated"": false, ""input_tokens"": 1685, ""output_tokens"": 106, ""reasoning_tokens"": """", ""api_attempts"": 1, ""prompt_eval_count"": 1685, ""eval_count"": 106, ""done"": true, ""done_reason"": ""stop"", ""requested_num_ctx"": null, ""effective_num_ctx"": null, ""think_requested"": true, ""think_honored"": true, ""think_fallback_used"": false, ""think_fallback_http_status"": null}], ""dropped_parameters"": [], ""reasoning_tokens"": """", ""input_tokens"": 1685, ""cached_input_tokens"": """", ""uncached_input_tokens"": """", ""output_tokens"": 106, ""provider_cache_status"": ""unavailable"", ""api_attempts"": 1, ""structured_output_requested"": true, ""structured_output_enforced"": true, ""structured_output_schema_name"": ""track_0_review"", ""structured_output_schema_sha256"": ""6a4a2d4573e9ccd055b4c71bb46f15ff86c3d81e9dd7b768ad256f45db757384"", ""response_schema_hash"": ""6a4a2d4573e9ccd055b4c71bb46f15ff86c3d81e9dd7b768ad256f45db757384"", ""stable_prefix_hash"": ""7077f1238010402ee74d1a83c3a0fb99992b2a4f17b4d0804914077a6cbfd285"", ""prompt_eval_count"": 1685, ""eval_count"": 106, ""done"": true, ""done_reason"": ""stop"", ""requested_num_ctx"": null, ""effective_num_ctx"": null, ""num_ctx_explicit"": false, ""think_requested"": true, ""think_honored"": true, ""think_fallback_used"": false, ""think_fallback_http_status"": null, ""empty_response"": false, ""pipeline_stage"": ""track_0_review"", ""role"": ""track_0_reviewer"", ""candidate_id"": ""mut_p9_R_obj_s0_objective"", ""requirement_id"": ""not_applicable"", ""semantic_attempt"": 1, ""technical_retry"": 1}]",0,0,0,0,0,[],,False,{},{},0,0,0,0.0,,incorrect,,direct_no_requirement_review,False,0.0,0.0,,,,974e62d1be7a07d4856308e10c67074a7fe1f0b74de5044f4abc8b344efbece7,,,,,,,,,,,,,,,,,,,,,,,,,,,,,
incorrect,"The model does not correctly handle the machinery rental costs. Rental costs should only be incurred if the corresponding product is produced. The constraints `constraint_003`, `constraint_004`, and `constraint_005` are implemented incorrectly, forcing the machinery to be rented even if production is zero. This means it is not maximizing profit.",Machinery rental costs should only be included in the objective function if the product is being produced.,not_applicable,,,,,,,,,,,,,,,,,,,,,,,,,,,,0,,{},[],,0,0,0,{},[],[],,,,,,,,,,{},{},off,,,0,[],3,False,[],metadata_three_judges_dual_a_witness_consensus_root_shadow,v12,,,,,,,,,,,,,,,,,,,,,,,,,,,,,,,,,,,,,,,,,,,,,,,,,,,,,,,,,,0__gemma3:12b__mut_p10_R_cloth_constraint__r0,0,gemma3:12b,mut_p10_R_cloth_constraint,mutant,10,0,gold,False,incorrect,[],mixed_or_unclear,,none,[],[],,"The model does not correctly handle the machinery rental costs. Rental costs should only be incurred if the corresponding product is produced. The constraints `constraint_003`, `constraint_004`, and `constraint_005` are implemented incorrectly, forcing the machinery to be rented even if production is zero. This means it is not maximizing profit.",,0.0,True,True,True,,,,,,False,1575,unavailable,unavailable,unavailable,114,1689,15.226,0,False,,42,42,,"[""ollama""]","[""2cb2968d8b895ddc0b00a8dcfa8ba41db37e297faa93dc7baae2c8dd4b0af0aa""]",[10000],"[""completed""]","[""""]",1,0,False,"[{""provider"": ""ollama"", ""model"": ""gemma3:12b"", ""prompt_sha256"": ""2cb2968d8b895ddc0b00a8dcfa8ba41db37e297faa93dc7baae2c8dd4b0af0aa"", ""prompt_hash"": ""2cb2968d8b895ddc0b00a8dcfa8ba41db37e297faa93dc7baae2c8dd4b0af0aa"", ""prompt_character_count"": 4841, ""prompt_utf8_bytes"": 4841, ""requested_seed"": 42, ""effective_seed"": 42, ""requested_temperature"": null, ""effective_temperature"": null, ""requested_output_token_limit"": 10000, ""effective_output_token_limit"": 10000, ""completion_status"": ""completed"", ""incomplete_reason"": """", ""truncated"": false, ""had_truncation"": false, ""truncation_retry_count"": 0, ""truncation_recovered"": false, ""attempts"": [{""attempt"": 1, ""requested_output_token_limit"": 10000, ""effective_output_token_limit"": 10000, ""completion_status"": ""completed"", ""incomplete_reason"": """", ""truncated"": false, ""input_tokens"": 1575, ""output_tokens"": 114, ""reasoning_tokens"": """", ""api_attempts"": 1, ""prompt_eval_count"": 1575, ""eval_count"": 114, ""done"": true, ""done_reason"": ""stop"", ""requested_num_ctx"": null, ""effective_num_ctx"": null, ""think_requested"": true, ""think_honored"": true, ""think_fallback_used"": false, ""think_fallback_http_status"": null}], ""dropped_parameters"": [], ""reasoning_tokens"": """", ""input_tokens"": 1575, ""cached_input_tokens"": """", ""uncached_input_tokens"": """", ""output_tokens"": 114, ""provider_cache_status"": ""unavailable"", ""api_attempts"": 1, ""structured_output_requested"": true, ""structured_output_enforced"": true, ""structured_output_schema_name"": ""track_0_review"", ""structured_output_schema_sha256"": ""6a4a2d4573e9ccd055b4c71bb46f15ff86c3d81e9dd7b768ad256f45db757384"", ""response_schema_hash"": ""6a4a2d4573e9ccd055b4c71bb46f15ff86c3d81e9dd7b768ad256f45db757384"", ""stable_prefix_hash"": ""7077f1238010402ee74d1a83c3a0fb99992b2a4f17b4d0804914077a6cbfd285"", ""prompt_eval_count"": 1575, ""eval_count"": 114, ""done"": true, ""done_reason"": ""stop"", ""requested_num_ctx"": null, ""effective_num_ctx"": null, ""num_ctx_explicit"": false, ""think_requested"": true, ""think_honored"": true, ""think_fallback_used"": false, ""think_fallback_http_status"": null, ""empty_response"": false, ""pipeline_stage"": ""track_0_review"", ""role"": ""track_0_reviewer"", ""candidate_id"": ""mut_p10_R_cloth_constraint"", ""requirement_id"": ""not_applicable"", ""semantic_attempt"": 1, ""technical_retry"": 1}]",0,0,0,0,0,[],,False,{},{},0,0,0,0.0,,incorrect,,direct_no_requirement_review,False,0.0,0.0,,,,6c932bb9fbd3265618ef8585938ff2f1913294b1aeda7935a17abe3b29d7a680,,,,,,,,,,,,,,,,,,,,,,,,,,,,,
incorrect,"The model does not correctly represent the machinery rental costs. Rental costs should only incur if the corresponding product is produced. The model incorrectly uses y_shirts, y_shorts_m, and y_pants as binary variables indicating whether to rent machinery but subtracts the rental cost regardless of production quantity.",Machinery rental costs should only be included if the product is produced.,not_applicable,,,,,,,,,,,,,,,,,,,,,,,,,,,,0,,{},[],,0,0,0,{},[],[],,,,,,,,,,{},{},off,,,0,[],3,False,[],metadata_three_judges_dual_a_witness_consensus_root_shadow,v12,,,,,,,,,,,,,,,,,,,,,,,,,,,,,,,,,,,,,,,,,,,,,,,,,,,,,,,,,,0__gemma3:12b__mut_p10_R_labor_constraint__r0,0,gemma3:12b,mut_p10_R_labor_constraint,mutant,10,0,gold,False,incorrect,[],mixed_or_unclear,,none,[],[],,"The model does not correctly represent the machinery rental costs. Rental costs should only incur if the corresponding product is produced. The model incorrectly uses y_shirts, y_shorts_m, and y_pants as binary variables indicating whether to rent machinery but subtracts the rental cost regardless of production quantity.",,0.0,True,True,True,,,,,,False,1575,unavailable,unavailable,unavailable,97,1672,13.387,0,False,,42,42,,"[""ollama""]","[""68e3cc63b5ea17422a4dc604407429aa18424cec535be88c00b6123b8b539689""]",[10000],"[""completed""]","[""""]",1,0,False,"[{""provider"": ""ollama"", ""model"": ""gemma3:12b"", ""prompt_sha256"": ""68e3cc63b5ea17422a4dc604407429aa18424cec535be88c00b6123b8b539689"", ""prompt_hash"": ""68e3cc63b5ea17422a4dc604407429aa18424cec535be88c00b6123b8b539689"", ""prompt_character_count"": 4841, ""prompt_utf8_bytes"": 4841, ""requested_seed"": 42, ""effective_seed"": 42, ""requested_temperature"": null, ""effective_temperature"": null, ""requested_output_token_limit"": 10000, ""effective_output_token_limit"": 10000, ""completion_status"": ""completed"", ""incomplete_reason"": """", ""truncated"": false, ""had_truncation"": false, ""truncation_retry_count"": 0, ""truncation_recovered"": false, ""attempts"": [{""attempt"": 1, ""requested_output_token_limit"": 10000, ""effective_output_token_limit"": 10000, ""completion_status"": ""completed"", ""incomplete_reason"": """", ""truncated"": false, ""input_tokens"": 1575, ""output_tokens"": 97, ""reasoning_tokens"": """", ""api_attempts"": 1, ""prompt_eval_count"": 1575, ""eval_count"": 97, ""done"": true, ""done_reason"": ""stop"", ""requested_num_ctx"": null, ""effective_num_ctx"": null, ""think_requested"": true, ""think_honored"": true, ""think_fallback_used"": false, ""think_fallback_http_status"": null}], ""dropped_parameters"": [], ""reasoning_tokens"": """", ""input_tokens"": 1575, ""cached_input_tokens"": """", ""uncached_input_tokens"": """", ""output_tokens"": 97, ""provider_cache_status"": ""unavailable"", ""api_attempts"": 1, ""structured_output_requested"": true, ""structured_output_enforced"": true, ""structured_output_schema_name"": ""track_0_review"", ""structured_output_schema_sha256"": ""6a4a2d4573e9ccd055b4c71bb46f15ff86c3d81e9dd7b768ad256f45db757384"", ""response_schema_hash"": ""6a4a2d4573e9ccd055b4c71bb46f15ff86c3d81e9dd7b768ad256f45db757384"", ""stable_prefix_hash"": ""7077f1238010402ee74d1a83c3a0fb99992b2a4f17b4d0804914077a6cbfd285"", ""prompt_eval_count"": 1575, ""eval_count"": 97, ""done"": true, ""done_reason"": ""stop"", ""requested_num_ctx"": null, ""effective_num_ctx"": null, ""num_ctx_explicit"": false, ""think_requested"": true, ""think_honored"": true, ""think_fallback_used"": false, ""think_fallback_http_status"": null, ""empty_response"": false, ""pipeline_stage"": ""track_0_review"", ""role"": ""track_0_reviewer"", ""candidate_id"": ""mut_p10_R_labor_constraint"", ""requirement_id"": ""not_applicable"", ""semantic_attempt"": 1, ""technical_retry"": 1}]",0,0,0,0,0,[],,False,{},{},0,0,0,0.0,,incorrect,,direct_no_requirement_review,False,0.0,0.0,,,,93bec8d8b3a5dc4e7769c24b2b3530c9087a094f2b7a9d176f587401e6c14bb4,,,,,,,,,,,,,,,,,,,,,,,,,,,,,
incorrect,"The objective function incorrectly includes the unit contribution of shirts (7.0 instead of 6.0), leading to an inaccurate profit calculation.",Objective function should match the problem statement (selling price - variable cost) for each product.,not_applicable,,,,,,,,,,,,,,,,,,,,,,,,,,,,0,,{},[],,0,0,0,{},[],[],,,,,,,,,,{},{},off,,,0,[],3,False,[],metadata_three_judges_dual_a_witness_consensus_root_shadow,v12,,,,,,,,,,,,,,,,,,,,,,,,,,,,,,,,,,,,,,,,,,,,,,,,,,,,,,,,,,0__gemma3:12b__mut_p10_R_obj_shirts_objective__r0,0,gemma3:12b,mut_p10_R_obj_shirts_objective,mutant,10,0,gold,False,incorrect,[],mixed_or_unclear,,none,[],[],,"The objective function incorrectly includes the unit contribution of shirts (7.0 instead of 6.0), leading to an inaccurate profit calculation.",,0.0,True,True,True,,,,,,False,1573,unavailable,unavailable,unavailable,69,1642,10.606,0,False,,42,42,,"[""ollama""]","[""a79ecf1c0ed3a47f74f59cc3c177c3e07a4d4623913f05e9454ba191886b46eb""]",[10000],"[""completed""]","[""""]",1,0,False,"[{""provider"": ""ollama"", ""model"": ""gemma3:12b"", ""prompt_sha256"": ""a79ecf1c0ed3a47f74f59cc3c177c3e07a4d4623913f05e9454ba191886b46eb"", ""prompt_hash"": ""a79ecf1c0ed3a47f74f59cc3c177c3e07a4d4623913f05e9454ba191886b46eb"", ""prompt_character_count"": 4839, ""prompt_utf8_bytes"": 4839, ""requested_seed"": 42, ""effective_seed"": 42, ""requested_temperature"": null, ""effective_temperature"": null, ""requested_output_token_limit"": 10000, ""effective_output_token_limit"": 10000, ""completion_status"": ""completed"", ""incomplete_reason"": """", ""truncated"": false, ""had_truncation"": false, ""truncation_retry_count"": 0, ""truncation_recovered"": false, ""attempts"": [{""attempt"": 1, ""requested_output_token_limit"": 10000, ""effective_output_token_limit"": 10000, ""completion_status"": ""completed"", ""incomplete_reason"": """", ""truncated"": false, ""input_tokens"": 1573, ""output_tokens"": 69, ""reasoning_tokens"": """", ""api_attempts"": 1, ""prompt_eval_count"": 1573, ""eval_count"": 69, ""done"": true, ""done_reason"": ""stop"", ""requested_num_ctx"": null, ""effective_num_ctx"": null, ""think_requested"": true, ""think_honored"": true, ""think_fallback_used"": false, ""think_fallback_http_status"": null}], ""dropped_parameters"": [], ""reasoning_tokens"": """", ""input_tokens"": 1573, ""cached_input_tokens"": """", ""uncached_input_tokens"": """", ""output_tokens"": 69, ""provider_cache_status"": ""unavailable"", ""api_attempts"": 1, ""structured_output_requested"": true, ""structured_output_enforced"": true, ""structured_output_schema_name"": ""track_0_review"", ""structured_output_schema_sha256"": ""6a4a2d4573e9ccd055b4c71bb46f15ff86c3d81e9dd7b768ad256f45db757384"", ""response_schema_hash"": ""6a4a2d4573e9ccd055b4c71bb46f15ff86c3d81e9dd7b768ad256f45db757384"", ""stable_prefix_hash"": ""7077f1238010402ee74d1a83c3a0fb99992b2a4f17b4d0804914077a6cbfd285"", ""prompt_eval_count"": 1573, ""eval_count"": 69, ""done"": true, ""done_reason"": ""stop"", ""requested_num_ctx"": null, ""effective_num_ctx"": null, ""num_ctx_explicit"": false, ""think_requested"": true, ""think_honored"": true, ""think_fallback_used"": false, ""think_fallback_http_status"": null, ""empty_response"": false, ""pipeline_stage"": ""track_0_review"", ""role"": ""track_0_reviewer"", ""candidate_id"": ""mut_p10_R_obj_shirts_objective"", ""requirement_id"": ""not_applicable"", ""semantic_attempt"": 1, ""technical_retry"": 1}]",0,0,0,0,0,[],,False,{},{},0,0,0,0.0,,incorrect,,direct_no_requirement_review,False,0.0,0.0,,,,c4573799090315abd9e45ce19124a3cabde506299e5c28df23f79e78acd7dfaf,,,,,,,,,,,,,,,,,,,,,,,,,,,,,
correct,The model appears well-structured and incorporates all constraints and the objective function correctly. All variables and constraints are defined with appropriate bounds and senses.,,not_applicable,,,,,,,,,,,,,,,,,,,,,,,,,,,,0,,{},[],,0,0,0,{},[],[],,,,,,,,,,{},{},off,,,0,[],3,False,[],metadata_three_judges_dual_a_witness_consensus_root_shadow,v12,,,,,,,,,,,,,,,,,,,,,,,,,,,,,,,,,,,,,,,,,,,,,,,,,,,,,,,,,,0__gemma3:12b__mut_p12_R_cap_c1_constraint__r0,0,gemma3:12b,mut_p12_R_cap_c1_constraint,mutant,12,0,gold,False,correct,[],none,,none,[],[],,,,0.0,True,True,True,,,,,,False,2051,unavailable,unavailable,unavailable,48,2099,9.058,0,False,,42,42,,"[""ollama""]","[""cae06cfb11c79263e679a6d220be6285a3bd6ce885ecfb961539ceb642b2d0e1""]",[10000],"[""completed""]","[""""]",1,0,False,"[{""provider"": ""ollama"", ""model"": ""gemma3:12b"", ""prompt_sha256"": ""cae06cfb11c79263e679a6d220be6285a3bd6ce885ecfb961539ceb642b2d0e1"", ""prompt_hash"": ""cae06cfb11c79263e679a6d220be6285a3bd6ce885ecfb961539ceb642b2d0e1"", ""prompt_character_count"": 9218, ""prompt_utf8_bytes"": 9218, ""requested_seed"": 42, ""effective_seed"": 42, ""requested_temperature"": null, ""effective_temperature"": null, ""requested_output_token_limit"": 10000, ""effective_output_token_limit"": 10000, ""completion_status"": ""completed"", ""incomplete_reason"": """", ""truncated"": false, ""had_truncation"": false, ""truncation_retry_count"": 0, ""truncation_recovered"": false, ""attempts"": [{""attempt"": 1, ""requested_output_token_limit"": 10000, ""effective_output_token_limit"": 10000, ""completion_status"": ""completed"", ""incomplete_reason"": """", ""truncated"": false, ""input_tokens"": 2051, ""output_tokens"": 48, ""reasoning_tokens"": """", ""api_attempts"": 1, ""prompt_eval_count"": 2051, ""eval_count"": 48, ""done"": true, ""done_reason"": ""stop"", ""requested_num_ctx"": null, ""effective_num_ctx"": null, ""think_requested"": true, ""think_honored"": true, ""think_fallback_used"": false, ""think_fallback_http_status"": null}], ""dropped_parameters"": [], ""reasoning_tokens"": """", ""input_tokens"": 2051, ""cached_input_tokens"": """", ""uncached_input_tokens"": """", ""output_tokens"": 48, ""provider_cache_status"": ""unavailable"", ""api_attempts"": 1, ""structured_output_requested"": true, ""structured_output_enforced"": true, ""structured_output_schema_name"": ""track_0_review"", ""structured_output_schema_sha256"": ""6a4a2d4573e9ccd055b4c71bb46f15ff86c3d81e9dd7b768ad256f45db757384"", ""response_schema_hash"": ""6a4a2d4573e9ccd055b4c71bb46f15ff86c3d81e9dd7b768ad256f45db757384"", ""stable_prefix_hash"": ""7077f1238010402ee74d1a83c3a0fb99992b2a4f17b4d0804914077a6cbfd285"", ""prompt_eval_count"": 2051, ""eval_count"": 48, ""done"": true, ""done_reason"": ""stop"", ""requested_num_ctx"": null, ""effective_num_ctx"": null, ""num_ctx_explicit"": false, ""think_requested"": true, ""think_honored"": true, ""think_fallback_used"": false, ""think_fallback_http_status"": null, ""empty_response"": false, ""pipeline_stage"": ""track_0_review"", ""role"": ""track_0_reviewer"", ""candidate_id"": ""mut_p12_R_cap_c1_constraint"", ""requirement_id"": ""not_applicable"", ""semantic_attempt"": 1, ""technical_retry"": 1}]",0,0,0,0,0,[],,False,{},{},0,0,0,0.0,,correct,,direct_no_requirement_review,False,0.0,0.0,,,,555645a005149ad2af794e1b85dd2819e0f83f0902d9baf44ff785dc34856717,,,,,,,,,,,,,,,,,,,,,,,,,,,,,
correct,The provided code successfully builds and solves a linear programming model based on the given constraints and objective function. The code's structure and logic align with standard Gurobi modeling practices.,"The model appears to correctly interpret and implement the provided linear constraints and objective function, ensuring a valid and solvable LP formulation.",not_applicable,,,,,,,,,,,,,,,,,,,,,,,,,,,,0,,{},[],,0,0,0,{},[],[],,,,,,,,,,{},{},off,,,0,[],3,False,[],metadata_three_judges_dual_a_witness_consensus_root_shadow,v12,,,,,,,,,,,,,,,,,,,,,,,,,,,,,,,,,,,,,,,,,,,,,,,,,,,,,,,,,,0__gemma3:12b__mut_p12_R_dem_s1_constraint__r0,0,gemma3:12b,mut_p12_R_dem_s1_constraint,mutant,12,0,gold,False,correct,[],none,,none,[],[],,,,0.0,True,True,True,,,,,,False,2051,unavailable,unavailable,unavailable,79,2130,11.89,0,False,,42,42,,"[""ollama""]","[""dce4a4fb95b5ab6dad469388ce760d1d87320de1798d3d77067071d2ab920a9b""]",[10000],"[""completed""]","[""""]",1,0,False,"[{""provider"": ""ollama"", ""model"": ""gemma3:12b"", ""prompt_sha256"": ""dce4a4fb95b5ab6dad469388ce760d1d87320de1798d3d77067071d2ab920a9b"", ""prompt_hash"": ""dce4a4fb95b5ab6dad469388ce760d1d87320de1798d3d77067071d2ab920a9b"", ""prompt_character_count"": 9218, ""prompt_utf8_bytes"": 9218, ""requested_seed"": 42, ""effective_seed"": 42, ""requested_temperature"": null, ""effective_temperature"": null, ""requested_output_token_limit"": 10000, ""effective_output_token_limit"": 10000, ""completion_status"": ""completed"", ""incomplete_reason"": """", ""truncated"": false, ""had_truncation"": false, ""truncation_retry_count"": 0, ""truncation_recovered"": false, ""attempts"": [{""attempt"": 1, ""requested_output_token_limit"": 10000, ""effective_output_token_limit"": 10000, ""completion_status"": ""completed"", ""incomplete_reason"": """", ""truncated"": false, ""input_tokens"": 2051, ""output_tokens"": 79, ""reasoning_tokens"": """", ""api_attempts"": 1, ""prompt_eval_count"": 2051, ""eval_count"": 79, ""done"": true, ""done_reason"": ""stop"", ""requested_num_ctx"": null, ""effective_num_ctx"": null, ""think_requested"": true, ""think_honored"": true, ""think_fallback_used"": false, ""think_fallback_http_status"": null}], ""dropped_parameters"": [], ""reasoning_tokens"": """", ""input_tokens"": 2051, ""cached_input_tokens"": """", ""uncached_input_tokens"": """", ""output_tokens"": 79, ""provider_cache_status"": ""unavailable"", ""api_attempts"": 1, ""structured_output_requested"": true, ""structured_output_enforced"": true, ""structured_output_schema_name"": ""track_0_review"", ""structured_output_schema_sha256"": ""6a4a2d4573e9ccd055b4c71bb46f15ff86c3d81e9dd7b768ad256f45db757384"", ""response_schema_hash"": ""6a4a2d4573e9ccd055b4c71bb46f15ff86c3d81e9dd7b768ad256f45db757384"", ""stable_prefix_hash"": ""7077f1238010402ee74d1a83c3a0fb99992b2a4f17b4d0804914077a6cbfd285"", ""prompt_eval_count"": 2051, ""eval_count"": 79, ""done"": true, ""done_reason"": ""stop"", ""requested_num_ctx"": null, ""effective_num_ctx"": null, ""num_ctx_explicit"": false, ""think_requested"": true, ""think_honored"": true, ""think_fallback_used"": false, ""think_fallback_http_status"": null, ""empty_response"": false, ""pipeline_stage"": ""track_0_review"", ""role"": ""track_0_reviewer"", ""candidate_id"": ""mut_p12_R_dem_s1_constraint"", ""requirement_id"": ""not_applicable"", ""semantic_attempt"": 1, ""technical_retry"": 1}]",0,0,0,0,0,[],,False,{},{},0,0,0,0.0,,correct,,direct_no_requirement_review,False,0.0,0.0,,,,7ffa5e7d9f73ccf5057e87cc81ac1ffaaf1475ee6e6e379f7dd81e027f3ebd30,,,,,,,,,,,,,,,,,,,,,,,,,,,,,
correct,"The model appears well-structured and correctly implements the given constraints and objective function.  The objective function is a weighted sum of variables, and the constraints are properly translated into Gurobi constraints.  The code structure follows the provided specification closely.",optional free-text description,not_applicable,,,,,,,,,,,,,,,,,,,,,,,,,,,,0,,{},[],,0,0,0,{},[],[],,,,,,,,,,{},{},off,,,0,[],3,False,[],metadata_three_judges_dual_a_witness_consensus_root_shadow,v12,,,,,,,,,,,,,,,,,,,,,,,,,,,,,,,,,,,,,,,,,,,,,,,,,,,,,,,,,,0__gemma3:12b__mut_p12_R_obj_y_c1_objective__r0,0,gemma3:12b,mut_p12_R_obj_y_c1_objective,mutant,12,0,gold,False,correct,[],none,,none,[],[],,,,0.0,True,True,True,,,,,,False,2051,unavailable,unavailable,unavailable,73,2124,11.376,0,False,,42,42,,"[""ollama""]","[""af0dc8c1e7f59613a9dec74f5b4eb3c872bcc48b9810dfb30aca221df9f5507a""]",[10000],"[""completed""]","[""""]",1,0,False,"[{""provider"": ""ollama"", ""model"": ""gemma3:12b"", ""prompt_sha256"": ""af0dc8c1e7f59613a9dec74f5b4eb3c872bcc48b9810dfb30aca221df9f5507a"", ""prompt_hash"": ""af0dc8c1e7f59613a9dec74f5b4eb3c872bcc48b9810dfb30aca221df9f5507a"", ""prompt_character_count"": 9216, ""prompt_utf8_bytes"": 9216, ""requested_seed"": 42, ""effective_seed"": 42, ""requested_temperature"": null, ""effective_temperature"": null, ""requested_output_token_limit"": 10000, ""effective_output_token_limit"": 10000, ""completion_status"": ""completed"", ""incomplete_reason"": """", ""truncated"": false, ""had_truncation"": false, ""truncation_retry_count"": 0, ""truncation_recovered"": false, ""attempts"": [{""attempt"": 1, ""requested_output_token_limit"": 10000, ""effective_output_token_limit"": 10000, ""completion_status"": ""completed"", ""incomplete_reason"": """", ""truncated"": false, ""input_tokens"": 2051, ""output_tokens"": 73, ""reasoning_tokens"": """", ""api_attempts"": 1, ""prompt_eval_count"": 2051, ""eval_count"": 73, ""done"": true, ""done_reason"": ""stop"", ""requested_num_ctx"": null, ""effective_num_ctx"": null, ""think_requested"": true, ""think_honored"": true, ""think_fallback_used"": false, ""think_fallback_http_status"": null}], ""dropped_parameters"": [], ""reasoning_tokens"": """", ""input_tokens"": 2051, ""cached_input_tokens"": """", ""uncached_input_tokens"": """", ""output_tokens"": 73, ""provider_cache_status"": ""unavailable"", ""api_attempts"": 1, ""structured_output_requested"": true, ""structured_output_enforced"": true, ""structured_output_schema_name"": ""track_0_review"", ""structured_output_schema_sha256"": ""6a4a2d4573e9ccd055b4c71bb46f15ff86c3d81e9dd7b768ad256f45db757384"", ""response_schema_hash"": ""6a4a2d4573e9ccd055b4c71bb46f15ff86c3d81e9dd7b768ad256f45db757384"", ""stable_prefix_hash"": ""7077f1238010402ee74d1a83c3a0fb99992b2a4f17b4d0804914077a6cbfd285"", ""prompt_eval_count"": 2051, ""eval_count"": 73, ""done"": true, ""done_reason"": ""stop"", ""requested_num_ctx"": null, ""effective_num_ctx"": null, ""num_ctx_explicit"": false, ""think_requested"": true, ""think_honored"": true, ""think_fallback_used"": false, ""think_fallback_http_status"": null, ""empty_response"": false, ""pipeline_stage"": ""track_0_review"", ""role"": ""track_0_reviewer"", ""candidate_id"": ""mut_p12_R_obj_y_c1_objective"", ""requirement_id"": ""not_applicable"", ""semantic_attempt"": 1, ""technical_retry"": 1}]",0,0,0,0,0,[],,False,{},{},0,0,0,0.0,,correct,,direct_no_requirement_review,False,0.0,0.0,,,,5461dc18a76128e9fa879966933658cee11cff5cde9d7ceaca20645aab4b6b73,,,,,,,,,,,,,,,,,,,,,,,,,,,,,
incorrect,"The problem requires a path from A to E via C. The model only constrains that A, C, and E are part of some flow, but doesn't enforce the path A -> C -> E. It allows A to C, then loops back to A, and then to E.",Path constraints are missing.,not_applicable,,,,,,,,,,,,,,,,,,,,,,,,,,,,0,,{},[],,0,0,0,{},[],[],,,,,,,,,,{},{},off,,,0,[],3,False,[],metadata_three_judges_dual_a_witness_consensus_root_shadow,v12,,,,,,,,,,,,,,,,,,,,,,,,,,,,,,,,,,,,,,,,,,,,,,,,,,,,,,,,,,0__gemma3:12b__mut_p22_R_bottleneck_B_C_constraint__r0,0,gemma3:12b,mut_p22_R_bottleneck_B_C_constraint,mutant,22,0,gold,False,incorrect,[],mixed_or_unclear,,none,[],[],,"The problem requires a path from A to E via C. The model only constrains that A, C, and E are part of some flow, but doesn't enforce the path A -> C -> E. It allows A to C, then loops back to A, and then to E.",,0.0,True,True,True,,,,,,False,3605,unavailable,unavailable,unavailable,88,3693,15.224,0,False,,42,42,,"[""ollama""]","[""cf427488678ac7160955fa637bde689bb5161bd040baff434121dc27ba5bfeb8""]",[10000],"[""completed""]","[""""]",1,0,False,"[{""provider"": ""ollama"", ""model"": ""gemma3:12b"", ""prompt_sha256"": ""cf427488678ac7160955fa637bde689bb5161bd040baff434121dc27ba5bfeb8"", ""prompt_hash"": ""cf427488678ac7160955fa637bde689bb5161bd040baff434121dc27ba5bfeb8"", ""prompt_character_count"": 8284, ""prompt_utf8_bytes"": 8284, ""requested_seed"": 42, ""effective_seed"": 42, ""requested_temperature"": null, ""effective_temperature"": null, ""requested_output_token_limit"": 10000, ""effective_output_token_limit"": 10000, ""completion_status"": ""completed"", ""incomplete_reason"": """", ""truncated"": false, ""had_truncation"": false, ""truncation_retry_count"": 0, ""truncation_recovered"": false, ""attempts"": [{""attempt"": 1, ""requested_output_token_limit"": 10000, ""effective_output_token_limit"": 10000, ""completion_status"": ""completed"", ""incomplete_reason"": """", ""truncated"": false, ""input_tokens"": 3605, ""output_tokens"": 88, ""reasoning_tokens"": """", ""api_attempts"": 1, ""prompt_eval_count"": 3605, ""eval_count"": 88, ""done"": true, ""done_reason"": ""stop"", ""requested_num_ctx"": null, ""effective_num_ctx"": null, ""think_requested"": true, ""think_honored"": true, ""think_fallback_used"": false, ""think_fallback_http_status"": null}], ""dropped_parameters"": [], ""reasoning_tokens"": """", ""input_tokens"": 3605, ""cached_input_tokens"": """", ""uncached_input_tokens"": """", ""output_tokens"": 88, ""provider_cache_status"": ""unavailable"", ""api_attempts"": 1, ""structured_output_requested"": true, ""structured_output_enforced"": true, ""structured_output_schema_name"": ""track_0_review"", ""structured_output_schema_sha256"": ""6a4a2d4573e9ccd055b4c71bb46f15ff86c3d81e9dd7b768ad256f45db757384"", ""response_schema_hash"": ""6a4a2d4573e9ccd055b4c71bb46f15ff86c3d81e9dd7b768ad256f45db757384"", ""stable_prefix_hash"": ""7077f1238010402ee74d1a83c3a0fb99992b2a4f17b4d0804914077a6cbfd285"", ""prompt_eval_count"": 3605, ""eval_count"": 88, ""done"": true, ""done_reason"": ""stop"", ""requested_num_ctx"": null, ""effective_num_ctx"": null, ""num_ctx_explicit"": false, ""think_requested"": true, ""think_honored"": true, ""think_fallback_used"": false, ""think_fallback_http_status"": null, ""empty_response"": false, ""pipeline_stage"": ""track_0_review"", ""role"": ""track_0_reviewer"", ""candidate_id"": ""mut_p22_R_bottleneck_B_C_constraint"", ""requirement_id"": ""not_applicable"", ""semantic_attempt"": 1, ""technical_retry"": 1}]",0,0,0,0,0,[],,False,{},{},0,0,0,0.0,,incorrect,,direct_no_requirement_review,False,0.0,0.0,,,,70be231a8473b0eb26fffb415082539a81ccec5962e5e578dde9b583a41a2377,,,,,,,,,,,,,,,,,,,,,,,,,,,,,
incorrect,"The model's constraints don't fully enforce the required path from A to E through C, potentially allowing solutions that bypass C or create loops. Specifically, constraints 001 and 002, intended to force the A->C->E or A->C->D->E path, are insufficiently restrictive, permitting other paths.",Path constraints need to explicitly enforce the A -> C -> E route without loops.,not_applicable,,,,,,,,,,,,,,,,,,,,,,,,,,,,0,,{},[],,0,0,0,{},[],[],,,,,,,,,,{},{},off,,,0,[],3,False,[],metadata_three_judges_dual_a_witness_consensus_root_shadow,v12,,,,,,,,,,,,,,,,,,,,,,,,,,,,,,,,,,,,,,,,,,,,,,,,,,,,,,,,,,0__gemma3:12b__mut_p22_R_bottleneck_C_E_constraint__r0,0,gemma3:12b,mut_p22_R_bottleneck_C_E_constraint,mutant,22,0,gold,False,incorrect,[],mixed_or_unclear,,none,[],[],,"The model's constraints don't fully enforce the required path from A to E through C, potentially allowing solutions that bypass C or create loops. Specifically, constraints 001 and 002, intended to force the A->C->E or A->C->D->E path, are insufficiently restrictive, permitting other paths.",,0.0,True,True,True,,,,,,False,3605,unavailable,unavailable,unavailable,109,3714,17.702,0,False,,42,42,,"[""ollama""]","[""7661958f435b027880b010e04e9f632596bcb65019a6b4804d1141ffb274135f""]",[10000],"[""completed""]","[""""]",1,0,False,"[{""provider"": ""ollama"", ""model"": ""gemma3:12b"", ""prompt_sha256"": ""7661958f435b027880b010e04e9f632596bcb65019a6b4804d1141ffb274135f"", ""prompt_hash"": ""7661958f435b027880b010e04e9f632596bcb65019a6b4804d1141ffb274135f"", ""prompt_character_count"": 8284, ""prompt_utf8_bytes"": 8284, ""requested_seed"": 42, ""effective_seed"": 42, ""requested_temperature"": null, ""effective_temperature"": null, ""requested_output_token_limit"": 10000, ""effective_output_token_limit"": 10000, ""completion_status"": ""completed"", ""incomplete_reason"": """", ""truncated"": false, ""had_truncation"": false, ""truncation_retry_count"": 0, ""truncation_recovered"": false, ""attempts"": [{""attempt"": 1, ""requested_output_token_limit"": 10000, ""effective_output_token_limit"": 10000, ""completion_status"": ""completed"", ""incomplete_reason"": """", ""truncated"": false, ""input_tokens"": 3605, ""output_tokens"": 109, ""reasoning_tokens"": """", ""api_attempts"": 1, ""prompt_eval_count"": 3605, ""eval_count"": 109, ""done"": true, ""done_reason"": ""stop"", ""requested_num_ctx"": null, ""effective_num_ctx"": null, ""think_requested"": true, ""think_honored"": true, ""think_fallback_used"": false, ""think_fallback_http_status"": null}], ""dropped_parameters"": [], ""reasoning_tokens"": """", ""input_tokens"": 3605, ""cached_input_tokens"": """", ""uncached_input_tokens"": """", ""output_tokens"": 109, ""provider_cache_status"": ""unavailable"", ""api_attempts"": 1, ""structured_output_requested"": true, ""structured_output_enforced"": true, ""structured_output_schema_name"": ""track_0_review"", ""structured_output_schema_sha256"": ""6a4a2d4573e9ccd055b4c71bb46f15ff86c3d81e9dd7b768ad256f45db757384"", ""response_schema_hash"": ""6a4a2d4573e9ccd055b4c71bb46f15ff86c3d81e9dd7b768ad256f45db757384"", ""stable_prefix_hash"": ""7077f1238010402ee74d1a83c3a0fb99992b2a4f17b4d0804914077a6cbfd285"", ""prompt_eval_count"": 3605, ""eval_count"": 109, ""done"": true, ""done_reason"": ""stop"", ""requested_num_ctx"": null, ""effective_num_ctx"": null, ""num_ctx_explicit"": false, ""think_requested"": true, ""think_honored"": true, ""think_fallback_used"": false, ""think_fallback_http_status"": null, ""empty_response"": false, ""pipeline_stage"": ""track_0_review"", ""role"": ""track_0_reviewer"", ""candidate_id"": ""mut_p22_R_bottleneck_C_E_constraint"", ""requirement_id"": ""not_applicable"", ""semantic_attempt"": 1, ""technical_retry"": 1}]",0,0,0,0,0,[],,False,{},{},0,0,0,0.0,,incorrect,,direct_no_requirement_review,False,0.0,0.0,,,,5a7c5a495be5281e00adf0ebaeadbaaba2692372b140cc54a475856cba78d89e,,,,,,,,,,,,,,,,,,,,,,,,,,,,,
incorrect,"The problem requires a path from A to E via C. The model includes constraints like `constraint_001` which seem to be intended to enforce flow conservation at each node, but they are constructed in a way that appears to allow loops (e.g., x_A_B + x_A_C + x_A_E - x_B_A - x_C_A - x_D_A = 1). Also, several constraints have upper bounds of 1, which don't seem related to the problem description.",The flow conservation constraints are not correctly formulated and allow paths with loops.,not_applicable,,,,,,,,,,,,,,,,,,,,,,,,,,,,0,,{},[],,0,0,0,{},[],[],,,,,,,,,,{},{},off,,,0,[],3,False,[],metadata_three_judges_dual_a_witness_consensus_root_shadow,v12,,,,,,,,,,,,,,,,,,,,,,,,,,,,,,,,,,,,,,,,,,,,,,,,,,,,,,,,,,0__gemma3:12b__mut_p22_R_obj_z_objective__r0,0,gemma3:12b,mut_p22_R_obj_z_objective,mutant,22,0,gold,False,incorrect,[],mixed_or_unclear,,none,[],[],,"The problem requires a path from A to E via C. The model includes constraints like `constraint_001` which seem to be intended to enforce flow conservation at each node, but they are constructed in a way that appears to allow loops (e.g., x_A_B + x_A_C + x_A_E - x_B_A - x_C_A - x_D_A = 1). Also, several constraints have upper bounds of 1, which don't seem related to the problem description.",,0.0,True,True,True,,,,,,False,3603,unavailable,unavailable,unavailable,152,3755,22.267,0,False,,42,42,,"[""ollama""]","[""2d5d024d0c6af8e60b7e6620f62381d36433093171ef7ac93f54fe21908e3239""]",[10000],"[""completed""]","[""""]",1,0,False,"[{""provider"": ""ollama"", ""model"": ""gemma3:12b"", ""prompt_sha256"": ""2d5d024d0c6af8e60b7e6620f62381d36433093171ef7ac93f54fe21908e3239"", ""prompt_hash"": ""2d5d024d0c6af8e60b7e6620f62381d36433093171ef7ac93f54fe21908e3239"", ""prompt_character_count"": 8282, ""prompt_utf8_bytes"": 8282, ""requested_seed"": 42, ""effective_seed"": 42, ""requested_temperature"": null, ""effective_temperature"": null, ""requested_output_token_limit"": 10000, ""effective_output_token_limit"": 10000, ""completion_status"": ""completed"", ""incomplete_reason"": """", ""truncated"": false, ""had_truncation"": false, ""truncation_retry_count"": 0, ""truncation_recovered"": false, ""attempts"": [{""attempt"": 1, ""requested_output_token_limit"": 10000, ""effective_output_token_limit"": 10000, ""completion_status"": ""completed"", ""incomplete_reason"": """", ""truncated"": false, ""input_tokens"": 3603, ""output_tokens"": 152, ""reasoning_tokens"": """", ""api_attempts"": 1, ""prompt_eval_count"": 3603, ""eval_count"": 152, ""done"": true, ""done_reason"": ""stop"", ""requested_num_ctx"": null, ""effective_num_ctx"": null, ""think_requested"": true, ""think_honored"": true, ""think_fallback_used"": false, ""think_fallback_http_status"": null}], ""dropped_parameters"": [], ""reasoning_tokens"": """", ""input_tokens"": 3603, ""cached_input_tokens"": """", ""uncached_input_tokens"": """", ""output_tokens"": 152, ""provider_cache_status"": ""unavailable"", ""api_attempts"": 1, ""structured_output_requested"": true, ""structured_output_enforced"": true, ""structured_output_schema_name"": ""track_0_review"", ""structured_output_schema_sha256"": ""6a4a2d4573e9ccd055b4c71bb46f15ff86c3d81e9dd7b768ad256f45db757384"", ""response_schema_hash"": ""6a4a2d4573e9ccd055b4c71bb46f15ff86c3d81e9dd7b768ad256f45db757384"", ""stable_prefix_hash"": ""7077f1238010402ee74d1a83c3a0fb99992b2a4f17b4d0804914077a6cbfd285"", ""prompt_eval_count"": 3603, ""eval_count"": 152, ""done"": true, ""done_reason"": ""stop"", ""requested_num_ctx"": null, ""effective_num_ctx"": null, ""num_ctx_explicit"": false, ""think_requested"": true, ""think_honored"": true, ""think_fallback_used"": false, ""think_fallback_http_status"": null, ""empty_response"": false, ""pipeline_stage"": ""track_0_review"", ""role"": ""track_0_reviewer"", ""candidate_id"": ""mut_p22_R_obj_z_objective"", ""requirement_id"": ""not_applicable"", ""semantic_attempt"": 1, ""technical_retry"": 1}]",0,0,0,0,0,[],,False,{},{},0,0,0,0.0,,incorrect,,direct_no_requirement_review,False,0.0,0.0,,,,8aa3129f1ec5d35540379a5c249b868b2f271a4806bad9333b59e16db544007e,,,,,,,,,,,,,,,,,,,,,,,,,,,,,
correct,"The provided code implements a standard Gurobi (GP) model building and solving process. It correctly sets up variables, constraints, and the objective function based on the given specifications. The solving process and the returned solution format are also reasonable.",optional free-text description,not_applicable,,,,,,,,,,,,,,,,,,,,,,,,,,,,0,,{},[],,0,0,0,{},[],[],,,,,,,,,,{},{},off,,,0,[],3,False,[],metadata_three_judges_dual_a_witness_consensus_root_shadow,v12,,,,,,,,,,,,,,,,,,,,,,,,,,,,,,,,,,,,,,,,,,,,,,,,,,,,,,,,,,0__gemma3:12b__mut_p23_R_choose_one_combo_constraint__r0,0,gemma3:12b,mut_p23_R_choose_one_combo_constraint,mutant,23,0,gold,False,correct,[],none,,none,[],[],,,,0.0,True,True,True,,,,,,False,2051,unavailable,unavailable,unavailable,76,2127,11.707,0,False,,42,42,,"[""ollama""]","[""abcc61427af99d690eecb0931b9be32d51233d3ceac944f1ec60ad8505f2b21a""]",[10000],"[""completed""]","[""""]",1,0,False,"[{""provider"": ""ollama"", ""model"": ""gemma3:12b"", ""prompt_sha256"": ""abcc61427af99d690eecb0931b9be32d51233d3ceac944f1ec60ad8505f2b21a"", ""prompt_hash"": ""abcc61427af99d690eecb0931b9be32d51233d3ceac944f1ec60ad8505f2b21a"", ""prompt_character_count"": 32253, ""prompt_utf8_bytes"": 32253, ""requested_seed"": 42, ""effective_seed"": 42, ""requested_temperature"": null, ""effective_temperature"": null, ""requested_output_token_limit"": 10000, ""effective_output_token_limit"": 10000, ""completion_status"": ""completed"", ""incomplete_reason"": """", ""truncated"": false, ""had_truncation"": false, ""truncation_retry_count"": 0, ""truncation_recovered"": false, ""attempts"": [{""attempt"": 1, ""requested_output_token_limit"": 10000, ""effective_output_token_limit"": 10000, ""completion_status"": ""completed"", ""incomplete_reason"": """", ""truncated"": false, ""input_tokens"": 2051, ""output_tokens"": 76, ""reasoning_tokens"": """", ""api_attempts"": 1, ""prompt_eval_count"": 2051, ""eval_count"": 76, ""done"": true, ""done_reason"": ""stop"", ""requested_num_ctx"": null, ""effective_num_ctx"": null, ""think_requested"": true, ""think_honored"": true, ""think_fallback_used"": false, ""think_fallback_http_status"": null}], ""dropped_parameters"": [], ""reasoning_tokens"": """", ""input_tokens"": 2051, ""cached_input_tokens"": """", ""uncached_input_tokens"": """", ""output_tokens"": 76, ""provider_cache_status"": ""unavailable"", ""api_attempts"": 1, ""structured_output_requested"": true, ""structured_output_enforced"": true, ""structured_output_schema_name"": ""track_0_review"", ""structured_output_schema_sha256"": ""6a4a2d4573e9ccd055b4c71bb46f15ff86c3d81e9dd7b768ad256f45db757384"", ""response_schema_hash"": ""6a4a2d4573e9ccd055b4c71bb46f15ff86c3d81e9dd7b768ad256f45db757384"", ""stable_prefix_hash"": ""7077f1238010402ee74d1a83c3a0fb99992b2a4f17b4d0804914077a6cbfd285"", ""prompt_eval_count"": 2051, ""eval_count"": 76, ""done"": true, ""done_reason"": ""stop"", ""requested_num_ctx"": null, ""effective_num_ctx"": null, ""num_ctx_explicit"": false, ""think_requested"": true, ""think_honored"": true, ""think_fallback_used"": false, ""think_fallback_http_status"": null, ""empty_response"": false, ""pipeline_stage"": ""track_0_review"", ""role"": ""track_0_reviewer"", ""candidate_id"": ""mut_p23_R_choose_one_combo_constraint"", ""requirement_id"": ""not_applicable"", ""semantic_attempt"": 1, ""technical_retry"": 1}]",0,0,0,0,0,[],,False,{},{},0,0,0,0.0,,correct,,direct_no_requirement_review,False,0.0,0.0,,,,039d0ac1b1c6cc88ec99d1cbe145528885c367237e6caf0a321d3f0650e8b2f6,,,,,,,,,,,,,,,,,,,,,,,,,,,,,
correct,"The provided code defines a function to build and solve a Gurobi optimization model. The code appears well-structured and follows standard practices for defining variables, constraints, and the objective function. The use of `gp.quicksum` is efficient, and the handling of different variable types and constraint senses is correctly implemented. It also returns status, objective value and the solution.",,not_applicable,,,,,,,,,,,,,,,,,,,,,,,,,,,,0,,{},[],,0,0,0,{},[],[],,,,,,,,,,{},{},off,,,0,[],3,False,[],metadata_three_judges_dual_a_witness_consensus_root_shadow,v12,,,,,,,,,,,,,,,,,,,,,,,,,,,,,,,,,,,,,,,,,,,,,,,,,,,,,,,,,,0__gemma3:12b__mut_p23_R_weight_constraint__r0,0,gemma3:12b,mut_p23_R_weight_constraint,mutant,23,0,gold,False,correct,[],none,,none,[],[],,,,0.0,True,True,True,,,,,,False,2051,unavailable,unavailable,unavailable,99,2150,12.981,0,False,,42,42,,"[""ollama""]","[""8f7f0b516a7b6c4f1ec71317bef7e4edbb28c52206955c860cf6c5846c0e7729""]",[10000],"[""completed""]","[""""]",1,0,False,"[{""provider"": ""ollama"", ""model"": ""gemma3:12b"", ""prompt_sha256"": ""8f7f0b516a7b6c4f1ec71317bef7e4edbb28c52206955c860cf6c5846c0e7729"", ""prompt_hash"": ""8f7f0b516a7b6c4f1ec71317bef7e4edbb28c52206955c860cf6c5846c0e7729"", ""prompt_character_count"": 32255, ""prompt_utf8_bytes"": 32255, ""requested_seed"": 42, ""effective_seed"": 42, ""requested_temperature"": null, ""effective_temperature"": null, ""requested_output_token_limit"": 10000, ""effective_output_token_limit"": 10000, ""completion_status"": ""completed"", ""incomplete_reason"": """", ""truncated"": false, ""had_truncation"": false, ""truncation_retry_count"": 0, ""truncation_recovered"": false, ""attempts"": [{""attempt"": 1, ""requested_output_token_limit"": 10000, ""effective_output_token_limit"": 10000, ""completion_status"": ""completed"", ""incomplete_reason"": """", ""truncated"": false, ""input_tokens"": 2051, ""output_tokens"": 99, ""reasoning_tokens"": """", ""api_attempts"": 1, ""prompt_eval_count"": 2051, ""eval_count"": 99, ""done"": true, ""done_reason"": ""stop"", ""requested_num_ctx"": null, ""effective_num_ctx"": null, ""think_requested"": true, ""think_honored"": true, ""think_fallback_used"": false, ""think_fallback_http_status"": null}], ""dropped_parameters"": [], ""reasoning_tokens"": """", ""input_tokens"": 2051, ""cached_input_tokens"": """", ""uncached_input_tokens"": """", ""output_tokens"": 99, ""provider_cache_status"": ""unavailable"", ""api_attempts"": 1, ""structured_output_requested"": true, ""structured_output_enforced"": true, ""structured_output_schema_name"": ""track_0_review"", ""structured_output_schema_sha256"": ""6a4a2d4573e9ccd055b4c71bb46f15ff86c3d81e9dd7b768ad256f45db757384"", ""response_schema_hash"": ""6a4a2d4573e9ccd055b4c71bb46f15ff86c3d81e9dd7b768ad256f45db757384"", ""stable_prefix_hash"": ""7077f1238010402ee74d1a83c3a0fb99992b2a4f17b4d0804914077a6cbfd285"", ""prompt_eval_count"": 2051, ""eval_count"": 99, ""done"": true, ""done_reason"": ""stop"", ""requested_num_ctx"": null, ""effective_num_ctx"": null, ""num_ctx_explicit"": false, ""think_requested"": true, ""think_honored"": true, ""think_fallback_used"": false, ""think_fallback_http_status"": null, ""empty_response"": false, ""pipeline_stage"": ""track_0_review"", ""role"": ""track_0_reviewer"", ""candidate_id"": ""mut_p23_R_weight_constraint"", ""requirement_id"": ""not_applicable"", ""semantic_attempt"": 1, ""technical_retry"": 1}]",0,0,0,0,0,[],,False,{},{},0,0,0,0.0,,correct,,direct_no_requirement_review,False,0.0,0.0,,,,2fc7b7fe91154a29997865d3fc7d9adadc416fa835914d7c00b9b1c134207cc5,,,,,,,,,,,,,,,,,,,,,,,,,,,,,
correct,"The provided code defines a function to build and solve a Gurobi optimization model. The code appears well-structured and follows standard practices for defining variables, constraints, and the objective function. The use of `gp.quicksum` is efficient, and the handling of different variable types and constraint senses is correctly implemented. It also returns status, objective value and the solution.",,not_applicable,,,,,,,,,,,,,,,,,,,,,,,,,,,,0,,{},[],,0,0,0,{},[],[],,,,,,,,,,{},{},off,,,0,[],3,False,[],metadata_three_judges_dual_a_witness_consensus_root_shadow,v12,,,,,,,,,,,,,,,,,,,,,,,,,,,,,,,,,,,,,,,,,,,,,,,,,,,,,,,,,,0__gemma3:12b__mut_p23_R_obj_w_0_0_0_objective__r0,0,gemma3:12b,mut_p23_R_obj_w_0_0_0_objective,mutant,23,0,gold,False,correct,[],none,,none,[],[],,,,0.0,True,True,True,,,,,,False,2051,unavailable,unavailable,unavailable,99,2150,12.088,0,False,,42,42,,"[""ollama""]","[""0fe5189c1b9c5f618c5161850ab5c8637b54e7c981674a0647a057721285e4c4""]",[10000],"[""completed""]","[""""]",1,0,False,"[{""provider"": ""ollama"", ""model"": ""gemma3:12b"", ""prompt_sha256"": ""0fe5189c1b9c5f618c5161850ab5c8637b54e7c981674a0647a057721285e4c4"", ""prompt_hash"": ""0fe5189c1b9c5f618c5161850ab5c8637b54e7c981674a0647a057721285e4c4"", ""prompt_character_count"": 32253, ""prompt_utf8_bytes"": 32253, ""requested_seed"": 42, ""effective_seed"": 42, ""requested_temperature"": null, ""effective_temperature"": null, ""requested_output_token_limit"": 10000, ""effective_output_token_limit"": 10000, ""completion_status"": ""completed"", ""incomplete_reason"": """", ""truncated"": false, ""had_truncation"": false, ""truncation_retry_count"": 0, ""truncation_recovered"": false, ""attempts"": [{""attempt"": 1, ""requested_output_token_limit"": 10000, ""effective_output_token_limit"": 10000, ""completion_status"": ""completed"", ""incomplete_reason"": """", ""truncated"": false, ""input_tokens"": 2051, ""output_tokens"": 99, ""reasoning_tokens"": """", ""api_attempts"": 1, ""prompt_eval_count"": 2051, ""eval_count"": 99, ""done"": true, ""done_reason"": ""stop"", ""requested_num_ctx"": null, ""effective_num_ctx"": null, ""think_requested"": true, ""think_honored"": true, ""think_fallback_used"": false, ""think_fallback_http_status"": null}], ""dropped_parameters"": [], ""reasoning_tokens"": """", ""input_tokens"": 2051, ""cached_input_tokens"": """", ""uncached_input_tokens"": """", ""output_tokens"": 99, ""provider_cache_status"": ""unavailable"", ""api_attempts"": 1, ""structured_output_requested"": true, ""structured_output_enforced"": true, ""structured_output_schema_name"": ""track_0_review"", ""structured_output_schema_sha256"": ""6a4a2d4573e9ccd055b4c71bb46f15ff86c3d81e9dd7b768ad256f45db757384"", ""response_schema_hash"": ""6a4a2d4573e9ccd055b4c71bb46f15ff86c3d81e9dd7b768ad256f45db757384"", ""stable_prefix_hash"": ""7077f1238010402ee74d1a83c3a0fb99992b2a4f17b4d0804914077a6cbfd285"", ""prompt_eval_count"": 2051, ""eval_count"": 99, ""done"": true, ""done_reason"": ""stop"", ""requested_num_ctx"": null, ""effective_num_ctx"": null, ""num_ctx_explicit"": false, ""think_requested"": true, ""think_honored"": true, ""think_fallback_used"": false, ""think_fallback_http_status"": null, ""empty_response"": false, ""pipeline_stage"": ""track_0_review"", ""role"": ""track_0_reviewer"", ""candidate_id"": ""mut_p23_R_obj_w_0_0_0_objective"", ""requirement_id"": ""not_applicable"", ""semantic_attempt"": 1, ""technical_retry"": 1}]",0,0,0,0,0,[],,False,{},{},0,0,0,0.0,,correct,,direct_no_requirement_review,False,0.0,0.0,,,,233746782e02c6327e15ff71a21e00a5c71e65bbecb9f648d06acccfd596b0ae,,,,,,,,,,,,,,,,,,,,,,,,,,,,,
incorrect,"The model constraints are incorrect. Specifically, the constraints `constraint_001` through `constraint_004` all have a sense of `>=` and a RHS of 1. These constraints are meant to force at least one worker assigned to each task, but they are incorrectly defined. Furthermore, the other constraints labeled 005 through 029 are of type `<=` and have a RHS of 1 which does not represent the constraints required to avoid a worker assigned to more than one task.",The constraints should ensure exactly one worker is assigned to each task and each worker is assigned to at most one task.,not_applicable,,,,,,,,,,,,,,,,,,,,,,,,,,,,0,,{},[],,0,0,0,{},[],[],,,,,,,,,,{},{},off,,,0,[],3,False,[],metadata_three_judges_dual_a_witness_consensus_root_shadow,v12,,,,,,,,,,,,,,,,,,,,,,,,,,,,,,,,,,,,,,,,,,,,,,,,,,,,,,,,,,0__gemma3:12b__mut_p29_R_task_A_constraint__r0,0,gemma3:12b,mut_p29_R_task_A_constraint,mutant,29,0,gold,False,incorrect,[],mixed_or_unclear,,none,[],[],,"The model constraints are incorrect. Specifically, the constraints `constraint_001` through `constraint_004` all have a sense of `>=` and a RHS of 1. These constraints are meant to force at least one worker assigned to each task, but they are incorrectly defined. Furthermore, the other constraints labeled 005 through 029 are of type `<=` and have a RHS of 1 which does not represent the constraints required to avoid a worker assigned to more than one task.",,0.0,True,True,True,,,,,,False,3332,unavailable,unavailable,unavailable,150,3482,21.76,0,False,,42,42,,"[""ollama""]","[""24c65f3e8135e2e6070010849afabce292783f2b5daa20deb9455a9470c1ad7f""]",[10000],"[""completed""]","[""""]",1,0,False,"[{""provider"": ""ollama"", ""model"": ""gemma3:12b"", ""prompt_sha256"": ""24c65f3e8135e2e6070010849afabce292783f2b5daa20deb9455a9470c1ad7f"", ""prompt_hash"": ""24c65f3e8135e2e6070010849afabce292783f2b5daa20deb9455a9470c1ad7f"", ""prompt_character_count"": 7669, ""prompt_utf8_bytes"": 7669, ""requested_seed"": 42, ""effective_seed"": 42, ""requested_temperature"": null, ""effective_temperature"": null, ""requested_output_token_limit"": 10000, ""effective_output_token_limit"": 10000, ""completion_status"": ""completed"", ""incomplete_reason"": """", ""truncated"": false, ""had_truncation"": false, ""truncation_retry_count"": 0, ""truncation_recovered"": false, ""attempts"": [{""attempt"": 1, ""requested_output_token_limit"": 10000, ""effective_output_token_limit"": 10000, ""completion_status"": ""completed"", ""incomplete_reason"": """", ""truncated"": false, ""input_tokens"": 3332, ""output_tokens"": 150, ""reasoning_tokens"": """", ""api_attempts"": 1, ""prompt_eval_count"": 3332, ""eval_count"": 150, ""done"": true, ""done_reason"": ""stop"", ""requested_num_ctx"": null, ""effective_num_ctx"": null, ""think_requested"": true, ""think_honored"": true, ""think_fallback_used"": false, ""think_fallback_http_status"": null}], ""dropped_parameters"": [], ""reasoning_tokens"": """", ""input_tokens"": 3332, ""cached_input_tokens"": """", ""uncached_input_tokens"": """", ""output_tokens"": 150, ""provider_cache_status"": ""unavailable"", ""api_attempts"": 1, ""structured_output_requested"": true, ""structured_output_enforced"": true, ""structured_output_schema_name"": ""track_0_review"", ""structured_output_schema_sha256"": ""6a4a2d4573e9ccd055b4c71bb46f15ff86c3d81e9dd7b768ad256f45db757384"", ""response_schema_hash"": ""6a4a2d4573e9ccd055b4c71bb46f15ff86c3d81e9dd7b768ad256f45db757384"", ""stable_prefix_hash"": ""7077f1238010402ee74d1a83c3a0fb99992b2a4f17b4d0804914077a6cbfd285"", ""prompt_eval_count"": 3332, ""eval_count"": 150, ""done"": true, ""done_reason"": ""stop"", ""requested_num_ctx"": null, ""effective_num_ctx"": null, ""num_ctx_explicit"": false, ""think_requested"": true, ""think_honored"": true, ""think_fallback_used"": false, ""think_fallback_http_status"": null, ""empty_response"": false, ""pipeline_stage"": ""track_0_review"", ""role"": ""track_0_reviewer"", ""candidate_id"": ""mut_p29_R_task_A_constraint"", ""requirement_id"": ""not_applicable"", ""semantic_attempt"": 1, ""technical_retry"": 1}]",0,0,0,0,0,[],,False,{},{},0,0,0,0.0,,incorrect,,direct_no_requirement_review,False,0.0,0.0,,,,5ac107db9f1d5c01b6d2484e6f98f07d1bf5b8d3020db70fba3a593c009ff796,,,,,,,,,,,,,,,,,,,,,,,,,,,,,
incorrect,"The model constraints are incorrect. Specifically, constraint 002 (`sense': '>=', 'rhs': 1, 'terms': [('x_I_B', 1), ('x_II_B', 1), ('x_III_B', 1), ('x_IV_B', 1), ('x_V_B', 1)]}`) should be `==` to enforce that exactly one worker is assigned to each task.",Each task must be assigned to exactly one worker.,not_applicable,,,,,,,,,,,,,,,,,,,,,,,,,,,,0,,{},[],,0,0,0,{},[],[],,,,,,,,,,{},{},off,,,0,[],3,False,[],metadata_three_judges_dual_a_witness_consensus_root_shadow,v12,,,,,,,,,,,,,,,,,,,,,,,,,,,,,,,,,,,,,,,,,,,,,,,,,,,,,,,,,,0__gemma3:12b__mut_p29_R_task_B_constraint__r0,0,gemma3:12b,mut_p29_R_task_B_constraint,mutant,29,0,gold,False,incorrect,[],mixed_or_unclear,,none,[],[],,"The model constraints are incorrect. Specifically, constraint 002 (`sense': '>=', 'rhs': 1, 'terms': [('x_I_B', 1), ('x_II_B', 1), ('x_III_B', 1), ('x_IV_B', 1), ('x_V_B', 1)]}`) should be `==` to enforce that exactly one worker is assigned to each task.",,0.0,True,True,True,,,,,,False,3332,unavailable,unavailable,unavailable,130,3462,19.318,0,False,,42,42,,"[""ollama""]","[""381f1f47b69f8f7743442e9c94953ff6269ad2e188cf30c2193225a0931bce42""]",[10000],"[""completed""]","[""""]",1,0,False,"[{""provider"": ""ollama"", ""model"": ""gemma3:12b"", ""prompt_sha256"": ""381f1f47b69f8f7743442e9c94953ff6269ad2e188cf30c2193225a0931bce42"", ""prompt_hash"": ""381f1f47b69f8f7743442e9c94953ff6269ad2e188cf30c2193225a0931bce42"", ""prompt_character_count"": 7669, ""prompt_utf8_bytes"": 7669, ""requested_seed"": 42, ""effective_seed"": 42, ""requested_temperature"": null, ""effective_temperature"": null, ""requested_output_token_limit"": 10000, ""effective_output_token_limit"": 10000, ""completion_status"": ""completed"", ""incomplete_reason"": """", ""truncated"": false, ""had_truncation"": false, ""truncation_retry_count"": 0, ""truncation_recovered"": false, ""attempts"": [{""attempt"": 1, ""requested_output_token_limit"": 10000, ""effective_output_token_limit"": 10000, ""completion_status"": ""completed"", ""incomplete_reason"": """", ""truncated"": false, ""input_tokens"": 3332, ""output_tokens"": 130, ""reasoning_tokens"": """", ""api_attempts"": 1, ""prompt_eval_count"": 3332, ""eval_count"": 130, ""done"": true, ""done_reason"": ""stop"", ""requested_num_ctx"": null, ""effective_num_ctx"": null, ""think_requested"": true, ""think_honored"": true, ""think_fallback_used"": false, ""think_fallback_http_status"": null}], ""dropped_parameters"": [], ""reasoning_tokens"": """", ""input_tokens"": 3332, ""cached_input_tokens"": """", ""uncached_input_tokens"": """", ""output_tokens"": 130, ""provider_cache_status"": ""unavailable"", ""api_attempts"": 1, ""structured_output_requested"": true, ""structured_output_enforced"": true, ""structured_output_schema_name"": ""track_0_review"", ""structured_output_schema_sha256"": ""6a4a2d4573e9ccd055b4c71bb46f15ff86c3d81e9dd7b768ad256f45db757384"", ""response_schema_hash"": ""6a4a2d4573e9ccd055b4c71bb46f15ff86c3d81e9dd7b768ad256f45db757384"", ""stable_prefix_hash"": ""7077f1238010402ee74d1a83c3a0fb99992b2a4f17b4d0804914077a6cbfd285"", ""prompt_eval_count"": 3332, ""eval_count"": 130, ""done"": true, ""done_reason"": ""stop"", ""requested_num_ctx"": null, ""effective_num_ctx"": null, ""num_ctx_explicit"": false, ""think_requested"": true, ""think_honored"": true, ""think_fallback_used"": false, ""think_fallback_http_status"": null, ""empty_response"": false, ""pipeline_stage"": ""track_0_review"", ""role"": ""track_0_reviewer"", ""candidate_id"": ""mut_p29_R_task_B_constraint"", ""requirement_id"": ""not_applicable"", ""semantic_attempt"": 1, ""technical_retry"": 1}]",0,0,0,0,0,[],,False,{},{},0,0,0,0.0,,incorrect,,direct_no_requirement_review,False,0.0,0.0,,,,0bd932ab4aae1ebf0681f899db28f70b8154f63734743d061ddbe6c93c148533,,,,,,,,,,,,,,,,,,,,,,,,,,,,,
incorrect,"The model uses binary variables (0 or 1) to represent assignments, and it enforces that exactly one worker is assigned to each task and each worker is assigned to at most one task. However, the problem requires assigning 4 workers to 4 tasks, not all 5 workers to all 4 tasks. Also, constraint 010 to 029 are irrelevant since the variables are binary and the rhs is 1.",The model's constraints and variable specifications do not accurately represent the problem's requirement to assign exactly 4 workers to 4 tasks.,not_applicable,,,,,,,,,,,,,,,,,,,,,,,,,,,,0,,{},[],,0,0,0,{},[],[],,,,,,,,,,{},{},off,,,0,[],3,False,[],metadata_three_judges_dual_a_witness_consensus_root_shadow,v12,,,,,,,,,,,,,,,,,,,,,,,,,,,,,,,,,,,,,,,,,,,,,,,,,,,,,,,,,,0__gemma3:12b__mut_p29_R_obj_x_I_B_objective__r0,0,gemma3:12b,mut_p29_R_obj_x_I_B_objective,mutant,29,0,gold,False,incorrect,[],mixed_or_unclear,,none,[],[],,"The model uses binary variables (0 or 1) to represent assignments, and it enforces that exactly one worker is assigned to each task and each worker is assigned to at most one task. However, the problem requires assigning 4 workers to 4 tasks, not all 5 workers to all 4 tasks. Also, constraint 010 to 029 are irrelevant since the variables are binary and the rhs is 1.",,0.0,True,True,True,,,,,,False,3334,unavailable,unavailable,unavailable,140,3474,20.532,0,False,,42,42,,"[""ollama""]","[""a07f4bce84829e6730f3e900625fc30baefc00bd18d2cd8adbbf7d3a7ae35871""]",[10000],"[""completed""]","[""""]",1,0,False,"[{""provider"": ""ollama"", ""model"": ""gemma3:12b"", ""prompt_sha256"": ""a07f4bce84829e6730f3e900625fc30baefc00bd18d2cd8adbbf7d3a7ae35871"", ""prompt_hash"": ""a07f4bce84829e6730f3e900625fc30baefc00bd18d2cd8adbbf7d3a7ae35871"", ""prompt_character_count"": 7671, ""prompt_utf8_bytes"": 7671, ""requested_seed"": 42, ""effective_seed"": 42, ""requested_temperature"": null, ""effective_temperature"": null, ""requested_output_token_limit"": 10000, ""effective_output_token_limit"": 10000, ""completion_status"": ""completed"", ""incomplete_reason"": """", ""truncated"": false, ""had_truncation"": false, ""truncation_retry_count"": 0, ""truncation_recovered"": false, ""attempts"": [{""attempt"": 1, ""requested_output_token_limit"": 10000, ""effective_output_token_limit"": 10000, ""completion_status"": ""completed"", ""incomplete_reason"": """", ""truncated"": false, ""input_tokens"": 3334, ""output_tokens"": 140, ""reasoning_tokens"": """", ""api_attempts"": 1, ""prompt_eval_count"": 3334, ""eval_count"": 140, ""done"": true, ""done_reason"": ""stop"", ""requested_num_ctx"": null, ""effective_num_ctx"": null, ""think_requested"": true, ""think_honored"": true, ""think_fallback_used"": false, ""think_fallback_http_status"": null}], ""dropped_parameters"": [], ""reasoning_tokens"": """", ""input_tokens"": 3334, ""cached_input_tokens"": """", ""uncached_input_tokens"": """", ""output_tokens"": 140, ""provider_cache_status"": ""unavailable"", ""api_attempts"": 1, ""structured_output_requested"": true, ""structured_output_enforced"": true, ""structured_output_schema_name"": ""track_0_review"", ""structured_output_schema_sha256"": ""6a4a2d4573e9ccd055b4c71bb46f15ff86c3d81e9dd7b768ad256f45db757384"", ""response_schema_hash"": ""6a4a2d4573e9ccd055b4c71bb46f15ff86c3d81e9dd7b768ad256f45db757384"", ""stable_prefix_hash"": ""7077f1238010402ee74d1a83c3a0fb99992b2a4f17b4d0804914077a6cbfd285"", ""prompt_eval_count"": 3334, ""eval_count"": 140, ""done"": true, ""done_reason"": ""stop"", ""requested_num_ctx"": null, ""effective_num_ctx"": null, ""num_ctx_explicit"": false, ""think_requested"": true, ""think_honored"": true, ""think_fallback_used"": false, ""think_fallback_http_status"": null, ""empty_response"": false, ""pipeline_stage"": ""track_0_review"", ""role"": ""track_0_reviewer"", ""candidate_id"": ""mut_p29_R_obj_x_I_B_objective"", ""requirement_id"": ""not_applicable"", ""semantic_attempt"": 1, ""technical_retry"": 1}]",0,0,0,0,0,[],,False,{},{},0,0,0,0.0,,incorrect,,direct_no_requirement_review,False,0.0,0.0,,,,bc31f790385d6c8c6a234eb2cd1f9482f9c87163ac277f187128178c009b04d3,,,,,,,,,,,,,,,,,,,,,,,,,,,,,
incorrect,"The model attempts to minimize 'p3_shortfall' which isn't the intended behavior for lexicographic goal programming. It should be maximizing the number of people assigned to their preferred city, but is minimizing the shortfall. The constraint to ensure 8000 people are assigned to their preferred city is also wrong, summing assignment variables incorrectly.",The objective function should maximize the number of people assigned to their preferred city.,not_applicable,,,,,,,,,,,,,,,,,,,,,,,,,,,,0,,{},[],,0,0,0,{},[],[],,,,,,,,,,{},{},off,,,0,[],3,False,[],metadata_three_judges_dual_a_witness_consensus_root_shadow,v12,,,,,,,,,,,,,,,,,,,,,,,,,,,,,,,,,,,,,,,,,,,,,,,,,,,,,,,,,,0__gemma3:12b__mut_p31_R_demand_Donghai_1_constraint__r0,0,gemma3:12b,mut_p31_R_demand_Donghai_1_constraint,mutant,31,0,gold,False,incorrect,[],mixed_or_unclear,,none,[],[],,"The model attempts to minimize 'p3_shortfall' which isn't the intended behavior for lexicographic goal programming. It should be maximizing the number of people assigned to their preferred city, but is minimizing the shortfall. The constraint to ensure 8000 people are assigned to their preferred city is also wrong, summing assignment variables incorrectly.",,0.0,True,True,True,,,,,,False,3550,unavailable,unavailable,unavailable,108,3658,17.217,0,False,,42,42,,"[""ollama""]","[""b0aab4bb023d0c9846222c81c230291480d8c6297ba819e8e0b99f867c9185f0""]",[10000],"[""completed""]","[""""]",1,0,False,"[{""provider"": ""ollama"", ""model"": ""gemma3:12b"", ""prompt_sha256"": ""b0aab4bb023d0c9846222c81c230291480d8c6297ba819e8e0b99f867c9185f0"", ""prompt_hash"": ""b0aab4bb023d0c9846222c81c230291480d8c6297ba819e8e0b99f867c9185f0"", ""prompt_character_count"": 8864, ""prompt_utf8_bytes"": 8864, ""requested_seed"": 42, ""effective_seed"": 42, ""requested_temperature"": null, ""effective_temperature"": null, ""requested_output_token_limit"": 10000, ""effective_output_token_limit"": 10000, ""completion_status"": ""completed"", ""incomplete_reason"": """", ""truncated"": false, ""had_truncation"": false, ""truncation_retry_count"": 0, ""truncation_recovered"": false, ""attempts"": [{""attempt"": 1, ""requested_output_token_limit"": 10000, ""effective_output_token_limit"": 10000, ""completion_status"": ""completed"", ""incomplete_reason"": """", ""truncated"": false, ""input_tokens"": 3550, ""output_tokens"": 108, ""reasoning_tokens"": """", ""api_attempts"": 1, ""prompt_eval_count"": 3550, ""eval_count"": 108, ""done"": true, ""done_reason"": ""stop"", ""requested_num_ctx"": null, ""effective_num_ctx"": null, ""think_requested"": true, ""think_honored"": true, ""think_fallback_used"": false, ""think_fallback_http_status"": null}], ""dropped_parameters"": [], ""reasoning_tokens"": """", ""input_tokens"": 3550, ""cached_input_tokens"": """", ""uncached_input_tokens"": """", ""output_tokens"": 108, ""provider_cache_status"": ""unavailable"", ""api_attempts"": 1, ""structured_output_requested"": true, ""structured_output_enforced"": true, ""structured_output_schema_name"": ""track_0_review"", ""structured_output_schema_sha256"": ""6a4a2d4573e9ccd055b4c71bb46f15ff86c3d81e9dd7b768ad256f45db757384"", ""response_schema_hash"": ""6a4a2d4573e9ccd055b4c71bb46f15ff86c3d81e9dd7b768ad256f45db757384"", ""stable_prefix_hash"": ""7077f1238010402ee74d1a83c3a0fb99992b2a4f17b4d0804914077a6cbfd285"", ""prompt_eval_count"": 3550, ""eval_count"": 108, ""done"": true, ""done_reason"": ""stop"", ""requested_num_ctx"": null, ""effective_num_ctx"": null, ""num_ctx_explicit"": false, ""think_requested"": true, ""think_honored"": true, ""think_fallback_used"": false, ""think_fallback_http_status"": null, ""empty_response"": false, ""pipeline_stage"": ""track_0_review"", ""role"": ""track_0_reviewer"", ""candidate_id"": ""mut_p31_R_demand_Donghai_1_constraint"", ""requirement_id"": ""not_applicable"", ""semantic_attempt"": 1, ""technical_retry"": 1}]",0,0,0,0,0,[],,False,{},{},0,0,0,0.0,,incorrect,,direct_no_requirement_review,False,0.0,0.0,,,,b77a053721b4a3753aa41a36d0a3493724a6fc1ab4525f0d708568ecc9f6d5e3,,,,,,,,,,,,,,,,,,,,,,,,,,,,,
incorrect,"The model prioritizes minimizing the 'p3_shortfall' instead of maximizing the number of people assigned to their preferred city. The problem states P3 is to *maximize* assignments to preferred city, not minimize the shortfall. The objective function's `OBJECTIVE_SENSE` is set to `GRB.MAXIMIZE` but `OBJECTIVE_TERMS` defines the objective as minimizing the `p3_shortfall`. This contradicts the problem description.","Objective function should maximize assignments to preferred city, not minimize the shortfall.",not_applicable,,,,,,,,,,,,,,,,,,,,,,,,,,,,0,,{},[],,0,0,0,{},[],[],,,,,,,,,,{},{},off,,,0,[],3,False,[],metadata_three_judges_dual_a_witness_consensus_root_shadow,v12,,,,,,,,,,,,,,,,,,,,,,,,,,,,,,,,,,,,,,,,,,,,,,,,,,,,,,,,,,0__gemma3:12b__mut_p31_R_demand_Donghai_2_constraint__r0,0,gemma3:12b,mut_p31_R_demand_Donghai_2_constraint,mutant,31,0,gold,False,incorrect,[],mixed_or_unclear,,none,[],[],,"The model prioritizes minimizing the 'p3_shortfall' instead of maximizing the number of people assigned to their preferred city. The problem states P3 is to *maximize* assignments to preferred city, not minimize the shortfall. The objective function's `OBJECTIVE_SENSE` is set to `GRB.MAXIMIZE` but `OBJECTIVE_TERMS` defines the objective as minimizing the `p3_shortfall`. This contradicts the problem description.",,0.0,True,True,True,,,,,,False,3545,unavailable,unavailable,unavailable,133,3678,19.957,0,False,,42,42,,"[""ollama""]","[""63069c5a04fa2b05023de8d4b0dd17c19f408a9d5736a756798063c679ac8d58""]",[10000],"[""completed""]","[""""]",1,0,False,"[{""provider"": ""ollama"", ""model"": ""gemma3:12b"", ""prompt_sha256"": ""63069c5a04fa2b05023de8d4b0dd17c19f408a9d5736a756798063c679ac8d58"", ""prompt_hash"": ""63069c5a04fa2b05023de8d4b0dd17c19f408a9d5736a756798063c679ac8d58"", ""prompt_character_count"": 8860, ""prompt_utf8_bytes"": 8860, ""requested_seed"": 42, ""effective_seed"": 42, ""requested_temperature"": null, ""effective_temperature"": null, ""requested_output_token_limit"": 10000, ""effective_output_token_limit"": 10000, ""completion_status"": ""completed"", ""incomplete_reason"": """", ""truncated"": false, ""had_truncation"": false, ""truncation_retry_count"": 0, ""truncation_recovered"": false, ""attempts"": [{""attempt"": 1, ""requested_output_token_limit"": 10000, ""effective_output_token_limit"": 10000, ""completion_status"": ""completed"", ""incomplete_reason"": """", ""truncated"": false, ""input_tokens"": 3545, ""output_tokens"": 133, ""reasoning_tokens"": """", ""api_attempts"": 1, ""prompt_eval_count"": 3545, ""eval_count"": 133, ""done"": true, ""done_reason"": ""stop"", ""requested_num_ctx"": null, ""effective_num_ctx"": null, ""think_requested"": true, ""think_honored"": true, ""think_fallback_used"": false, ""think_fallback_http_status"": null}], ""dropped_parameters"": [], ""reasoning_tokens"": """", ""input_tokens"": 3545, ""cached_input_tokens"": """", ""uncached_input_tokens"": """", ""output_tokens"": 133, ""provider_cache_status"": ""unavailable"", ""api_attempts"": 1, ""structured_output_requested"": true, ""structured_output_enforced"": true, ""structured_output_schema_name"": ""track_0_review"", ""structured_output_schema_sha256"": ""6a4a2d4573e9ccd055b4c71bb46f15ff86c3d81e9dd7b768ad256f45db757384"", ""response_schema_hash"": ""6a4a2d4573e9ccd055b4c71bb46f15ff86c3d81e9dd7b768ad256f45db757384"", ""stable_prefix_hash"": ""7077f1238010402ee74d1a83c3a0fb99992b2a4f17b4d0804914077a6cbfd285"", ""prompt_eval_count"": 3545, ""eval_count"": 133, ""done"": true, ""done_reason"": ""stop"", ""requested_num_ctx"": null, ""effective_num_ctx"": null, ""num_ctx_explicit"": false, ""think_requested"": true, ""think_honored"": true, ""think_fallback_used"": false, ""think_fallback_http_status"": null, ""empty_response"": false, ""pipeline_stage"": ""track_0_review"", ""role"": ""track_0_reviewer"", ""candidate_id"": ""mut_p31_R_demand_Donghai_2_constraint"", ""requirement_id"": ""not_applicable"", ""semantic_attempt"": 1, ""technical_retry"": 1}]",0,0,0,0,0,[],,False,{},{},0,0,0,0.0,,incorrect,,direct_no_requirement_review,False,0.0,0.0,,,,dfbfb3f37c2914660ccf1b3ffd1a29d2e9f34b6252a3428ced6a0c5b487e7717,,,,,,,,,,,,,,,,,,,,,,,,,,,,,
incorrect,"The model does not correctly implement lexicographic optimization. It appears to only minimize 'p3_shortfall', which doesn't account for the prioritization of meeting demands (P1) and maximizing preferred specialty/city assignments (P2 and P3).","Lexicographic optimization requires a specific ordering of objective functions, not just a single objective function.",not_applicable,,,,,,,,,,,,,,,,,,,,,,,,,,,,0,,{},[],,0,0,0,{},[],[],,,,,,,,,,{},{},off,,,0,[],3,False,[],metadata_three_judges_dual_a_witness_consensus_root_shadow,v12,,,,,,,,,,,,,,,,,,,,,,,,,,,,,,,,,,,,,,,,,,,,,,,,,,,,,,,,,,0__gemma3:12b__mut_p31_R_obj_p3_shortfall_objective__r0,0,gemma3:12b,mut_p31_R_obj_p3_shortfall_objective,mutant,31,0,gold,False,incorrect,[],mixed_or_unclear,,none,[],[],,"The model does not correctly implement lexicographic optimization. It appears to only minimize 'p3_shortfall', which doesn't account for the prioritization of meeting demands (P1) and maximizing preferred specialty/city assignments (P2 and P3).",,0.0,True,True,True,,,,,,False,3548,unavailable,unavailable,unavailable,94,3642,15.614,0,False,,42,42,,"[""ollama""]","[""6718a3e1150f78ac367a620e99a9d75a1d50e83da1708b2bd086323830164065""]",[10000],"[""completed""]","[""""]",1,0,False,"[{""provider"": ""ollama"", ""model"": ""gemma3:12b"", ""prompt_sha256"": ""6718a3e1150f78ac367a620e99a9d75a1d50e83da1708b2bd086323830164065"", ""prompt_hash"": ""6718a3e1150f78ac367a620e99a9d75a1d50e83da1708b2bd086323830164065"", ""prompt_character_count"": 8862, ""prompt_utf8_bytes"": 8862, ""requested_seed"": 42, ""effective_seed"": 42, ""requested_temperature"": null, ""effective_temperature"": null, ""requested_output_token_limit"": 10000, ""effective_output_token_limit"": 10000, ""completion_status"": ""completed"", ""incomplete_reason"": """", ""truncated"": false, ""had_truncation"": false, ""truncation_retry_count"": 0, ""truncation_recovered"": false, ""attempts"": [{""attempt"": 1, ""requested_output_token_limit"": 10000, ""effective_output_token_limit"": 10000, ""completion_status"": ""completed"", ""incomplete_reason"": """", ""truncated"": false, ""input_tokens"": 3548, ""output_tokens"": 94, ""reasoning_tokens"": """", ""api_attempts"": 1, ""prompt_eval_count"": 3548, ""eval_count"": 94, ""done"": true, ""done_reason"": ""stop"", ""requested_num_ctx"": null, ""effective_num_ctx"": null, ""think_requested"": true, ""think_honored"": true, ""think_fallback_used"": false, ""think_fallback_http_status"": null}], ""dropped_parameters"": [], ""reasoning_tokens"": """", ""input_tokens"": 3548, ""cached_input_tokens"": """", ""uncached_input_tokens"": """", ""output_tokens"": 94, ""provider_cache_status"": ""unavailable"", ""api_attempts"": 1, ""structured_output_requested"": true, ""structured_output_enforced"": true, ""structured_output_schema_name"": ""track_0_review"", ""structured_output_schema_sha256"": ""6a4a2d4573e9ccd055b4c71bb46f15ff86c3d81e9dd7b768ad256f45db757384"", ""response_schema_hash"": ""6a4a2d4573e9ccd055b4c71bb46f15ff86c3d81e9dd7b768ad256f45db757384"", ""stable_prefix_hash"": ""7077f1238010402ee74d1a83c3a0fb99992b2a4f17b4d0804914077a6cbfd285"", ""prompt_eval_count"": 3548, ""eval_count"": 94, ""done"": true, ""done_reason"": ""stop"", ""requested_num_ctx"": null, ""effective_num_ctx"": null, ""num_ctx_explicit"": false, ""think_requested"": true, ""think_honored"": true, ""think_fallback_used"": false, ""think_fallback_http_status"": null, ""empty_response"": false, ""pipeline_stage"": ""track_0_review"", ""role"": ""track_0_reviewer"", ""candidate_id"": ""mut_p31_R_obj_p3_shortfall_objective"", ""requirement_id"": ""not_applicable"", ""semantic_attempt"": 1, ""technical_retry"": 1}]",0,0,0,0,0,[],,False,{},{},0,0,0,0.0,,incorrect,,direct_no_requirement_review,False,0.0,0.0,,,,006e19fe74c44a585c0ac1761c047010075f4f8fe343014aecd3442e69914c40,,,,,,,,,,,,,,,,,,,,,,,,,,,,,
incorrect,"The objective function is defined to maximize instead of minimize, which is the inverse of the problem's request.",The objective sense should be 'minimize' instead of 'maximize'.,not_applicable,,,,,,,,,,,,,,,,,,,,,,,,,,,,0,,{},[],,0,0,0,{},[],[],,,,,,,,,,{},{},off,,,0,[],3,False,[],metadata_three_judges_dual_a_witness_consensus_root_shadow,v12,,,,,,,,,,,,,,,,,,,,,,,,,,,,,,,,,,,,,,,,,,,,,,,,,,,,,,,,,,0__gemma3:12b__mut_p34_R_integer_trucks_trucks_A_domain__r0,0,gemma3:12b,mut_p34_R_integer_trucks_trucks_A_domain,mutant,34,0,gold,False,incorrect,[],mixed_or_unclear,,none,[],[],,"The objective function is defined to maximize instead of minimize, which is the inverse of the problem's request.",,0.0,True,True,True,,,,,,False,1285,unavailable,unavailable,unavailable,58,1343,9.035,0,False,,42,42,,"[""ollama""]","[""cd9f340a544b2ed4f1c1bf5ae17ece4d89256dc1aa3d85811c0b2a5bd7474e1e""]",[10000],"[""completed""]","[""""]",1,0,False,"[{""provider"": ""ollama"", ""model"": ""gemma3:12b"", ""prompt_sha256"": ""cd9f340a544b2ed4f1c1bf5ae17ece4d89256dc1aa3d85811c0b2a5bd7474e1e"", ""prompt_hash"": ""cd9f340a544b2ed4f1c1bf5ae17ece4d89256dc1aa3d85811c0b2a5bd7474e1e"", ""prompt_character_count"": 4136, ""prompt_utf8_bytes"": 4136, ""requested_seed"": 42, ""effective_seed"": 42, ""requested_temperature"": null, ""effective_temperature"": null, ""requested_output_token_limit"": 10000, ""effective_output_token_limit"": 10000, ""completion_status"": ""completed"", ""incomplete_reason"": """", ""truncated"": false, ""had_truncation"": false, ""truncation_retry_count"": 0, ""truncation_recovered"": false, ""attempts"": [{""attempt"": 1, ""requested_output_token_limit"": 10000, ""effective_output_token_limit"": 10000, ""completion_status"": ""completed"", ""incomplete_reason"": """", ""truncated"": false, ""input_tokens"": 1285, ""output_tokens"": 58, ""reasoning_tokens"": """", ""api_attempts"": 1, ""prompt_eval_count"": 1285, ""eval_count"": 58, ""done"": true, ""done_reason"": ""stop"", ""requested_num_ctx"": null, ""effective_num_ctx"": null, ""think_requested"": true, ""think_honored"": true, ""think_fallback_used"": false, ""think_fallback_http_status"": null}], ""dropped_parameters"": [], ""reasoning_tokens"": """", ""input_tokens"": 1285, ""cached_input_tokens"": """", ""uncached_input_tokens"": """", ""output_tokens"": 58, ""provider_cache_status"": ""unavailable"", ""api_attempts"": 1, ""structured_output_requested"": true, ""structured_output_enforced"": true, ""structured_output_schema_name"": ""track_0_review"", ""structured_output_schema_sha256"": ""6a4a2d4573e9ccd055b4c71bb46f15ff86c3d81e9dd7b768ad256f45db757384"", ""response_schema_hash"": ""6a4a2d4573e9ccd055b4c71bb46f15ff86c3d81e9dd7b768ad256f45db757384"", ""stable_prefix_hash"": ""7077f1238010402ee74d1a83c3a0fb99992b2a4f17b4d0804914077a6cbfd285"", ""prompt_eval_count"": 1285, ""eval_count"": 58, ""done"": true, ""done_reason"": ""stop"", ""requested_num_ctx"": null, ""effective_num_ctx"": null, ""num_ctx_explicit"": false, ""think_requested"": true, ""think_honored"": true, ""think_fallback_used"": false, ""think_fallback_http_status"": null, ""empty_response"": false, ""pipeline_stage"": ""track_0_review"", ""role"": ""track_0_reviewer"", ""candidate_id"": ""mut_p34_R_integer_trucks_trucks_A_domain"", ""requirement_id"": ""not_applicable"", ""semantic_attempt"": 1, ""technical_retry"": 1}]",0,0,0,0,0,[],,False,{},{},0,0,0,0.0,,incorrect,,direct_no_requirement_review,False,0.0,0.0,,,,cdf87505946376b70d59d3549964e814887f4552a6fa72f02b06dcdafd7e9353,,,,,,,,,,,,,,,,,,,,,,,,,,,,,
incorrect,"The objective function is defined as minimization, but it should be minimization of freight cost, and the constraints should use the correct requirement values (240, 80, 120) not (239, 80, 120).","The objective is minimization, and the constraints' right-hand sides reflect requirements.",not_applicable,,,,,,,,,,,,,,,,,,,,,,,,,,,,0,,{},[],,0,0,0,{},[],[],,,,,,,,,,{},{},off,,,0,[],3,False,[],metadata_three_judges_dual_a_witness_consensus_root_shadow,v12,,,,,,,,,,,,,,,,,,,,,,,,,,,,,,,,,,,,,,,,,,,,,,,,,,,,,,,,,,0__gemma3:12b__mut_p34_R_raw_A_constraint__r0,0,gemma3:12b,mut_p34_R_raw_A_constraint,mutant,34,0,gold,False,incorrect,[],mixed_or_unclear,,none,[],[],,"The objective function is defined as minimization, but it should be minimization of freight cost, and the constraints should use the correct requirement values (240, 80, 120) not (239, 80, 120).",,0.0,True,True,True,,,,,,False,1287,unavailable,unavailable,unavailable,95,1382,12.627,0,False,,42,42,,"[""ollama""]","[""43092ba426ff1ec1392daa1c66af9ba89defde7c1326b008c75bb50e2264f36f""]",[10000],"[""completed""]","[""""]",1,0,False,"[{""provider"": ""ollama"", ""model"": ""gemma3:12b"", ""prompt_sha256"": ""43092ba426ff1ec1392daa1c66af9ba89defde7c1326b008c75bb50e2264f36f"", ""prompt_hash"": ""43092ba426ff1ec1392daa1c66af9ba89defde7c1326b008c75bb50e2264f36f"", ""prompt_character_count"": 4138, ""prompt_utf8_bytes"": 4138, ""requested_seed"": 42, ""effective_seed"": 42, ""requested_temperature"": null, ""effective_temperature"": null, ""requested_output_token_limit"": 10000, ""effective_output_token_limit"": 10000, ""completion_status"": ""completed"", ""incomplete_reason"": """", ""truncated"": false, ""had_truncation"": false, ""truncation_retry_count"": 0, ""truncation_recovered"": false, ""attempts"": [{""attempt"": 1, ""requested_output_token_limit"": 10000, ""effective_output_token_limit"": 10000, ""completion_status"": ""completed"", ""incomplete_reason"": """", ""truncated"": false, ""input_tokens"": 1287, ""output_tokens"": 95, ""reasoning_tokens"": """", ""api_attempts"": 1, ""prompt_eval_count"": 1287, ""eval_count"": 95, ""done"": true, ""done_reason"": ""stop"", ""requested_num_ctx"": null, ""effective_num_ctx"": null, ""think_requested"": true, ""think_honored"": true, ""think_fallback_used"": false, ""think_fallback_http_status"": null}], ""dropped_parameters"": [], ""reasoning_tokens"": """", ""input_tokens"": 1287, ""cached_input_tokens"": """", ""uncached_input_tokens"": """", ""output_tokens"": 95, ""provider_cache_status"": ""unavailable"", ""api_attempts"": 1, ""structured_output_requested"": true, ""structured_output_enforced"": true, ""structured_output_schema_name"": ""track_0_review"", ""structured_output_schema_sha256"": ""6a4a2d4573e9ccd055b4c71bb46f15ff86c3d81e9dd7b768ad256f45db757384"", ""response_schema_hash"": ""6a4a2d4573e9ccd055b4c71bb46f15ff86c3d81e9dd7b768ad256f45db757384"", ""stable_prefix_hash"": ""7077f1238010402ee74d1a83c3a0fb99992b2a4f17b4d0804914077a6cbfd285"", ""prompt_eval_count"": 1287, ""eval_count"": 95, ""done"": true, ""done_reason"": ""stop"", ""requested_num_ctx"": null, ""effective_num_ctx"": null, ""num_ctx_explicit"": false, ""think_requested"": true, ""think_honored"": true, ""think_fallback_used"": false, ""think_fallback_http_status"": null, ""empty_response"": false, ""pipeline_stage"": ""track_0_review"", ""role"": ""track_0_reviewer"", ""candidate_id"": ""mut_p34_R_raw_A_constraint"", ""requirement_id"": ""not_applicable"", ""semantic_attempt"": 1, ""technical_retry"": 1}]",0,0,0,0,0,[],,False,{},{},0,0,0,0.0,,incorrect,,direct_no_requirement_review,False,0.0,0.0,,,,fc6bcabe5d8e459fab32d9c1f8406587fcc6377ea6d82f6a5d596bd2662ccfa9,,,,,,,,,,,,,,,,,,,,,,,,,,,,,
incorrect,"The objective function is incorrectly defined as maximization instead of minimization, which contradicts the problem statement.","The objective should be to minimize the total freight cost, but the model attempts to maximize it.",not_applicable,,,,,,,,,,,,,,,,,,,,,,,,,,,,0,,{},[],,0,0,0,{},[],[],,,,,,,,,,{},{},off,,,0,[],3,False,[],metadata_three_judges_dual_a_witness_consensus_root_shadow,v12,,,,,,,,,,,,,,,,,,,,,,,,,,,,,,,,,,,,,,,,,,,,,,,,,,,,,,,,,,0__gemma3:12b__mut_p34_R_obj_trucks_A_objective__r0,0,gemma3:12b,mut_p34_R_obj_trucks_A_objective,mutant,34,0,gold,False,incorrect,[],mixed_or_unclear,,none,[],[],,"The objective function is incorrectly defined as maximization instead of minimization, which contradicts the problem statement.",,0.0,True,True,True,,,,,,False,1287,unavailable,unavailable,unavailable,60,1347,9.252,0,False,,42,42,,"[""ollama""]","[""6b7d4d8e2a85de1639b2b3793a7cce018a1a14404092112ba0aaf89d0d302526""]",[10000],"[""completed""]","[""""]",1,0,False,"[{""provider"": ""ollama"", ""model"": ""gemma3:12b"", ""prompt_sha256"": ""6b7d4d8e2a85de1639b2b3793a7cce018a1a14404092112ba0aaf89d0d302526"", ""prompt_hash"": ""6b7d4d8e2a85de1639b2b3793a7cce018a1a14404092112ba0aaf89d0d302526"", ""prompt_character_count"": 4138, ""prompt_utf8_bytes"": 4138, ""requested_seed"": 42, ""effective_seed"": 42, ""requested_temperature"": null, ""effective_temperature"": null, ""requested_output_token_limit"": 10000, ""effective_output_token_limit"": 10000, ""completion_status"": ""completed"", ""incomplete_reason"": """", ""truncated"": false, ""had_truncation"": false, ""truncation_retry_count"": 0, ""truncation_recovered"": false, ""attempts"": [{""attempt"": 1, ""requested_output_token_limit"": 10000, ""effective_output_token_limit"": 10000, ""completion_status"": ""completed"", ""incomplete_reason"": """", ""truncated"": false, ""input_tokens"": 1287, ""output_tokens"": 60, ""reasoning_tokens"": """", ""api_attempts"": 1, ""prompt_eval_count"": 1287, ""eval_count"": 60, ""done"": true, ""done_reason"": ""stop"", ""requested_num_ctx"": null, ""effective_num_ctx"": null, ""think_requested"": true, ""think_honored"": true, ""think_fallback_used"": false, ""think_fallback_http_status"": null}], ""dropped_parameters"": [], ""reasoning_tokens"": """", ""input_tokens"": 1287, ""cached_input_tokens"": """", ""uncached_input_tokens"": """", ""output_tokens"": 60, ""provider_cache_status"": ""unavailable"", ""api_attempts"": 1, ""structured_output_requested"": true, ""structured_output_enforced"": true, ""structured_output_schema_name"": ""track_0_review"", ""structured_output_schema_sha256"": ""6a4a2d4573e9ccd055b4c71bb46f15ff86c3d81e9dd7b768ad256f45db757384"", ""response_schema_hash"": ""6a4a2d4573e9ccd055b4c71bb46f15ff86c3d81e9dd7b768ad256f45db757384"", ""stable_prefix_hash"": ""7077f1238010402ee74d1a83c3a0fb99992b2a4f17b4d0804914077a6cbfd285"", ""prompt_eval_count"": 1287, ""eval_count"": 60, ""done"": true, ""done_reason"": ""stop"", ""requested_num_ctx"": null, ""effective_num_ctx"": null, ""num_ctx_explicit"": false, ""think_requested"": true, ""think_honored"": true, ""think_fallback_used"": false, ""think_fallback_http_status"": null, ""empty_response"": false, ""pipeline_stage"": ""track_0_review"", ""role"": ""track_0_reviewer"", ""candidate_id"": ""mut_p34_R_obj_trucks_A_objective"", ""requirement_id"": ""not_applicable"", ""semantic_attempt"": 1, ""technical_retry"": 1}]",0,0,0,0,0,[],,False,{},{},0,0,0,0.0,,incorrect,,direct_no_requirement_review,False,0.0,0.0,,,,d4120990f1d67010abcbe43f12f4cf05af36a3c5340e72628bc1c6b21e2cbae8,,,,,,,,,,,,,,,,,,,,,,,,,,,,,
incorrect,"The model doesn't enforce the rule: if a 4-month contract is chosen, then no 1-month contract may be chosen. Constraint 019 attempts to enforce this by constraining y_1 and y_4, however the binary variables y_1, y_2, y_3, and y_4 are not directly tied to the x variables (contract quantities).",Mutual exclusivity of contract lengths 1 and 4.,not_applicable,,,,,,,,,,,,,,,,,,,,,,,,,,,,0,,{},[],,0,0,0,{},[],[],,,,,,,,,,{},{},off,,,0,[],3,False,[],metadata_three_judges_dual_a_witness_consensus_root_shadow,v12,,,,,,,,,,,,,,,,,,,,,,,,,,,,,,,,,,,,,,,,,,,,,,,,,,,,,,,,,,0__gemma3:12b__mut_p36_R_binary_y_y_1_domain__r0,0,gemma3:12b,mut_p36_R_binary_y_y_1_domain,mutant,36,0,gold,False,incorrect,[],mixed_or_unclear,,none,[],[],,"The model doesn't enforce the rule: if a 4-month contract is chosen, then no 1-month contract may be chosen. Constraint 019 attempts to enforce this by constraining y_1 and y_4, however the binary variables y_1, y_2, y_3, and y_4 are not directly tied to the x variables (contract quantities).",,0.0,True,True,True,,,,,,False,2907,unavailable,unavailable,unavailable,116,3023,17.144,0,False,,42,42,,"[""ollama""]","[""a3ccc31f1ea12ed67b50d2e763291551d22658948f0fd111fdf1ef661cd8babb""]",[10000],"[""completed""]","[""""]",1,0,False,"[{""provider"": ""ollama"", ""model"": ""gemma3:12b"", ""prompt_sha256"": ""a3ccc31f1ea12ed67b50d2e763291551d22658948f0fd111fdf1ef661cd8babb"", ""prompt_hash"": ""a3ccc31f1ea12ed67b50d2e763291551d22658948f0fd111fdf1ef661cd8babb"", ""prompt_character_count"": 7304, ""prompt_utf8_bytes"": 7304, ""requested_seed"": 42, ""effective_seed"": 42, ""requested_temperature"": null, ""effective_temperature"": null, ""requested_output_token_limit"": 10000, ""effective_output_token_limit"": 10000, ""completion_status"": ""completed"", ""incomplete_reason"": """", ""truncated"": false, ""had_truncation"": false, ""truncation_retry_count"": 0, ""truncation_recovered"": false, ""attempts"": [{""attempt"": 1, ""requested_output_token_limit"": 10000, ""effective_output_token_limit"": 10000, ""completion_status"": ""completed"", ""incomplete_reason"": """", ""truncated"": false, ""input_tokens"": 2907, ""output_tokens"": 116, ""reasoning_tokens"": """", ""api_attempts"": 1, ""prompt_eval_count"": 2907, ""eval_count"": 116, ""done"": true, ""done_reason"": ""stop"", ""requested_num_ctx"": null, ""effective_num_ctx"": null, ""think_requested"": true, ""think_honored"": true, ""think_fallback_used"": false, ""think_fallback_http_status"": null}], ""dropped_parameters"": [], ""reasoning_tokens"": """", ""input_tokens"": 2907, ""cached_input_tokens"": """", ""uncached_input_tokens"": """", ""output_tokens"": 116, ""provider_cache_status"": ""unavailable"", ""api_attempts"": 1, ""structured_output_requested"": true, ""structured_output_enforced"": true, ""structured_output_schema_name"": ""track_0_review"", ""structured_output_schema_sha256"": ""6a4a2d4573e9ccd055b4c71bb46f15ff86c3d81e9dd7b768ad256f45db757384"", ""response_schema_hash"": ""6a4a2d4573e9ccd055b4c71bb46f15ff86c3d81e9dd7b768ad256f45db757384"", ""stable_prefix_hash"": ""7077f1238010402ee74d1a83c3a0fb99992b2a4f17b4d0804914077a6cbfd285"", ""prompt_eval_count"": 2907, ""eval_count"": 116, ""done"": true, ""done_reason"": ""stop"", ""requested_num_ctx"": null, ""effective_num_ctx"": null, ""num_ctx_explicit"": false, ""think_requested"": true, ""think_honored"": true, ""think_fallback_used"": false, ""think_fallback_http_status"": null, ""empty_response"": false, ""pipeline_stage"": ""track_0_review"", ""role"": ""track_0_reviewer"", ""candidate_id"": ""mut_p36_R_binary_y_y_1_domain"", ""requirement_id"": ""not_applicable"", ""semantic_attempt"": 1, ""technical_retry"": 1}]",0,0,0,0,0,[],,False,{},{},0,0,0,0.0,,incorrect,,direct_no_requirement_review,False,0.0,0.0,,,,b3003a582713f53670386cf4ba5f27dae9c106dd6e136f94dcd99c52d1b76fb4,,,,,,,,,,,,,,,,,,,,,,,,,,,,,
incorrect,"The constraints defining the demand for each month are incorrect. They simply sum a subset of the contract variables (x_1_1, x_1_2, x_1_3, x_1_4 for month 1, etc.). This does not accurately represent the demand being met by contracts that start in those months. The constraints should consider the extent to which each contract satisfies the demand for each month.",The constraints ensuring demand is fully satisfied are not correctly formulated.,not_applicable,,,,,,,,,,,,,,,,,,,,,,,,,,,,0,,{},[],,0,0,0,{},[],[],,,,,,,,,,{},{},off,,,0,[],3,False,[],metadata_three_judges_dual_a_witness_consensus_root_shadow,v12,,,,,,,,,,,,,,,,,,,,,,,,,,,,,,,,,,,,,,,,,,,,,,,,,,,,,,,,,,0__gemma3:12b__mut_p36_R_at_least_two_lengths_constraint__r0,0,gemma3:12b,mut_p36_R_at_least_two_lengths_constraint,mutant,36,0,gold,False,incorrect,[],mixed_or_unclear,,none,[],[],,"The constraints defining the demand for each month are incorrect. They simply sum a subset of the contract variables (x_1_1, x_1_2, x_1_3, x_1_4 for month 1, etc.). This does not accurately represent the demand being met by contracts that start in those months. The constraints should consider the extent to which each contract satisfies the demand for each month.",,0.0,True,True,True,,,,,,False,2909,unavailable,unavailable,unavailable,120,3029,17.618,0,False,,42,42,,"[""ollama""]","[""c39a916309f44a33671197cac9335683f2746f89cde72f0e553cdc04e7300fa1""]",[10000],"[""completed""]","[""""]",1,0,False,"[{""provider"": ""ollama"", ""model"": ""gemma3:12b"", ""prompt_sha256"": ""c39a916309f44a33671197cac9335683f2746f89cde72f0e553cdc04e7300fa1"", ""prompt_hash"": ""c39a916309f44a33671197cac9335683f2746f89cde72f0e553cdc04e7300fa1"", ""prompt_character_count"": 7306, ""prompt_utf8_bytes"": 7306, ""requested_seed"": 42, ""effective_seed"": 42, ""requested_temperature"": null, ""effective_temperature"": null, ""requested_output_token_limit"": 10000, ""effective_output_token_limit"": 10000, ""completion_status"": ""completed"", ""incomplete_reason"": """", ""truncated"": false, ""had_truncation"": false, ""truncation_retry_count"": 0, ""truncation_recovered"": false, ""attempts"": [{""attempt"": 1, ""requested_output_token_limit"": 10000, ""effective_output_token_limit"": 10000, ""completion_status"": ""completed"", ""incomplete_reason"": """", ""truncated"": false, ""input_tokens"": 2909, ""output_tokens"": 120, ""reasoning_tokens"": """", ""api_attempts"": 1, ""prompt_eval_count"": 2909, ""eval_count"": 120, ""done"": true, ""done_reason"": ""stop"", ""requested_num_ctx"": null, ""effective_num_ctx"": null, ""think_requested"": true, ""think_honored"": true, ""think_fallback_used"": false, ""think_fallback_http_status"": null}], ""dropped_parameters"": [], ""reasoning_tokens"": """", ""input_tokens"": 2909, ""cached_input_tokens"": """", ""uncached_input_tokens"": """", ""output_tokens"": 120, ""provider_cache_status"": ""unavailable"", ""api_attempts"": 1, ""structured_output_requested"": true, ""structured_output_enforced"": true, ""structured_output_schema_name"": ""track_0_review"", ""structured_output_schema_sha256"": ""6a4a2d4573e9ccd055b4c71bb46f15ff86c3d81e9dd7b768ad256f45db757384"", ""response_schema_hash"": ""6a4a2d4573e9ccd055b4c71bb46f15ff86c3d81e9dd7b768ad256f45db757384"", ""stable_prefix_hash"": ""7077f1238010402ee74d1a83c3a0fb99992b2a4f17b4d0804914077a6cbfd285"", ""prompt_eval_count"": 2909, ""eval_count"": 120, ""done"": true, ""done_reason"": ""stop"", ""requested_num_ctx"": null, ""effective_num_ctx"": null, ""num_ctx_explicit"": false, ""think_requested"": true, ""think_honored"": true, ""think_fallback_used"": false, ""think_fallback_http_status"": null, ""empty_response"": false, ""pipeline_stage"": ""track_0_review"", ""role"": ""track_0_reviewer"", ""candidate_id"": ""mut_p36_R_at_least_two_lengths_constraint"", ""requirement_id"": ""not_applicable"", ""semantic_attempt"": 1, ""technical_retry"": 1}]",0,0,0,0,0,[],,False,{},{},0,0,0,0.0,,incorrect,,direct_no_requirement_review,False,0.0,0.0,,,,96ddec2ed649c7b8cf089d4f4ac4b0a89c9848029a2c04b5f12593081a5f942d,,,,,,,,,,,,,,,,,,,,,,,,,,,,,
incorrect,"The constraints for satisfying monthly demand are incorrect. For example, constraint 001 attempts to satisfy Month 1's demand (15) using only contracts starting in Month 1, but sums the coefficients of x_1_1, x_1_2, x_1_3, and x_1_4, which is wrong.",The constraints representing the monthly demand constraints are incorrectly formulated.,not_applicable,,,,,,,,,,,,,,,,,,,,,,,,,,,,0,,{},[],,0,0,0,{},[],[],,,,,,,,,,{},{},off,,,0,[],3,False,[],metadata_three_judges_dual_a_witness_consensus_root_shadow,v12,,,,,,,,,,,,,,,,,,,,,,,,,,,,,,,,,,,,,,,,,,,,,,,,,,,,,,,,,,0__gemma3:12b__mut_p36_R_obj_x_1_1_objective__r0,0,gemma3:12b,mut_p36_R_obj_x_1_1_objective,mutant,36,0,gold,False,incorrect,[],mixed_or_unclear,,none,[],[],,"The constraints for satisfying monthly demand are incorrect. For example, constraint 001 attempts to satisfy Month 1's demand (15) using only contracts starting in Month 1, but sums the coefficients of x_1_1, x_1_2, x_1_3, and x_1_4, which is wrong.",,0.0,True,True,True,,,,,,False,2909,unavailable,unavailable,unavailable,107,3016,15.732,0,False,,42,42,,"[""ollama""]","[""47b37de9c3f2c9cf13f7a39b673c2c5d13a842f9ee971fe02da7fdbc9d6ca34b""]",[10000],"[""completed""]","[""""]",1,0,False,"[{""provider"": ""ollama"", ""model"": ""gemma3:12b"", ""prompt_sha256"": ""47b37de9c3f2c9cf13f7a39b673c2c5d13a842f9ee971fe02da7fdbc9d6ca34b"", ""prompt_hash"": ""47b37de9c3f2c9cf13f7a39b673c2c5d13a842f9ee971fe02da7fdbc9d6ca34b"", ""prompt_character_count"": 7306, ""prompt_utf8_bytes"": 7306, ""requested_seed"": 42, ""effective_seed"": 42, ""requested_temperature"": null, ""effective_temperature"": null, ""requested_output_token_limit"": 10000, ""effective_output_token_limit"": 10000, ""completion_status"": ""completed"", ""incomplete_reason"": """", ""truncated"": false, ""had_truncation"": false, ""truncation_retry_count"": 0, ""truncation_recovered"": false, ""attempts"": [{""attempt"": 1, ""requested_output_token_limit"": 10000, ""effective_output_token_limit"": 10000, ""completion_status"": ""completed"", ""incomplete_reason"": """", ""truncated"": false, ""input_tokens"": 2909, ""output_tokens"": 107, ""reasoning_tokens"": """", ""api_attempts"": 1, ""prompt_eval_count"": 2909, ""eval_count"": 107, ""done"": true, ""done_reason"": ""stop"", ""requested_num_ctx"": null, ""effective_num_ctx"": null, ""think_requested"": true, ""think_honored"": true, ""think_fallback_used"": false, ""think_fallback_http_status"": null}], ""dropped_parameters"": [], ""reasoning_tokens"": """", ""input_tokens"": 2909, ""cached_input_tokens"": """", ""uncached_input_tokens"": """", ""output_tokens"": 107, ""provider_cache_status"": ""unavailable"", ""api_attempts"": 1, ""structured_output_requested"": true, ""structured_output_enforced"": true, ""structured_output_schema_name"": ""track_0_review"", ""structured_output_schema_sha256"": ""6a4a2d4573e9ccd055b4c71bb46f15ff86c3d81e9dd7b768ad256f45db757384"", ""response_schema_hash"": ""6a4a2d4573e9ccd055b4c71bb46f15ff86c3d81e9dd7b768ad256f45db757384"", ""stable_prefix_hash"": ""7077f1238010402ee74d1a83c3a0fb99992b2a4f17b4d0804914077a6cbfd285"", ""prompt_eval_count"": 2909, ""eval_count"": 107, ""done"": true, ""done_reason"": ""stop"", ""requested_num_ctx"": null, ""effective_num_ctx"": null, ""num_ctx_explicit"": false, ""think_requested"": true, ""think_honored"": true, ""think_fallback_used"": false, ""think_fallback_http_status"": null, ""empty_response"": false, ""pipeline_stage"": ""track_0_review"", ""role"": ""track_0_reviewer"", ""candidate_id"": ""mut_p36_R_obj_x_1_1_objective"", ""requirement_id"": ""not_applicable"", ""semantic_attempt"": 1, ""technical_retry"": 1}]",0,0,0,0,0,[],,False,{},{},0,0,0,0.0,,incorrect,,direct_no_requirement_review,False,0.0,0.0,,,,b2701f58643742e02e6b33ff7a26fe19597f06fcaf79d88550cf9fc4af0aa69a,,,,,,,,,,,,,,,,,,,,,,,,,,,,,
incorrect,"The model does not account for the fact that grain purchased in month 1 cannot be sold until month 2, and grain purchased in month 2 cannot be sold until month 3. The inventory constraint does not properly track these lags, leading to unrealistic purchase/sale decisions.",Delayed sales constraints,not_applicable,,,,,,,,,,,,,,,,,,,,,,,,,,,,0,,{},[],,0,0,0,{},[],[],,,,,,,,,,{},{},off,,,0,[],3,False,[],metadata_three_judges_dual_a_witness_consensus_root_shadow,v12,,,,,,,,,,,,,,,,,,,,,,,,,,,,,,,,,,,,,,,,,,,,,,,,,,,,,,,,,,0__gemma3:12b__mut_p37_R_capacity_1_constraint__r0,0,gemma3:12b,mut_p37_R_capacity_1_constraint,mutant,37,0,gold,False,incorrect,[],mixed_or_unclear,,none,[],[],,"The model does not account for the fact that grain purchased in month 1 cannot be sold until month 2, and grain purchased in month 2 cannot be sold until month 3. The inventory constraint does not properly track these lags, leading to unrealistic purchase/sale decisions.",,0.0,True,True,True,,,,,,False,2113,unavailable,unavailable,unavailable,84,2197,12.676,0,False,,42,42,,"[""ollama""]","[""889908c220507f0a9ac9d3e1315586d7edd8a47e368c5d56dc059f8fd93414d5""]",[10000],"[""completed""]","[""""]",1,0,False,"[{""provider"": ""ollama"", ""model"": ""gemma3:12b"", ""prompt_sha256"": ""889908c220507f0a9ac9d3e1315586d7edd8a47e368c5d56dc059f8fd93414d5"", ""prompt_hash"": ""889908c220507f0a9ac9d3e1315586d7edd8a47e368c5d56dc059f8fd93414d5"", ""prompt_character_count"": 5825, ""prompt_utf8_bytes"": 5825, ""requested_seed"": 42, ""effective_seed"": 42, ""requested_temperature"": null, ""effective_temperature"": null, ""requested_output_token_limit"": 10000, ""effective_output_token_limit"": 10000, ""completion_status"": ""completed"", ""incomplete_reason"": """", ""truncated"": false, ""had_truncation"": false, ""truncation_retry_count"": 0, ""truncation_recovered"": false, ""attempts"": [{""attempt"": 1, ""requested_output_token_limit"": 10000, ""effective_output_token_limit"": 10000, ""completion_status"": ""completed"", ""incomplete_reason"": """", ""truncated"": false, ""input_tokens"": 2113, ""output_tokens"": 84, ""reasoning_tokens"": """", ""api_attempts"": 1, ""prompt_eval_count"": 2113, ""eval_count"": 84, ""done"": true, ""done_reason"": ""stop"", ""requested_num_ctx"": null, ""effective_num_ctx"": null, ""think_requested"": true, ""think_honored"": true, ""think_fallback_used"": false, ""think_fallback_http_status"": null}], ""dropped_parameters"": [], ""reasoning_tokens"": """", ""input_tokens"": 2113, ""cached_input_tokens"": """", ""uncached_input_tokens"": """", ""output_tokens"": 84, ""provider_cache_status"": ""unavailable"", ""api_attempts"": 1, ""structured_output_requested"": true, ""structured_output_enforced"": true, ""structured_output_schema_name"": ""track_0_review"", ""structured_output_schema_sha256"": ""6a4a2d4573e9ccd055b4c71bb46f15ff86c3d81e9dd7b768ad256f45db757384"", ""response_schema_hash"": ""6a4a2d4573e9ccd055b4c71bb46f15ff86c3d81e9dd7b768ad256f45db757384"", ""stable_prefix_hash"": ""7077f1238010402ee74d1a83c3a0fb99992b2a4f17b4d0804914077a6cbfd285"", ""prompt_eval_count"": 2113, ""eval_count"": 84, ""done"": true, ""done_reason"": ""stop"", ""requested_num_ctx"": null, ""effective_num_ctx"": null, ""num_ctx_explicit"": false, ""think_requested"": true, ""think_honored"": true, ""think_fallback_used"": false, ""think_fallback_http_status"": null, ""empty_response"": false, ""pipeline_stage"": ""track_0_review"", ""role"": ""track_0_reviewer"", ""candidate_id"": ""mut_p37_R_capacity_1_constraint"", ""requirement_id"": ""not_applicable"", ""semantic_attempt"": 1, ""technical_retry"": 1}]",0,0,0,0,0,[],,False,{},{},0,0,0,0.0,,incorrect,,direct_no_requirement_review,False,0.0,0.0,,,,d1e9c91d2394be2c54277b26553f2162af8aa6a257125f280000fc7d9ae8c08c,,,,,,,,,,,,,,,,,,,,,,,,,,,,,
incorrect,The objective function seems to be incorrect. It seems to be calculating profit instead of revenue - cost. Revenue is calculated by selling grain and cost by buying grain. This will lead to a negative profit.,"The objective function should accurately reflect the total profit, which is revenue from selling grain minus the cost of purchasing grain.",not_applicable,,,,,,,,,,,,,,,,,,,,,,,,,,,,0,,{},[],,0,0,0,{},[],[],,,,,,,,,,{},{},off,,,0,[],3,False,[],metadata_three_judges_dual_a_witness_consensus_root_shadow,v12,,,,,,,,,,,,,,,,,,,,,,,,,,,,,,,,,,,,,,,,,,,,,,,,,,,,,,,,,,0__gemma3:12b__mut_p37_R_capacity_2_constraint__r0,0,gemma3:12b,mut_p37_R_capacity_2_constraint,mutant,37,0,gold,False,incorrect,[],mixed_or_unclear,,none,[],[],,The objective function seems to be incorrect. It seems to be calculating profit instead of revenue - cost. Revenue is calculated by selling grain and cost by buying grain. This will lead to a negative profit.,,0.0,True,True,True,,,,,,False,2113,unavailable,unavailable,unavailable,86,2199,12.639,0,False,,42,42,,"[""ollama""]","[""199b0193ffd7f7c14b177eb640c36e06d7a647909379713ec410deae8780a157""]",[10000],"[""completed""]","[""""]",1,0,False,"[{""provider"": ""ollama"", ""model"": ""gemma3:12b"", ""prompt_sha256"": ""199b0193ffd7f7c14b177eb640c36e06d7a647909379713ec410deae8780a157"", ""prompt_hash"": ""199b0193ffd7f7c14b177eb640c36e06d7a647909379713ec410deae8780a157"", ""prompt_character_count"": 5825, ""prompt_utf8_bytes"": 5825, ""requested_seed"": 42, ""effective_seed"": 42, ""requested_temperature"": null, ""effective_temperature"": null, ""requested_output_token_limit"": 10000, ""effective_output_token_limit"": 10000, ""completion_status"": ""completed"", ""incomplete_reason"": """", ""truncated"": false, ""had_truncation"": false, ""truncation_retry_count"": 0, ""truncation_recovered"": false, ""attempts"": [{""attempt"": 1, ""requested_output_token_limit"": 10000, ""effective_output_token_limit"": 10000, ""completion_status"": ""completed"", ""incomplete_reason"": """", ""truncated"": false, ""input_tokens"": 2113, ""output_tokens"": 86, ""reasoning_tokens"": """", ""api_attempts"": 1, ""prompt_eval_count"": 2113, ""eval_count"": 86, ""done"": true, ""done_reason"": ""stop"", ""requested_num_ctx"": null, ""effective_num_ctx"": null, ""think_requested"": true, ""think_honored"": true, ""think_fallback_used"": false, ""think_fallback_http_status"": null}], ""dropped_parameters"": [], ""reasoning_tokens"": """", ""input_tokens"": 2113, ""cached_input_tokens"": """", ""uncached_input_tokens"": """", ""output_tokens"": 86, ""provider_cache_status"": ""unavailable"", ""api_attempts"": 1, ""structured_output_requested"": true, ""structured_output_enforced"": true, ""structured_output_schema_name"": ""track_0_review"", ""structured_output_schema_sha256"": ""6a4a2d4573e9ccd055b4c71bb46f15ff86c3d81e9dd7b768ad256f45db757384"", ""response_schema_hash"": ""6a4a2d4573e9ccd055b4c71bb46f15ff86c3d81e9dd7b768ad256f45db757384"", ""stable_prefix_hash"": ""7077f1238010402ee74d1a83c3a0fb99992b2a4f17b4d0804914077a6cbfd285"", ""prompt_eval_count"": 2113, ""eval_count"": 86, ""done"": true, ""done_reason"": ""stop"", ""requested_num_ctx"": null, ""effective_num_ctx"": null, ""num_ctx_explicit"": false, ""think_requested"": true, ""think_honored"": true, ""think_fallback_used"": false, ""think_fallback_http_status"": null, ""empty_response"": false, ""pipeline_stage"": ""track_0_review"", ""role"": ""track_0_reviewer"", ""candidate_id"": ""mut_p37_R_capacity_2_constraint"", ""requirement_id"": ""not_applicable"", ""semantic_attempt"": 1, ""technical_retry"": 1}]",0,0,0,0,0,[],,False,{},{},0,0,0,0.0,,incorrect,,direct_no_requirement_review,False,0.0,0.0,,,,71436c895d265837d5273b40f1a75ffd3f0f8914c89e042d148f92e9d1773b48,,,,,,,,,,,,,,,,,,,,,,,,,,,,,
incorrect,"The model does not account for the fact that grain purchased in month 1 cannot be sold until month 2, and grain purchased in month 2 cannot be sold until month 3. The inventory constraint for month 1 (constraint_001) incorrectly adds `sell_1` to the inventory, implying sales can occur immediately.",Inventory cannot be sold before the next month.,not_applicable,,,,,,,,,,,,,,,,,,,,,,,,,,,,0,,{},[],,0,0,0,{},[],[],,,,,,,,,,{},{},off,,,0,[],3,False,[],metadata_three_judges_dual_a_witness_consensus_root_shadow,v12,,,,,,,,,,,,,,,,,,,,,,,,,,,,,,,,,,,,,,,,,,,,,,,,,,,,,,,,,,0__gemma3:12b__mut_p37_R_profit_definition_profit_objective__r0,0,gemma3:12b,mut_p37_R_profit_definition_profit_objective,mutant,37,0,gold,False,incorrect,[],mixed_or_unclear,,none,[],[],,"The model does not account for the fact that grain purchased in month 1 cannot be sold until month 2, and grain purchased in month 2 cannot be sold until month 3. The inventory constraint for month 1 (constraint_001) incorrectly adds `sell_1` to the inventory, implying sales can occur immediately.",,0.0,True,True,True,,,,,,False,2111,unavailable,unavailable,unavailable,101,2212,14.486,0,False,,42,42,,"[""ollama""]","[""238c9a7516b4856bd056b09dd51c7a5141225421c55d2cc735fda51539228601""]",[10000],"[""completed""]","[""""]",1,0,False,"[{""provider"": ""ollama"", ""model"": ""gemma3:12b"", ""prompt_sha256"": ""238c9a7516b4856bd056b09dd51c7a5141225421c55d2cc735fda51539228601"", ""prompt_hash"": ""238c9a7516b4856bd056b09dd51c7a5141225421c55d2cc735fda51539228601"", ""prompt_character_count"": 5823, ""prompt_utf8_bytes"": 5823, ""requested_seed"": 42, ""effective_seed"": 42, ""requested_temperature"": null, ""effective_temperature"": null, ""requested_output_token_limit"": 10000, ""effective_output_token_limit"": 10000, ""completion_status"": ""completed"", ""incomplete_reason"": """", ""truncated"": false, ""had_truncation"": false, ""truncation_retry_count"": 0, ""truncation_recovered"": false, ""attempts"": [{""attempt"": 1, ""requested_output_token_limit"": 10000, ""effective_output_token_limit"": 10000, ""completion_status"": ""completed"", ""incomplete_reason"": """", ""truncated"": false, ""input_tokens"": 2111, ""output_tokens"": 101, ""reasoning_tokens"": """", ""api_attempts"": 1, ""prompt_eval_count"": 2111, ""eval_count"": 101, ""done"": true, ""done_reason"": ""stop"", ""requested_num_ctx"": null, ""effective_num_ctx"": null, ""think_requested"": true, ""think_honored"": true, ""think_fallback_used"": false, ""think_fallback_http_status"": null}], ""dropped_parameters"": [], ""reasoning_tokens"": """", ""input_tokens"": 2111, ""cached_input_tokens"": """", ""uncached_input_tokens"": """", ""output_tokens"": 101, ""provider_cache_status"": ""unavailable"", ""api_attempts"": 1, ""structured_output_requested"": true, ""structured_output_enforced"": true, ""structured_output_schema_name"": ""track_0_review"", ""structured_output_schema_sha256"": ""6a4a2d4573e9ccd055b4c71bb46f15ff86c3d81e9dd7b768ad256f45db757384"", ""response_schema_hash"": ""6a4a2d4573e9ccd055b4c71bb46f15ff86c3d81e9dd7b768ad256f45db757384"", ""stable_prefix_hash"": ""7077f1238010402ee74d1a83c3a0fb99992b2a4f17b4d0804914077a6cbfd285"", ""prompt_eval_count"": 2111, ""eval_count"": 101, ""done"": true, ""done_reason"": ""stop"", ""requested_num_ctx"": null, ""effective_num_ctx"": null, ""num_ctx_explicit"": false, ""think_requested"": true, ""think_honored"": true, ""think_fallback_used"": false, ""think_fallback_http_status"": null, ""empty_response"": false, ""pipeline_stage"": ""track_0_review"", ""role"": ""track_0_reviewer"", ""candidate_id"": ""mut_p37_R_profit_definition_profit_objective"", ""requirement_id"": ""not_applicable"", ""semantic_attempt"": 1, ""technical_retry"": 1}]",0,0,0,0,0,[],,False,{},{},0,0,0,0.0,,incorrect,,direct_no_requirement_review,False,0.0,0.0,,,,801a2da902a2a0b996b597b6a37e19919dfb20ab47a68e8bd695bc285bff1653,,,,,,,,,,,,,,,,,,,,,,,,,,,,,
incorrect,"The model does not correctly implement the precedence constraints. For example, 'A -> G' should constrain start_G >= start_A + duration_A, but the model uses start_G >= start_A - 4 which is incorrect. Similarly, 'D and F -> C' should enforce start_C >= max(start_D + duration_D, start_F + duration_F), but the model doesn't represent this properly.",Incorrect precedence constraint implementation.,not_applicable,,,,,,,,,,,,,,,,,,,,,,,,,,,,0,,{},[],,0,0,0,{},[],[],,,,,,,,,,{},{},off,,,0,[],3,False,[],metadata_three_judges_dual_a_witness_consensus_root_shadow,v12,,,,,,,,,,,,,,,,,,,,,,,,,,,,,,,,,,,,,,,,,,,,,,,,,,,,,,,,,,0__gemma3:12b__mut_p39_R_cmax_B_constraint__r0,0,gemma3:12b,mut_p39_R_cmax_B_constraint,mutant,39,0,gold,False,incorrect,[],mixed_or_unclear,,none,[],[],,"The model does not correctly implement the precedence constraints. For example, 'A -> G' should constrain start_G >= start_A + duration_A, but the model uses start_G >= start_A - 4 which is incorrect. Similarly, 'D and F -> C' should enforce start_C >= max(start_D + duration_D, start_F + duration_F), but the model doesn't represent this properly.",,0.0,True,True,True,,,,,,False,1978,unavailable,unavailable,unavailable,121,2099,16.343,0,False,,42,42,,"[""ollama""]","[""cd820f6fde12d0b9caaf2f6507d880c9635bcba51048e9856a350ca7880d047b""]",[10000],"[""completed""]","[""""]",1,0,False,"[{""provider"": ""ollama"", ""model"": ""gemma3:12b"", ""prompt_sha256"": ""cd820f6fde12d0b9caaf2f6507d880c9635bcba51048e9856a350ca7880d047b"", ""prompt_hash"": ""cd820f6fde12d0b9caaf2f6507d880c9635bcba51048e9856a350ca7880d047b"", ""prompt_character_count"": 5450, ""prompt_utf8_bytes"": 5450, ""requested_seed"": 42, ""effective_seed"": 42, ""requested_temperature"": null, ""effective_temperature"": null, ""requested_output_token_limit"": 10000, ""effective_output_token_limit"": 10000, ""completion_status"": ""completed"", ""incomplete_reason"": """", ""truncated"": false, ""had_truncation"": false, ""truncation_retry_count"": 0, ""truncation_recovered"": false, ""attempts"": [{""attempt"": 1, ""requested_output_token_limit"": 10000, ""effective_output_token_limit"": 10000, ""completion_status"": ""completed"", ""incomplete_reason"": """", ""truncated"": false, ""input_tokens"": 1978, ""output_tokens"": 121, ""reasoning_tokens"": """", ""api_attempts"": 1, ""prompt_eval_count"": 1978, ""eval_count"": 121, ""done"": true, ""done_reason"": ""stop"", ""requested_num_ctx"": null, ""effective_num_ctx"": null, ""think_requested"": true, ""think_honored"": true, ""think_fallback_used"": false, ""think_fallback_http_status"": null}], ""dropped_parameters"": [], ""reasoning_tokens"": """", ""input_tokens"": 1978, ""cached_input_tokens"": """", ""uncached_input_tokens"": """", ""output_tokens"": 121, ""provider_cache_status"": ""unavailable"", ""api_attempts"": 1, ""structured_output_requested"": true, ""structured_output_enforced"": true, ""structured_output_schema_name"": ""track_0_review"", ""structured_output_schema_sha256"": ""6a4a2d4573e9ccd055b4c71bb46f15ff86c3d81e9dd7b768ad256f45db757384"", ""response_schema_hash"": ""6a4a2d4573e9ccd055b4c71bb46f15ff86c3d81e9dd7b768ad256f45db757384"", ""stable_prefix_hash"": ""7077f1238010402ee74d1a83c3a0fb99992b2a4f17b4d0804914077a6cbfd285"", ""prompt_eval_count"": 1978, ""eval_count"": 121, ""done"": true, ""done_reason"": ""stop"", ""requested_num_ctx"": null, ""effective_num_ctx"": null, ""num_ctx_explicit"": false, ""think_requested"": true, ""think_honored"": true, ""think_fallback_used"": false, ""think_fallback_http_status"": null, ""empty_response"": false, ""pipeline_stage"": ""track_0_review"", ""role"": ""track_0_reviewer"", ""candidate_id"": ""mut_p39_R_cmax_B_constraint"", ""requirement_id"": ""not_applicable"", ""semantic_attempt"": 1, ""technical_retry"": 1}]",0,0,0,0,0,[],,False,{},{},0,0,0,0.0,,incorrect,,direct_no_requirement_review,False,0.0,0.0,,,,0c5a9ce71f303e4c75cb34ad9224bdc1b7eb491f1e8562496f8e31024b18a41b,,,,,,,,,,,,,,,,,,,,,,,,,,,,,
incorrect,"The precedence constraints are incorrect. For example, constraint 001 enforces start_G >= start_A + 4, which is correct. However, constraint 002 enforces start_D >= start_A + 3.999, which is incorrect, as D depends on A, so the duration must be added.",Incorrectly formulated precedence constraints.,not_applicable,,,,,,,,,,,,,,,,,,,,,,,,,,,,0,,{},[],,0,0,0,{},[],[],,,,,,,,,,{},{},off,,,0,[],3,False,[],metadata_three_judges_dual_a_witness_consensus_root_shadow,v12,,,,,,,,,,,,,,,,,,,,,,,,,,,,,,,,,,,,,,,,,,,,,,,,,,,,,,,,,,0__gemma3:12b__mut_p39_R_prec_A_D_constraint__r0,0,gemma3:12b,mut_p39_R_prec_A_D_constraint,mutant,39,0,gold,False,incorrect,[],mixed_or_unclear,,none,[],[],,"The precedence constraints are incorrect. For example, constraint 001 enforces start_G >= start_A + 4, which is correct. However, constraint 002 enforces start_D >= start_A + 3.999, which is incorrect, as D depends on A, so the duration must be added.",,0.0,True,True,True,,,,,,False,1978,unavailable,unavailable,unavailable,99,2077,13.816,0,False,,42,42,,"[""ollama""]","[""c03a3c05be40e807624d31b591bbf50910d739ea6e733f2e272dbbc96d9284dd""]",[10000],"[""completed""]","[""""]",1,0,False,"[{""provider"": ""ollama"", ""model"": ""gemma3:12b"", ""prompt_sha256"": ""c03a3c05be40e807624d31b591bbf50910d739ea6e733f2e272dbbc96d9284dd"", ""prompt_hash"": ""c03a3c05be40e807624d31b591bbf50910d739ea6e733f2e272dbbc96d9284dd"", ""prompt_character_count"": 5450, ""prompt_utf8_bytes"": 5450, ""requested_seed"": 42, ""effective_seed"": 42, ""requested_temperature"": null, ""effective_temperature"": null, ""requested_output_token_limit"": 10000, ""effective_output_token_limit"": 10000, ""completion_status"": ""completed"", ""incomplete_reason"": """", ""truncated"": false, ""had_truncation"": false, ""truncation_retry_count"": 0, ""truncation_recovered"": false, ""attempts"": [{""attempt"": 1, ""requested_output_token_limit"": 10000, ""effective_output_token_limit"": 10000, ""completion_status"": ""completed"", ""incomplete_reason"": """", ""truncated"": false, ""input_tokens"": 1978, ""output_tokens"": 99, ""reasoning_tokens"": """", ""api_attempts"": 1, ""prompt_eval_count"": 1978, ""eval_count"": 99, ""done"": true, ""done_reason"": ""stop"", ""requested_num_ctx"": null, ""effective_num_ctx"": null, ""think_requested"": true, ""think_honored"": true, ""think_fallback_used"": false, ""think_fallback_http_status"": null}], ""dropped_parameters"": [], ""reasoning_tokens"": """", ""input_tokens"": 1978, ""cached_input_tokens"": """", ""uncached_input_tokens"": """", ""output_tokens"": 99, ""provider_cache_status"": ""unavailable"", ""api_attempts"": 1, ""structured_output_requested"": true, ""structured_output_enforced"": true, ""structured_output_schema_name"": ""track_0_review"", ""structured_output_schema_sha256"": ""6a4a2d4573e9ccd055b4c71bb46f15ff86c3d81e9dd7b768ad256f45db757384"", ""response_schema_hash"": ""6a4a2d4573e9ccd055b4c71bb46f15ff86c3d81e9dd7b768ad256f45db757384"", ""stable_prefix_hash"": ""7077f1238010402ee74d1a83c3a0fb99992b2a4f17b4d0804914077a6cbfd285"", ""prompt_eval_count"": 1978, ""eval_count"": 99, ""done"": true, ""done_reason"": ""stop"", ""requested_num_ctx"": null, ""effective_num_ctx"": null, ""num_ctx_explicit"": false, ""think_requested"": true, ""think_honored"": true, ""think_fallback_used"": false, ""think_fallback_http_status"": null, ""empty_response"": false, ""pipeline_stage"": ""track_0_review"", ""role"": ""track_0_reviewer"", ""candidate_id"": ""mut_p39_R_prec_A_D_constraint"", ""requirement_id"": ""not_applicable"", ""semantic_attempt"": 1, ""technical_retry"": 1}]",0,0,0,0,0,[],,False,{},{},0,0,0,0.0,,incorrect,,direct_no_requirement_review,False,0.0,0.0,,,,96eac9cd395faced0aaf1322c2e85715a3615e220d4c317d33ff0aa96c1fbf25,,,,,,,,,,,,,,,,,,,,,,,,,,,,,
incorrect,The objective function is incorrectly maximizing instead of minimizing the total cost. It should be minimizing the sum of work cost and machine rental cost.,"Objective function should be minimization, not maximization.",not_applicable,,,,,,,,,,,,,,,,,,,,,,,,,,,,0,,{},[],,0,0,0,{},[],[],,,,,,,,,,{},{},off,,,0,[],3,False,[],metadata_three_judges_dual_a_witness_consensus_root_shadow,v12,,,,,,,,,,,,,,,,,,,,,,,,,,,,,,,,,,,,,,,,,,,,,,,,,,,,,,,,,,0__gemma3:12b__mut_p39_R_obj_Cmax_objective__r0,0,gemma3:12b,mut_p39_R_obj_Cmax_objective,mutant,39,0,gold,False,incorrect,[],mixed_or_unclear,,none,[],[],,The objective function is incorrectly maximizing instead of minimizing the total cost. It should be minimizing the sum of work cost and machine rental cost.,,0.0,True,True,True,,,,,,False,1976,unavailable,unavailable,unavailable,59,2035,10.185,0,False,,42,42,,"[""ollama""]","[""bd2649b32569acc536033ea841f8d013ef239a60ec939b591b4c60971ab08066""]",[10000],"[""completed""]","[""""]",1,0,False,"[{""provider"": ""ollama"", ""model"": ""gemma3:12b"", ""prompt_sha256"": ""bd2649b32569acc536033ea841f8d013ef239a60ec939b591b4c60971ab08066"", ""prompt_hash"": ""bd2649b32569acc536033ea841f8d013ef239a60ec939b591b4c60971ab08066"", ""prompt_character_count"": 5448, ""prompt_utf8_bytes"": 5448, ""requested_seed"": 42, ""effective_seed"": 42, ""requested_temperature"": null, ""effective_temperature"": null, ""requested_output_token_limit"": 10000, ""effective_output_token_limit"": 10000, ""completion_status"": ""completed"", ""incomplete_reason"": """", ""truncated"": false, ""had_truncation"": false, ""truncation_retry_count"": 0, ""truncation_recovered"": false, ""attempts"": [{""attempt"": 1, ""requested_output_token_limit"": 10000, ""effective_output_token_limit"": 10000, ""completion_status"": ""completed"", ""incomplete_reason"": """", ""truncated"": false, ""input_tokens"": 1976, ""output_tokens"": 59, ""reasoning_tokens"": """", ""api_attempts"": 1, ""prompt_eval_count"": 1976, ""eval_count"": 59, ""done"": true, ""done_reason"": ""stop"", ""requested_num_ctx"": null, ""effective_num_ctx"": null, ""think_requested"": true, ""think_honored"": true, ""think_fallback_used"": false, ""think_fallback_http_status"": null}], ""dropped_parameters"": [], ""reasoning_tokens"": """", ""input_tokens"": 1976, ""cached_input_tokens"": """", ""uncached_input_tokens"": """", ""output_tokens"": 59, ""provider_cache_status"": ""unavailable"", ""api_attempts"": 1, ""structured_output_requested"": true, ""structured_output_enforced"": true, ""structured_output_schema_name"": ""track_0_review"", ""structured_output_schema_sha256"": ""6a4a2d4573e9ccd055b4c71bb46f15ff86c3d81e9dd7b768ad256f45db757384"", ""response_schema_hash"": ""6a4a2d4573e9ccd055b4c71bb46f15ff86c3d81e9dd7b768ad256f45db757384"", ""stable_prefix_hash"": ""7077f1238010402ee74d1a83c3a0fb99992b2a4f17b4d0804914077a6cbfd285"", ""prompt_eval_count"": 1976, ""eval_count"": 59, ""done"": true, ""done_reason"": ""stop"", ""requested_num_ctx"": null, ""effective_num_ctx"": null, ""num_ctx_explicit"": false, ""think_requested"": true, ""think_honored"": true, ""think_fallback_used"": false, ""think_fallback_http_status"": null, ""empty_response"": false, ""pipeline_stage"": ""track_0_review"", ""role"": ""track_0_reviewer"", ""candidate_id"": ""mut_p39_R_obj_Cmax_objective"", ""requirement_id"": ""not_applicable"", ""semantic_attempt"": 1, ""technical_retry"": 1}]",0,0,0,0,0,[],,False,{},{},0,0,0,0.0,,incorrect,,direct_no_requirement_review,False,0.0,0.0,,,,a10f07153013a6828a2002a5af3b83a01fdcb64f9b0854295fb7ac82a8707f85,,,,,,,,,,,,,,,,,,,,,,,,,,,,,
incorrect,The objective function seems to be missing the cost associated with laborers used in method A of Task 2. The problem states laborers earn 80 yuan per week. The model only includes skilled worker costs.,missing labor cost,not_applicable,,,,,,,,,,,,,,,,,,,,,,,,,,,,0,,{},[],,0,0,0,{},[],[],,,,,,,,,,{},{},off,,,0,[],3,False,[],metadata_three_judges_dual_a_witness_consensus_root_shadow,v12,,,,,,,,,,,,,,,,,,,,,,,,,,,,,,,,,,,,,,,,,,,,,,,,,,,,,,,,,,0__gemma3:12b__mut_p40_R_max_labor_constraint__r0,0,gemma3:12b,mut_p40_R_max_labor_constraint,mutant,40,0,gold,False,incorrect,[],mixed_or_unclear,,none,[],[],,The objective function seems to be missing the cost associated with laborers used in method A of Task 2. The problem states laborers earn 80 yuan per week. The model only includes skilled worker costs.,,0.0,True,True,True,,,,,,False,3002,unavailable,unavailable,unavailable,65,3067,11.586,0,False,,42,42,,"[""ollama""]","[""30c7e924b676496b658b11da056b38270f74ef5523e0592315851c7fb1e68a70""]",[10000],"[""completed""]","[""""]",1,0,False,"[{""provider"": ""ollama"", ""model"": ""gemma3:12b"", ""prompt_sha256"": ""30c7e924b676496b658b11da056b38270f74ef5523e0592315851c7fb1e68a70"", ""prompt_hash"": ""30c7e924b676496b658b11da056b38270f74ef5523e0592315851c7fb1e68a70"", ""prompt_character_count"": 7769, ""prompt_utf8_bytes"": 7769, ""requested_seed"": 42, ""effective_seed"": 42, ""requested_temperature"": null, ""effective_temperature"": null, ""requested_output_token_limit"": 10000, ""effective_output_token_limit"": 10000, ""completion_status"": ""completed"", ""incomplete_reason"": """", ""truncated"": false, ""had_truncation"": false, ""truncation_retry_count"": 0, ""truncation_recovered"": false, ""attempts"": [{""attempt"": 1, ""requested_output_token_limit"": 10000, ""effective_output_token_limit"": 10000, ""completion_status"": ""completed"", ""incomplete_reason"": """", ""truncated"": false, ""input_tokens"": 3002, ""output_tokens"": 65, ""reasoning_tokens"": """", ""api_attempts"": 1, ""prompt_eval_count"": 3002, ""eval_count"": 65, ""done"": true, ""done_reason"": ""stop"", ""requested_num_ctx"": null, ""effective_num_ctx"": null, ""think_requested"": true, ""think_honored"": true, ""think_fallback_used"": false, ""think_fallback_http_status"": null}], ""dropped_parameters"": [], ""reasoning_tokens"": """", ""input_tokens"": 3002, ""cached_input_tokens"": """", ""uncached_input_tokens"": """", ""output_tokens"": 65, ""provider_cache_status"": ""unavailable"", ""api_attempts"": 1, ""structured_output_requested"": true, ""structured_output_enforced"": true, ""structured_output_schema_name"": ""track_0_review"", ""structured_output_schema_sha256"": ""6a4a2d4573e9ccd055b4c71bb46f15ff86c3d81e9dd7b768ad256f45db757384"", ""response_schema_hash"": ""6a4a2d4573e9ccd055b4c71bb46f15ff86c3d81e9dd7b768ad256f45db757384"", ""stable_prefix_hash"": ""7077f1238010402ee74d1a83c3a0fb99992b2a4f17b4d0804914077a6cbfd285"", ""prompt_eval_count"": 3002, ""eval_count"": 65, ""done"": true, ""done_reason"": ""stop"", ""requested_num_ctx"": null, ""effective_num_ctx"": null, ""num_ctx_explicit"": false, ""think_requested"": true, ""think_honored"": true, ""think_fallback_used"": false, ""think_fallback_http_status"": null, ""empty_response"": false, ""pipeline_stage"": ""track_0_review"", ""role"": ""track_0_reviewer"", ""candidate_id"": ""mut_p40_R_max_labor_constraint"", ""requirement_id"": ""not_applicable"", ""semantic_attempt"": 1, ""technical_retry"": 1}]",0,0,0,0,0,[],,False,{},{},0,0,0,0.0,,incorrect,,direct_no_requirement_review,False,0.0,0.0,,,,f018d2e121b06e71b85d713020d0356f744fedb9188867bf28a1bd9b57d81090,,,,,,,,,,,,,,,,,,,,,,,,,,,,,
incorrect,"The model doesn't correctly implement the constraint that if task 1 uses method B, task 3 cannot use method A. The current constraint only excludes the possibility of task 3 using method A if task 1 uses method B, but the constraint is not exclusive.","If task 1 uses method B, task 3 cannot use method A",not_applicable,,,,,,,,,,,,,,,,,,,,,,,,,,,,0,,{},[],,0,0,0,{},[],[],,,,,,,,,,{},{},off,,,0,[],3,False,[],metadata_three_judges_dual_a_witness_consensus_root_shadow,v12,,,,,,,,,,,,,,,,,,,,,,,,,,,,,,,,,,,,,,,,,,,,,,,,,,,,,,,,,,0__gemma3:12b__mut_p40_R_max_skilled_constraint__r0,0,gemma3:12b,mut_p40_R_max_skilled_constraint,mutant,40,0,gold,False,incorrect,[],mixed_or_unclear,,none,[],[],,"The model doesn't correctly implement the constraint that if task 1 uses method B, task 3 cannot use method A. The current constraint only excludes the possibility of task 3 using method A if task 1 uses method B, but the constraint is not exclusive.",,0.0,True,True,True,,,,,,False,3002,unavailable,unavailable,unavailable,93,3095,14.391,0,False,,42,42,,"[""ollama""]","[""1042e9968f6f71819fbfbc2df2b7e46f57cbb9a83ed50f69a651554e4b524d0e""]",[10000],"[""completed""]","[""""]",1,0,False,"[{""provider"": ""ollama"", ""model"": ""gemma3:12b"", ""prompt_sha256"": ""1042e9968f6f71819fbfbc2df2b7e46f57cbb9a83ed50f69a651554e4b524d0e"", ""prompt_hash"": ""1042e9968f6f71819fbfbc2df2b7e46f57cbb9a83ed50f69a651554e4b524d0e"", ""prompt_character_count"": 7769, ""prompt_utf8_bytes"": 7769, ""requested_seed"": 42, ""effective_seed"": 42, ""requested_temperature"": null, ""effective_temperature"": null, ""requested_output_token_limit"": 10000, ""effective_output_token_limit"": 10000, ""completion_status"": ""completed"", ""incomplete_reason"": """", ""truncated"": false, ""had_truncation"": false, ""truncation_retry_count"": 0, ""truncation_recovered"": false, ""attempts"": [{""attempt"": 1, ""requested_output_token_limit"": 10000, ""effective_output_token_limit"": 10000, ""completion_status"": ""completed"", ""incomplete_reason"": """", ""truncated"": false, ""input_tokens"": 3002, ""output_tokens"": 93, ""reasoning_tokens"": """", ""api_attempts"": 1, ""prompt_eval_count"": 3002, ""eval_count"": 93, ""done"": true, ""done_reason"": ""stop"", ""requested_num_ctx"": null, ""effective_num_ctx"": null, ""think_requested"": true, ""think_honored"": true, ""think_fallback_used"": false, ""think_fallback_http_status"": null}], ""dropped_parameters"": [], ""reasoning_tokens"": """", ""input_tokens"": 3002, ""cached_input_tokens"": """", ""uncached_input_tokens"": """", ""output_tokens"": 93, ""provider_cache_status"": ""unavailable"", ""api_attempts"": 1, ""structured_output_requested"": true, ""structured_output_enforced"": true, ""structured_output_schema_name"": ""track_0_review"", ""structured_output_schema_sha256"": ""6a4a2d4573e9ccd055b4c71bb46f15ff86c3d81e9dd7b768ad256f45db757384"", ""response_schema_hash"": ""6a4a2d4573e9ccd055b4c71bb46f15ff86c3d81e9dd7b768ad256f45db757384"", ""stable_prefix_hash"": ""7077f1238010402ee74d1a83c3a0fb99992b2a4f17b4d0804914077a6cbfd285"", ""prompt_eval_count"": 3002, ""eval_count"": 93, ""done"": true, ""done_reason"": ""stop"", ""requested_num_ctx"": null, ""effective_num_ctx"": null, ""num_ctx_explicit"": false, ""think_requested"": true, ""think_honored"": true, ""think_fallback_used"": false, ""think_fallback_http_status"": null, ""empty_response"": false, ""pipeline_stage"": ""track_0_review"", ""role"": ""track_0_reviewer"", ""candidate_id"": ""mut_p40_R_max_skilled_constraint"", ""requirement_id"": ""not_applicable"", ""semantic_attempt"": 1, ""technical_retry"": 1}]",0,0,0,0,0,[],,False,{},{},0,0,0,0.0,,incorrect,,direct_no_requirement_review,False,0.0,0.0,,,,86d91fce40676032e2e44e05f406ff474d6b5fb5852184f95d1c273a2273b166,,,,,,,,,,,,,,,,,,,,,,,,,,,,,
incorrect,"The objective function seems to be maximizing instead of minimizing, as indicated by `model.setObjective(objective, GRB.MAXIMIZE if OBJECTIVE_SENSE == 'maximize' else GRB.MINIMIZE)`, which currently uses `GRB.MAXIMIZE`. The problem requires minimizing weekly wages plus fixed costs.","The objective should be to minimize costs, not maximize them.",not_applicable,,,,,,,,,,,,,,,,,,,,,,,,,,,,0,,{},[],,0,0,0,{},[],[],,,,,,,,,,{},{},off,,,0,[],3,False,[],metadata_three_judges_dual_a_witness_consensus_root_shadow,v12,,,,,,,,,,,,,,,,,,,,,,,,,,,,,,,,,,,,,,,,,,,,,,,,,,,,,,,,,,0__gemma3:12b__mut_p40_R_obj_skilled_t1_A_objective__r0,0,gemma3:12b,mut_p40_R_obj_skilled_t1_A_objective,mutant,40,0,gold,False,incorrect,[],mixed_or_unclear,,none,[],[],,"The objective function seems to be maximizing instead of minimizing, as indicated by `model.setObjective(objective, GRB.MAXIMIZE if OBJECTIVE_SENSE == 'maximize' else GRB.MINIMIZE)`, which currently uses `GRB.MAXIMIZE`. The problem requires minimizing weekly wages plus fixed costs.",,0.0,True,True,True,,,,,,False,3002,unavailable,unavailable,unavailable,102,3104,15.393,0,False,,42,42,,"[""ollama""]","[""19e5920ee9dc7d0d8b2f380de9ee377358e1ae2595f73375d7fa6c0eeab5a05a""]",[10000],"[""completed""]","[""""]",1,0,False,"[{""provider"": ""ollama"", ""model"": ""gemma3:12b"", ""prompt_sha256"": ""19e5920ee9dc7d0d8b2f380de9ee377358e1ae2595f73375d7fa6c0eeab5a05a"", ""prompt_hash"": ""19e5920ee9dc7d0d8b2f380de9ee377358e1ae2595f73375d7fa6c0eeab5a05a"", ""prompt_character_count"": 7769, ""prompt_utf8_bytes"": 7769, ""requested_seed"": 42, ""effective_seed"": 42, ""requested_temperature"": null, ""effective_temperature"": null, ""requested_output_token_limit"": 10000, ""effective_output_token_limit"": 10000, ""completion_status"": ""completed"", ""incomplete_reason"": """", ""truncated"": false, ""had_truncation"": false, ""truncation_retry_count"": 0, ""truncation_recovered"": false, ""attempts"": [{""attempt"": 1, ""requested_output_token_limit"": 10000, ""effective_output_token_limit"": 10000, ""completion_status"": ""completed"", ""incomplete_reason"": """", ""truncated"": false, ""input_tokens"": 3002, ""output_tokens"": 102, ""reasoning_tokens"": """", ""api_attempts"": 1, ""prompt_eval_count"": 3002, ""eval_count"": 102, ""done"": true, ""done_reason"": ""stop"", ""requested_num_ctx"": null, ""effective_num_ctx"": null, ""think_requested"": true, ""think_honored"": true, ""think_fallback_used"": false, ""think_fallback_http_status"": null}], ""dropped_parameters"": [], ""reasoning_tokens"": """", ""input_tokens"": 3002, ""cached_input_tokens"": """", ""uncached_input_tokens"": """", ""output_tokens"": 102, ""provider_cache_status"": ""unavailable"", ""api_attempts"": 1, ""structured_output_requested"": true, ""structured_output_enforced"": true, ""structured_output_schema_name"": ""track_0_review"", ""structured_output_schema_sha256"": ""6a4a2d4573e9ccd055b4c71bb46f15ff86c3d81e9dd7b768ad256f45db757384"", ""response_schema_hash"": ""6a4a2d4573e9ccd055b4c71bb46f15ff86c3d81e9dd7b768ad256f45db757384"", ""stable_prefix_hash"": ""7077f1238010402ee74d1a83c3a0fb99992b2a4f17b4d0804914077a6cbfd285"", ""prompt_eval_count"": 3002, ""eval_count"": 102, ""done"": true, ""done_reason"": ""stop"", ""requested_num_ctx"": null, ""effective_num_ctx"": null, ""num_ctx_explicit"": false, ""think_requested"": true, ""think_honored"": true, ""think_fallback_used"": false, ""think_fallback_http_status"": null, ""empty_response"": false, ""pipeline_stage"": ""track_0_review"", ""role"": ""track_0_reviewer"", ""candidate_id"": ""mut_p40_R_obj_skilled_t1_A_objective"", ""requirement_id"": ""not_applicable"", ""semantic_attempt"": 1, ""technical_retry"": 1}]",0,0,0,0,0,[],,False,{},{},0,0,0,0.0,,incorrect,,direct_no_requirement_review,False,0.0,0.0,,,,c3a39e934157c06c9db605f53c11cb053a7ff72eebaf65fa0f404f91e59e157c,,,,,,,,,,,,,,,,,,,,,,,,,,,,,
incorrect,The model doesn't account for the initial inventory and demand constraints.,The model should ensure the produced quantities satisfy the demand and consider the initial inventory levels.,not_applicable,,,,,,,,,,,,,,,,,,,,,,,,,,,,0,,{},[],,0,0,0,{},[],[],,,,,,,,,,{},{},off,,,0,[],3,False,[],metadata_three_judges_dual_a_witness_consensus_root_shadow,v12,,,,,,,,,,,,,,,,,,,,,,,,,,,,,,,,,,,,,,,,,,,,,,,,,,,,,,,,,,0__gemma3:12b__mut_p41_R_liquid_balance_constraint__r0,0,gemma3:12b,mut_p41_R_liquid_balance_constraint,mutant,41,0,gold,False,incorrect,[],mixed_or_unclear,,none,[],[],,The model doesn't account for the initial inventory and demand constraints.,,0.0,True,True,True,,,,,,False,1312,unavailable,unavailable,unavailable,54,1366,8.82,0,False,,42,42,,"[""ollama""]","[""c6828e25742cc356e6d6cbaaf53cab46ca1fa3c0e77260224f7b8c27360942d3""]",[10000],"[""completed""]","[""""]",1,0,False,"[{""provider"": ""ollama"", ""model"": ""gemma3:12b"", ""prompt_sha256"": ""c6828e25742cc356e6d6cbaaf53cab46ca1fa3c0e77260224f7b8c27360942d3"", ""prompt_hash"": ""c6828e25742cc356e6d6cbaaf53cab46ca1fa3c0e77260224f7b8c27360942d3"", ""prompt_character_count"": 4233, ""prompt_utf8_bytes"": 4233, ""requested_seed"": 42, ""effective_seed"": 42, ""requested_temperature"": null, ""effective_temperature"": null, ""requested_output_token_limit"": 10000, ""effective_output_token_limit"": 10000, ""completion_status"": ""completed"", ""incomplete_reason"": """", ""truncated"": false, ""had_truncation"": false, ""truncation_retry_count"": 0, ""truncation_recovered"": false, ""attempts"": [{""attempt"": 1, ""requested_output_token_limit"": 10000, ""effective_output_token_limit"": 10000, ""completion_status"": ""completed"", ""incomplete_reason"": """", ""truncated"": false, ""input_tokens"": 1312, ""output_tokens"": 54, ""reasoning_tokens"": """", ""api_attempts"": 1, ""prompt_eval_count"": 1312, ""eval_count"": 54, ""done"": true, ""done_reason"": ""stop"", ""requested_num_ctx"": null, ""effective_num_ctx"": null, ""think_requested"": true, ""think_honored"": true, ""think_fallback_used"": false, ""think_fallback_http_status"": null}], ""dropped_parameters"": [], ""reasoning_tokens"": """", ""input_tokens"": 1312, ""cached_input_tokens"": """", ""uncached_input_tokens"": """", ""output_tokens"": 54, ""provider_cache_status"": ""unavailable"", ""api_attempts"": 1, ""structured_output_requested"": true, ""structured_output_enforced"": true, ""structured_output_schema_name"": ""track_0_review"", ""structured_output_schema_sha256"": ""6a4a2d4573e9ccd055b4c71bb46f15ff86c3d81e9dd7b768ad256f45db757384"", ""response_schema_hash"": ""6a4a2d4573e9ccd055b4c71bb46f15ff86c3d81e9dd7b768ad256f45db757384"", ""stable_prefix_hash"": ""7077f1238010402ee74d1a83c3a0fb99992b2a4f17b4d0804914077a6cbfd285"", ""prompt_eval_count"": 1312, ""eval_count"": 54, ""done"": true, ""done_reason"": ""stop"", ""requested_num_ctx"": null, ""effective_num_ctx"": null, ""num_ctx_explicit"": false, ""think_requested"": true, ""think_honored"": true, ""think_fallback_used"": false, ""think_fallback_http_status"": null, ""empty_response"": false, ""pipeline_stage"": ""track_0_review"", ""role"": ""track_0_reviewer"", ""candidate_id"": ""mut_p41_R_liquid_balance_constraint"", ""requirement_id"": ""not_applicable"", ""semantic_attempt"": 1, ""technical_retry"": 1}]",0,0,0,0,0,[],,False,{},{},0,0,0,0.0,,incorrect,,direct_no_requirement_review,False,0.0,0.0,,,,8e49136c3fbf1838c03702c311ebb9653b8be9085b4005c5fb7a7225004b4cdb,,,,,,,,,,,,,,,,,,,,,,,,,,,,,
incorrect,"The objective function maximizes ending inventory, but the problem states to maximize total ending inventory. The model does not consider initial inventory or demand constraints, so it's unlikely to produce a feasible solution that aligns with the problem's constraints and objective.",The model should incorporate constraints for machine availability (converting hours to minutes) and demand fulfillment.,not_applicable,,,,,,,,,,,,,,,,,,,,,,,,,,,,0,,{},[],,0,0,0,{},[],[],,,,,,,,,,{},{},off,,,0,[],3,False,[],metadata_three_judges_dual_a_witness_consensus_root_shadow,v12,,,,,,,,,,,,,,,,,,,,,,,,,,,,,,,,,,,,,,,,,,,,,,,,,,,,,,,,,,0__gemma3:12b__mut_p41_R_machine1_capacity_constraint__r0,0,gemma3:12b,mut_p41_R_machine1_capacity_constraint,mutant,41,0,gold,False,incorrect,[],mixed_or_unclear,,none,[],[],,"The objective function maximizes ending inventory, but the problem states to maximize total ending inventory. The model does not consider initial inventory or demand constraints, so it's unlikely to produce a feasible solution that aligns with the problem's constraints and objective.",,0.0,True,True,True,,,,,,False,1317,unavailable,unavailable,unavailable,90,1407,12.11,0,False,,42,42,,"[""ollama""]","[""faa6e03803ea0789211623b45010419fdce4065811c05a297964bf5725336733""]",[10000],"[""completed""]","[""""]",1,0,False,"[{""provider"": ""ollama"", ""model"": ""gemma3:12b"", ""prompt_sha256"": ""faa6e03803ea0789211623b45010419fdce4065811c05a297964bf5725336733"", ""prompt_hash"": ""faa6e03803ea0789211623b45010419fdce4065811c05a297964bf5725336733"", ""prompt_character_count"": 4237, ""prompt_utf8_bytes"": 4237, ""requested_seed"": 42, ""effective_seed"": 42, ""requested_temperature"": null, ""effective_temperature"": null, ""requested_output_token_limit"": 10000, ""effective_output_token_limit"": 10000, ""completion_status"": ""completed"", ""incomplete_reason"": """", ""truncated"": false, ""had_truncation"": false, ""truncation_retry_count"": 0, ""truncation_recovered"": false, ""attempts"": [{""attempt"": 1, ""requested_output_token_limit"": 10000, ""effective_output_token_limit"": 10000, ""completion_status"": ""completed"", ""incomplete_reason"": """", ""truncated"": false, ""input_tokens"": 1317, ""output_tokens"": 90, ""reasoning_tokens"": """", ""api_attempts"": 1, ""prompt_eval_count"": 1317, ""eval_count"": 90, ""done"": true, ""done_reason"": ""stop"", ""requested_num_ctx"": null, ""effective_num_ctx"": null, ""think_requested"": true, ""think_honored"": true, ""think_fallback_used"": false, ""think_fallback_http_status"": null}], ""dropped_parameters"": [], ""reasoning_tokens"": """", ""input_tokens"": 1317, ""cached_input_tokens"": """", ""uncached_input_tokens"": """", ""output_tokens"": 90, ""provider_cache_status"": ""unavailable"", ""api_attempts"": 1, ""structured_output_requested"": true, ""structured_output_enforced"": true, ""structured_output_schema_name"": ""track_0_review"", ""structured_output_schema_sha256"": ""6a4a2d4573e9ccd055b4c71bb46f15ff86c3d81e9dd7b768ad256f45db757384"", ""response_schema_hash"": ""6a4a2d4573e9ccd055b4c71bb46f15ff86c3d81e9dd7b768ad256f45db757384"", ""stable_prefix_hash"": ""7077f1238010402ee74d1a83c3a0fb99992b2a4f17b4d0804914077a6cbfd285"", ""prompt_eval_count"": 1317, ""eval_count"": 90, ""done"": true, ""done_reason"": ""stop"", ""requested_num_ctx"": null, ""effective_num_ctx"": null, ""num_ctx_explicit"": false, ""think_requested"": true, ""think_honored"": true, ""think_fallback_used"": false, ""think_fallback_http_status"": null, ""empty_response"": false, ""pipeline_stage"": ""track_0_review"", ""role"": ""track_0_reviewer"", ""candidate_id"": ""mut_p41_R_machine1_capacity_constraint"", ""requirement_id"": ""not_applicable"", ""semantic_attempt"": 1, ""technical_retry"": 1}]",0,0,0,0,0,[],,False,{},{},0,0,0,0.0,,incorrect,,direct_no_requirement_review,False,0.0,0.0,,,,f0529d18c6410bdd5cccfbb7966eaaf7b6bab389a66d54e1d3913a247d4682bb,,,,,,,,,,,,,,,,,,,,,,,,,,,,,
incorrect,The constraints do not account for the initial inventory or demand. The model aims to maximize ending inventory without considering the need to meet the demand and use the initial inventory.,Inventory and demand constraints must be included.,not_applicable,,,,,,,,,,,,,,,,,,,,,,,,,,,,0,,{},[],,0,0,0,{},[],[],,,,,,,,,,{},{},off,,,0,[],3,False,[],metadata_three_judges_dual_a_witness_consensus_root_shadow,v12,,,,,,,,,,,,,,,,,,,,,,,,,,,,,,,,,,,,,,,,,,,,,,,,,,,,,,,,,,0__gemma3:12b__mut_p41_R_obj_ending_solid_objective__r0,0,gemma3:12b,mut_p41_R_obj_ending_solid_objective,mutant,41,0,gold,False,incorrect,[],mixed_or_unclear,,none,[],[],,The constraints do not account for the initial inventory or demand. The model aims to maximize ending inventory without considering the need to meet the demand and use the initial inventory.,,0.0,True,True,True,,,,,,False,1315,unavailable,unavailable,unavailable,64,1379,9.814,0,False,,42,42,,"[""ollama""]","[""9b1cdb7dfc3381180960f1d8771e4609220b40cb2cd84e914eac45c9e8918982""]",[10000],"[""completed""]","[""""]",1,0,False,"[{""provider"": ""ollama"", ""model"": ""gemma3:12b"", ""prompt_sha256"": ""9b1cdb7dfc3381180960f1d8771e4609220b40cb2cd84e914eac45c9e8918982"", ""prompt_hash"": ""9b1cdb7dfc3381180960f1d8771e4609220b40cb2cd84e914eac45c9e8918982"", ""prompt_character_count"": 4235, ""prompt_utf8_bytes"": 4235, ""requested_seed"": 42, ""effective_seed"": 42, ""requested_temperature"": null, ""effective_temperature"": null, ""requested_output_token_limit"": 10000, ""effective_output_token_limit"": 10000, ""completion_status"": ""completed"", ""incomplete_reason"": """", ""truncated"": false, ""had_truncation"": false, ""truncation_retry_count"": 0, ""truncation_recovered"": false, ""attempts"": [{""attempt"": 1, ""requested_output_token_limit"": 10000, ""effective_output_token_limit"": 10000, ""completion_status"": ""completed"", ""incomplete_reason"": """", ""truncated"": false, ""input_tokens"": 1315, ""output_tokens"": 64, ""reasoning_tokens"": """", ""api_attempts"": 1, ""prompt_eval_count"": 1315, ""eval_count"": 64, ""done"": true, ""done_reason"": ""stop"", ""requested_num_ctx"": null, ""effective_num_ctx"": null, ""think_requested"": true, ""think_honored"": true, ""think_fallback_used"": false, ""think_fallback_http_status"": null}], ""dropped_parameters"": [], ""reasoning_tokens"": """", ""input_tokens"": 1315, ""cached_input_tokens"": """", ""uncached_input_tokens"": """", ""output_tokens"": 64, ""provider_cache_status"": ""unavailable"", ""api_attempts"": 1, ""structured_output_requested"": true, ""structured_output_enforced"": true, ""structured_output_schema_name"": ""track_0_review"", ""structured_output_schema_sha256"": ""6a4a2d4573e9ccd055b4c71bb46f15ff86c3d81e9dd7b768ad256f45db757384"", ""response_schema_hash"": ""6a4a2d4573e9ccd055b4c71bb46f15ff86c3d81e9dd7b768ad256f45db757384"", ""stable_prefix_hash"": ""7077f1238010402ee74d1a83c3a0fb99992b2a4f17b4d0804914077a6cbfd285"", ""prompt_eval_count"": 1315, ""eval_count"": 64, ""done"": true, ""done_reason"": ""stop"", ""requested_num_ctx"": null, ""effective_num_ctx"": null, ""num_ctx_explicit"": false, ""think_requested"": true, ""think_honored"": true, ""think_fallback_used"": false, ""think_fallback_http_status"": null, ""empty_response"": false, ""pipeline_stage"": ""track_0_review"", ""role"": ""track_0_reviewer"", ""candidate_id"": ""mut_p41_R_obj_ending_solid_objective"", ""requirement_id"": ""not_applicable"", ""semantic_attempt"": 1, ""technical_retry"": 1}]",0,0,0,0,0,[],,False,{},{},0,0,0,0.0,,incorrect,,direct_no_requirement_review,False,0.0,0.0,,,,49a93f7b5dd95e51f2c9c3cbb815a02c570f51cd1560b136cfe30d093d06431b,,,,,,,,,,,,,,,,,,,,,,,,,,,,,
correct,"The provided code accurately translates the given constraints and objective function into a Gurobi model. The variable and constraint specifications are correctly processed, and the objective function is properly set up for minimization.",,not_applicable,,,,,,,,,,,,,,,,,,,,,,,,,,,,0,,{},[],,0,0,0,{},[],[],,,,,,,,,,{},{},off,,,0,[],3,False,[],metadata_three_judges_dual_a_witness_consensus_root_shadow,v12,,,,,,,,,,,,,,,,,,,,,,,,,,,,,,,,,,,,,,,,,,,,,,,,,,,,,,,,,,0__gemma3:12b__mut_p17_R_open_binary_y_c1_domain__r0,0,gemma3:12b,mut_p17_R_open_binary_y_c1_domain,mutant,17,0,gold,False,correct,[],none,,none,[],[],,,,0.0,True,True,True,,,,,,False,2051,unavailable,unavailable,unavailable,62,2113,10.36,0,False,,42,42,,"[""ollama""]","[""033fdb37dc3aed3ce7d29ad07ea7eb845c1f2ea7d4c312a5471769a84d88fb1b""]",[10000],"[""completed""]","[""""]",1,0,False,"[{""provider"": ""ollama"", ""model"": ""gemma3:12b"", ""prompt_sha256"": ""033fdb37dc3aed3ce7d29ad07ea7eb845c1f2ea7d4c312a5471769a84d88fb1b"", ""prompt_hash"": ""033fdb37dc3aed3ce7d29ad07ea7eb845c1f2ea7d4c312a5471769a84d88fb1b"", ""prompt_character_count"": 15198, ""prompt_utf8_bytes"": 15198, ""requested_seed"": 42, ""effective_seed"": 42, ""requested_temperature"": null, ""effective_temperature"": null, ""requested_output_token_limit"": 10000, ""effective_output_token_limit"": 10000, ""completion_status"": ""completed"", ""incomplete_reason"": """", ""truncated"": false, ""had_truncation"": false, ""truncation_retry_count"": 0, ""truncation_recovered"": false, ""attempts"": [{""attempt"": 1, ""requested_output_token_limit"": 10000, ""effective_output_token_limit"": 10000, ""completion_status"": ""completed"", ""incomplete_reason"": """", ""truncated"": false, ""input_tokens"": 2051, ""output_tokens"": 62, ""reasoning_tokens"": """", ""api_attempts"": 1, ""prompt_eval_count"": 2051, ""eval_count"": 62, ""done"": true, ""done_reason"": ""stop"", ""requested_num_ctx"": null, ""effective_num_ctx"": null, ""think_requested"": true, ""think_honored"": true, ""think_fallback_used"": false, ""think_fallback_http_status"": null}], ""dropped_parameters"": [], ""reasoning_tokens"": """", ""input_tokens"": 2051, ""cached_input_tokens"": """", ""uncached_input_tokens"": """", ""output_tokens"": 62, ""provider_cache_status"": ""unavailable"", ""api_attempts"": 1, ""structured_output_requested"": true, ""structured_output_enforced"": true, ""structured_output_schema_name"": ""track_0_review"", ""structured_output_schema_sha256"": ""6a4a2d4573e9ccd055b4c71bb46f15ff86c3d81e9dd7b768ad256f45db757384"", ""response_schema_hash"": ""6a4a2d4573e9ccd055b4c71bb46f15ff86c3d81e9dd7b768ad256f45db757384"", ""stable_prefix_hash"": ""7077f1238010402ee74d1a83c3a0fb99992b2a4f17b4d0804914077a6cbfd285"", ""prompt_eval_count"": 2051, ""eval_count"": 62, ""done"": true, ""done_reason"": ""stop"", ""requested_num_ctx"": null, ""effective_num_ctx"": null, ""num_ctx_explicit"": false, ""think_requested"": true, ""think_honored"": true, ""think_fallback_used"": false, ""think_fallback_http_status"": null, ""empty_response"": false, ""pipeline_stage"": ""track_0_review"", ""role"": ""track_0_reviewer"", ""candidate_id"": ""mut_p17_R_open_binary_y_c1_domain"", ""requirement_id"": ""not_applicable"", ""semantic_attempt"": 1, ""technical_retry"": 1}]",0,0,0,0,0,[],,False,{},{},0,0,0,0.0,,correct,,direct_no_requirement_review,False,0.0,0.0,,,,99d18c1e54bfbba787b65a7640986bbc7cf38adef43ed10373f8e5346112f4a4,,,,,,,,,,,,,,,,,,,,,,,,,,,,,
correct,"The provided code seems to correctly implement a linear programming model, including variable definition, constraint creation, and objective function setup. The logic for handling different constraint senses and objective senses is also present.",,not_applicable,,,,,,,,,,,,,,,,,,,,,,,,,,,,0,,{},[],,0,0,0,{},[],[],,,,,,,,,,{},{},off,,,0,[],3,False,[],metadata_three_judges_dual_a_witness_consensus_root_shadow,v12,,,,,,,,,,,,,,,,,,,,,,,,,,,,,,,,,,,,,,,,,,,,,,,,,,,,,,,,,,0__gemma3:12b__mut_p17_R_cap_c1_constraint__r0,0,gemma3:12b,mut_p17_R_cap_c1_constraint,mutant,17,0,gold,False,correct,[],none,,none,[],[],,,,0.0,True,True,True,,,,,,False,2051,unavailable,unavailable,unavailable,58,2109,7.903,0,False,,42,42,,"[""ollama""]","[""7a902882c23d568eaae9cb8b519f9ec1e4ed0bef5bc23b1c50fc819695370f3c""]",[10000],"[""completed""]","[""""]",1,0,False,"[{""provider"": ""ollama"", ""model"": ""gemma3:12b"", ""prompt_sha256"": ""7a902882c23d568eaae9cb8b519f9ec1e4ed0bef5bc23b1c50fc819695370f3c"", ""prompt_hash"": ""7a902882c23d568eaae9cb8b519f9ec1e4ed0bef5bc23b1c50fc819695370f3c"", ""prompt_character_count"": 15202, ""prompt_utf8_bytes"": 15202, ""requested_seed"": 42, ""effective_seed"": 42, ""requested_temperature"": null, ""effective_temperature"": null, ""requested_output_token_limit"": 10000, ""effective_output_token_limit"": 10000, ""completion_status"": ""completed"", ""incomplete_reason"": """", ""truncated"": false, ""had_truncation"": false, ""truncation_retry_count"": 0, ""truncation_recovered"": false, ""attempts"": [{""attempt"": 1, ""requested_output_token_limit"": 10000, ""effective_output_token_limit"": 10000, ""completion_status"": ""completed"", ""incomplete_reason"": """", ""truncated"": false, ""input_tokens"": 2051, ""output_tokens"": 58, ""reasoning_tokens"": """", ""api_attempts"": 1, ""prompt_eval_count"": 2051, ""eval_count"": 58, ""done"": true, ""done_reason"": ""stop"", ""requested_num_ctx"": null, ""effective_num_ctx"": null, ""think_requested"": true, ""think_honored"": true, ""think_fallback_used"": false, ""think_fallback_http_status"": null}], ""dropped_parameters"": [], ""reasoning_tokens"": """", ""input_tokens"": 2051, ""cached_input_tokens"": """", ""uncached_input_tokens"": """", ""output_tokens"": 58, ""provider_cache_status"": ""unavailable"", ""api_attempts"": 1, ""structured_output_requested"": true, ""structured_output_enforced"": true, ""structured_output_schema_name"": ""track_0_review"", ""structured_output_schema_sha256"": ""6a4a2d4573e9ccd055b4c71bb46f15ff86c3d81e9dd7b768ad256f45db757384"", ""response_schema_hash"": ""6a4a2d4573e9ccd055b4c71bb46f15ff86c3d81e9dd7b768ad256f45db757384"", ""stable_prefix_hash"": ""7077f1238010402ee74d1a83c3a0fb99992b2a4f17b4d0804914077a6cbfd285"", ""prompt_eval_count"": 2051, ""eval_count"": 58, ""done"": true, ""done_reason"": ""stop"", ""requested_num_ctx"": null, ""effective_num_ctx"": null, ""num_ctx_explicit"": false, ""think_requested"": true, ""think_honored"": true, ""think_fallback_used"": false, ""think_fallback_http_status"": null, ""empty_response"": false, ""pipeline_stage"": ""track_0_review"", ""role"": ""track_0_reviewer"", ""candidate_id"": ""mut_p17_R_cap_c1_constraint"", ""requirement_id"": ""not_applicable"", ""semantic_attempt"": 1, ""technical_retry"": 1}]",0,0,0,0,0,[],,False,{},{},0,0,0,0.0,,correct,,direct_no_requirement_review,False,0.0,0.0,,,,de42fae9f63c357754b123fab41934705980d8faeb8babb1ddbf4272b94229df,,,,,,,,,,,,,,,,,,,,,,,,,,,,,
correct,"The provided code appears to correctly implement a linear programming model based on the given constraints and objective function. The model building and solving processes are standard practices for linear programming, and the code handles various aspects like variable types, constraints, and objective sense appropriately.",optional free-text description,not_applicable,,,,,,,,,,,,,,,,,,,,,,,,,,,,0,,{},[],,0,0,0,{},[],[],,,,,,,,,,{},{},off,,,0,[],3,False,[],metadata_three_judges_dual_a_witness_consensus_root_shadow,v12,,,,,,,,,,,,,,,,,,,,,,,,,,,,,,,,,,,,,,,,,,,,,,,,,,,,,,,,,,0__gemma3:12b__mut_p17_R_obj_y_c4_objective__r0,0,gemma3:12b,mut_p17_R_obj_y_c4_objective,mutant,17,0,gold,False,correct,[],none,,none,[],[],,,,0.0,True,True,True,,,,,,False,2051,unavailable,unavailable,unavailable,78,2129,11.952,0,False,,42,42,,"[""ollama""]","[""96a4961800d145a3f06100a14d4a8d7310156d1b2ccccc770f5178b16d0f485b""]",[10000],"[""completed""]","[""""]",1,0,False,"[{""provider"": ""ollama"", ""model"": ""gemma3:12b"", ""prompt_sha256"": ""96a4961800d145a3f06100a14d4a8d7310156d1b2ccccc770f5178b16d0f485b"", ""prompt_hash"": ""96a4961800d145a3f06100a14d4a8d7310156d1b2ccccc770f5178b16d0f485b"", ""prompt_character_count"": 15200, ""prompt_utf8_bytes"": 15200, ""requested_seed"": 42, ""effective_seed"": 42, ""requested_temperature"": null, ""effective_temperature"": null, ""requested_output_token_limit"": 10000, ""effective_output_token_limit"": 10000, ""completion_status"": ""completed"", ""incomplete_reason"": """", ""truncated"": false, ""had_truncation"": false, ""truncation_retry_count"": 0, ""truncation_recovered"": false, ""attempts"": [{""attempt"": 1, ""requested_output_token_limit"": 10000, ""effective_output_token_limit"": 10000, ""completion_status"": ""completed"", ""incomplete_reason"": """", ""truncated"": false, ""input_tokens"": 2051, ""output_tokens"": 78, ""reasoning_tokens"": """", ""api_attempts"": 1, ""prompt_eval_count"": 2051, ""eval_count"": 78, ""done"": true, ""done_reason"": ""stop"", ""requested_num_ctx"": null, ""effective_num_ctx"": null, ""think_requested"": true, ""think_honored"": true, ""think_fallback_used"": false, ""think_fallback_http_status"": null}], ""dropped_parameters"": [], ""reasoning_tokens"": """", ""input_tokens"": 2051, ""cached_input_tokens"": """", ""uncached_input_tokens"": """", ""output_tokens"": 78, ""provider_cache_status"": ""unavailable"", ""api_attempts"": 1, ""structured_output_requested"": true, ""structured_output_enforced"": true, ""structured_output_schema_name"": ""track_0_review"", ""structured_output_schema_sha256"": ""6a4a2d4573e9ccd055b4c71bb46f15ff86c3d81e9dd7b768ad256f45db757384"", ""response_schema_hash"": ""6a4a2d4573e9ccd055b4c71bb46f15ff86c3d81e9dd7b768ad256f45db757384"", ""stable_prefix_hash"": ""7077f1238010402ee74d1a83c3a0fb99992b2a4f17b4d0804914077a6cbfd285"", ""prompt_eval_count"": 2051, ""eval_count"": 78, ""done"": true, ""done_reason"": ""stop"", ""requested_num_ctx"": null, ""effective_num_ctx"": null, ""num_ctx_explicit"": false, ""think_requested"": true, ""think_honored"": true, ""think_fallback_used"": false, ""think_fallback_http_status"": null, ""empty_response"": false, ""pipeline_stage"": ""track_0_review"", ""role"": ""track_0_reviewer"", ""candidate_id"": ""mut_p17_R_obj_y_c4_objective"", ""requirement_id"": ""not_applicable"", ""semantic_attempt"": 1, ""technical_retry"": 1}]",0,0,0,0,0,[],,False,{},{},0,0,0,0.0,,correct,,direct_no_requirement_review,False,0.0,0.0,,,,1bc6bf3e5f264cb9d16b1744ab13a83fb76f8c1d3b47f117953e4451647216f7,,,,,,,,,,,,,,,,,,,,,,,,,,,,,
correct,"The model is correctly constructed based on the provided problem description. The constraints are accurately represented using the given data, and the objective function is properly set up for minimization.",None,not_applicable,,,,,,,,,,,,,,,,,,,,,,,,,,,,0,,{},[],,0,0,0,{},[],[],,,,,,,,,,{},{},off,,,0,[],3,False,[],metadata_three_judges_dual_a_witness_consensus_root_shadow,v12,,,,,,,,,,,,,,,,,,,,,,,,,,,,,,,,,,,,,,,,,,,,,,,,,,,,,,,,,,0__gemma3:12b__mut_p27_R_mtz_2_3_constraint__r0,0,gemma3:12b,mut_p27_R_mtz_2_3_constraint,mutant,27,0,gold,False,correct,[],none,,none,[],[],,,,0.0,True,True,True,,,,,,False,2051,unavailable,unavailable,unavailable,57,2108,9.842,0,False,,42,42,,"[""ollama""]","[""2bbc11dca1e0076a35c6141d450594ee69a93aee5af5faaea5d34512f9eb41b9""]",[10000],"[""completed""]","[""""]",1,0,False,"[{""provider"": ""ollama"", ""model"": ""gemma3:12b"", ""prompt_sha256"": ""2bbc11dca1e0076a35c6141d450594ee69a93aee5af5faaea5d34512f9eb41b9"", ""prompt_hash"": ""2bbc11dca1e0076a35c6141d450594ee69a93aee5af5faaea5d34512f9eb41b9"", ""prompt_character_count"": 12838, ""prompt_utf8_bytes"": 12838, ""requested_seed"": 42, ""effective_seed"": 42, ""requested_temperature"": null, ""effective_temperature"": null, ""requested_output_token_limit"": 10000, ""effective_output_token_limit"": 10000, ""completion_status"": ""completed"", ""incomplete_reason"": """", ""truncated"": false, ""had_truncation"": false, ""truncation_retry_count"": 0, ""truncation_recovered"": false, ""attempts"": [{""attempt"": 1, ""requested_output_token_limit"": 10000, ""effective_output_token_limit"": 10000, ""completion_status"": ""completed"", ""incomplete_reason"": """", ""truncated"": false, ""input_tokens"": 2051, ""output_tokens"": 57, ""reasoning_tokens"": """", ""api_attempts"": 1, ""prompt_eval_count"": 2051, ""eval_count"": 57, ""done"": true, ""done_reason"": ""stop"", ""requested_num_ctx"": null, ""effective_num_ctx"": null, ""think_requested"": true, ""think_honored"": true, ""think_fallback_used"": false, ""think_fallback_http_status"": null}], ""dropped_parameters"": [], ""reasoning_tokens"": """", ""input_tokens"": 2051, ""cached_input_tokens"": """", ""uncached_input_tokens"": """", ""output_tokens"": 57, ""provider_cache_status"": ""unavailable"", ""api_attempts"": 1, ""structured_output_requested"": true, ""structured_output_enforced"": true, ""structured_output_schema_name"": ""track_0_review"", ""structured_output_schema_sha256"": ""6a4a2d4573e9ccd055b4c71bb46f15ff86c3d81e9dd7b768ad256f45db757384"", ""response_schema_hash"": ""6a4a2d4573e9ccd055b4c71bb46f15ff86c3d81e9dd7b768ad256f45db757384"", ""stable_prefix_hash"": ""7077f1238010402ee74d1a83c3a0fb99992b2a4f17b4d0804914077a6cbfd285"", ""prompt_eval_count"": 2051, ""eval_count"": 57, ""done"": true, ""done_reason"": ""stop"", ""requested_num_ctx"": null, ""effective_num_ctx"": null, ""num_ctx_explicit"": false, ""think_requested"": true, ""think_honored"": true, ""think_fallback_used"": false, ""think_fallback_http_status"": null, ""empty_response"": false, ""pipeline_stage"": ""track_0_review"", ""role"": ""track_0_reviewer"", ""candidate_id"": ""mut_p27_R_mtz_2_3_constraint"", ""requirement_id"": ""not_applicable"", ""semantic_attempt"": 1, ""technical_retry"": 1}]",0,0,0,0,0,[],,False,{},{},0,0,0,0.0,,correct,,direct_no_requirement_review,False,0.0,0.0,,,,53d9d3794e0c70c4dd7f44cde81ac55f713d63affc5a1031b0c1e21f35c67245,,,,,,,,,,,,,,,,,,,,,,,,,,,,,
correct,"The model is correctly constructed based on the provided problem description. The constraints are accurately represented using the given inequalities and right-hand sides, and the objective function is defined to minimize the sum of the specified objective terms. The variable types and bounds are also set correctly.",N/A,not_applicable,,,,,,,,,,,,,,,,,,,,,,,,,,,,0,,{},[],,0,0,0,{},[],[],,,,,,,,,,{},{},off,,,0,[],3,False,[],metadata_three_judges_dual_a_witness_consensus_root_shadow,v12,,,,,,,,,,,,,,,,,,,,,,,,,,,,,,,,,,,,,,,,,,,,,,,,,,,,,,,,,,0__gemma3:12b__mut_p27_R_mtz_2_4_constraint__r0,0,gemma3:12b,mut_p27_R_mtz_2_4_constraint,mutant,27,0,gold,False,correct,[],none,,none,[],[],,,,0.0,True,True,True,,,,,,False,2051,unavailable,unavailable,unavailable,79,2130,10.283,0,False,,42,42,,"[""ollama""]","[""0c570c2a19818f58d6b4caf1727031e476cada45a7e492d00ace2e0912dab782""]",[10000],"[""completed""]","[""""]",1,0,False,"[{""provider"": ""ollama"", ""model"": ""gemma3:12b"", ""prompt_sha256"": ""0c570c2a19818f58d6b4caf1727031e476cada45a7e492d00ace2e0912dab782"", ""prompt_hash"": ""0c570c2a19818f58d6b4caf1727031e476cada45a7e492d00ace2e0912dab782"", ""prompt_character_count"": 12838, ""prompt_utf8_bytes"": 12838, ""requested_seed"": 42, ""effective_seed"": 42, ""requested_temperature"": null, ""effective_temperature"": null, ""requested_output_token_limit"": 10000, ""effective_output_token_limit"": 10000, ""completion_status"": ""completed"", ""incomplete_reason"": """", ""truncated"": false, ""had_truncation"": false, ""truncation_retry_count"": 0, ""truncation_recovered"": false, ""attempts"": [{""attempt"": 1, ""requested_output_token_limit"": 10000, ""effective_output_token_limit"": 10000, ""completion_status"": ""completed"", ""incomplete_reason"": """", ""truncated"": false, ""input_tokens"": 2051, ""output_tokens"": 79, ""reasoning_tokens"": """", ""api_attempts"": 1, ""prompt_eval_count"": 2051, ""eval_count"": 79, ""done"": true, ""done_reason"": ""stop"", ""requested_num_ctx"": null, ""effective_num_ctx"": null, ""think_requested"": true, ""think_honored"": true, ""think_fallback_used"": false, ""think_fallback_http_status"": null}], ""dropped_parameters"": [], ""reasoning_tokens"": """", ""input_tokens"": 2051, ""cached_input_tokens"": """", ""uncached_input_tokens"": """", ""output_tokens"": 79, ""provider_cache_status"": ""unavailable"", ""api_attempts"": 1, ""structured_output_requested"": true, ""structured_output_enforced"": true, ""structured_output_schema_name"": ""track_0_review"", ""structured_output_schema_sha256"": ""6a4a2d4573e9ccd055b4c71bb46f15ff86c3d81e9dd7b768ad256f45db757384"", ""response_schema_hash"": ""6a4a2d4573e9ccd055b4c71bb46f15ff86c3d81e9dd7b768ad256f45db757384"", ""stable_prefix_hash"": ""7077f1238010402ee74d1a83c3a0fb99992b2a4f17b4d0804914077a6cbfd285"", ""prompt_eval_count"": 2051, ""eval_count"": 79, ""done"": true, ""done_reason"": ""stop"", ""requested_num_ctx"": null, ""effective_num_ctx"": null, ""num_ctx_explicit"": false, ""think_requested"": true, ""think_honored"": true, ""think_fallback_used"": false, ""think_fallback_http_status"": null, ""empty_response"": false, ""pipeline_stage"": ""track_0_review"", ""role"": ""track_0_reviewer"", ""candidate_id"": ""mut_p27_R_mtz_2_4_constraint"", ""requirement_id"": ""not_applicable"", ""semantic_attempt"": 1, ""technical_retry"": 1}]",0,0,0,0,0,[],,False,{},{},0,0,0,0.0,,correct,,direct_no_requirement_review,False,0.0,0.0,,,,8e435cb98c31b400f9ccdf3c52892ba0e253d64490457c67aff527b9fd269ee4,,,,,,,,,,,,,,,,,,,,,,,,,,,,,
correct,"The model appears correctly structured to represent the constraints and objective function provided. The variable type mapping, constraint handling (<=, >=, ==), and objective maximization/minimization are all implemented accurately.",,not_applicable,,,,,,,,,,,,,,,,,,,,,,,,,,,,0,,{},[],,0,0,0,{},[],[],,,,,,,,,,{},{},off,,,0,[],3,False,[],metadata_three_judges_dual_a_witness_consensus_root_shadow,v12,,,,,,,,,,,,,,,,,,,,,,,,,,,,,,,,,,,,,,,,,,,,,,,,,,,,,,,,,,0__gemma3:12b__mut_p27_R_obj_x_1_5_objective__r0,0,gemma3:12b,mut_p27_R_obj_x_1_5_objective,mutant,27,0,gold,False,correct,[],none,,none,[],[],,,,0.0,True,True,True,,,,,,False,2051,unavailable,unavailable,unavailable,59,2110,10.164,0,False,,42,42,,"[""ollama""]","[""d2d229cb25498af470ae4520817f97a760486ebeae2a753176d2234258ee12e5""]",[10000],"[""completed""]","[""""]",1,0,False,"[{""provider"": ""ollama"", ""model"": ""gemma3:12b"", ""prompt_sha256"": ""d2d229cb25498af470ae4520817f97a760486ebeae2a753176d2234258ee12e5"", ""prompt_hash"": ""d2d229cb25498af470ae4520817f97a760486ebeae2a753176d2234258ee12e5"", ""prompt_character_count"": 12838, ""prompt_utf8_bytes"": 12838, ""requested_seed"": 42, ""effective_seed"": 42, ""requested_temperature"": null, ""effective_temperature"": null, ""requested_output_token_limit"": 10000, ""effective_output_token_limit"": 10000, ""completion_status"": ""completed"", ""incomplete_reason"": """", ""truncated"": false, ""had_truncation"": false, ""truncation_retry_count"": 0, ""truncation_recovered"": false, ""attempts"": [{""attempt"": 1, ""requested_output_token_limit"": 10000, ""effective_output_token_limit"": 10000, ""completion_status"": ""completed"", ""incomplete_reason"": """", ""truncated"": false, ""input_tokens"": 2051, ""output_tokens"": 59, ""reasoning_tokens"": """", ""api_attempts"": 1, ""prompt_eval_count"": 2051, ""eval_count"": 59, ""done"": true, ""done_reason"": ""stop"", ""requested_num_ctx"": null, ""effective_num_ctx"": null, ""think_requested"": true, ""think_honored"": true, ""think_fallback_used"": false, ""think_fallback_http_status"": null}], ""dropped_parameters"": [], ""reasoning_tokens"": """", ""input_tokens"": 2051, ""cached_input_tokens"": """", ""uncached_input_tokens"": """", ""output_tokens"": 59, ""provider_cache_status"": ""unavailable"", ""api_attempts"": 1, ""structured_output_requested"": true, ""structured_output_enforced"": true, ""structured_output_schema_name"": ""track_0_review"", ""structured_output_schema_sha256"": ""6a4a2d4573e9ccd055b4c71bb46f15ff86c3d81e9dd7b768ad256f45db757384"", ""response_schema_hash"": ""6a4a2d4573e9ccd055b4c71bb46f15ff86c3d81e9dd7b768ad256f45db757384"", ""stable_prefix_hash"": ""7077f1238010402ee74d1a83c3a0fb99992b2a4f17b4d0804914077a6cbfd285"", ""prompt_eval_count"": 2051, ""eval_count"": 59, ""done"": true, ""done_reason"": ""stop"", ""requested_num_ctx"": null, ""effective_num_ctx"": null, ""num_ctx_explicit"": false, ""think_requested"": true, ""think_honored"": true, ""think_fallback_used"": false, ""think_fallback_http_status"": null, ""empty_response"": false, ""pipeline_stage"": ""track_0_review"", ""role"": ""track_0_reviewer"", ""candidate_id"": ""mut_p27_R_obj_x_1_5_objective"", ""requirement_id"": ""not_applicable"", ""semantic_attempt"": 1, ""technical_retry"": 1}]",0,0,0,0,0,[],,False,{},{},0,0,0,0.0,,correct,,direct_no_requirement_review,False,0.0,0.0,,,,ef2a1efa21384fbb1da01d4919c8e722f157cce98abe540f26c7407a9ed244e6,,,,,,,,,,,,,,,,,,,,,,,,,,,,,
correct,"The model appears logically sound based on the provided constraints and objective function. It correctly establishes variables, constraints, and objective based on the given specifications.",,not_applicable,,,,,,,,,,,,,,,,,,,,,,,,,,,,0,,{},[],,0,0,0,{},[],[],,,,,,,,,,{},{},off,,,0,[],3,False,[],metadata_three_judges_dual_a_witness_consensus_root_shadow,v12,,,,,,,,,,,,,,,,,,,,,,,,,,,,,,,,,,,,,,,,,,,,,,,,,,,,,,,,,,0__gemma3:12b__mut_p28_R_integer_t_t_Verona_Genoa_domain__r0,0,gemma3:12b,mut_p28_R_integer_t_t_Verona_Genoa_domain,mutant,28,0,gold,False,correct,[],none,,none,[],[],,,,0.0,True,True,True,,,,,,False,2051,unavailable,unavailable,unavailable,49,2100,9.163,0,False,,42,42,,"[""ollama""]","[""42a0a4159da0a332613aae7997e539ff057e6f5ec8b4e2732ff8ff672e5bd45b""]",[10000],"[""completed""]","[""""]",1,0,False,"[{""provider"": ""ollama"", ""model"": ""gemma3:12b"", ""prompt_sha256"": ""42a0a4159da0a332613aae7997e539ff057e6f5ec8b4e2732ff8ff672e5bd45b"", ""prompt_hash"": ""42a0a4159da0a332613aae7997e539ff057e6f5ec8b4e2732ff8ff672e5bd45b"", ""prompt_character_count"": 15103, ""prompt_utf8_bytes"": 15103, ""requested_seed"": 42, ""effective_seed"": 42, ""requested_temperature"": null, ""effective_temperature"": null, ""requested_output_token_limit"": 10000, ""effective_output_token_limit"": 10000, ""completion_status"": ""completed"", ""incomplete_reason"": """", ""truncated"": false, ""had_truncation"": false, ""truncation_retry_count"": 0, ""truncation_recovered"": false, ""attempts"": [{""attempt"": 1, ""requested_output_token_limit"": 10000, ""effective_output_token_limit"": 10000, ""completion_status"": ""completed"", ""incomplete_reason"": """", ""truncated"": false, ""input_tokens"": 2051, ""output_tokens"": 49, ""reasoning_tokens"": """", ""api_attempts"": 1, ""prompt_eval_count"": 2051, ""eval_count"": 49, ""done"": true, ""done_reason"": ""stop"", ""requested_num_ctx"": null, ""effective_num_ctx"": null, ""think_requested"": true, ""think_honored"": true, ""think_fallback_used"": false, ""think_fallback_http_status"": null}], ""dropped_parameters"": [], ""reasoning_tokens"": """", ""input_tokens"": 2051, ""cached_input_tokens"": """", ""uncached_input_tokens"": """", ""output_tokens"": 49, ""provider_cache_status"": ""unavailable"", ""api_attempts"": 1, ""structured_output_requested"": true, ""structured_output_enforced"": true, ""structured_output_schema_name"": ""track_0_review"", ""structured_output_schema_sha256"": ""6a4a2d4573e9ccd055b4c71bb46f15ff86c3d81e9dd7b768ad256f45db757384"", ""response_schema_hash"": ""6a4a2d4573e9ccd055b4c71bb46f15ff86c3d81e9dd7b768ad256f45db757384"", ""stable_prefix_hash"": ""7077f1238010402ee74d1a83c3a0fb99992b2a4f17b4d0804914077a6cbfd285"", ""prompt_eval_count"": 2051, ""eval_count"": 49, ""done"": true, ""done_reason"": ""stop"", ""requested_num_ctx"": null, ""effective_num_ctx"": null, ""num_ctx_explicit"": false, ""think_requested"": true, ""think_honored"": true, ""think_fallback_used"": false, ""think_fallback_http_status"": null, ""empty_response"": false, ""pipeline_stage"": ""track_0_review"", ""role"": ""track_0_reviewer"", ""candidate_id"": ""mut_p28_R_integer_t_t_Verona_Genoa_domain"", ""requirement_id"": ""not_applicable"", ""semantic_attempt"": 1, ""technical_retry"": 1}]",0,0,0,0,0,[],,False,{},{},0,0,0,0.0,,correct,,direct_no_requirement_review,False,0.0,0.0,,,,8eafe9d303cc3ac48bab7c589a175df307d53aebbd8ad691d3b585151e01b885,,,,,,,,,,,,,,,,,,,,,,,,,,,,,
correct,"The model is built correctly based on the provided information. It incorporates all variable specifications, constraints, and objective terms as described in the data.","The model setup accurately reflects the given constraints and objective, without any apparent logical inconsistencies.",not_applicable,,,,,,,,,,,,,,,,,,,,,,,,,,,,0,,{},[],,0,0,0,{},[],[],,,,,,,,,,{},{},off,,,0,[],3,False,[],metadata_three_judges_dual_a_witness_consensus_root_shadow,v12,,,,,,,,,,,,,,,,,,,,,,,,,,,,,,,,,,,,,,,,,,,,,,,,,,,,,,,,,,0__gemma3:12b__mut_p28_R_demand_Ancona_constraint__r0,0,gemma3:12b,mut_p28_R_demand_Ancona_constraint,mutant,28,0,gold,False,correct,[],none,,none,[],[],,,,0.0,True,True,True,,,,,,False,2051,unavailable,unavailable,unavailable,67,2118,8.984,0,False,,42,42,,"[""ollama""]","[""b267e993233768656f2bc4980a66ef1e191fdb8e216faa1caeeed593319e359a""]",[10000],"[""completed""]","[""""]",1,0,False,"[{""provider"": ""ollama"", ""model"": ""gemma3:12b"", ""prompt_sha256"": ""b267e993233768656f2bc4980a66ef1e191fdb8e216faa1caeeed593319e359a"", ""prompt_hash"": ""b267e993233768656f2bc4980a66ef1e191fdb8e216faa1caeeed593319e359a"", ""prompt_character_count"": 15103, ""prompt_utf8_bytes"": 15103, ""requested_seed"": 42, ""effective_seed"": 42, ""requested_temperature"": null, ""effective_temperature"": null, ""requested_output_token_limit"": 10000, ""effective_output_token_limit"": 10000, ""completion_status"": ""completed"", ""incomplete_reason"": """", ""truncated"": false, ""had_truncation"": false, ""truncation_retry_count"": 0, ""truncation_recovered"": false, ""attempts"": [{""attempt"": 1, ""requested_output_token_limit"": 10000, ""effective_output_token_limit"": 10000, ""completion_status"": ""completed"", ""incomplete_reason"": """", ""truncated"": false, ""input_tokens"": 2051, ""output_tokens"": 67, ""reasoning_tokens"": """", ""api_attempts"": 1, ""prompt_eval_count"": 2051, ""eval_count"": 67, ""done"": true, ""done_reason"": ""stop"", ""requested_num_ctx"": null, ""effective_num_ctx"": null, ""think_requested"": true, ""think_honored"": true, ""think_fallback_used"": false, ""think_fallback_http_status"": null}], ""dropped_parameters"": [], ""reasoning_tokens"": """", ""input_tokens"": 2051, ""cached_input_tokens"": """", ""uncached_input_tokens"": """", ""output_tokens"": 67, ""provider_cache_status"": ""unavailable"", ""api_attempts"": 1, ""structured_output_requested"": true, ""structured_output_enforced"": true, ""structured_output_schema_name"": ""track_0_review"", ""structured_output_schema_sha256"": ""6a4a2d4573e9ccd055b4c71bb46f15ff86c3d81e9dd7b768ad256f45db757384"", ""response_schema_hash"": ""6a4a2d4573e9ccd055b4c71bb46f15ff86c3d81e9dd7b768ad256f45db757384"", ""stable_prefix_hash"": ""7077f1238010402ee74d1a83c3a0fb99992b2a4f17b4d0804914077a6cbfd285"", ""prompt_eval_count"": 2051, ""eval_count"": 67, ""done"": true, ""done_reason"": ""stop"", ""requested_num_ctx"": null, ""effective_num_ctx"": null, ""num_ctx_explicit"": false, ""think_requested"": true, ""think_honored"": true, ""think_fallback_used"": false, ""think_fallback_http_status"": null, ""empty_response"": false, ""pipeline_stage"": ""track_0_review"", ""role"": ""track_0_reviewer"", ""candidate_id"": ""mut_p28_R_demand_Ancona_constraint"", ""requirement_id"": ""not_applicable"", ""semantic_attempt"": 1, ""technical_retry"": 1}]",0,0,0,0,0,[],,False,{},{},0,0,0,0.0,,correct,,direct_no_requirement_review,False,0.0,0.0,,,,7114bbd5d12141ff7676cffb5fd83a6cb52dbde597ea30a2bda2729aa2bda84c,,,,,,,,,,,,,,,,,,,,,,,,,,,,,
correct,The model appears well-structured and correctly implements the constraints and objective function based on the provided specifications. There are no obvious modeling errors.,,not_applicable,,,,,,,,,,,,,,,,,,,,,,,,,,,,0,,{},[],,0,0,0,{},[],[],,,,,,,,,,{},{},off,,,0,[],3,False,[],metadata_three_judges_dual_a_witness_consensus_root_shadow,v12,,,,,,,,,,,,,,,,,,,,,,,,,,,,,,,,,,,,,,,,,,,,,,,,,,,,,,,,,,0__gemma3:12b__mut_p28_R_obj_t_Verona_Venice_objective__r0,0,gemma3:12b,mut_p28_R_obj_t_Verona_Venice_objective,mutant,28,0,gold,False,correct,[],none,,none,[],[],,,,0.0,True,True,True,,,,,,False,2051,unavailable,unavailable,unavailable,47,2098,9.079,0,False,,42,42,,"[""ollama""]","[""d62afd25b3afd5ad52f46f1c31344c93d4d18ac8e056f1ec9d5d01a3aba0965a""]",[10000],"[""completed""]","[""""]",1,0,False,"[{""provider"": ""ollama"", ""model"": ""gemma3:12b"", ""prompt_sha256"": ""d62afd25b3afd5ad52f46f1c31344c93d4d18ac8e056f1ec9d5d01a3aba0965a"", ""prompt_hash"": ""d62afd25b3afd5ad52f46f1c31344c93d4d18ac8e056f1ec9d5d01a3aba0965a"", ""prompt_character_count"": 15105, ""prompt_utf8_bytes"": 15105, ""requested_seed"": 42, ""effective_seed"": 42, ""requested_temperature"": null, ""effective_temperature"": null, ""requested_output_token_limit"": 10000, ""effective_output_token_limit"": 10000, ""completion_status"": ""completed"", ""incomplete_reason"": """", ""truncated"": false, ""had_truncation"": false, ""truncation_retry_count"": 0, ""truncation_recovered"": false, ""attempts"": [{""attempt"": 1, ""requested_output_token_limit"": 10000, ""effective_output_token_limit"": 10000, ""completion_status"": ""completed"", ""incomplete_reason"": """", ""truncated"": false, ""input_tokens"": 2051, ""output_tokens"": 47, ""reasoning_tokens"": """", ""api_attempts"": 1, ""prompt_eval_count"": 2051, ""eval_count"": 47, ""done"": true, ""done_reason"": ""stop"", ""requested_num_ctx"": null, ""effective_num_ctx"": null, ""think_requested"": true, ""think_honored"": true, ""think_fallback_used"": false, ""think_fallback_http_status"": null}], ""dropped_parameters"": [], ""reasoning_tokens"": """", ""input_tokens"": 2051, ""cached_input_tokens"": """", ""uncached_input_tokens"": """", ""output_tokens"": 47, ""provider_cache_status"": ""unavailable"", ""api_attempts"": 1, ""structured_output_requested"": true, ""structured_output_enforced"": true, ""structured_output_schema_name"": ""track_0_review"", ""structured_output_schema_sha256"": ""6a4a2d4573e9ccd055b4c71bb46f15ff86c3d81e9dd7b768ad256f45db757384"", ""response_schema_hash"": ""6a4a2d4573e9ccd055b4c71bb46f15ff86c3d81e9dd7b768ad256f45db757384"", ""stable_prefix_hash"": ""7077f1238010402ee74d1a83c3a0fb99992b2a4f17b4d0804914077a6cbfd285"", ""prompt_eval_count"": 2051, ""eval_count"": 47, ""done"": true, ""done_reason"": ""stop"", ""requested_num_ctx"": null, ""effective_num_ctx"": null, ""num_ctx_explicit"": false, ""think_requested"": true, ""think_honored"": true, ""think_fallback_used"": false, ""think_fallback_http_status"": null, ""empty_response"": false, ""pipeline_stage"": ""track_0_review"", ""role"": ""track_0_reviewer"", ""candidate_id"": ""mut_p28_R_obj_t_Verona_Venice_objective"", ""requirement_id"": ""not_applicable"", ""semantic_attempt"": 1, ""technical_retry"": 1}]",0,0,0,0,0,[],,False,{},{},0,0,0,0.0,,correct,,direct_no_requirement_review,False,0.0,0.0,,,,eb7442e0fb5ec964650f18add29949bde9e2f69b97fe7e0de421424e3a023937,,,,,,,,,,,,,,,,,,,,,,,,,,,,,
correct,"The provided code defines a linear programming model and solver based on the given constraint and variable specifications. It correctly constructs the model, adds constraints, sets the objective function, and solves the model using Gurobi. The solver status and solution are returned as a dictionary, indicating a functional implementation.",The model creation and solution process appear to be consistent with the provided data and a standard linear programming approach.,not_applicable,,,,,,,,,,,,,,,,,,,,,,,,,,,,0,,{},[],,0,0,0,{},[],[],,,,,,,,,,{},{},off,,,0,[],3,False,[],metadata_three_judges_dual_a_witness_consensus_root_shadow,v12,,,,,,,,,,,,,,,,,,,,,,,,,,,,,,,,,,,,,,,,,,,,,,,,,,,,,,,,,,0__gemma3:12b__mut_p32_R_route_precedence_pos_1_vat_2_constraint__r0,0,gemma3:12b,mut_p32_R_route_precedence_pos_1_vat_2_constraint,mutant,32,0,gold,False,correct,[],none,,none,[],[],,,,0.0,True,True,True,,,,,,False,2051,unavailable,unavailable,unavailable,98,2149,14.74,0,False,,42,42,,"[""ollama""]","[""f4d79a64fe1ab8f9ecd2907c4af69b9877930ac7e15a39bef0f4177bdcb97468""]",[10000],"[""completed""]","[""""]",1,0,False,"[{""provider"": ""ollama"", ""model"": ""gemma3:12b"", ""prompt_sha256"": ""f4d79a64fe1ab8f9ecd2907c4af69b9877930ac7e15a39bef0f4177bdcb97468"", ""prompt_hash"": ""f4d79a64fe1ab8f9ecd2907c4af69b9877930ac7e15a39bef0f4177bdcb97468"", ""prompt_character_count"": 13586, ""prompt_utf8_bytes"": 13586, ""requested_seed"": 42, ""effective_seed"": 42, ""requested_temperature"": null, ""effective_temperature"": null, ""requested_output_token_limit"": 10000, ""effective_output_token_limit"": 10000, ""completion_status"": ""completed"", ""incomplete_reason"": """", ""truncated"": false, ""had_truncation"": false, ""truncation_retry_count"": 0, ""truncation_recovered"": false, ""attempts"": [{""attempt"": 1, ""requested_output_token_limit"": 10000, ""effective_output_token_limit"": 10000, ""completion_status"": ""completed"", ""incomplete_reason"": """", ""truncated"": false, ""input_tokens"": 2051, ""output_tokens"": 98, ""reasoning_tokens"": """", ""api_attempts"": 1, ""prompt_eval_count"": 2051, ""eval_count"": 98, ""done"": true, ""done_reason"": ""stop"", ""requested_num_ctx"": null, ""effective_num_ctx"": null, ""think_requested"": true, ""think_honored"": true, ""think_fallback_used"": false, ""think_fallback_http_status"": null}], ""dropped_parameters"": [], ""reasoning_tokens"": """", ""input_tokens"": 2051, ""cached_input_tokens"": """", ""uncached_input_tokens"": """", ""output_tokens"": 98, ""provider_cache_status"": ""unavailable"", ""api_attempts"": 1, ""structured_output_requested"": true, ""structured_output_enforced"": true, ""structured_output_schema_name"": ""track_0_review"", ""structured_output_schema_sha256"": ""6a4a2d4573e9ccd055b4c71bb46f15ff86c3d81e9dd7b768ad256f45db757384"", ""response_schema_hash"": ""6a4a2d4573e9ccd055b4c71bb46f15ff86c3d81e9dd7b768ad256f45db757384"", ""stable_prefix_hash"": ""7077f1238010402ee74d1a83c3a0fb99992b2a4f17b4d0804914077a6cbfd285"", ""prompt_eval_count"": 2051, ""eval_count"": 98, ""done"": true, ""done_reason"": ""stop"", ""requested_num_ctx"": null, ""effective_num_ctx"": null, ""num_ctx_explicit"": false, ""think_requested"": true, ""think_honored"": true, ""think_fallback_used"": false, ""think_fallback_http_status"": null, ""empty_response"": false, ""pipeline_stage"": ""track_0_review"", ""role"": ""track_0_reviewer"", ""candidate_id"": ""mut_p32_R_route_precedence_pos_1_vat_2_constraint"", ""requirement_id"": ""not_applicable"", ""semantic_attempt"": 1, ""technical_retry"": 1}]",0,0,0,0,0,[],,False,{},{},0,0,0,0.0,,correct,,direct_no_requirement_review,False,0.0,0.0,,,,0aef4c18744fe348c41b01dd39ae3e200daa587a7d446bba591e5efe5fbdf5f0,,,,,,,,,,,,,,,,,,,,,,,,,,,,,
correct,"The provided code defines a valid mixed-integer programming model using Gurobi. The model incorporates variables, constraints with specified senses and right-hand sides, and an objective function. The `solve` function correctly calls the model solver and processes the solution status and variables. The constraints and objective terms appear to be correctly mapped from the problem description to the Gurobi model. No obvious modeling errors were found.",,not_applicable,,,,,,,,,,,,,,,,,,,,,,,,,,,,0,,{},[],,0,0,0,{},[],[],,,,,,,,,,{},{},off,,,0,[],3,False,[],metadata_three_judges_dual_a_witness_consensus_root_shadow,v12,,,,,,,,,,,,,,,,,,,,,,,,,,,,,,,,,,,,,,,,,,,,,,,,,,,,,,,,,,0__gemma3:12b__mut_p32_R_route_precedence_pos_1_vat_3_constraint__r0,0,gemma3:12b,mut_p32_R_route_precedence_pos_1_vat_3_constraint,mutant,32,0,gold,False,correct,[],none,,none,[],[],,,,0.0,True,True,True,,,,,,False,2051,unavailable,unavailable,unavailable,102,2153,12.808,0,False,,42,42,,"[""ollama""]","[""354702e1946481787822a796c91b80cd50f898cf26a1d80c38afa11fb3d021ba""]",[10000],"[""completed""]","[""""]",1,0,False,"[{""provider"": ""ollama"", ""model"": ""gemma3:12b"", ""prompt_sha256"": ""354702e1946481787822a796c91b80cd50f898cf26a1d80c38afa11fb3d021ba"", ""prompt_hash"": ""354702e1946481787822a796c91b80cd50f898cf26a1d80c38afa11fb3d021ba"", ""prompt_character_count"": 13586, ""prompt_utf8_bytes"": 13586, ""requested_seed"": 42, ""effective_seed"": 42, ""requested_temperature"": null, ""effective_temperature"": null, ""requested_output_token_limit"": 10000, ""effective_output_token_limit"": 10000, ""completion_status"": ""completed"", ""incomplete_reason"": """", ""truncated"": false, ""had_truncation"": false, ""truncation_retry_count"": 0, ""truncation_recovered"": false, ""attempts"": [{""attempt"": 1, ""requested_output_token_limit"": 10000, ""effective_output_token_limit"": 10000, ""completion_status"": ""completed"", ""incomplete_reason"": """", ""truncated"": false, ""input_tokens"": 2051, ""output_tokens"": 102, ""reasoning_tokens"": """", ""api_attempts"": 1, ""prompt_eval_count"": 2051, ""eval_count"": 102, ""done"": true, ""done_reason"": ""stop"", ""requested_num_ctx"": null, ""effective_num_ctx"": null, ""think_requested"": true, ""think_honored"": true, ""think_fallback_used"": false, ""think_fallback_http_status"": null}], ""dropped_parameters"": [], ""reasoning_tokens"": """", ""input_tokens"": 2051, ""cached_input_tokens"": """", ""uncached_input_tokens"": """", ""output_tokens"": 102, ""provider_cache_status"": ""unavailable"", ""api_attempts"": 1, ""structured_output_requested"": true, ""structured_output_enforced"": true, ""structured_output_schema_name"": ""track_0_review"", ""structured_output_schema_sha256"": ""6a4a2d4573e9ccd055b4c71bb46f15ff86c3d81e9dd7b768ad256f45db757384"", ""response_schema_hash"": ""6a4a2d4573e9ccd055b4c71bb46f15ff86c3d81e9dd7b768ad256f45db757384"", ""stable_prefix_hash"": ""7077f1238010402ee74d1a83c3a0fb99992b2a4f17b4d0804914077a6cbfd285"", ""prompt_eval_count"": 2051, ""eval_count"": 102, ""done"": true, ""done_reason"": ""stop"", ""requested_num_ctx"": null, ""effective_num_ctx"": null, ""num_ctx_explicit"": false, ""think_requested"": true, ""think_honored"": true, ""think_fallback_used"": false, ""think_fallback_http_status"": null, ""empty_response"": false, ""pipeline_stage"": ""track_0_review"", ""role"": ""track_0_reviewer"", ""candidate_id"": ""mut_p32_R_route_precedence_pos_1_vat_3_constraint"", ""requirement_id"": ""not_applicable"", ""semantic_attempt"": 1, ""technical_retry"": 1}]",0,0,0,0,0,[],,False,{},{},0,0,0,0.0,,correct,,direct_no_requirement_review,False,0.0,0.0,,,,1b45a3207f8d9ab22234428b0f55f87a401f1262c138151d8438ebee5aa5362d,,,,,,,,,,,,,,,,,,,,,,,,,,,,,
correct,The model appears well-structured and correctly translates the provided constraints and objective function into a Gurobi model. Each constraint is properly represented with the correct sense (>= or <=) and right-hand side. The objective function is also set correctly with the appropriate sense (minimize).,none,not_applicable,,,,,,,,,,,,,,,,,,,,,,,,,,,,0,,{},[],,0,0,0,{},[],[],,,,,,,,,,{},{},off,,,0,[],3,False,[],metadata_three_judges_dual_a_witness_consensus_root_shadow,v12,,,,,,,,,,,,,,,,,,,,,,,,,,,,,,,,,,,,,,,,,,,,,,,,,,,,,,,,,,0__gemma3:12b__mut_p32_R_obj_Cmax_objective__r0,0,gemma3:12b,mut_p32_R_obj_Cmax_objective,mutant,32,0,gold,False,correct,[],none,,none,[],[],,,,0.0,True,True,True,,,,,,False,2051,unavailable,unavailable,unavailable,77,2128,11.768,0,False,,42,42,,"[""ollama""]","[""1d9412aa02563993ec2c5caaea03dca26cb0f9f90f958fb3d668ca9c3944b73d""]",[10000],"[""completed""]","[""""]",1,0,False,"[{""provider"": ""ollama"", ""model"": ""gemma3:12b"", ""prompt_sha256"": ""1d9412aa02563993ec2c5caaea03dca26cb0f9f90f958fb3d668ca9c3944b73d"", ""prompt_hash"": ""1d9412aa02563993ec2c5caaea03dca26cb0f9f90f958fb3d668ca9c3944b73d"", ""prompt_character_count"": 13583, ""prompt_utf8_bytes"": 13583, ""requested_seed"": 42, ""effective_seed"": 42, ""requested_temperature"": null, ""effective_temperature"": null, ""requested_output_token_limit"": 10000, ""effective_output_token_limit"": 10000, ""completion_status"": ""completed"", ""incomplete_reason"": """", ""truncated"": false, ""had_truncation"": false, ""truncation_retry_count"": 0, ""truncation_recovered"": false, ""attempts"": [{""attempt"": 1, ""requested_output_token_limit"": 10000, ""effective_output_token_limit"": 10000, ""completion_status"": ""completed"", ""incomplete_reason"": """", ""truncated"": false, ""input_tokens"": 2051, ""output_tokens"": 77, ""reasoning_tokens"": """", ""api_attempts"": 1, ""prompt_eval_count"": 2051, ""eval_count"": 77, ""done"": true, ""done_reason"": ""stop"", ""requested_num_ctx"": null, ""effective_num_ctx"": null, ""think_requested"": true, ""think_honored"": true, ""think_fallback_used"": false, ""think_fallback_http_status"": null}], ""dropped_parameters"": [], ""reasoning_tokens"": """", ""input_tokens"": 2051, ""cached_input_tokens"": """", ""uncached_input_tokens"": """", ""output_tokens"": 77, ""provider_cache_status"": ""unavailable"", ""api_attempts"": 1, ""structured_output_requested"": true, ""structured_output_enforced"": true, ""structured_output_schema_name"": ""track_0_review"", ""structured_output_schema_sha256"": ""6a4a2d4573e9ccd055b4c71bb46f15ff86c3d81e9dd7b768ad256f45db757384"", ""response_schema_hash"": ""6a4a2d4573e9ccd055b4c71bb46f15ff86c3d81e9dd7b768ad256f45db757384"", ""stable_prefix_hash"": ""7077f1238010402ee74d1a83c3a0fb99992b2a4f17b4d0804914077a6cbfd285"", ""prompt_eval_count"": 2051, ""eval_count"": 77, ""done"": true, ""done_reason"": ""stop"", ""requested_num_ctx"": null, ""effective_num_ctx"": null, ""num_ctx_explicit"": false, ""think_requested"": true, ""think_honored"": true, ""think_fallback_used"": false, ""think_fallback_http_status"": null, ""empty_response"": false, ""pipeline_stage"": ""track_0_review"", ""role"": ""track_0_reviewer"", ""candidate_id"": ""mut_p32_R_obj_Cmax_objective"", ""requirement_id"": ""not_applicable"", ""semantic_attempt"": 1, ""technical_retry"": 1}]",0,0,0,0,0,[],,False,{},{},0,0,0,0.0,,correct,,direct_no_requirement_review,False,0.0,0.0,,,,ab74e75e57890ad7d49840dea9b8bfb3db0cc5c1ee7ce61b10848ee968b0d2e6,,,,,,,,,,,,,,,,,,,,,,,,,,,,,
correct,"The provided code seems to correctly implement a linear programming model. It defines variables, constraints, and an objective function according to the given specifications. The model-building and solving processes appear logically sound.",,not_applicable,,,,,,,,,,,,,,,,,,,,,,,,,,,,0,,{},[],,0,0,0,{},[],[],,,,,,,,,,{},{},off,,,0,[],3,False,[],metadata_three_judges_dual_a_witness_consensus_root_shadow,v12,,,,,,,,,,,,,,,,,,,,,,,,,,,,,,,,,,,,,,,,,,,,,,,,,,,,,,,,,,0__gemma3:12b__mut_p38_R_balance_II_10_constraint__r0,0,gemma3:12b,mut_p38_R_balance_II_10_constraint,mutant,38,0,gold,False,correct,[],none,,none,[],[],,,,0.0,True,True,True,,,,,,False,2051,unavailable,unavailable,unavailable,59,2110,10.228,0,False,,42,42,,"[""ollama""]","[""3ed134037e8289c63ceb207e0735f9e7c153ecc95b9d5a885c530ddbd64e2faa""]",[10000],"[""completed""]","[""""]",1,0,False,"[{""provider"": ""ollama"", ""model"": ""gemma3:12b"", ""prompt_sha256"": ""3ed134037e8289c63ceb207e0735f9e7c153ecc95b9d5a885c530ddbd64e2faa"", ""prompt_hash"": ""3ed134037e8289c63ceb207e0735f9e7c153ecc95b9d5a885c530ddbd64e2faa"", ""prompt_character_count"": 10474, ""prompt_utf8_bytes"": 10474, ""requested_seed"": 42, ""effective_seed"": 42, ""requested_temperature"": null, ""effective_temperature"": null, ""requested_output_token_limit"": 10000, ""effective_output_token_limit"": 10000, ""completion_status"": ""completed"", ""incomplete_reason"": """", ""truncated"": false, ""had_truncation"": false, ""truncation_retry_count"": 0, ""truncation_recovered"": false, ""attempts"": [{""attempt"": 1, ""requested_output_token_limit"": 10000, ""effective_output_token_limit"": 10000, ""completion_status"": ""completed"", ""incomplete_reason"": """", ""truncated"": false, ""input_tokens"": 2051, ""output_tokens"": 59, ""reasoning_tokens"": """", ""api_attempts"": 1, ""prompt_eval_count"": 2051, ""eval_count"": 59, ""done"": true, ""done_reason"": ""stop"", ""requested_num_ctx"": null, ""effective_num_ctx"": null, ""think_requested"": true, ""think_honored"": true, ""think_fallback_used"": false, ""think_fallback_http_status"": null}], ""dropped_parameters"": [], ""reasoning_tokens"": """", ""input_tokens"": 2051, ""cached_input_tokens"": """", ""uncached_input_tokens"": """", ""output_tokens"": 59, ""provider_cache_status"": ""unavailable"", ""api_attempts"": 1, ""structured_output_requested"": true, ""structured_output_enforced"": true, ""structured_output_schema_name"": ""track_0_review"", ""structured_output_schema_sha256"": ""6a4a2d4573e9ccd055b4c71bb46f15ff86c3d81e9dd7b768ad256f45db757384"", ""response_schema_hash"": ""6a4a2d4573e9ccd055b4c71bb46f15ff86c3d81e9dd7b768ad256f45db757384"", ""stable_prefix_hash"": ""7077f1238010402ee74d1a83c3a0fb99992b2a4f17b4d0804914077a6cbfd285"", ""prompt_eval_count"": 2051, ""eval_count"": 59, ""done"": true, ""done_reason"": ""stop"", ""requested_num_ctx"": null, ""effective_num_ctx"": null, ""num_ctx_explicit"": false, ""think_requested"": true, ""think_honored"": true, ""think_fallback_used"": false, ""think_fallback_http_status"": null, ""empty_response"": false, ""pipeline_stage"": ""track_0_review"", ""role"": ""track_0_reviewer"", ""candidate_id"": ""mut_p38_R_balance_II_10_constraint"", ""requirement_id"": ""not_applicable"", ""semantic_attempt"": 1, ""technical_retry"": 1}]",0,0,0,0,0,[],,False,{},{},0,0,0,0.0,,correct,,direct_no_requirement_review,False,0.0,0.0,,,,ace5c669e76e5280f4fcfd28f220d3411e4bdbc6327c465e4d8aa2dd7f348794,,,,,,,,,,,,,,,,,,,,,,,,,,,,,
correct,"The model appears logically sound based on the provided constraints and objective function. The variable declarations, constraint building, and objective setting all seem to accurately reflect the given specifications. No obvious modeling errors are apparent.",,not_applicable,,,,,,,,,,,,,,,,,,,,,,,,,,,,0,,{},[],,0,0,0,{},[],[],,,,,,,,,,{},{},off,,,0,[],3,False,[],metadata_three_judges_dual_a_witness_consensus_root_shadow,v12,,,,,,,,,,,,,,,,,,,,,,,,,,,,,,,,,,,,,,,,,,,,,,,,,,,,,,,,,,0__gemma3:12b__mut_p38_R_balance_II_11_constraint__r0,0,gemma3:12b,mut_p38_R_balance_II_11_constraint,mutant,38,0,gold,False,correct,[],none,,none,[],[],,,,0.0,True,True,True,,,,,,False,2051,unavailable,unavailable,unavailable,60,2111,10.133,0,False,,42,42,,"[""ollama""]","[""218ee7ccb5c6f51f3be2c2de1bd2002aa7cf63438e32206a57b33e4059287fda""]",[10000],"[""completed""]","[""""]",1,0,False,"[{""provider"": ""ollama"", ""model"": ""gemma3:12b"", ""prompt_sha256"": ""218ee7ccb5c6f51f3be2c2de1bd2002aa7cf63438e32206a57b33e4059287fda"", ""prompt_hash"": ""218ee7ccb5c6f51f3be2c2de1bd2002aa7cf63438e32206a57b33e4059287fda"", ""prompt_character_count"": 10474, ""prompt_utf8_bytes"": 10474, ""requested_seed"": 42, ""effective_seed"": 42, ""requested_temperature"": null, ""effective_temperature"": null, ""requested_output_token_limit"": 10000, ""effective_output_token_limit"": 10000, ""completion_status"": ""completed"", ""incomplete_reason"": """", ""truncated"": false, ""had_truncation"": false, ""truncation_retry_count"": 0, ""truncation_recovered"": false, ""attempts"": [{""attempt"": 1, ""requested_output_token_limit"": 10000, ""effective_output_token_limit"": 10000, ""completion_status"": ""completed"", ""incomplete_reason"": """", ""truncated"": false, ""input_tokens"": 2051, ""output_tokens"": 60, ""reasoning_tokens"": """", ""api_attempts"": 1, ""prompt_eval_count"": 2051, ""eval_count"": 60, ""done"": true, ""done_reason"": ""stop"", ""requested_num_ctx"": null, ""effective_num_ctx"": null, ""think_requested"": true, ""think_honored"": true, ""think_fallback_used"": false, ""think_fallback_http_status"": null}], ""dropped_parameters"": [], ""reasoning_tokens"": """", ""input_tokens"": 2051, ""cached_input_tokens"": """", ""uncached_input_tokens"": """", ""output_tokens"": 60, ""provider_cache_status"": ""unavailable"", ""api_attempts"": 1, ""structured_output_requested"": true, ""structured_output_enforced"": true, ""structured_output_schema_name"": ""track_0_review"", ""structured_output_schema_sha256"": ""6a4a2d4573e9ccd055b4c71bb46f15ff86c3d81e9dd7b768ad256f45db757384"", ""response_schema_hash"": ""6a4a2d4573e9ccd055b4c71bb46f15ff86c3d81e9dd7b768ad256f45db757384"", ""stable_prefix_hash"": ""7077f1238010402ee74d1a83c3a0fb99992b2a4f17b4d0804914077a6cbfd285"", ""prompt_eval_count"": 2051, ""eval_count"": 60, ""done"": true, ""done_reason"": ""stop"", ""requested_num_ctx"": null, ""effective_num_ctx"": null, ""num_ctx_explicit"": false, ""think_requested"": true, ""think_honored"": true, ""think_fallback_used"": false, ""think_fallback_http_status"": null, ""empty_response"": false, ""pipeline_stage"": ""track_0_review"", ""role"": ""track_0_reviewer"", ""candidate_id"": ""mut_p38_R_balance_II_11_constraint"", ""requirement_id"": ""not_applicable"", ""semantic_attempt"": 1, ""technical_retry"": 1}]",0,0,0,0,0,[],,False,{},{},0,0,0,0.0,,correct,,direct_no_requirement_review,False,0.0,0.0,,,,b39732ed58d53fc1b83457cee95d8079675f621c46f4eaf61e977676283b85e7,,,,,,,,,,,,,,,,,,,,,,,,,,,,,
correct,"The model appears logically sound based on the provided constraints and objective function. The constraints properly represent production limits, inventory capacities, and storage constraints. The objective function seems to be aiming to maximize some value associated with production and storage. No obvious errors in modeling are apparent.",None,not_applicable,,,,,,,,,,,,,,,,,,,,,,,,,,,,0,,{},[],,0,0,0,{},[],[],,,,,,,,,,{},{},off,,,0,[],3,False,[],metadata_three_judges_dual_a_witness_consensus_root_shadow,v12,,,,,,,,,,,,,,,,,,,,,,,,,,,,,,,,,,,,,,,,,,,,,,,,,,,,,,,,,,0__gemma3:12b__mut_p38_R_obj_prod_I_7_objective__r0,0,gemma3:12b,mut_p38_R_obj_prod_I_7_objective,mutant,38,0,gold,False,correct,[],none,,none,[],[],,,,0.0,True,True,True,,,,,,False,2051,unavailable,unavailable,unavailable,73,2124,11.45,0,False,,42,42,,"[""ollama""]","[""6befe590bbcff956f71fe2089423cc5a3c2d2c3adb709a97ef103e46fe015c73""]",[10000],"[""completed""]","[""""]",1,0,False,"[{""provider"": ""ollama"", ""model"": ""gemma3:12b"", ""prompt_sha256"": ""6befe590bbcff956f71fe2089423cc5a3c2d2c3adb709a97ef103e46fe015c73"", ""prompt_hash"": ""6befe590bbcff956f71fe2089423cc5a3c2d2c3adb709a97ef103e46fe015c73"", ""prompt_character_count"": 10474, ""prompt_utf8_bytes"": 10474, ""requested_seed"": 42, ""effective_seed"": 42, ""requested_temperature"": null, ""effective_temperature"": null, ""requested_output_token_limit"": 10000, ""effective_output_token_limit"": 10000, ""completion_status"": ""completed"", ""incomplete_reason"": """", ""truncated"": false, ""had_truncation"": false, ""truncation_retry_count"": 0, ""truncation_recovered"": false, ""attempts"": [{""attempt"": 1, ""requested_output_token_limit"": 10000, ""effective_output_token_limit"": 10000, ""completion_status"": ""completed"", ""incomplete_reason"": """", ""truncated"": false, ""input_tokens"": 2051, ""output_tokens"": 73, ""reasoning_tokens"": """", ""api_attempts"": 1, ""prompt_eval_count"": 2051, ""eval_count"": 73, ""done"": true, ""done_reason"": ""stop"", ""requested_num_ctx"": null, ""effective_num_ctx"": null, ""think_requested"": true, ""think_honored"": true, ""think_fallback_used"": false, ""think_fallback_http_status"": null}], ""dropped_parameters"": [], ""reasoning_tokens"": """", ""input_tokens"": 2051, ""cached_input_tokens"": """", ""uncached_input_tokens"": """", ""output_tokens"": 73, ""provider_cache_status"": ""unavailable"", ""api_attempts"": 1, ""structured_output_requested"": true, ""structured_output_enforced"": true, ""structured_output_schema_name"": ""track_0_review"", ""structured_output_schema_sha256"": ""6a4a2d4573e9ccd055b4c71bb46f15ff86c3d81e9dd7b768ad256f45db757384"", ""response_schema_hash"": ""6a4a2d4573e9ccd055b4c71bb46f15ff86c3d81e9dd7b768ad256f45db757384"", ""stable_prefix_hash"": ""7077f1238010402ee74d1a83c3a0fb99992b2a4f17b4d0804914077a6cbfd285"", ""prompt_eval_count"": 2051, ""eval_count"": 73, ""done"": true, ""done_reason"": ""stop"", ""requested_num_ctx"": null, ""effective_num_ctx"": null, ""num_ctx_explicit"": false, ""think_requested"": true, ""think_honored"": true, ""think_fallback_used"": false, ""think_fallback_http_status"": null, ""empty_response"": false, ""pipeline_stage"": ""track_0_review"", ""role"": ""track_0_reviewer"", ""candidate_id"": ""mut_p38_R_obj_prod_I_7_objective"", ""requirement_id"": ""not_applicable"", ""semantic_attempt"": 1, ""technical_retry"": 1}]",0,0,0,0,0,[],,False,{},{},0,0,0,0.0,,correct,,direct_no_requirement_review,False,0.0,0.0,,,,14edfef482ce25eb1e6ee5d7fc8db4a295632564a1e58b217ed57c3341028e8a,,,,,,,,,,,,,,,,,,,,,,,,,,,,,
incorrect,"The model doesn't account for the container capacity constraints. It's allowing potentially unlimited production of each container type, which could lead to infeasible solutions or suboptimal results given the substitution rules.",Container capacities limit the amount that can be produced.,not_applicable,,,,,,,,,,,,,,,,,,,,,,,,,,,,0,,{},[],,0,0,0,{},[],[],,,,,,,,,,{},{},off,,,0,[],3,False,[],metadata_three_judges_dual_a_witness_consensus_root_shadow,v12,,,,,,,,,,,,,,,,,,,,,,,,,,,,,,,,,,,,,,,,,,,,,,,,,,,,,,,,,,0__gemma3:12b__mut_p1_R6_alloc11_lower_bound__r0,0,gemma3:12b,mut_p1_R6_alloc11_lower_bound,mutant,1,0,gold,False,incorrect,[],mixed_or_unclear,,none,[],[],,"The model doesn't account for the container capacity constraints. It's allowing potentially unlimited production of each container type, which could lead to infeasible solutions or suboptimal results given the substitution rules.",,0.0,True,True,True,,,,,,False,1250,unavailable,unavailable,unavailable,72,1322,10.577,0,False,,42,42,,"[""ollama""]","[""893bab6b03ad6941549219366db84be473551eda1400c3e420ed4e63cad4555d""]",[10000],"[""completed""]","[""""]",1,0,False,"[{""provider"": ""ollama"", ""model"": ""gemma3:12b"", ""prompt_sha256"": ""893bab6b03ad6941549219366db84be473551eda1400c3e420ed4e63cad4555d"", ""prompt_hash"": ""893bab6b03ad6941549219366db84be473551eda1400c3e420ed4e63cad4555d"", ""prompt_character_count"": 3417, ""prompt_utf8_bytes"": 3419, ""requested_seed"": 42, ""effective_seed"": 42, ""requested_temperature"": null, ""effective_temperature"": null, ""requested_output_token_limit"": 10000, ""effective_output_token_limit"": 10000, ""completion_status"": ""completed"", ""incomplete_reason"": """", ""truncated"": false, ""had_truncation"": false, ""truncation_retry_count"": 0, ""truncation_recovered"": false, ""attempts"": [{""attempt"": 1, ""requested_output_token_limit"": 10000, ""effective_output_token_limit"": 10000, ""completion_status"": ""completed"", ""incomplete_reason"": """", ""truncated"": false, ""input_tokens"": 1250, ""output_tokens"": 72, ""reasoning_tokens"": """", ""api_attempts"": 1, ""prompt_eval_count"": 1250, ""eval_count"": 72, ""done"": true, ""done_reason"": ""stop"", ""requested_num_ctx"": null, ""effective_num_ctx"": null, ""think_requested"": true, ""think_honored"": true, ""think_fallback_used"": false, ""think_fallback_http_status"": null}], ""dropped_parameters"": [], ""reasoning_tokens"": """", ""input_tokens"": 1250, ""cached_input_tokens"": """", ""uncached_input_tokens"": """", ""output_tokens"": 72, ""provider_cache_status"": ""unavailable"", ""api_attempts"": 1, ""structured_output_requested"": true, ""structured_output_enforced"": true, ""structured_output_schema_name"": ""track_0_review"", ""structured_output_schema_sha256"": ""6a4a2d4573e9ccd055b4c71bb46f15ff86c3d81e9dd7b768ad256f45db757384"", ""response_schema_hash"": ""6a4a2d4573e9ccd055b4c71bb46f15ff86c3d81e9dd7b768ad256f45db757384"", ""stable_prefix_hash"": ""7077f1238010402ee74d1a83c3a0fb99992b2a4f17b4d0804914077a6cbfd285"", ""prompt_eval_count"": 1250, ""eval_count"": 72, ""done"": true, ""done_reason"": ""stop"", ""requested_num_ctx"": null, ""effective_num_ctx"": null, ""num_ctx_explicit"": false, ""think_requested"": true, ""think_honored"": true, ""think_fallback_used"": false, ""think_fallback_http_status"": null, ""empty_response"": false, ""pipeline_stage"": ""track_0_review"", ""role"": ""track_0_reviewer"", ""candidate_id"": ""mut_p1_R6_alloc11_lower_bound"", ""requirement_id"": ""not_applicable"", ""semantic_attempt"": 1, ""technical_retry"": 1}]",0,0,0,0,0,[],,False,{},{},0,0,0,0.0,,incorrect,,direct_no_requirement_review,False,0.0,0.0,,,,eaee747f555b6e8e255e799b0dacbd7716d18d96768b2643fbd5026d34b991b5,,,,,,,,,,,,,,,,,,,,,,,,,,,,,
incorrect,The model doesn't account for the fixed costs of each container type being incurred *only* when the container is produced. It incorrectly adds 2 * fixed cost for each open container.,"Fixed costs should be considered only when a container type is produced, not simply when its production line is 'open'.",not_applicable,,,,,,,,,,,,,,,,,,,,,,,,,,,,0,,{},[],,0,0,0,{},[],[],,,,,,,,,,{},{},off,,,0,[],3,False,[],metadata_three_judges_dual_a_witness_consensus_root_shadow,v12,,,,,,,,,,,,,,,,,,,,,,,,,,,,,,,,,,,,,,,,,,,,,,,,,,,,,,,,,,0__gemma3:12b__mut_p1_R7_objective__r0,0,gemma3:12b,mut_p1_R7_objective,mutant,1,0,gold,False,incorrect,[],mixed_or_unclear,,none,[],[],,The model doesn't account for the fixed costs of each container type being incurred *only* when the container is produced. It incorrectly adds 2 * fixed cost for each open container.,,0.0,True,True,True,,,,,,False,1237,unavailable,unavailable,unavailable,84,1321,11.519,0,False,,42,42,,"[""ollama""]","[""cb40f401da789d82424cd5593510d739ae131566c426cd525d1d7b41cb29bcfe""]",[10000],"[""completed""]","[""""]",1,0,False,"[{""provider"": ""ollama"", ""model"": ""gemma3:12b"", ""prompt_sha256"": ""cb40f401da789d82424cd5593510d739ae131566c426cd525d1d7b41cb29bcfe"", ""prompt_hash"": ""cb40f401da789d82424cd5593510d739ae131566c426cd525d1d7b41cb29bcfe"", ""prompt_character_count"": 3393, ""prompt_utf8_bytes"": 3395, ""requested_seed"": 42, ""effective_seed"": 42, ""requested_temperature"": null, ""effective_temperature"": null, ""requested_output_token_limit"": 10000, ""effective_output_token_limit"": 10000, ""completion_status"": ""completed"", ""incomplete_reason"": """", ""truncated"": false, ""had_truncation"": false, ""truncation_retry_count"": 0, ""truncation_recovered"": false, ""attempts"": [{""attempt"": 1, ""requested_output_token_limit"": 10000, ""effective_output_token_limit"": 10000, ""completion_status"": ""completed"", ""incomplete_reason"": """", ""truncated"": false, ""input_tokens"": 1237, ""output_tokens"": 84, ""reasoning_tokens"": """", ""api_attempts"": 1, ""prompt_eval_count"": 1237, ""eval_count"": 84, ""done"": true, ""done_reason"": ""stop"", ""requested_num_ctx"": null, ""effective_num_ctx"": null, ""think_requested"": true, ""think_honored"": true, ""think_fallback_used"": false, ""think_fallback_http_status"": null}], ""dropped_parameters"": [], ""reasoning_tokens"": """", ""input_tokens"": 1237, ""cached_input_tokens"": """", ""uncached_input_tokens"": """", ""output_tokens"": 84, ""provider_cache_status"": ""unavailable"", ""api_attempts"": 1, ""structured_output_requested"": true, ""structured_output_enforced"": true, ""structured_output_schema_name"": ""track_0_review"", ""structured_output_schema_sha256"": ""6a4a2d4573e9ccd055b4c71bb46f15ff86c3d81e9dd7b768ad256f45db757384"", ""response_schema_hash"": ""6a4a2d4573e9ccd055b4c71bb46f15ff86c3d81e9dd7b768ad256f45db757384"", ""stable_prefix_hash"": ""7077f1238010402ee74d1a83c3a0fb99992b2a4f17b4d0804914077a6cbfd285"", ""prompt_eval_count"": 1237, ""eval_count"": 84, ""done"": true, ""done_reason"": ""stop"", ""requested_num_ctx"": null, ""effective_num_ctx"": null, ""num_ctx_explicit"": false, ""think_requested"": true, ""think_honored"": true, ""think_fallback_used"": false, ""think_fallback_http_status"": null, ""empty_response"": false, ""pipeline_stage"": ""track_0_review"", ""role"": ""track_0_reviewer"", ""candidate_id"": ""mut_p1_R7_objective"", ""requirement_id"": ""not_applicable"", ""semantic_attempt"": 1, ""technical_retry"": 1}]",0,0,0,0,0,[],,False,{},{},0,0,0,0.0,,incorrect,,direct_no_requirement_review,False,0.0,0.0,,,,b6f17e02cf7f0a1af6ebe983f952cf86882657f74b229e486b7fcbbcc423aa5a,,,,,,,,,,,,,,,,,,,,,,,,,,,,,
incorrect,"The annual investment returns are calculated incorrectly. The code multiplies the annual investment (`xA1`, `xA2`, `xA3`) by `rA` (1.2) each year, but it doesn't account for reinvesting the *principal* of the annual investment. The principal should also be included in the calculation for next year's investment.",Incorrect reinvestment calculation for annual investment returns.,not_applicable,,,,,,,,,,,,,,,,,,,,,,,,,,,,0,,{},[],,0,0,0,{},[],[],,,,,,,,,,{},{},off,,,0,[],3,False,[],metadata_three_judges_dual_a_witness_consensus_root_shadow,v12,,,,,,,,,,,,,,,,,,,,,,,,,,,,,,,,,,,,,,,,,,,,,,,,,,,,,,,,,,0__gemma3:12b__mut_p30_Robj_objective__r0,0,gemma3:12b,mut_p30_Robj_objective,mutant,30,0,gold,False,incorrect,[],mixed_or_unclear,,none,[],[],,"The annual investment returns are calculated incorrectly. The code multiplies the annual investment (`xA1`, `xA2`, `xA3`) by `rA` (1.2) each year, but it doesn't account for reinvesting the *principal* of the annual investment. The principal should also be included in the calculation for next year's investment.",,0.0,True,True,True,,,,,,False,1429,unavailable,unavailable,unavailable,105,1534,13.775,0,False,,42,42,,"[""ollama""]","[""9b5fe66ad5abe2769905067ce1a9c8782338f9a728e643ab4caa06266e030de8""]",[10000],"[""completed""]","[""""]",1,0,False,"[{""provider"": ""ollama"", ""model"": ""gemma3:12b"", ""prompt_sha256"": ""9b5fe66ad5abe2769905067ce1a9c8782338f9a728e643ab4caa06266e030de8"", ""prompt_hash"": ""9b5fe66ad5abe2769905067ce1a9c8782338f9a728e643ab4caa06266e030de8"", ""prompt_character_count"": 4101, ""prompt_utf8_bytes"": 4101, ""requested_seed"": 42, ""effective_seed"": 42, ""requested_temperature"": null, ""effective_temperature"": null, ""requested_output_token_limit"": 10000, ""effective_output_token_limit"": 10000, ""completion_status"": ""completed"", ""incomplete_reason"": """", ""truncated"": false, ""had_truncation"": false, ""truncation_retry_count"": 0, ""truncation_recovered"": false, ""attempts"": [{""attempt"": 1, ""requested_output_token_limit"": 10000, ""effective_output_token_limit"": 10000, ""completion_status"": ""completed"", ""incomplete_reason"": """", ""truncated"": false, ""input_tokens"": 1429, ""output_tokens"": 105, ""reasoning_tokens"": """", ""api_attempts"": 1, ""prompt_eval_count"": 1429, ""eval_count"": 105, ""done"": true, ""done_reason"": ""stop"", ""requested_num_ctx"": null, ""effective_num_ctx"": null, ""think_requested"": true, ""think_honored"": true, ""think_fallback_used"": false, ""think_fallback_http_status"": null}], ""dropped_parameters"": [], ""reasoning_tokens"": """", ""input_tokens"": 1429, ""cached_input_tokens"": """", ""uncached_input_tokens"": """", ""output_tokens"": 105, ""provider_cache_status"": ""unavailable"", ""api_attempts"": 1, ""structured_output_requested"": true, ""structured_output_enforced"": true, ""structured_output_schema_name"": ""track_0_review"", ""structured_output_schema_sha256"": ""6a4a2d4573e9ccd055b4c71bb46f15ff86c3d81e9dd7b768ad256f45db757384"", ""response_schema_hash"": ""6a4a2d4573e9ccd055b4c71bb46f15ff86c3d81e9dd7b768ad256f45db757384"", ""stable_prefix_hash"": ""7077f1238010402ee74d1a83c3a0fb99992b2a4f17b4d0804914077a6cbfd285"", ""prompt_eval_count"": 1429, ""eval_count"": 105, ""done"": true, ""done_reason"": ""stop"", ""requested_num_ctx"": null, ""effective_num_ctx"": null, ""num_ctx_explicit"": false, ""think_requested"": true, ""think_honored"": true, ""think_fallback_used"": false, ""think_fallback_http_status"": null, ""empty_response"": false, ""pipeline_stage"": ""track_0_review"", ""role"": ""track_0_reviewer"", ""candidate_id"": ""mut_p30_Robj_objective"", ""requirement_id"": ""not_applicable"", ""semantic_attempt"": 1, ""technical_retry"": 1}]",0,0,0,0,0,[],,False,{},{},0,0,0,0.0,,incorrect,,direct_no_requirement_review,False,0.0,0.0,,,,0acd0870288ac48397ab38991cc6043a4159a0c29ec7d28755dd4bcb89336f6d,,,,,,,,,,,,,,,,,,,,,,,,,,,,,
incorrect,"The objective function incorrectly multiplies the fixed cost `fixed[k]` by 2. The problem statement indicates a fixed cost `f_k` is incurred regardless of transshipment volume, and this cost should not be multiplied by 2.",Incorrectly scaled fixed cost in objective function,not_applicable,,,,,,,,,,,,,,,,,,,,,,,,,,,,0,,{},[],,0,0,0,{},[],[],,,,,,,,,,{},{},off,,,0,[],3,False,[],metadata_three_judges_dual_a_witness_consensus_root_shadow,v12,,,,,,,,,,,,,,,,,,,,,,,,,,,,,,,,,,,,,,,,,,,,,,,,,,,,,,,,,,0__gemma3:12b__mut_p35_Robj_objective__r0,0,gemma3:12b,mut_p35_Robj_objective,mutant,35,0,gold,False,incorrect,[],mixed_or_unclear,,none,[],[],,"The objective function incorrectly multiplies the fixed cost `fixed[k]` by 2. The problem statement indicates a fixed cost `f_k` is incurred regardless of transshipment volume, and this cost should not be multiplied by 2.",,0.0,True,True,True,,,,,,False,1473,unavailable,unavailable,unavailable,80,1553,11.391,0,False,,42,42,,"[""ollama""]","[""57ba4b804f40ceb60ec8cb310ef908ee7c86871595bf16e3eb9cc389522707cf""]",[10000],"[""completed""]","[""""]",1,0,False,"[{""provider"": ""ollama"", ""model"": ""gemma3:12b"", ""prompt_sha256"": ""57ba4b804f40ceb60ec8cb310ef908ee7c86871595bf16e3eb9cc389522707cf"", ""prompt_hash"": ""57ba4b804f40ceb60ec8cb310ef908ee7c86871595bf16e3eb9cc389522707cf"", ""prompt_character_count"": 4088, ""prompt_utf8_bytes"": 4088, ""requested_seed"": 42, ""effective_seed"": 42, ""requested_temperature"": null, ""effective_temperature"": null, ""requested_output_token_limit"": 10000, ""effective_output_token_limit"": 10000, ""completion_status"": ""completed"", ""incomplete_reason"": """", ""truncated"": false, ""had_truncation"": false, ""truncation_retry_count"": 0, ""truncation_recovered"": false, ""attempts"": [{""attempt"": 1, ""requested_output_token_limit"": 10000, ""effective_output_token_limit"": 10000, ""completion_status"": ""completed"", ""incomplete_reason"": """", ""truncated"": false, ""input_tokens"": 1473, ""output_tokens"": 80, ""reasoning_tokens"": """", ""api_attempts"": 1, ""prompt_eval_count"": 1473, ""eval_count"": 80, ""done"": true, ""done_reason"": ""stop"", ""requested_num_ctx"": null, ""effective_num_ctx"": null, ""think_requested"": true, ""think_honored"": true, ""think_fallback_used"": false, ""think_fallback_http_status"": null}], ""dropped_parameters"": [], ""reasoning_tokens"": """", ""input_tokens"": 1473, ""cached_input_tokens"": """", ""uncached_input_tokens"": """", ""output_tokens"": 80, ""provider_cache_status"": ""unavailable"", ""api_attempts"": 1, ""structured_output_requested"": true, ""structured_output_enforced"": true, ""structured_output_schema_name"": ""track_0_review"", ""structured_output_schema_sha256"": ""6a4a2d4573e9ccd055b4c71bb46f15ff86c3d81e9dd7b768ad256f45db757384"", ""response_schema_hash"": ""6a4a2d4573e9ccd055b4c71bb46f15ff86c3d81e9dd7b768ad256f45db757384"", ""stable_prefix_hash"": ""7077f1238010402ee74d1a83c3a0fb99992b2a4f17b4d0804914077a6cbfd285"", ""prompt_eval_count"": 1473, ""eval_count"": 80, ""done"": true, ""done_reason"": ""stop"", ""requested_num_ctx"": null, ""effective_num_ctx"": null, ""num_ctx_explicit"": false, ""think_requested"": true, ""think_honored"": true, ""think_fallback_used"": false, ""think_fallback_http_status"": null, ""empty_response"": false, ""pipeline_stage"": ""track_0_review"", ""role"": ""track_0_reviewer"", ""candidate_id"": ""mut_p35_Robj_objective"", ""requirement_id"": ""not_applicable"", ""semantic_attempt"": 1, ""technical_retry"": 1}]",0,0,0,0,0,[],,False,{},{},0,0,0,0.0,,incorrect,,direct_no_requirement_review,False,0.0,0.0,,,,59f5c2a6dd42519b77c0338f7ec744c0af171cf78bee726980fa7d62ef8c4837,,,,,,,,,,,,,,,,,,,,,,,,,,,,,
incorrect,"The model incorrectly assigns aircraft to routes. Specifically, constraint 004 and 005 should be summing the capabilities of the aircraft assigned to each route. The current model multiplies by 1 in the terms, effectively making them useless for demand fulfillment.",The objective function and constraints related to demand fulfillment are not correctly formulated to ensure the total capacity assigned to each route meets its demand.,not_applicable,,,,,,,,,,,,,,,,,,,,,,,,,,,,0,,{},[],,0,0,0,{},[],[],,,,,,,,,,{},{},off,,,0,[],3,False,[],metadata_three_judges_dual_a_witness_consensus_root_shadow,v12,,,,,,,,,,,,,,,,,,,,,,,,,,,,,,,,,,,,,,,,,,,,,,,,,,,,,,,,,,0__gemma3:12b__mut_p42_R_demand_2_capability_constraint__r0,0,gemma3:12b,mut_p42_R_demand_2_capability_constraint,mutant,42,0,gold,False,incorrect,[],mixed_or_unclear,,none,[],[],,"The model incorrectly assigns aircraft to routes. Specifically, constraint 004 and 005 should be summing the capabilities of the aircraft assigned to each route. The current model multiplies by 1 in the terms, effectively making them useless for demand fulfillment.",,0.0,True,True,True,,,,,,False,1440,unavailable,unavailable,unavailable,101,1541,13.346,0,False,,42,42,,"[""ollama""]","[""21d9cec7882c1d8ca2eba49f7acc4a05f0d05399501a2312fe4bbe46d63ac825""]",[10000],"[""completed""]","[""""]",1,0,False,"[{""provider"": ""ollama"", ""model"": ""gemma3:12b"", ""prompt_sha256"": ""21d9cec7882c1d8ca2eba49f7acc4a05f0d05399501a2312fe4bbe46d63ac825"", ""prompt_hash"": ""21d9cec7882c1d8ca2eba49f7acc4a05f0d05399501a2312fe4bbe46d63ac825"", ""prompt_character_count"": 4158, ""prompt_utf8_bytes"": 4158, ""requested_seed"": 42, ""effective_seed"": 42, ""requested_temperature"": null, ""effective_temperature"": null, ""requested_output_token_limit"": 10000, ""effective_output_token_limit"": 10000, ""completion_status"": ""completed"", ""incomplete_reason"": """", ""truncated"": false, ""had_truncation"": false, ""truncation_retry_count"": 0, ""truncation_recovered"": false, ""attempts"": [{""attempt"": 1, ""requested_output_token_limit"": 10000, ""effective_output_token_limit"": 10000, ""completion_status"": ""completed"", ""incomplete_reason"": """", ""truncated"": false, ""input_tokens"": 1440, ""output_tokens"": 101, ""reasoning_tokens"": """", ""api_attempts"": 1, ""prompt_eval_count"": 1440, ""eval_count"": 101, ""done"": true, ""done_reason"": ""stop"", ""requested_num_ctx"": null, ""effective_num_ctx"": null, ""think_requested"": true, ""think_honored"": true, ""think_fallback_used"": false, ""think_fallback_http_status"": null}], ""dropped_parameters"": [], ""reasoning_tokens"": """", ""input_tokens"": 1440, ""cached_input_tokens"": """", ""uncached_input_tokens"": """", ""output_tokens"": 101, ""provider_cache_status"": ""unavailable"", ""api_attempts"": 1, ""structured_output_requested"": true, ""structured_output_enforced"": true, ""structured_output_schema_name"": ""track_0_review"", ""structured_output_schema_sha256"": ""6a4a2d4573e9ccd055b4c71bb46f15ff86c3d81e9dd7b768ad256f45db757384"", ""response_schema_hash"": ""6a4a2d4573e9ccd055b4c71bb46f15ff86c3d81e9dd7b768ad256f45db757384"", ""stable_prefix_hash"": ""7077f1238010402ee74d1a83c3a0fb99992b2a4f17b4d0804914077a6cbfd285"", ""prompt_eval_count"": 1440, ""eval_count"": 101, ""done"": true, ""done_reason"": ""stop"", ""requested_num_ctx"": null, ""effective_num_ctx"": null, ""num_ctx_explicit"": false, ""think_requested"": true, ""think_honored"": true, ""think_fallback_used"": false, ""think_fallback_http_status"": null, ""empty_response"": false, ""pipeline_stage"": ""track_0_review"", ""role"": ""track_0_reviewer"", ""candidate_id"": ""mut_p42_R_demand_2_capability_constraint"", ""requirement_id"": ""not_applicable"", ""semantic_attempt"": 1, ""technical_retry"": 1}]",0,0,0,0,0,[],,False,{},{},0,0,0,0.0,,incorrect,,direct_no_requirement_review,False,0.0,0.0,,,,c2dab646215f72b1501ac6f9be4a219de4d7df199a9bebdc3d5d65be21cae554,,,,,,,,,,,,,,,,,,,,,,,,,,,,,
incorrect,"The model's constraints do not correctly represent the problem's demand. The constraint 'constraint_004' and 'constraint_005' seem to be intended to meet the demand for routes 1 and 2, respectively, using the capabilities of aircraft types 1, 2, and 3. However, the problem specifies that each route has a demand that needs to be met, but the model only includes constraints for routes 1 and 2, not for route 3. This is likely an error, because the data indicates there are three routes and each has a demand.",Constraints should include all routes and their associated demands.,not_applicable,,,,,,,,,,,,,,,,,,,,,,,,,,,,0,,{},[],,0,0,0,{},[],[],,,,,,,,,,{},{},off,,,0,[],3,False,[],metadata_three_judges_dual_a_witness_consensus_root_shadow,v12,,,,,,,,,,,,,,,,,,,,,,,,,,,,,,,,,,,,,,,,,,,,,,,,,,,,,,,,,,0__gemma3:12b__mut_p42_R_availability_3_rhs_constraint__r0,0,gemma3:12b,mut_p42_R_availability_3_rhs_constraint,mutant,42,0,gold,False,incorrect,[],mixed_or_unclear,,none,[],[],,"The model's constraints do not correctly represent the problem's demand. The constraint 'constraint_004' and 'constraint_005' seem to be intended to meet the demand for routes 1 and 2, respectively, using the capabilities of aircraft types 1, 2, and 3. However, the problem specifies that each route has a demand that needs to be met, but the model only includes constraints for routes 1 and 2, not for route 3. This is likely an error, because the data indicates there are three routes and each has a demand.",,0.0,True,True,True,,,,,,False,1440,unavailable,unavailable,unavailable,156,1596,19.347,0,False,,42,42,,"[""ollama""]","[""9105679f879c50d647a0c8bd6074140e2d9e4deb1c7f475cec62b10ee8e0d4ba""]",[10000],"[""completed""]","[""""]",1,0,False,"[{""provider"": ""ollama"", ""model"": ""gemma3:12b"", ""prompt_sha256"": ""9105679f879c50d647a0c8bd6074140e2d9e4deb1c7f475cec62b10ee8e0d4ba"", ""prompt_hash"": ""9105679f879c50d647a0c8bd6074140e2d9e4deb1c7f475cec62b10ee8e0d4ba"", ""prompt_character_count"": 4158, ""prompt_utf8_bytes"": 4158, ""requested_seed"": 42, ""effective_seed"": 42, ""requested_temperature"": null, ""effective_temperature"": null, ""requested_output_token_limit"": 10000, ""effective_output_token_limit"": 10000, ""completion_status"": ""completed"", ""incomplete_reason"": """", ""truncated"": false, ""had_truncation"": false, ""truncation_retry_count"": 0, ""truncation_recovered"": false, ""attempts"": [{""attempt"": 1, ""requested_output_token_limit"": 10000, ""effective_output_token_limit"": 10000, ""completion_status"": ""completed"", ""incomplete_reason"": """", ""truncated"": false, ""input_tokens"": 1440, ""output_tokens"": 156, ""reasoning_tokens"": """", ""api_attempts"": 1, ""prompt_eval_count"": 1440, ""eval_count"": 156, ""done"": true, ""done_reason"": ""stop"", ""requested_num_ctx"": null, ""effective_num_ctx"": null, ""think_requested"": true, ""think_honored"": true, ""think_fallback_used"": false, ""think_fallback_http_status"": null}], ""dropped_parameters"": [], ""reasoning_tokens"": """", ""input_tokens"": 1440, ""cached_input_tokens"": """", ""uncached_input_tokens"": """", ""output_tokens"": 156, ""provider_cache_status"": ""unavailable"", ""api_attempts"": 1, ""structured_output_requested"": true, ""structured_output_enforced"": true, ""structured_output_schema_name"": ""track_0_review"", ""structured_output_schema_sha256"": ""6a4a2d4573e9ccd055b4c71bb46f15ff86c3d81e9dd7b768ad256f45db757384"", ""response_schema_hash"": ""6a4a2d4573e9ccd055b4c71bb46f15ff86c3d81e9dd7b768ad256f45db757384"", ""stable_prefix_hash"": ""7077f1238010402ee74d1a83c3a0fb99992b2a4f17b4d0804914077a6cbfd285"", ""prompt_eval_count"": 1440, ""eval_count"": 156, ""done"": true, ""done_reason"": ""stop"", ""requested_num_ctx"": null, ""effective_num_ctx"": null, ""num_ctx_explicit"": false, ""think_requested"": true, ""think_honored"": true, ""think_fallback_used"": false, ""think_fallback_http_status"": null, ""empty_response"": false, ""pipeline_stage"": ""track_0_review"", ""role"": ""track_0_reviewer"", ""candidate_id"": ""mut_p42_R_availability_3_rhs_constraint"", ""requirement_id"": ""not_applicable"", ""semantic_attempt"": 1, ""technical_retry"": 1}]",0,0,0,0,0,[],,False,{},{},0,0,0,0.0,,incorrect,,direct_no_requirement_review,False,0.0,0.0,,,,24b5126f45fa089027336bb2d84275e4c208f4eb4e45e82655fa8be75c710644,,,,,,,,,,,,,,,,,,,,,,,,,,,,,
incorrect,"The constraints do not correctly represent the problem's requirements. Specifically, constraints 004 and 005 incorrectly sum capabilities and demand, and the model does not correctly account for the aircraft availability limits.","The model's constraints do not accurately reflect the total passenger capability requirement for each route, nor do they ensure that the total number of aircraft assigned of each type does not exceed its availability.",not_applicable,,,,,,,,,,,,,,,,,,,,,,,,,,,,0,,{},[],,0,0,0,{},[],[],,,,,,,,,,{},{},off,,,0,[],3,False,[],metadata_three_judges_dual_a_witness_consensus_root_shadow,v12,,,,,,,,,,,,,,,,,,,,,,,,,,,,,,,,,,,,,,,,,,,,,,,,,,,,,,,,,,0__gemma3:12b__mut_p42_R_availability_1_lhs_constraint__r0,0,gemma3:12b,mut_p42_R_availability_1_lhs_constraint,mutant,42,0,gold,False,incorrect,[],mixed_or_unclear,,none,[],[],,"The constraints do not correctly represent the problem's requirements. Specifically, constraints 004 and 005 incorrectly sum capabilities and demand, and the model does not correctly account for the aircraft availability limits.",,0.0,True,True,True,,,,,,False,1440,unavailable,unavailable,unavailable,104,1544,13.714,0,False,,42,42,,"[""ollama""]","[""4b123106879e6f50117fb68ba0c6de8239c7e8d60c163964b0eb6510584bb2f8""]",[10000],"[""completed""]","[""""]",1,0,False,"[{""provider"": ""ollama"", ""model"": ""gemma3:12b"", ""prompt_sha256"": ""4b123106879e6f50117fb68ba0c6de8239c7e8d60c163964b0eb6510584bb2f8"", ""prompt_hash"": ""4b123106879e6f50117fb68ba0c6de8239c7e8d60c163964b0eb6510584bb2f8"", ""prompt_character_count"": 4158, ""prompt_utf8_bytes"": 4158, ""requested_seed"": 42, ""effective_seed"": 42, ""requested_temperature"": null, ""effective_temperature"": null, ""requested_output_token_limit"": 10000, ""effective_output_token_limit"": 10000, ""completion_status"": ""completed"", ""incomplete_reason"": """", ""truncated"": false, ""had_truncation"": false, ""truncation_retry_count"": 0, ""truncation_recovered"": false, ""attempts"": [{""attempt"": 1, ""requested_output_token_limit"": 10000, ""effective_output_token_limit"": 10000, ""completion_status"": ""completed"", ""incomplete_reason"": """", ""truncated"": false, ""input_tokens"": 1440, ""output_tokens"": 104, ""reasoning_tokens"": """", ""api_attempts"": 1, ""prompt_eval_count"": 1440, ""eval_count"": 104, ""done"": true, ""done_reason"": ""stop"", ""requested_num_ctx"": null, ""effective_num_ctx"": null, ""think_requested"": true, ""think_honored"": true, ""think_fallback_used"": false, ""think_fallback_http_status"": null}], ""dropped_parameters"": [], ""reasoning_tokens"": """", ""input_tokens"": 1440, ""cached_input_tokens"": """", ""uncached_input_tokens"": """", ""output_tokens"": 104, ""provider_cache_status"": ""unavailable"", ""api_attempts"": 1, ""structured_output_requested"": true, ""structured_output_enforced"": true, ""structured_output_schema_name"": ""track_0_review"", ""structured_output_schema_sha256"": ""6a4a2d4573e9ccd055b4c71bb46f15ff86c3d81e9dd7b768ad256f45db757384"", ""response_schema_hash"": ""6a4a2d4573e9ccd055b4c71bb46f15ff86c3d81e9dd7b768ad256f45db757384"", ""stable_prefix_hash"": ""7077f1238010402ee74d1a83c3a0fb99992b2a4f17b4d0804914077a6cbfd285"", ""prompt_eval_count"": 1440, ""eval_count"": 104, ""done"": true, ""done_reason"": ""stop"", ""requested_num_ctx"": null, ""effective_num_ctx"": null, ""num_ctx_explicit"": false, ""think_requested"": true, ""think_honored"": true, ""think_fallback_used"": false, ""think_fallback_http_status"": null, ""empty_response"": false, ""pipeline_stage"": ""track_0_review"", ""role"": ""track_0_reviewer"", ""candidate_id"": ""mut_p42_R_availability_1_lhs_constraint"", ""requirement_id"": ""not_applicable"", ""semantic_attempt"": 1, ""technical_retry"": 1}]",0,0,0,0,0,[],,False,{},{},0,0,0,0.0,,incorrect,,direct_no_requirement_review,False,0.0,0.0,,,,669d39b2af6a84e2c49f323d1fe02d07689e1980513ca4111761077cf7488777,,,,,,,,,,,,,,,,,,,,,,,,,,,,,
incorrect,The model uses continuous variables when the problem explicitly states that assigned hours must be non-negative integers.,Variables should be integer.,not_applicable,,,,,,,,,,,,,,,,,,,,,,,,,,,,0,,{},[],,0,0,0,{},[],[],,,,,,,,,,{},{},off,,,0,[],3,False,[],metadata_three_judges_dual_a_witness_consensus_root_shadow,v12,,,,,,,,,,,,,,,,,,,,,,,,,,,,,,,,,,,,,,,,,,,,,,,,,,,,,,,,,,0__gemma3:12b__mut_p43_R_integer_domain__r0,0,gemma3:12b,mut_p43_R_integer_domain,mutant,43,0,gold,False,incorrect,[],mixed_or_unclear,,none,[],[],,The model uses continuous variables when the problem explicitly states that assigned hours must be non-negative integers.,,0.0,True,True,True,,,,,,False,1393,unavailable,unavailable,unavailable,48,1441,8.168,0,False,,42,42,,"[""ollama""]","[""9bfb26da787934c121e275750d436ed5836ad9aeb03bd47cec172032716c404e""]",[10000],"[""completed""]","[""""]",1,0,False,"[{""provider"": ""ollama"", ""model"": ""gemma3:12b"", ""prompt_sha256"": ""9bfb26da787934c121e275750d436ed5836ad9aeb03bd47cec172032716c404e"", ""prompt_hash"": ""9bfb26da787934c121e275750d436ed5836ad9aeb03bd47cec172032716c404e"", ""prompt_character_count"": 4082, ""prompt_utf8_bytes"": 4082, ""requested_seed"": 42, ""effective_seed"": 42, ""requested_temperature"": null, ""effective_temperature"": null, ""requested_output_token_limit"": 10000, ""effective_output_token_limit"": 10000, ""completion_status"": ""completed"", ""incomplete_reason"": """", ""truncated"": false, ""had_truncation"": false, ""truncation_retry_count"": 0, ""truncation_recovered"": false, ""attempts"": [{""attempt"": 1, ""requested_output_token_limit"": 10000, ""effective_output_token_limit"": 10000, ""completion_status"": ""completed"", ""incomplete_reason"": """", ""truncated"": false, ""input_tokens"": 1393, ""output_tokens"": 48, ""reasoning_tokens"": """", ""api_attempts"": 1, ""prompt_eval_count"": 1393, ""eval_count"": 48, ""done"": true, ""done_reason"": ""stop"", ""requested_num_ctx"": null, ""effective_num_ctx"": null, ""think_requested"": true, ""think_honored"": true, ""think_fallback_used"": false, ""think_fallback_http_status"": null}], ""dropped_parameters"": [], ""reasoning_tokens"": """", ""input_tokens"": 1393, ""cached_input_tokens"": """", ""uncached_input_tokens"": """", ""output_tokens"": 48, ""provider_cache_status"": ""unavailable"", ""api_attempts"": 1, ""structured_output_requested"": true, ""structured_output_enforced"": true, ""structured_output_schema_name"": ""track_0_review"", ""structured_output_schema_sha256"": ""6a4a2d4573e9ccd055b4c71bb46f15ff86c3d81e9dd7b768ad256f45db757384"", ""response_schema_hash"": ""6a4a2d4573e9ccd055b4c71bb46f15ff86c3d81e9dd7b768ad256f45db757384"", ""stable_prefix_hash"": ""7077f1238010402ee74d1a83c3a0fb99992b2a4f17b4d0804914077a6cbfd285"", ""prompt_eval_count"": 1393, ""eval_count"": 48, ""done"": true, ""done_reason"": ""stop"", ""requested_num_ctx"": null, ""effective_num_ctx"": null, ""num_ctx_explicit"": false, ""think_requested"": true, ""think_honored"": true, ""think_fallback_used"": false, ""think_fallback_http_status"": null, ""empty_response"": false, ""pipeline_stage"": ""track_0_review"", ""role"": ""track_0_reviewer"", ""candidate_id"": ""mut_p43_R_integer_domain"", ""requirement_id"": ""not_applicable"", ""semantic_attempt"": 1, ""technical_retry"": 1}]",0,0,0,0,0,[],,False,{},{},0,0,0,0.0,,incorrect,,direct_no_requirement_review,False,0.0,0.0,,,,30706904b1717aca438261f07609a32fafd4c4753f72363b40b1b57e8f59a159,,,,,,,,,,,,,,,,,,,,,,,,,,,,,
incorrect,"The model appears to be maximizing instead of minimizing, as indicated by `model.setObjective(objective, GRB.MAXIMIZE if OBJECTIVE_SENSE == 'maximize' else GRB.MINIMIZE)` which is setting the objective sense to `GRB.MAXIMIZE` regardless of the problem asking for a `minimize` objective.",Objective function should be minimized.,not_applicable,,,,,,,,,,,,,,,,,,,,,,,,,,,,0,,{},[],,0,0,0,{},[],[],,,,,,,,,,{},{},off,,,0,[],3,False,[],metadata_three_judges_dual_a_witness_consensus_root_shadow,v12,,,,,,,,,,,,,,,,,,,,,,,,,,,,,,,,,,,,,,,,,,,,,,,,,,,,,,,,,,0__gemma3:12b__mut_p44_R_machine2_sequence_2_constraint__r0,0,gemma3:12b,mut_p44_R_machine2_sequence_2_constraint,mutant,44,0,gold,False,incorrect,[],mixed_or_unclear,,none,[],[],,"The model appears to be maximizing instead of minimizing, as indicated by `model.setObjective(objective, GRB.MAXIMIZE if OBJECTIVE_SENSE == 'maximize' else GRB.MINIMIZE)` which is setting the objective sense to `GRB.MAXIMIZE` regardless of the problem asking for a `minimize` objective.",,0.0,True,True,True,,,,,,False,2344,unavailable,unavailable,unavailable,101,2445,14.779,0,False,,42,42,,"[""ollama""]","[""29418eaccecd98695035059b6905d64d25f106af7eccf24c0962fb8ec0ded409""]",[10000],"[""completed""]","[""""]",1,0,False,"[{""provider"": ""ollama"", ""model"": ""gemma3:12b"", ""prompt_sha256"": ""29418eaccecd98695035059b6905d64d25f106af7eccf24c0962fb8ec0ded409"", ""prompt_hash"": ""29418eaccecd98695035059b6905d64d25f106af7eccf24c0962fb8ec0ded409"", ""prompt_character_count"": 5793, ""prompt_utf8_bytes"": 5793, ""requested_seed"": 42, ""effective_seed"": 42, ""requested_temperature"": null, ""effective_temperature"": null, ""requested_output_token_limit"": 10000, ""effective_output_token_limit"": 10000, ""completion_status"": ""completed"", ""incomplete_reason"": """", ""truncated"": false, ""had_truncation"": false, ""truncation_retry_count"": 0, ""truncation_recovered"": false, ""attempts"": [{""attempt"": 1, ""requested_output_token_limit"": 10000, ""effective_output_token_limit"": 10000, ""completion_status"": ""completed"", ""incomplete_reason"": """", ""truncated"": false, ""input_tokens"": 2344, ""output_tokens"": 101, ""reasoning_tokens"": """", ""api_attempts"": 1, ""prompt_eval_count"": 2344, ""eval_count"": 101, ""done"": true, ""done_reason"": ""stop"", ""requested_num_ctx"": null, ""effective_num_ctx"": null, ""think_requested"": true, ""think_honored"": true, ""think_fallback_used"": false, ""think_fallback_http_status"": null}], ""dropped_parameters"": [], ""reasoning_tokens"": """", ""input_tokens"": 2344, ""cached_input_tokens"": """", ""uncached_input_tokens"": """", ""output_tokens"": 101, ""provider_cache_status"": ""unavailable"", ""api_attempts"": 1, ""structured_output_requested"": true, ""structured_output_enforced"": true, ""structured_output_schema_name"": ""track_0_review"", ""structured_output_schema_sha256"": ""6a4a2d4573e9ccd055b4c71bb46f15ff86c3d81e9dd7b768ad256f45db757384"", ""response_schema_hash"": ""6a4a2d4573e9ccd055b4c71bb46f15ff86c3d81e9dd7b768ad256f45db757384"", ""stable_prefix_hash"": ""7077f1238010402ee74d1a83c3a0fb99992b2a4f17b4d0804914077a6cbfd285"", ""prompt_eval_count"": 2344, ""eval_count"": 101, ""done"": true, ""done_reason"": ""stop"", ""requested_num_ctx"": null, ""effective_num_ctx"": null, ""num_ctx_explicit"": false, ""think_requested"": true, ""think_honored"": true, ""think_fallback_used"": false, ""think_fallback_http_status"": null, ""empty_response"": false, ""pipeline_stage"": ""track_0_review"", ""role"": ""track_0_reviewer"", ""candidate_id"": ""mut_p44_R_machine2_sequence_2_constraint"", ""requirement_id"": ""not_applicable"", ""semantic_attempt"": 1, ""technical_retry"": 1}]",0,0,0,0,0,[],,False,{},{},0,0,0,0.0,,incorrect,,direct_no_requirement_review,False,0.0,0.0,,,,dbe1b0dded9b5da97bcb5a7ff753a9c9b40e1f82f61bcdec202a52a2de148ec9,,,,,,,,,,,,,,,,,,,,,,,,,,,,,
incorrect,"The model appears to be maximizing instead of minimizing, as indicated by `model.setObjective(objective, GRB.MAXIMIZE if OBJECTIVE_SENSE == 'maximize' else GRB.MINIMIZE)` which is setting the objective sense to `GRB.MAXIMIZE` even though the problem is to be minimized.",Incorrect objective sense.,not_applicable,,,,,,,,,,,,,,,,,,,,,,,,,,,,0,,{},[],,0,0,0,{},[],[],,,,,,,,,,{},{},off,,,0,[],3,False,[],metadata_three_judges_dual_a_witness_consensus_root_shadow,v12,,,,,,,,,,,,,,,,,,,,,,,,,,,,,,,,,,,,,,,,,,,,,,,,,,,,,,,,,,0__gemma3:12b__mut_p44_R_first_machine_2_constraint__r0,0,gemma3:12b,mut_p44_R_first_machine_2_constraint,mutant,44,0,gold,False,incorrect,[],mixed_or_unclear,,none,[],[],,"The model appears to be maximizing instead of minimizing, as indicated by `model.setObjective(objective, GRB.MAXIMIZE if OBJECTIVE_SENSE == 'maximize' else GRB.MINIMIZE)` which is setting the objective sense to `GRB.MAXIMIZE` even though the problem is to be minimized.",,0.0,True,True,True,,,,,,False,2344,unavailable,unavailable,unavailable,96,2440,14.136,0,False,,42,42,,"[""ollama""]","[""75fcddd5d8c1a10805c14a67ff656429f67f1802d5c4e66a8e85d4c9de69997b""]",[10000],"[""completed""]","[""""]",1,0,False,"[{""provider"": ""ollama"", ""model"": ""gemma3:12b"", ""prompt_sha256"": ""75fcddd5d8c1a10805c14a67ff656429f67f1802d5c4e66a8e85d4c9de69997b"", ""prompt_hash"": ""75fcddd5d8c1a10805c14a67ff656429f67f1802d5c4e66a8e85d4c9de69997b"", ""prompt_character_count"": 5793, ""prompt_utf8_bytes"": 5793, ""requested_seed"": 42, ""effective_seed"": 42, ""requested_temperature"": null, ""effective_temperature"": null, ""requested_output_token_limit"": 10000, ""effective_output_token_limit"": 10000, ""completion_status"": ""completed"", ""incomplete_reason"": """", ""truncated"": false, ""had_truncation"": false, ""truncation_retry_count"": 0, ""truncation_recovered"": false, ""attempts"": [{""attempt"": 1, ""requested_output_token_limit"": 10000, ""effective_output_token_limit"": 10000, ""completion_status"": ""completed"", ""incomplete_reason"": """", ""truncated"": false, ""input_tokens"": 2344, ""output_tokens"": 96, ""reasoning_tokens"": """", ""api_attempts"": 1, ""prompt_eval_count"": 2344, ""eval_count"": 96, ""done"": true, ""done_reason"": ""stop"", ""requested_num_ctx"": null, ""effective_num_ctx"": null, ""think_requested"": true, ""think_honored"": true, ""think_fallback_used"": false, ""think_fallback_http_status"": null}], ""dropped_parameters"": [], ""reasoning_tokens"": """", ""input_tokens"": 2344, ""cached_input_tokens"": """", ""uncached_input_tokens"": """", ""output_tokens"": 96, ""provider_cache_status"": ""unavailable"", ""api_attempts"": 1, ""structured_output_requested"": true, ""structured_output_enforced"": true, ""structured_output_schema_name"": ""track_0_review"", ""structured_output_schema_sha256"": ""6a4a2d4573e9ccd055b4c71bb46f15ff86c3d81e9dd7b768ad256f45db757384"", ""response_schema_hash"": ""6a4a2d4573e9ccd055b4c71bb46f15ff86c3d81e9dd7b768ad256f45db757384"", ""stable_prefix_hash"": ""7077f1238010402ee74d1a83c3a0fb99992b2a4f17b4d0804914077a6cbfd285"", ""prompt_eval_count"": 2344, ""eval_count"": 96, ""done"": true, ""done_reason"": ""stop"", ""requested_num_ctx"": null, ""effective_num_ctx"": null, ""num_ctx_explicit"": false, ""think_requested"": true, ""think_honored"": true, ""think_fallback_used"": false, ""think_fallback_http_status"": null, ""empty_response"": false, ""pipeline_stage"": ""track_0_review"", ""role"": ""track_0_reviewer"", ""candidate_id"": ""mut_p44_R_first_machine_2_constraint"", ""requirement_id"": ""not_applicable"", ""semantic_attempt"": 1, ""technical_retry"": 1}]",0,0,0,0,0,[],,False,{},{},0,0,0,0.0,,incorrect,,direct_no_requirement_review,False,0.0,0.0,,,,6aca5d5b9fdc5d23d681b6bb554d86563d387726a73b7e6221624b0111b0b4dc,,,,,,,,,,,,,,,,,,,,,,,,,,,,,
incorrect,"The model appears to be attempting to minimize C_3_2, but the objective function should be minimized with respect to makespan. The constraint set is also inconsistent with the problem description and data, including variable types and constraints which appear unrelated to the intended sequence.",The model's objective is misaligned with the problem's goal of minimizing makespan.,not_applicable,,,,,,,,,,,,,,,,,,,,,,,,,,,,0,,{},[],,0,0,0,{},[],[],,,,,,,,,,{},{},off,,,0,[],3,False,[],metadata_three_judges_dual_a_witness_consensus_root_shadow,v12,,,,,,,,,,,,,,,,,,,,,,,,,,,,,,,,,,,,,,,,,,,,,,,,,,,,,,,,,,0__gemma3:12b__mut_p44_R_machine1_sequence_2_constraint__r0,0,gemma3:12b,mut_p44_R_machine1_sequence_2_constraint,mutant,44,0,gold,False,incorrect,[],mixed_or_unclear,,none,[],[],,"The model appears to be attempting to minimize C_3_2, but the objective function should be minimized with respect to makespan. The constraint set is also inconsistent with the problem description and data, including variable types and constraints which appear unrelated to the intended sequence.",,0.0,True,True,True,,,,,,False,2344,unavailable,unavailable,unavailable,95,2439,14.275,0,False,,42,42,,"[""ollama""]","[""b8c24ad8962e5ea45c477a7c643db268feb3725fad29b6a674ea6e75fe9d0832""]",[10000],"[""completed""]","[""""]",1,0,False,"[{""provider"": ""ollama"", ""model"": ""gemma3:12b"", ""prompt_sha256"": ""b8c24ad8962e5ea45c477a7c643db268feb3725fad29b6a674ea6e75fe9d0832"", ""prompt_hash"": ""b8c24ad8962e5ea45c477a7c643db268feb3725fad29b6a674ea6e75fe9d0832"", ""prompt_character_count"": 5793, ""prompt_utf8_bytes"": 5793, ""requested_seed"": 42, ""effective_seed"": 42, ""requested_temperature"": null, ""effective_temperature"": null, ""requested_output_token_limit"": 10000, ""effective_output_token_limit"": 10000, ""completion_status"": ""completed"", ""incomplete_reason"": """", ""truncated"": false, ""had_truncation"": false, ""truncation_retry_count"": 0, ""truncation_recovered"": false, ""attempts"": [{""attempt"": 1, ""requested_output_token_limit"": 10000, ""effective_output_token_limit"": 10000, ""completion_status"": ""completed"", ""incomplete_reason"": """", ""truncated"": false, ""input_tokens"": 2344, ""output_tokens"": 95, ""reasoning_tokens"": """", ""api_attempts"": 1, ""prompt_eval_count"": 2344, ""eval_count"": 95, ""done"": true, ""done_reason"": ""stop"", ""requested_num_ctx"": null, ""effective_num_ctx"": null, ""think_requested"": true, ""think_honored"": true, ""think_fallback_used"": false, ""think_fallback_http_status"": null}], ""dropped_parameters"": [], ""reasoning_tokens"": """", ""input_tokens"": 2344, ""cached_input_tokens"": """", ""uncached_input_tokens"": """", ""output_tokens"": 95, ""provider_cache_status"": ""unavailable"", ""api_attempts"": 1, ""structured_output_requested"": true, ""structured_output_enforced"": true, ""structured_output_schema_name"": ""track_0_review"", ""structured_output_schema_sha256"": ""6a4a2d4573e9ccd055b4c71bb46f15ff86c3d81e9dd7b768ad256f45db757384"", ""response_schema_hash"": ""6a4a2d4573e9ccd055b4c71bb46f15ff86c3d81e9dd7b768ad256f45db757384"", ""stable_prefix_hash"": ""7077f1238010402ee74d1a83c3a0fb99992b2a4f17b4d0804914077a6cbfd285"", ""prompt_eval_count"": 2344, ""eval_count"": 95, ""done"": true, ""done_reason"": ""stop"", ""requested_num_ctx"": null, ""effective_num_ctx"": null, ""num_ctx_explicit"": false, ""think_requested"": true, ""think_honored"": true, ""think_fallback_used"": false, ""think_fallback_http_status"": null, ""empty_response"": false, ""pipeline_stage"": ""track_0_review"", ""role"": ""track_0_reviewer"", ""candidate_id"": ""mut_p44_R_machine1_sequence_2_constraint"", ""requirement_id"": ""not_applicable"", ""semantic_attempt"": 1, ""technical_retry"": 1}]",0,0,0,0,0,[],,False,{},{},0,0,0,0.0,,incorrect,,direct_no_requirement_review,False,0.0,0.0,,,,13edeacbb5837b5133923b0d425a57899839a3b940ec8653d991f352e7c69371,,,,,,,,,,,,,,,,,,,,,,,,,,,,,
incorrect,"The constraints incorrectly use the variable names. For instance, constraint 003 attempts to constrain x_1 based on available seats of 50, but x_1 represents the quantity of package 1, not the number of seats used.",Constraint terms should represent the quantities of packages rather than seat usage.,not_applicable,,,,,,,,,,,,,,,,,,,,,,,,,,,,0,,{},[],,0,0,0,{},[],[],,,,,,,,,,{},{},off,,,0,[],3,False,[],metadata_three_judges_dual_a_witness_consensus_root_shadow,v12,,,,,,,,,,,,,,,,,,,,,,,,,,,,,,,,,,,,,,,,,,,,,,,,,,,,,,,,,,0__gemma3:12b__mut_p45_R_integer_domain__r0,0,gemma3:12b,mut_p45_R_integer_domain,mutant,45,0,gold,False,incorrect,[],mixed_or_unclear,,none,[],[],,"The constraints incorrectly use the variable names. For instance, constraint 003 attempts to constrain x_1 based on available seats of 50, but x_1 represents the quantity of package 1, not the number of seats used.",,0.0,True,True,True,,,,,,False,1157,unavailable,unavailable,unavailable,86,1243,11.542,0,False,,42,42,,"[""ollama""]","[""2d517f7d4b15301ea3523278cecc8bbf38ef00e03ef5f70483a757b0447b6169""]",[10000],"[""completed""]","[""""]",1,0,False,"[{""provider"": ""ollama"", ""model"": ""gemma3:12b"", ""prompt_sha256"": ""2d517f7d4b15301ea3523278cecc8bbf38ef00e03ef5f70483a757b0447b6169"", ""prompt_hash"": ""2d517f7d4b15301ea3523278cecc8bbf38ef00e03ef5f70483a757b0447b6169"", ""prompt_character_count"": 3684, ""prompt_utf8_bytes"": 3684, ""requested_seed"": 42, ""effective_seed"": 42, ""requested_temperature"": null, ""effective_temperature"": null, ""requested_output_token_limit"": 10000, ""effective_output_token_limit"": 10000, ""completion_status"": ""completed"", ""incomplete_reason"": """", ""truncated"": false, ""had_truncation"": false, ""truncation_retry_count"": 0, ""truncation_recovered"": false, ""attempts"": [{""attempt"": 1, ""requested_output_token_limit"": 10000, ""effective_output_token_limit"": 10000, ""completion_status"": ""completed"", ""incomplete_reason"": """", ""truncated"": false, ""input_tokens"": 1157, ""output_tokens"": 86, ""reasoning_tokens"": """", ""api_attempts"": 1, ""prompt_eval_count"": 1157, ""eval_count"": 86, ""done"": true, ""done_reason"": ""stop"", ""requested_num_ctx"": null, ""effective_num_ctx"": null, ""think_requested"": true, ""think_honored"": true, ""think_fallback_used"": false, ""think_fallback_http_status"": null}], ""dropped_parameters"": [], ""reasoning_tokens"": """", ""input_tokens"": 1157, ""cached_input_tokens"": """", ""uncached_input_tokens"": """", ""output_tokens"": 86, ""provider_cache_status"": ""unavailable"", ""api_attempts"": 1, ""structured_output_requested"": true, ""structured_output_enforced"": true, ""structured_output_schema_name"": ""track_0_review"", ""structured_output_schema_sha256"": ""6a4a2d4573e9ccd055b4c71bb46f15ff86c3d81e9dd7b768ad256f45db757384"", ""response_schema_hash"": ""6a4a2d4573e9ccd055b4c71bb46f15ff86c3d81e9dd7b768ad256f45db757384"", ""stable_prefix_hash"": ""7077f1238010402ee74d1a83c3a0fb99992b2a4f17b4d0804914077a6cbfd285"", ""prompt_eval_count"": 1157, ""eval_count"": 86, ""done"": true, ""done_reason"": ""stop"", ""requested_num_ctx"": null, ""effective_num_ctx"": null, ""num_ctx_explicit"": false, ""think_requested"": true, ""think_honored"": true, ""think_fallback_used"": false, ""think_fallback_http_status"": null, ""empty_response"": false, ""pipeline_stage"": ""track_0_review"", ""role"": ""track_0_reviewer"", ""candidate_id"": ""mut_p45_R_integer_domain"", ""requirement_id"": ""not_applicable"", ""semantic_attempt"": 1, ""technical_retry"": 1}]",0,0,0,0,0,[],,False,{},{},0,0,0,0.0,,incorrect,,direct_no_requirement_review,False,0.0,0.0,,,,e88a107eb371ff0588917621601e2adabeb7155e02b318a6da38d201c6a8b4eb,,,,,,,,,,,,,,,,,,,,,,,,,,,,,
