run_id,model,problem_id,sample,generated_code_path,raw_response_path,prompt_path,generated_code_sha256,raw_response_sha256
p1__gemma3_12b__s0,Gemma 3 12B,1,0,gemma/original_outputs/generated_code/p1__gemma3_12b__s0.py,gemma/original_outputs/responses/p1__gemma3_12b__s0_raw.txt,gemma/original_outputs/prompts/p1_prompt.txt,ad118c951570bb7be72b6e97de100050acb18a179290193794fa87149aa0ff5e,be0dd1f3be9a3d1a4c60d447d8f73a04a6b526016e7c62e26ffe64abc1e34226
p1__gemma3_12b__s1,Gemma 3 12B,1,1,gemma/original_outputs/generated_code/p1__gemma3_12b__s1.py,gemma/original_outputs/responses/p1__gemma3_12b__s1_raw.txt,gemma/original_outputs/prompts/p1_prompt.txt,ad118c951570bb7be72b6e97de100050acb18a179290193794fa87149aa0ff5e,be0dd1f3be9a3d1a4c60d447d8f73a04a6b526016e7c62e26ffe64abc1e34226
p1__gemma3_12b__s2,Gemma 3 12B,1,2,gemma/original_outputs/generated_code/p1__gemma3_12b__s2.py,gemma/original_outputs/responses/p1__gemma3_12b__s2_raw.txt,gemma/original_outputs/prompts/p1_prompt.txt,ad118c951570bb7be72b6e97de100050acb18a179290193794fa87149aa0ff5e,be0dd1f3be9a3d1a4c60d447d8f73a04a6b526016e7c62e26ffe64abc1e34226
p1__gemma3_12b__s3,Gemma 3 12B,1,3,gemma/original_outputs/generated_code/p1__gemma3_12b__s3.py,gemma/original_outputs/responses/p1__gemma3_12b__s3_raw.txt,gemma/original_outputs/prompts/p1_prompt.txt,ad118c951570bb7be72b6e97de100050acb18a179290193794fa87149aa0ff5e,be0dd1f3be9a3d1a4c60d447d8f73a04a6b526016e7c62e26ffe64abc1e34226
p1__gemma3_12b__s4,Gemma 3 12B,1,4,gemma/original_outputs/generated_code/p1__gemma3_12b__s4.py,gemma/original_outputs/responses/p1__gemma3_12b__s4_raw.txt,gemma/original_outputs/prompts/p1_prompt.txt,ad118c951570bb7be72b6e97de100050acb18a179290193794fa87149aa0ff5e,be0dd1f3be9a3d1a4c60d447d8f73a04a6b526016e7c62e26ffe64abc1e34226
p1__gemma3_12b__s5,Gemma 3 12B,1,5,gemma/original_outputs/generated_code/p1__gemma3_12b__s5.py,gemma/original_outputs/responses/p1__gemma3_12b__s5_raw.txt,gemma/original_outputs/prompts/p1_prompt.txt,ad118c951570bb7be72b6e97de100050acb18a179290193794fa87149aa0ff5e,be0dd1f3be9a3d1a4c60d447d8f73a04a6b526016e7c62e26ffe64abc1e34226
p1__gemma3_12b__s6,Gemma 3 12B,1,6,gemma/original_outputs/generated_code/p1__gemma3_12b__s6.py,gemma/original_outputs/responses/p1__gemma3_12b__s6_raw.txt,gemma/original_outputs/prompts/p1_prompt.txt,ad118c951570bb7be72b6e97de100050acb18a179290193794fa87149aa0ff5e,be0dd1f3be9a3d1a4c60d447d8f73a04a6b526016e7c62e26ffe64abc1e34226
p1__gemma3_12b__s7,Gemma 3 12B,1,7,gemma/original_outputs/generated_code/p1__gemma3_12b__s7.py,gemma/original_outputs/responses/p1__gemma3_12b__s7_raw.txt,gemma/original_outputs/prompts/p1_prompt.txt,ad118c951570bb7be72b6e97de100050acb18a179290193794fa87149aa0ff5e,be0dd1f3be9a3d1a4c60d447d8f73a04a6b526016e7c62e26ffe64abc1e34226
p1__gemma3_12b__s8,Gemma 3 12B,1,8,gemma/original_outputs/generated_code/p1__gemma3_12b__s8.py,gemma/original_outputs/responses/p1__gemma3_12b__s8_raw.txt,gemma/original_outputs/prompts/p1_prompt.txt,ad118c951570bb7be72b6e97de100050acb18a179290193794fa87149aa0ff5e,be0dd1f3be9a3d1a4c60d447d8f73a04a6b526016e7c62e26ffe64abc1e34226
p1__gemma3_12b__s9,Gemma 3 12B,1,9,gemma/original_outputs/generated_code/p1__gemma3_12b__s9.py,gemma/original_outputs/responses/p1__gemma3_12b__s9_raw.txt,gemma/original_outputs/prompts/p1_prompt.txt,ad118c951570bb7be72b6e97de100050acb18a179290193794fa87149aa0ff5e,be0dd1f3be9a3d1a4c60d447d8f73a04a6b526016e7c62e26ffe64abc1e34226
p2__gemma3_12b__s0,Gemma 3 12B,2,0,gemma/original_outputs/generated_code/p2__gemma3_12b__s0.py,gemma/original_outputs/responses/p2__gemma3_12b__s0_raw.txt,gemma/original_outputs/prompts/p2_prompt.txt,82fa0875ed018f88c6df8fd93e857b90de45ca0b54c9d54fcbdb9c3d3287539a,bd1c8af78e222a20796bc1a024cac12e31f148e86a04cc9eee1500acf0fd1c38
p2__gemma3_12b__s1,Gemma 3 12B,2,1,gemma/original_outputs/generated_code/p2__gemma3_12b__s1.py,gemma/original_outputs/responses/p2__gemma3_12b__s1_raw.txt,gemma/original_outputs/prompts/p2_prompt.txt,82fa0875ed018f88c6df8fd93e857b90de45ca0b54c9d54fcbdb9c3d3287539a,bd1c8af78e222a20796bc1a024cac12e31f148e86a04cc9eee1500acf0fd1c38
p2__gemma3_12b__s2,Gemma 3 12B,2,2,gemma/original_outputs/generated_code/p2__gemma3_12b__s2.py,gemma/original_outputs/responses/p2__gemma3_12b__s2_raw.txt,gemma/original_outputs/prompts/p2_prompt.txt,82fa0875ed018f88c6df8fd93e857b90de45ca0b54c9d54fcbdb9c3d3287539a,bd1c8af78e222a20796bc1a024cac12e31f148e86a04cc9eee1500acf0fd1c38
p2__gemma3_12b__s3,Gemma 3 12B,2,3,gemma/original_outputs/generated_code/p2__gemma3_12b__s3.py,gemma/original_outputs/responses/p2__gemma3_12b__s3_raw.txt,gemma/original_outputs/prompts/p2_prompt.txt,82fa0875ed018f88c6df8fd93e857b90de45ca0b54c9d54fcbdb9c3d3287539a,bd1c8af78e222a20796bc1a024cac12e31f148e86a04cc9eee1500acf0fd1c38
p2__gemma3_12b__s4,Gemma 3 12B,2,4,gemma/original_outputs/generated_code/p2__gemma3_12b__s4.py,gemma/original_outputs/responses/p2__gemma3_12b__s4_raw.txt,gemma/original_outputs/prompts/p2_prompt.txt,82fa0875ed018f88c6df8fd93e857b90de45ca0b54c9d54fcbdb9c3d3287539a,bd1c8af78e222a20796bc1a024cac12e31f148e86a04cc9eee1500acf0fd1c38
p2__gemma3_12b__s5,Gemma 3 12B,2,5,gemma/original_outputs/generated_code/p2__gemma3_12b__s5.py,gemma/original_outputs/responses/p2__gemma3_12b__s5_raw.txt,gemma/original_outputs/prompts/p2_prompt.txt,82fa0875ed018f88c6df8fd93e857b90de45ca0b54c9d54fcbdb9c3d3287539a,bd1c8af78e222a20796bc1a024cac12e31f148e86a04cc9eee1500acf0fd1c38
p2__gemma3_12b__s6,Gemma 3 12B,2,6,gemma/original_outputs/generated_code/p2__gemma3_12b__s6.py,gemma/original_outputs/responses/p2__gemma3_12b__s6_raw.txt,gemma/original_outputs/prompts/p2_prompt.txt,82fa0875ed018f88c6df8fd93e857b90de45ca0b54c9d54fcbdb9c3d3287539a,bd1c8af78e222a20796bc1a024cac12e31f148e86a04cc9eee1500acf0fd1c38
p2__gemma3_12b__s7,Gemma 3 12B,2,7,gemma/original_outputs/generated_code/p2__gemma3_12b__s7.py,gemma/original_outputs/responses/p2__gemma3_12b__s7_raw.txt,gemma/original_outputs/prompts/p2_prompt.txt,82fa0875ed018f88c6df8fd93e857b90de45ca0b54c9d54fcbdb9c3d3287539a,bd1c8af78e222a20796bc1a024cac12e31f148e86a04cc9eee1500acf0fd1c38
p2__gemma3_12b__s8,Gemma 3 12B,2,8,gemma/original_outputs/generated_code/p2__gemma3_12b__s8.py,gemma/original_outputs/responses/p2__gemma3_12b__s8_raw.txt,gemma/original_outputs/prompts/p2_prompt.txt,82fa0875ed018f88c6df8fd93e857b90de45ca0b54c9d54fcbdb9c3d3287539a,bd1c8af78e222a20796bc1a024cac12e31f148e86a04cc9eee1500acf0fd1c38
p2__gemma3_12b__s9,Gemma 3 12B,2,9,gemma/original_outputs/generated_code/p2__gemma3_12b__s9.py,gemma/original_outputs/responses/p2__gemma3_12b__s9_raw.txt,gemma/original_outputs/prompts/p2_prompt.txt,82fa0875ed018f88c6df8fd93e857b90de45ca0b54c9d54fcbdb9c3d3287539a,bd1c8af78e222a20796bc1a024cac12e31f148e86a04cc9eee1500acf0fd1c38
p3__gemma3_12b__s0,Gemma 3 12B,3,0,gemma/original_outputs/generated_code/p3__gemma3_12b__s0.py,gemma/original_outputs/responses/p3__gemma3_12b__s0_raw.txt,gemma/original_outputs/prompts/p3_prompt.txt,e4bfb8117d7201bc66929459920cd6e930d095237e597fcc42d38ffc1111f28b,2d3a030f0b46ee39ce48c975ee81a16b555affa7d7d89513f3001bd11cb6b46e
p3__gemma3_12b__s1,Gemma 3 12B,3,1,gemma/original_outputs/generated_code/p3__gemma3_12b__s1.py,gemma/original_outputs/responses/p3__gemma3_12b__s1_raw.txt,gemma/original_outputs/prompts/p3_prompt.txt,e4bfb8117d7201bc66929459920cd6e930d095237e597fcc42d38ffc1111f28b,2d3a030f0b46ee39ce48c975ee81a16b555affa7d7d89513f3001bd11cb6b46e
p3__gemma3_12b__s2,Gemma 3 12B,3,2,gemma/original_outputs/generated_code/p3__gemma3_12b__s2.py,gemma/original_outputs/responses/p3__gemma3_12b__s2_raw.txt,gemma/original_outputs/prompts/p3_prompt.txt,e4bfb8117d7201bc66929459920cd6e930d095237e597fcc42d38ffc1111f28b,2d3a030f0b46ee39ce48c975ee81a16b555affa7d7d89513f3001bd11cb6b46e
p3__gemma3_12b__s3,Gemma 3 12B,3,3,gemma/original_outputs/generated_code/p3__gemma3_12b__s3.py,gemma/original_outputs/responses/p3__gemma3_12b__s3_raw.txt,gemma/original_outputs/prompts/p3_prompt.txt,e4bfb8117d7201bc66929459920cd6e930d095237e597fcc42d38ffc1111f28b,2d3a030f0b46ee39ce48c975ee81a16b555affa7d7d89513f3001bd11cb6b46e
p3__gemma3_12b__s4,Gemma 3 12B,3,4,gemma/original_outputs/generated_code/p3__gemma3_12b__s4.py,gemma/original_outputs/responses/p3__gemma3_12b__s4_raw.txt,gemma/original_outputs/prompts/p3_prompt.txt,e4bfb8117d7201bc66929459920cd6e930d095237e597fcc42d38ffc1111f28b,2d3a030f0b46ee39ce48c975ee81a16b555affa7d7d89513f3001bd11cb6b46e
p3__gemma3_12b__s5,Gemma 3 12B,3,5,gemma/original_outputs/generated_code/p3__gemma3_12b__s5.py,gemma/original_outputs/responses/p3__gemma3_12b__s5_raw.txt,gemma/original_outputs/prompts/p3_prompt.txt,e4bfb8117d7201bc66929459920cd6e930d095237e597fcc42d38ffc1111f28b,2d3a030f0b46ee39ce48c975ee81a16b555affa7d7d89513f3001bd11cb6b46e
p3__gemma3_12b__s6,Gemma 3 12B,3,6,gemma/original_outputs/generated_code/p3__gemma3_12b__s6.py,gemma/original_outputs/responses/p3__gemma3_12b__s6_raw.txt,gemma/original_outputs/prompts/p3_prompt.txt,e4bfb8117d7201bc66929459920cd6e930d095237e597fcc42d38ffc1111f28b,2d3a030f0b46ee39ce48c975ee81a16b555affa7d7d89513f3001bd11cb6b46e
p3__gemma3_12b__s7,Gemma 3 12B,3,7,gemma/original_outputs/generated_code/p3__gemma3_12b__s7.py,gemma/original_outputs/responses/p3__gemma3_12b__s7_raw.txt,gemma/original_outputs/prompts/p3_prompt.txt,e4bfb8117d7201bc66929459920cd6e930d095237e597fcc42d38ffc1111f28b,2d3a030f0b46ee39ce48c975ee81a16b555affa7d7d89513f3001bd11cb6b46e
p3__gemma3_12b__s8,Gemma 3 12B,3,8,gemma/original_outputs/generated_code/p3__gemma3_12b__s8.py,gemma/original_outputs/responses/p3__gemma3_12b__s8_raw.txt,gemma/original_outputs/prompts/p3_prompt.txt,e4bfb8117d7201bc66929459920cd6e930d095237e597fcc42d38ffc1111f28b,2d3a030f0b46ee39ce48c975ee81a16b555affa7d7d89513f3001bd11cb6b46e
p3__gemma3_12b__s9,Gemma 3 12B,3,9,gemma/original_outputs/generated_code/p3__gemma3_12b__s9.py,gemma/original_outputs/responses/p3__gemma3_12b__s9_raw.txt,gemma/original_outputs/prompts/p3_prompt.txt,e4bfb8117d7201bc66929459920cd6e930d095237e597fcc42d38ffc1111f28b,2d3a030f0b46ee39ce48c975ee81a16b555affa7d7d89513f3001bd11cb6b46e
p4__gemma3_12b__s0,Gemma 3 12B,4,0,gemma/original_outputs/generated_code/p4__gemma3_12b__s0.py,gemma/original_outputs/responses/p4__gemma3_12b__s0_raw.txt,gemma/original_outputs/prompts/p4_prompt.txt,98bfb4f63ead8d38c7dfb6989c0324f743feebf1fd32311913605375950576a3,878e7be7e76b37afc9662e0e084b00c84255d0ac8aff8613552c6d12578befaa
p4__gemma3_12b__s1,Gemma 3 12B,4,1,gemma/original_outputs/generated_code/p4__gemma3_12b__s1.py,gemma/original_outputs/responses/p4__gemma3_12b__s1_raw.txt,gemma/original_outputs/prompts/p4_prompt.txt,98bfb4f63ead8d38c7dfb6989c0324f743feebf1fd32311913605375950576a3,878e7be7e76b37afc9662e0e084b00c84255d0ac8aff8613552c6d12578befaa
p4__gemma3_12b__s2,Gemma 3 12B,4,2,gemma/original_outputs/generated_code/p4__gemma3_12b__s2.py,gemma/original_outputs/responses/p4__gemma3_12b__s2_raw.txt,gemma/original_outputs/prompts/p4_prompt.txt,98bfb4f63ead8d38c7dfb6989c0324f743feebf1fd32311913605375950576a3,878e7be7e76b37afc9662e0e084b00c84255d0ac8aff8613552c6d12578befaa
p4__gemma3_12b__s3,Gemma 3 12B,4,3,gemma/original_outputs/generated_code/p4__gemma3_12b__s3.py,gemma/original_outputs/responses/p4__gemma3_12b__s3_raw.txt,gemma/original_outputs/prompts/p4_prompt.txt,98bfb4f63ead8d38c7dfb6989c0324f743feebf1fd32311913605375950576a3,878e7be7e76b37afc9662e0e084b00c84255d0ac8aff8613552c6d12578befaa
p4__gemma3_12b__s4,Gemma 3 12B,4,4,gemma/original_outputs/generated_code/p4__gemma3_12b__s4.py,gemma/original_outputs/responses/p4__gemma3_12b__s4_raw.txt,gemma/original_outputs/prompts/p4_prompt.txt,98bfb4f63ead8d38c7dfb6989c0324f743feebf1fd32311913605375950576a3,878e7be7e76b37afc9662e0e084b00c84255d0ac8aff8613552c6d12578befaa
p4__gemma3_12b__s5,Gemma 3 12B,4,5,gemma/original_outputs/generated_code/p4__gemma3_12b__s5.py,gemma/original_outputs/responses/p4__gemma3_12b__s5_raw.txt,gemma/original_outputs/prompts/p4_prompt.txt,98bfb4f63ead8d38c7dfb6989c0324f743feebf1fd32311913605375950576a3,878e7be7e76b37afc9662e0e084b00c84255d0ac8aff8613552c6d12578befaa
p4__gemma3_12b__s6,Gemma 3 12B,4,6,gemma/original_outputs/generated_code/p4__gemma3_12b__s6.py,gemma/original_outputs/responses/p4__gemma3_12b__s6_raw.txt,gemma/original_outputs/prompts/p4_prompt.txt,98bfb4f63ead8d38c7dfb6989c0324f743feebf1fd32311913605375950576a3,878e7be7e76b37afc9662e0e084b00c84255d0ac8aff8613552c6d12578befaa
p4__gemma3_12b__s7,Gemma 3 12B,4,7,gemma/original_outputs/generated_code/p4__gemma3_12b__s7.py,gemma/original_outputs/responses/p4__gemma3_12b__s7_raw.txt,gemma/original_outputs/prompts/p4_prompt.txt,98bfb4f63ead8d38c7dfb6989c0324f743feebf1fd32311913605375950576a3,878e7be7e76b37afc9662e0e084b00c84255d0ac8aff8613552c6d12578befaa
p4__gemma3_12b__s8,Gemma 3 12B,4,8,gemma/original_outputs/generated_code/p4__gemma3_12b__s8.py,gemma/original_outputs/responses/p4__gemma3_12b__s8_raw.txt,gemma/original_outputs/prompts/p4_prompt.txt,98bfb4f63ead8d38c7dfb6989c0324f743feebf1fd32311913605375950576a3,878e7be7e76b37afc9662e0e084b00c84255d0ac8aff8613552c6d12578befaa
p4__gemma3_12b__s9,Gemma 3 12B,4,9,gemma/original_outputs/generated_code/p4__gemma3_12b__s9.py,gemma/original_outputs/responses/p4__gemma3_12b__s9_raw.txt,gemma/original_outputs/prompts/p4_prompt.txt,98bfb4f63ead8d38c7dfb6989c0324f743feebf1fd32311913605375950576a3,878e7be7e76b37afc9662e0e084b00c84255d0ac8aff8613552c6d12578befaa
p5__gemma3_12b__s0,Gemma 3 12B,5,0,gemma/original_outputs/generated_code/p5__gemma3_12b__s0.py,gemma/original_outputs/responses/p5__gemma3_12b__s0_raw.txt,gemma/original_outputs/prompts/p5_prompt.txt,8878a220d5f6e49f509cb93988f036602999fd479518994bb72d1d487847b41e,37da386245f7ba0589d6255c12ebf0e497bbe0032b2348038f58b5b0f3529b11
p5__gemma3_12b__s1,Gemma 3 12B,5,1,gemma/original_outputs/generated_code/p5__gemma3_12b__s1.py,gemma/original_outputs/responses/p5__gemma3_12b__s1_raw.txt,gemma/original_outputs/prompts/p5_prompt.txt,8878a220d5f6e49f509cb93988f036602999fd479518994bb72d1d487847b41e,37da386245f7ba0589d6255c12ebf0e497bbe0032b2348038f58b5b0f3529b11
p5__gemma3_12b__s2,Gemma 3 12B,5,2,gemma/original_outputs/generated_code/p5__gemma3_12b__s2.py,gemma/original_outputs/responses/p5__gemma3_12b__s2_raw.txt,gemma/original_outputs/prompts/p5_prompt.txt,8878a220d5f6e49f509cb93988f036602999fd479518994bb72d1d487847b41e,37da386245f7ba0589d6255c12ebf0e497bbe0032b2348038f58b5b0f3529b11
p5__gemma3_12b__s3,Gemma 3 12B,5,3,gemma/original_outputs/generated_code/p5__gemma3_12b__s3.py,gemma/original_outputs/responses/p5__gemma3_12b__s3_raw.txt,gemma/original_outputs/prompts/p5_prompt.txt,8878a220d5f6e49f509cb93988f036602999fd479518994bb72d1d487847b41e,37da386245f7ba0589d6255c12ebf0e497bbe0032b2348038f58b5b0f3529b11
p5__gemma3_12b__s4,Gemma 3 12B,5,4,gemma/original_outputs/generated_code/p5__gemma3_12b__s4.py,gemma/original_outputs/responses/p5__gemma3_12b__s4_raw.txt,gemma/original_outputs/prompts/p5_prompt.txt,8878a220d5f6e49f509cb93988f036602999fd479518994bb72d1d487847b41e,37da386245f7ba0589d6255c12ebf0e497bbe0032b2348038f58b5b0f3529b11
p5__gemma3_12b__s5,Gemma 3 12B,5,5,gemma/original_outputs/generated_code/p5__gemma3_12b__s5.py,gemma/original_outputs/responses/p5__gemma3_12b__s5_raw.txt,gemma/original_outputs/prompts/p5_prompt.txt,8878a220d5f6e49f509cb93988f036602999fd479518994bb72d1d487847b41e,37da386245f7ba0589d6255c12ebf0e497bbe0032b2348038f58b5b0f3529b11
p5__gemma3_12b__s6,Gemma 3 12B,5,6,gemma/original_outputs/generated_code/p5__gemma3_12b__s6.py,gemma/original_outputs/responses/p5__gemma3_12b__s6_raw.txt,gemma/original_outputs/prompts/p5_prompt.txt,8878a220d5f6e49f509cb93988f036602999fd479518994bb72d1d487847b41e,37da386245f7ba0589d6255c12ebf0e497bbe0032b2348038f58b5b0f3529b11
p5__gemma3_12b__s7,Gemma 3 12B,5,7,gemma/original_outputs/generated_code/p5__gemma3_12b__s7.py,gemma/original_outputs/responses/p5__gemma3_12b__s7_raw.txt,gemma/original_outputs/prompts/p5_prompt.txt,8878a220d5f6e49f509cb93988f036602999fd479518994bb72d1d487847b41e,37da386245f7ba0589d6255c12ebf0e497bbe0032b2348038f58b5b0f3529b11
p5__gemma3_12b__s8,Gemma 3 12B,5,8,gemma/original_outputs/generated_code/p5__gemma3_12b__s8.py,gemma/original_outputs/responses/p5__gemma3_12b__s8_raw.txt,gemma/original_outputs/prompts/p5_prompt.txt,8878a220d5f6e49f509cb93988f036602999fd479518994bb72d1d487847b41e,37da386245f7ba0589d6255c12ebf0e497bbe0032b2348038f58b5b0f3529b11
p5__gemma3_12b__s9,Gemma 3 12B,5,9,gemma/original_outputs/generated_code/p5__gemma3_12b__s9.py,gemma/original_outputs/responses/p5__gemma3_12b__s9_raw.txt,gemma/original_outputs/prompts/p5_prompt.txt,8878a220d5f6e49f509cb93988f036602999fd479518994bb72d1d487847b41e,37da386245f7ba0589d6255c12ebf0e497bbe0032b2348038f58b5b0f3529b11
p6__gemma3_12b__s0,Gemma 3 12B,6,0,gemma/original_outputs/generated_code/p6__gemma3_12b__s0.py,gemma/original_outputs/responses/p6__gemma3_12b__s0_raw.txt,gemma/original_outputs/prompts/p6_prompt.txt,d121c5a4728a9df8ea4ea5364dc967759f025ff55bf2c470e1f9eea753d77e07,9ab6e1e78b927311f6d8a7cf7b2bdf1c82ed93c82ba2df58b57fad024aa5570d
p6__gemma3_12b__s1,Gemma 3 12B,6,1,gemma/original_outputs/generated_code/p6__gemma3_12b__s1.py,gemma/original_outputs/responses/p6__gemma3_12b__s1_raw.txt,gemma/original_outputs/prompts/p6_prompt.txt,d121c5a4728a9df8ea4ea5364dc967759f025ff55bf2c470e1f9eea753d77e07,9ab6e1e78b927311f6d8a7cf7b2bdf1c82ed93c82ba2df58b57fad024aa5570d
p6__gemma3_12b__s2,Gemma 3 12B,6,2,gemma/original_outputs/generated_code/p6__gemma3_12b__s2.py,gemma/original_outputs/responses/p6__gemma3_12b__s2_raw.txt,gemma/original_outputs/prompts/p6_prompt.txt,d121c5a4728a9df8ea4ea5364dc967759f025ff55bf2c470e1f9eea753d77e07,9ab6e1e78b927311f6d8a7cf7b2bdf1c82ed93c82ba2df58b57fad024aa5570d
p6__gemma3_12b__s3,Gemma 3 12B,6,3,gemma/original_outputs/generated_code/p6__gemma3_12b__s3.py,gemma/original_outputs/responses/p6__gemma3_12b__s3_raw.txt,gemma/original_outputs/prompts/p6_prompt.txt,d121c5a4728a9df8ea4ea5364dc967759f025ff55bf2c470e1f9eea753d77e07,9ab6e1e78b927311f6d8a7cf7b2bdf1c82ed93c82ba2df58b57fad024aa5570d
p6__gemma3_12b__s4,Gemma 3 12B,6,4,gemma/original_outputs/generated_code/p6__gemma3_12b__s4.py,gemma/original_outputs/responses/p6__gemma3_12b__s4_raw.txt,gemma/original_outputs/prompts/p6_prompt.txt,d121c5a4728a9df8ea4ea5364dc967759f025ff55bf2c470e1f9eea753d77e07,9ab6e1e78b927311f6d8a7cf7b2bdf1c82ed93c82ba2df58b57fad024aa5570d
p6__gemma3_12b__s5,Gemma 3 12B,6,5,gemma/original_outputs/generated_code/p6__gemma3_12b__s5.py,gemma/original_outputs/responses/p6__gemma3_12b__s5_raw.txt,gemma/original_outputs/prompts/p6_prompt.txt,d121c5a4728a9df8ea4ea5364dc967759f025ff55bf2c470e1f9eea753d77e07,9ab6e1e78b927311f6d8a7cf7b2bdf1c82ed93c82ba2df58b57fad024aa5570d
p6__gemma3_12b__s6,Gemma 3 12B,6,6,gemma/original_outputs/generated_code/p6__gemma3_12b__s6.py,gemma/original_outputs/responses/p6__gemma3_12b__s6_raw.txt,gemma/original_outputs/prompts/p6_prompt.txt,d121c5a4728a9df8ea4ea5364dc967759f025ff55bf2c470e1f9eea753d77e07,9ab6e1e78b927311f6d8a7cf7b2bdf1c82ed93c82ba2df58b57fad024aa5570d
p6__gemma3_12b__s7,Gemma 3 12B,6,7,gemma/original_outputs/generated_code/p6__gemma3_12b__s7.py,gemma/original_outputs/responses/p6__gemma3_12b__s7_raw.txt,gemma/original_outputs/prompts/p6_prompt.txt,d121c5a4728a9df8ea4ea5364dc967759f025ff55bf2c470e1f9eea753d77e07,9ab6e1e78b927311f6d8a7cf7b2bdf1c82ed93c82ba2df58b57fad024aa5570d
p6__gemma3_12b__s8,Gemma 3 12B,6,8,gemma/original_outputs/generated_code/p6__gemma3_12b__s8.py,gemma/original_outputs/responses/p6__gemma3_12b__s8_raw.txt,gemma/original_outputs/prompts/p6_prompt.txt,d121c5a4728a9df8ea4ea5364dc967759f025ff55bf2c470e1f9eea753d77e07,9ab6e1e78b927311f6d8a7cf7b2bdf1c82ed93c82ba2df58b57fad024aa5570d
p6__gemma3_12b__s9,Gemma 3 12B,6,9,gemma/original_outputs/generated_code/p6__gemma3_12b__s9.py,gemma/original_outputs/responses/p6__gemma3_12b__s9_raw.txt,gemma/original_outputs/prompts/p6_prompt.txt,d121c5a4728a9df8ea4ea5364dc967759f025ff55bf2c470e1f9eea753d77e07,9ab6e1e78b927311f6d8a7cf7b2bdf1c82ed93c82ba2df58b57fad024aa5570d
p7__gemma3_12b__s0,Gemma 3 12B,7,0,gemma/original_outputs/generated_code/p7__gemma3_12b__s0.py,gemma/original_outputs/responses/p7__gemma3_12b__s0_raw.txt,gemma/original_outputs/prompts/p7_prompt.txt,c0482f19b7250ddff51f292539d36541f0d8b145ec1544bcc93a30c1aba809c7,9b0ad33fc045771b3253ab9e8cea318e71b6651a7861a171fef38a34bd1c896c
p7__gemma3_12b__s1,Gemma 3 12B,7,1,gemma/original_outputs/generated_code/p7__gemma3_12b__s1.py,gemma/original_outputs/responses/p7__gemma3_12b__s1_raw.txt,gemma/original_outputs/prompts/p7_prompt.txt,c0482f19b7250ddff51f292539d36541f0d8b145ec1544bcc93a30c1aba809c7,9b0ad33fc045771b3253ab9e8cea318e71b6651a7861a171fef38a34bd1c896c
p7__gemma3_12b__s2,Gemma 3 12B,7,2,gemma/original_outputs/generated_code/p7__gemma3_12b__s2.py,gemma/original_outputs/responses/p7__gemma3_12b__s2_raw.txt,gemma/original_outputs/prompts/p7_prompt.txt,c0482f19b7250ddff51f292539d36541f0d8b145ec1544bcc93a30c1aba809c7,9b0ad33fc045771b3253ab9e8cea318e71b6651a7861a171fef38a34bd1c896c
p7__gemma3_12b__s3,Gemma 3 12B,7,3,gemma/original_outputs/generated_code/p7__gemma3_12b__s3.py,gemma/original_outputs/responses/p7__gemma3_12b__s3_raw.txt,gemma/original_outputs/prompts/p7_prompt.txt,c0482f19b7250ddff51f292539d36541f0d8b145ec1544bcc93a30c1aba809c7,9b0ad33fc045771b3253ab9e8cea318e71b6651a7861a171fef38a34bd1c896c
p7__gemma3_12b__s4,Gemma 3 12B,7,4,gemma/original_outputs/generated_code/p7__gemma3_12b__s4.py,gemma/original_outputs/responses/p7__gemma3_12b__s4_raw.txt,gemma/original_outputs/prompts/p7_prompt.txt,c0482f19b7250ddff51f292539d36541f0d8b145ec1544bcc93a30c1aba809c7,9b0ad33fc045771b3253ab9e8cea318e71b6651a7861a171fef38a34bd1c896c
p7__gemma3_12b__s5,Gemma 3 12B,7,5,gemma/original_outputs/generated_code/p7__gemma3_12b__s5.py,gemma/original_outputs/responses/p7__gemma3_12b__s5_raw.txt,gemma/original_outputs/prompts/p7_prompt.txt,c0482f19b7250ddff51f292539d36541f0d8b145ec1544bcc93a30c1aba809c7,9b0ad33fc045771b3253ab9e8cea318e71b6651a7861a171fef38a34bd1c896c
p7__gemma3_12b__s6,Gemma 3 12B,7,6,gemma/original_outputs/generated_code/p7__gemma3_12b__s6.py,gemma/original_outputs/responses/p7__gemma3_12b__s6_raw.txt,gemma/original_outputs/prompts/p7_prompt.txt,c0482f19b7250ddff51f292539d36541f0d8b145ec1544bcc93a30c1aba809c7,9b0ad33fc045771b3253ab9e8cea318e71b6651a7861a171fef38a34bd1c896c
p7__gemma3_12b__s7,Gemma 3 12B,7,7,gemma/original_outputs/generated_code/p7__gemma3_12b__s7.py,gemma/original_outputs/responses/p7__gemma3_12b__s7_raw.txt,gemma/original_outputs/prompts/p7_prompt.txt,c0482f19b7250ddff51f292539d36541f0d8b145ec1544bcc93a30c1aba809c7,9b0ad33fc045771b3253ab9e8cea318e71b6651a7861a171fef38a34bd1c896c
p7__gemma3_12b__s8,Gemma 3 12B,7,8,gemma/original_outputs/generated_code/p7__gemma3_12b__s8.py,gemma/original_outputs/responses/p7__gemma3_12b__s8_raw.txt,gemma/original_outputs/prompts/p7_prompt.txt,c0482f19b7250ddff51f292539d36541f0d8b145ec1544bcc93a30c1aba809c7,9b0ad33fc045771b3253ab9e8cea318e71b6651a7861a171fef38a34bd1c896c
p7__gemma3_12b__s9,Gemma 3 12B,7,9,gemma/original_outputs/generated_code/p7__gemma3_12b__s9.py,gemma/original_outputs/responses/p7__gemma3_12b__s9_raw.txt,gemma/original_outputs/prompts/p7_prompt.txt,c0482f19b7250ddff51f292539d36541f0d8b145ec1544bcc93a30c1aba809c7,9b0ad33fc045771b3253ab9e8cea318e71b6651a7861a171fef38a34bd1c896c
p8__gemma3_12b__s0,Gemma 3 12B,8,0,gemma/original_outputs/generated_code/p8__gemma3_12b__s0.py,gemma/original_outputs/responses/p8__gemma3_12b__s0_raw.txt,gemma/original_outputs/prompts/p8_prompt.txt,ebdcd1395c985c1c6678f3f6ffed6bf6f61b60bd804256300da6d990aa24c93e,b851f2f5027e6ff5fdde7bc5a8bef6524643fa7c600c8bbeed7754111c93b08f
p8__gemma3_12b__s1,Gemma 3 12B,8,1,gemma/original_outputs/generated_code/p8__gemma3_12b__s1.py,gemma/original_outputs/responses/p8__gemma3_12b__s1_raw.txt,gemma/original_outputs/prompts/p8_prompt.txt,ebdcd1395c985c1c6678f3f6ffed6bf6f61b60bd804256300da6d990aa24c93e,b851f2f5027e6ff5fdde7bc5a8bef6524643fa7c600c8bbeed7754111c93b08f
p8__gemma3_12b__s2,Gemma 3 12B,8,2,gemma/original_outputs/generated_code/p8__gemma3_12b__s2.py,gemma/original_outputs/responses/p8__gemma3_12b__s2_raw.txt,gemma/original_outputs/prompts/p8_prompt.txt,ebdcd1395c985c1c6678f3f6ffed6bf6f61b60bd804256300da6d990aa24c93e,b851f2f5027e6ff5fdde7bc5a8bef6524643fa7c600c8bbeed7754111c93b08f
p8__gemma3_12b__s3,Gemma 3 12B,8,3,gemma/original_outputs/generated_code/p8__gemma3_12b__s3.py,gemma/original_outputs/responses/p8__gemma3_12b__s3_raw.txt,gemma/original_outputs/prompts/p8_prompt.txt,ebdcd1395c985c1c6678f3f6ffed6bf6f61b60bd804256300da6d990aa24c93e,b851f2f5027e6ff5fdde7bc5a8bef6524643fa7c600c8bbeed7754111c93b08f
p8__gemma3_12b__s4,Gemma 3 12B,8,4,gemma/original_outputs/generated_code/p8__gemma3_12b__s4.py,gemma/original_outputs/responses/p8__gemma3_12b__s4_raw.txt,gemma/original_outputs/prompts/p8_prompt.txt,ebdcd1395c985c1c6678f3f6ffed6bf6f61b60bd804256300da6d990aa24c93e,b851f2f5027e6ff5fdde7bc5a8bef6524643fa7c600c8bbeed7754111c93b08f
p8__gemma3_12b__s5,Gemma 3 12B,8,5,gemma/original_outputs/generated_code/p8__gemma3_12b__s5.py,gemma/original_outputs/responses/p8__gemma3_12b__s5_raw.txt,gemma/original_outputs/prompts/p8_prompt.txt,ebdcd1395c985c1c6678f3f6ffed6bf6f61b60bd804256300da6d990aa24c93e,b851f2f5027e6ff5fdde7bc5a8bef6524643fa7c600c8bbeed7754111c93b08f
p8__gemma3_12b__s6,Gemma 3 12B,8,6,gemma/original_outputs/generated_code/p8__gemma3_12b__s6.py,gemma/original_outputs/responses/p8__gemma3_12b__s6_raw.txt,gemma/original_outputs/prompts/p8_prompt.txt,ebdcd1395c985c1c6678f3f6ffed6bf6f61b60bd804256300da6d990aa24c93e,b851f2f5027e6ff5fdde7bc5a8bef6524643fa7c600c8bbeed7754111c93b08f
p8__gemma3_12b__s7,Gemma 3 12B,8,7,gemma/original_outputs/generated_code/p8__gemma3_12b__s7.py,gemma/original_outputs/responses/p8__gemma3_12b__s7_raw.txt,gemma/original_outputs/prompts/p8_prompt.txt,ebdcd1395c985c1c6678f3f6ffed6bf6f61b60bd804256300da6d990aa24c93e,b851f2f5027e6ff5fdde7bc5a8bef6524643fa7c600c8bbeed7754111c93b08f
p8__gemma3_12b__s8,Gemma 3 12B,8,8,gemma/original_outputs/generated_code/p8__gemma3_12b__s8.py,gemma/original_outputs/responses/p8__gemma3_12b__s8_raw.txt,gemma/original_outputs/prompts/p8_prompt.txt,ebdcd1395c985c1c6678f3f6ffed6bf6f61b60bd804256300da6d990aa24c93e,b851f2f5027e6ff5fdde7bc5a8bef6524643fa7c600c8bbeed7754111c93b08f
p8__gemma3_12b__s9,Gemma 3 12B,8,9,gemma/original_outputs/generated_code/p8__gemma3_12b__s9.py,gemma/original_outputs/responses/p8__gemma3_12b__s9_raw.txt,gemma/original_outputs/prompts/p8_prompt.txt,ebdcd1395c985c1c6678f3f6ffed6bf6f61b60bd804256300da6d990aa24c93e,b851f2f5027e6ff5fdde7bc5a8bef6524643fa7c600c8bbeed7754111c93b08f
p9__gemma3_12b__s0,Gemma 3 12B,9,0,gemma/original_outputs/generated_code/p9__gemma3_12b__s0.py,gemma/original_outputs/responses/p9__gemma3_12b__s0_raw.txt,gemma/original_outputs/prompts/p9_prompt.txt,794a5702d098bbb1f49b81aa7a1986021241f06b5693dc7ac83ff03eb6c2f962,5d0f37f7bac564bf5b6888638993caee51e5c1a2bc53807a3186f80ce2147276
p9__gemma3_12b__s1,Gemma 3 12B,9,1,gemma/original_outputs/generated_code/p9__gemma3_12b__s1.py,gemma/original_outputs/responses/p9__gemma3_12b__s1_raw.txt,gemma/original_outputs/prompts/p9_prompt.txt,794a5702d098bbb1f49b81aa7a1986021241f06b5693dc7ac83ff03eb6c2f962,5d0f37f7bac564bf5b6888638993caee51e5c1a2bc53807a3186f80ce2147276
p9__gemma3_12b__s2,Gemma 3 12B,9,2,gemma/original_outputs/generated_code/p9__gemma3_12b__s2.py,gemma/original_outputs/responses/p9__gemma3_12b__s2_raw.txt,gemma/original_outputs/prompts/p9_prompt.txt,794a5702d098bbb1f49b81aa7a1986021241f06b5693dc7ac83ff03eb6c2f962,5d0f37f7bac564bf5b6888638993caee51e5c1a2bc53807a3186f80ce2147276
p9__gemma3_12b__s3,Gemma 3 12B,9,3,gemma/original_outputs/generated_code/p9__gemma3_12b__s3.py,gemma/original_outputs/responses/p9__gemma3_12b__s3_raw.txt,gemma/original_outputs/prompts/p9_prompt.txt,794a5702d098bbb1f49b81aa7a1986021241f06b5693dc7ac83ff03eb6c2f962,5d0f37f7bac564bf5b6888638993caee51e5c1a2bc53807a3186f80ce2147276
p9__gemma3_12b__s4,Gemma 3 12B,9,4,gemma/original_outputs/generated_code/p9__gemma3_12b__s4.py,gemma/original_outputs/responses/p9__gemma3_12b__s4_raw.txt,gemma/original_outputs/prompts/p9_prompt.txt,794a5702d098bbb1f49b81aa7a1986021241f06b5693dc7ac83ff03eb6c2f962,5d0f37f7bac564bf5b6888638993caee51e5c1a2bc53807a3186f80ce2147276
p9__gemma3_12b__s5,Gemma 3 12B,9,5,gemma/original_outputs/generated_code/p9__gemma3_12b__s5.py,gemma/original_outputs/responses/p9__gemma3_12b__s5_raw.txt,gemma/original_outputs/prompts/p9_prompt.txt,794a5702d098bbb1f49b81aa7a1986021241f06b5693dc7ac83ff03eb6c2f962,5d0f37f7bac564bf5b6888638993caee51e5c1a2bc53807a3186f80ce2147276
p9__gemma3_12b__s6,Gemma 3 12B,9,6,gemma/original_outputs/generated_code/p9__gemma3_12b__s6.py,gemma/original_outputs/responses/p9__gemma3_12b__s6_raw.txt,gemma/original_outputs/prompts/p9_prompt.txt,794a5702d098bbb1f49b81aa7a1986021241f06b5693dc7ac83ff03eb6c2f962,5d0f37f7bac564bf5b6888638993caee51e5c1a2bc53807a3186f80ce2147276
p9__gemma3_12b__s7,Gemma 3 12B,9,7,gemma/original_outputs/generated_code/p9__gemma3_12b__s7.py,gemma/original_outputs/responses/p9__gemma3_12b__s7_raw.txt,gemma/original_outputs/prompts/p9_prompt.txt,794a5702d098bbb1f49b81aa7a1986021241f06b5693dc7ac83ff03eb6c2f962,5d0f37f7bac564bf5b6888638993caee51e5c1a2bc53807a3186f80ce2147276
p9__gemma3_12b__s8,Gemma 3 12B,9,8,gemma/original_outputs/generated_code/p9__gemma3_12b__s8.py,gemma/original_outputs/responses/p9__gemma3_12b__s8_raw.txt,gemma/original_outputs/prompts/p9_prompt.txt,794a5702d098bbb1f49b81aa7a1986021241f06b5693dc7ac83ff03eb6c2f962,5d0f37f7bac564bf5b6888638993caee51e5c1a2bc53807a3186f80ce2147276
p9__gemma3_12b__s9,Gemma 3 12B,9,9,gemma/original_outputs/generated_code/p9__gemma3_12b__s9.py,gemma/original_outputs/responses/p9__gemma3_12b__s9_raw.txt,gemma/original_outputs/prompts/p9_prompt.txt,794a5702d098bbb1f49b81aa7a1986021241f06b5693dc7ac83ff03eb6c2f962,5d0f37f7bac564bf5b6888638993caee51e5c1a2bc53807a3186f80ce2147276
p10__gemma3_12b__s0,Gemma 3 12B,10,0,gemma/original_outputs/generated_code/p10__gemma3_12b__s0.py,gemma/original_outputs/responses/p10__gemma3_12b__s0_raw.txt,gemma/original_outputs/prompts/p10_prompt.txt,b233a80f60ef16f472172045ea27c0743a8c65204a8809bd2cde870ab0e08398,aac854dd74639faf219ff5757a62f311e7012740c7bbbe10126b7961b847424c
p10__gemma3_12b__s1,Gemma 3 12B,10,1,gemma/original_outputs/generated_code/p10__gemma3_12b__s1.py,gemma/original_outputs/responses/p10__gemma3_12b__s1_raw.txt,gemma/original_outputs/prompts/p10_prompt.txt,b233a80f60ef16f472172045ea27c0743a8c65204a8809bd2cde870ab0e08398,aac854dd74639faf219ff5757a62f311e7012740c7bbbe10126b7961b847424c
p10__gemma3_12b__s2,Gemma 3 12B,10,2,gemma/original_outputs/generated_code/p10__gemma3_12b__s2.py,gemma/original_outputs/responses/p10__gemma3_12b__s2_raw.txt,gemma/original_outputs/prompts/p10_prompt.txt,b233a80f60ef16f472172045ea27c0743a8c65204a8809bd2cde870ab0e08398,aac854dd74639faf219ff5757a62f311e7012740c7bbbe10126b7961b847424c
p10__gemma3_12b__s3,Gemma 3 12B,10,3,gemma/original_outputs/generated_code/p10__gemma3_12b__s3.py,gemma/original_outputs/responses/p10__gemma3_12b__s3_raw.txt,gemma/original_outputs/prompts/p10_prompt.txt,b233a80f60ef16f472172045ea27c0743a8c65204a8809bd2cde870ab0e08398,aac854dd74639faf219ff5757a62f311e7012740c7bbbe10126b7961b847424c
p10__gemma3_12b__s4,Gemma 3 12B,10,4,gemma/original_outputs/generated_code/p10__gemma3_12b__s4.py,gemma/original_outputs/responses/p10__gemma3_12b__s4_raw.txt,gemma/original_outputs/prompts/p10_prompt.txt,b233a80f60ef16f472172045ea27c0743a8c65204a8809bd2cde870ab0e08398,aac854dd74639faf219ff5757a62f311e7012740c7bbbe10126b7961b847424c
p10__gemma3_12b__s5,Gemma 3 12B,10,5,gemma/original_outputs/generated_code/p10__gemma3_12b__s5.py,gemma/original_outputs/responses/p10__gemma3_12b__s5_raw.txt,gemma/original_outputs/prompts/p10_prompt.txt,b233a80f60ef16f472172045ea27c0743a8c65204a8809bd2cde870ab0e08398,aac854dd74639faf219ff5757a62f311e7012740c7bbbe10126b7961b847424c
p10__gemma3_12b__s6,Gemma 3 12B,10,6,gemma/original_outputs/generated_code/p10__gemma3_12b__s6.py,gemma/original_outputs/responses/p10__gemma3_12b__s6_raw.txt,gemma/original_outputs/prompts/p10_prompt.txt,b233a80f60ef16f472172045ea27c0743a8c65204a8809bd2cde870ab0e08398,aac854dd74639faf219ff5757a62f311e7012740c7bbbe10126b7961b847424c
p10__gemma3_12b__s7,Gemma 3 12B,10,7,gemma/original_outputs/generated_code/p10__gemma3_12b__s7.py,gemma/original_outputs/responses/p10__gemma3_12b__s7_raw.txt,gemma/original_outputs/prompts/p10_prompt.txt,b233a80f60ef16f472172045ea27c0743a8c65204a8809bd2cde870ab0e08398,aac854dd74639faf219ff5757a62f311e7012740c7bbbe10126b7961b847424c
p10__gemma3_12b__s8,Gemma 3 12B,10,8,gemma/original_outputs/generated_code/p10__gemma3_12b__s8.py,gemma/original_outputs/responses/p10__gemma3_12b__s8_raw.txt,gemma/original_outputs/prompts/p10_prompt.txt,b233a80f60ef16f472172045ea27c0743a8c65204a8809bd2cde870ab0e08398,aac854dd74639faf219ff5757a62f311e7012740c7bbbe10126b7961b847424c
p10__gemma3_12b__s9,Gemma 3 12B,10,9,gemma/original_outputs/generated_code/p10__gemma3_12b__s9.py,gemma/original_outputs/responses/p10__gemma3_12b__s9_raw.txt,gemma/original_outputs/prompts/p10_prompt.txt,b233a80f60ef16f472172045ea27c0743a8c65204a8809bd2cde870ab0e08398,aac854dd74639faf219ff5757a62f311e7012740c7bbbe10126b7961b847424c
p11__gemma3_12b__s0,Gemma 3 12B,11,0,,,gemma/original_outputs/prompts/p11_prompt.txt,,
p11__gemma3_12b__s1,Gemma 3 12B,11,1,,,gemma/original_outputs/prompts/p11_prompt.txt,,
p11__gemma3_12b__s2,Gemma 3 12B,11,2,,,gemma/original_outputs/prompts/p11_prompt.txt,,
p11__gemma3_12b__s3,Gemma 3 12B,11,3,,,gemma/original_outputs/prompts/p11_prompt.txt,,
p11__gemma3_12b__s4,Gemma 3 12B,11,4,,,gemma/original_outputs/prompts/p11_prompt.txt,,
p11__gemma3_12b__s5,Gemma 3 12B,11,5,,,gemma/original_outputs/prompts/p11_prompt.txt,,
p11__gemma3_12b__s6,Gemma 3 12B,11,6,,,gemma/original_outputs/prompts/p11_prompt.txt,,
p11__gemma3_12b__s7,Gemma 3 12B,11,7,,,gemma/original_outputs/prompts/p11_prompt.txt,,
p11__gemma3_12b__s8,Gemma 3 12B,11,8,,,gemma/original_outputs/prompts/p11_prompt.txt,,
p11__gemma3_12b__s9,Gemma 3 12B,11,9,,,gemma/original_outputs/prompts/p11_prompt.txt,,
p12__gemma3_12b__s0,Gemma 3 12B,12,0,gemma/original_outputs/generated_code/p12__gemma3_12b__s0.py,gemma/original_outputs/responses/p12__gemma3_12b__s0_raw.txt,gemma/original_outputs/prompts/p12_prompt.txt,918feb620be0ace01f16aae5dab3e058eaefcdd71f9d98b394c384b730f956c8,794cd02634e09a7c75028b5170a7fb6c7b4e8e9a888ad458f871f85daa14c4a7
p12__gemma3_12b__s1,Gemma 3 12B,12,1,gemma/original_outputs/generated_code/p12__gemma3_12b__s1.py,gemma/original_outputs/responses/p12__gemma3_12b__s1_raw.txt,gemma/original_outputs/prompts/p12_prompt.txt,918feb620be0ace01f16aae5dab3e058eaefcdd71f9d98b394c384b730f956c8,794cd02634e09a7c75028b5170a7fb6c7b4e8e9a888ad458f871f85daa14c4a7
p12__gemma3_12b__s2,Gemma 3 12B,12,2,gemma/original_outputs/generated_code/p12__gemma3_12b__s2.py,gemma/original_outputs/responses/p12__gemma3_12b__s2_raw.txt,gemma/original_outputs/prompts/p12_prompt.txt,918feb620be0ace01f16aae5dab3e058eaefcdd71f9d98b394c384b730f956c8,794cd02634e09a7c75028b5170a7fb6c7b4e8e9a888ad458f871f85daa14c4a7
p12__gemma3_12b__s3,Gemma 3 12B,12,3,gemma/original_outputs/generated_code/p12__gemma3_12b__s3.py,gemma/original_outputs/responses/p12__gemma3_12b__s3_raw.txt,gemma/original_outputs/prompts/p12_prompt.txt,918feb620be0ace01f16aae5dab3e058eaefcdd71f9d98b394c384b730f956c8,794cd02634e09a7c75028b5170a7fb6c7b4e8e9a888ad458f871f85daa14c4a7
p12__gemma3_12b__s4,Gemma 3 12B,12,4,gemma/original_outputs/generated_code/p12__gemma3_12b__s4.py,gemma/original_outputs/responses/p12__gemma3_12b__s4_raw.txt,gemma/original_outputs/prompts/p12_prompt.txt,918feb620be0ace01f16aae5dab3e058eaefcdd71f9d98b394c384b730f956c8,794cd02634e09a7c75028b5170a7fb6c7b4e8e9a888ad458f871f85daa14c4a7
p12__gemma3_12b__s5,Gemma 3 12B,12,5,gemma/original_outputs/generated_code/p12__gemma3_12b__s5.py,gemma/original_outputs/responses/p12__gemma3_12b__s5_raw.txt,gemma/original_outputs/prompts/p12_prompt.txt,918feb620be0ace01f16aae5dab3e058eaefcdd71f9d98b394c384b730f956c8,794cd02634e09a7c75028b5170a7fb6c7b4e8e9a888ad458f871f85daa14c4a7
p12__gemma3_12b__s6,Gemma 3 12B,12,6,gemma/original_outputs/generated_code/p12__gemma3_12b__s6.py,gemma/original_outputs/responses/p12__gemma3_12b__s6_raw.txt,gemma/original_outputs/prompts/p12_prompt.txt,918feb620be0ace01f16aae5dab3e058eaefcdd71f9d98b394c384b730f956c8,794cd02634e09a7c75028b5170a7fb6c7b4e8e9a888ad458f871f85daa14c4a7
p12__gemma3_12b__s7,Gemma 3 12B,12,7,gemma/original_outputs/generated_code/p12__gemma3_12b__s7.py,gemma/original_outputs/responses/p12__gemma3_12b__s7_raw.txt,gemma/original_outputs/prompts/p12_prompt.txt,918feb620be0ace01f16aae5dab3e058eaefcdd71f9d98b394c384b730f956c8,794cd02634e09a7c75028b5170a7fb6c7b4e8e9a888ad458f871f85daa14c4a7
p12__gemma3_12b__s8,Gemma 3 12B,12,8,gemma/original_outputs/generated_code/p12__gemma3_12b__s8.py,gemma/original_outputs/responses/p12__gemma3_12b__s8_raw.txt,gemma/original_outputs/prompts/p12_prompt.txt,918feb620be0ace01f16aae5dab3e058eaefcdd71f9d98b394c384b730f956c8,794cd02634e09a7c75028b5170a7fb6c7b4e8e9a888ad458f871f85daa14c4a7
p12__gemma3_12b__s9,Gemma 3 12B,12,9,gemma/original_outputs/generated_code/p12__gemma3_12b__s9.py,gemma/original_outputs/responses/p12__gemma3_12b__s9_raw.txt,gemma/original_outputs/prompts/p12_prompt.txt,918feb620be0ace01f16aae5dab3e058eaefcdd71f9d98b394c384b730f956c8,794cd02634e09a7c75028b5170a7fb6c7b4e8e9a888ad458f871f85daa14c4a7
p13__gemma3_12b__s0,Gemma 3 12B,13,0,gemma/original_outputs/generated_code/p13__gemma3_12b__s0.py,gemma/original_outputs/responses/p13__gemma3_12b__s0_raw.txt,gemma/original_outputs/prompts/p13_prompt.txt,7bc4052f0218b8ab363ab0dad4171c9bd60d8338289fcac352c43e4075a7f254,094c9c1aa09fdeaa6c11ae104654af70f6f1e994fcf966d00d4bc733c0840175
p13__gemma3_12b__s1,Gemma 3 12B,13,1,gemma/original_outputs/generated_code/p13__gemma3_12b__s1.py,gemma/original_outputs/responses/p13__gemma3_12b__s1_raw.txt,gemma/original_outputs/prompts/p13_prompt.txt,7bc4052f0218b8ab363ab0dad4171c9bd60d8338289fcac352c43e4075a7f254,094c9c1aa09fdeaa6c11ae104654af70f6f1e994fcf966d00d4bc733c0840175
p13__gemma3_12b__s2,Gemma 3 12B,13,2,gemma/original_outputs/generated_code/p13__gemma3_12b__s2.py,gemma/original_outputs/responses/p13__gemma3_12b__s2_raw.txt,gemma/original_outputs/prompts/p13_prompt.txt,7bc4052f0218b8ab363ab0dad4171c9bd60d8338289fcac352c43e4075a7f254,094c9c1aa09fdeaa6c11ae104654af70f6f1e994fcf966d00d4bc733c0840175
p13__gemma3_12b__s3,Gemma 3 12B,13,3,gemma/original_outputs/generated_code/p13__gemma3_12b__s3.py,gemma/original_outputs/responses/p13__gemma3_12b__s3_raw.txt,gemma/original_outputs/prompts/p13_prompt.txt,7bc4052f0218b8ab363ab0dad4171c9bd60d8338289fcac352c43e4075a7f254,094c9c1aa09fdeaa6c11ae104654af70f6f1e994fcf966d00d4bc733c0840175
p13__gemma3_12b__s4,Gemma 3 12B,13,4,gemma/original_outputs/generated_code/p13__gemma3_12b__s4.py,gemma/original_outputs/responses/p13__gemma3_12b__s4_raw.txt,gemma/original_outputs/prompts/p13_prompt.txt,7bc4052f0218b8ab363ab0dad4171c9bd60d8338289fcac352c43e4075a7f254,094c9c1aa09fdeaa6c11ae104654af70f6f1e994fcf966d00d4bc733c0840175
p13__gemma3_12b__s5,Gemma 3 12B,13,5,gemma/original_outputs/generated_code/p13__gemma3_12b__s5.py,gemma/original_outputs/responses/p13__gemma3_12b__s5_raw.txt,gemma/original_outputs/prompts/p13_prompt.txt,7bc4052f0218b8ab363ab0dad4171c9bd60d8338289fcac352c43e4075a7f254,094c9c1aa09fdeaa6c11ae104654af70f6f1e994fcf966d00d4bc733c0840175
p13__gemma3_12b__s6,Gemma 3 12B,13,6,gemma/original_outputs/generated_code/p13__gemma3_12b__s6.py,gemma/original_outputs/responses/p13__gemma3_12b__s6_raw.txt,gemma/original_outputs/prompts/p13_prompt.txt,7bc4052f0218b8ab363ab0dad4171c9bd60d8338289fcac352c43e4075a7f254,094c9c1aa09fdeaa6c11ae104654af70f6f1e994fcf966d00d4bc733c0840175
p13__gemma3_12b__s7,Gemma 3 12B,13,7,gemma/original_outputs/generated_code/p13__gemma3_12b__s7.py,gemma/original_outputs/responses/p13__gemma3_12b__s7_raw.txt,gemma/original_outputs/prompts/p13_prompt.txt,7bc4052f0218b8ab363ab0dad4171c9bd60d8338289fcac352c43e4075a7f254,094c9c1aa09fdeaa6c11ae104654af70f6f1e994fcf966d00d4bc733c0840175
p13__gemma3_12b__s8,Gemma 3 12B,13,8,gemma/original_outputs/generated_code/p13__gemma3_12b__s8.py,gemma/original_outputs/responses/p13__gemma3_12b__s8_raw.txt,gemma/original_outputs/prompts/p13_prompt.txt,7bc4052f0218b8ab363ab0dad4171c9bd60d8338289fcac352c43e4075a7f254,094c9c1aa09fdeaa6c11ae104654af70f6f1e994fcf966d00d4bc733c0840175
p13__gemma3_12b__s9,Gemma 3 12B,13,9,gemma/original_outputs/generated_code/p13__gemma3_12b__s9.py,gemma/original_outputs/responses/p13__gemma3_12b__s9_raw.txt,gemma/original_outputs/prompts/p13_prompt.txt,7bc4052f0218b8ab363ab0dad4171c9bd60d8338289fcac352c43e4075a7f254,094c9c1aa09fdeaa6c11ae104654af70f6f1e994fcf966d00d4bc733c0840175
p14__gemma3_12b__s0,Gemma 3 12B,14,0,gemma/original_outputs/generated_code/p14__gemma3_12b__s0.py,gemma/original_outputs/responses/p14__gemma3_12b__s0_raw.txt,gemma/original_outputs/prompts/p14_prompt.txt,dc7c45e3b33efbb61936f1b2bf71161a2e8218f03ee5f09a69e6ae96e5bda756,5dc8b92c864fc82b7f4d061c0ced483aecd8857c7b2949c12b0dd58c400807f9
p14__gemma3_12b__s1,Gemma 3 12B,14,1,gemma/original_outputs/generated_code/p14__gemma3_12b__s1.py,gemma/original_outputs/responses/p14__gemma3_12b__s1_raw.txt,gemma/original_outputs/prompts/p14_prompt.txt,dc7c45e3b33efbb61936f1b2bf71161a2e8218f03ee5f09a69e6ae96e5bda756,5dc8b92c864fc82b7f4d061c0ced483aecd8857c7b2949c12b0dd58c400807f9
p14__gemma3_12b__s2,Gemma 3 12B,14,2,gemma/original_outputs/generated_code/p14__gemma3_12b__s2.py,gemma/original_outputs/responses/p14__gemma3_12b__s2_raw.txt,gemma/original_outputs/prompts/p14_prompt.txt,dc7c45e3b33efbb61936f1b2bf71161a2e8218f03ee5f09a69e6ae96e5bda756,5dc8b92c864fc82b7f4d061c0ced483aecd8857c7b2949c12b0dd58c400807f9
p14__gemma3_12b__s3,Gemma 3 12B,14,3,gemma/original_outputs/generated_code/p14__gemma3_12b__s3.py,gemma/original_outputs/responses/p14__gemma3_12b__s3_raw.txt,gemma/original_outputs/prompts/p14_prompt.txt,dc7c45e3b33efbb61936f1b2bf71161a2e8218f03ee5f09a69e6ae96e5bda756,5dc8b92c864fc82b7f4d061c0ced483aecd8857c7b2949c12b0dd58c400807f9
p14__gemma3_12b__s4,Gemma 3 12B,14,4,gemma/original_outputs/generated_code/p14__gemma3_12b__s4.py,gemma/original_outputs/responses/p14__gemma3_12b__s4_raw.txt,gemma/original_outputs/prompts/p14_prompt.txt,dc7c45e3b33efbb61936f1b2bf71161a2e8218f03ee5f09a69e6ae96e5bda756,5dc8b92c864fc82b7f4d061c0ced483aecd8857c7b2949c12b0dd58c400807f9
p14__gemma3_12b__s5,Gemma 3 12B,14,5,gemma/original_outputs/generated_code/p14__gemma3_12b__s5.py,gemma/original_outputs/responses/p14__gemma3_12b__s5_raw.txt,gemma/original_outputs/prompts/p14_prompt.txt,dc7c45e3b33efbb61936f1b2bf71161a2e8218f03ee5f09a69e6ae96e5bda756,5dc8b92c864fc82b7f4d061c0ced483aecd8857c7b2949c12b0dd58c400807f9
p14__gemma3_12b__s6,Gemma 3 12B,14,6,gemma/original_outputs/generated_code/p14__gemma3_12b__s6.py,gemma/original_outputs/responses/p14__gemma3_12b__s6_raw.txt,gemma/original_outputs/prompts/p14_prompt.txt,dc7c45e3b33efbb61936f1b2bf71161a2e8218f03ee5f09a69e6ae96e5bda756,5dc8b92c864fc82b7f4d061c0ced483aecd8857c7b2949c12b0dd58c400807f9
p14__gemma3_12b__s7,Gemma 3 12B,14,7,gemma/original_outputs/generated_code/p14__gemma3_12b__s7.py,gemma/original_outputs/responses/p14__gemma3_12b__s7_raw.txt,gemma/original_outputs/prompts/p14_prompt.txt,dc7c45e3b33efbb61936f1b2bf71161a2e8218f03ee5f09a69e6ae96e5bda756,5dc8b92c864fc82b7f4d061c0ced483aecd8857c7b2949c12b0dd58c400807f9
p14__gemma3_12b__s8,Gemma 3 12B,14,8,gemma/original_outputs/generated_code/p14__gemma3_12b__s8.py,gemma/original_outputs/responses/p14__gemma3_12b__s8_raw.txt,gemma/original_outputs/prompts/p14_prompt.txt,dc7c45e3b33efbb61936f1b2bf71161a2e8218f03ee5f09a69e6ae96e5bda756,5dc8b92c864fc82b7f4d061c0ced483aecd8857c7b2949c12b0dd58c400807f9
p14__gemma3_12b__s9,Gemma 3 12B,14,9,gemma/original_outputs/generated_code/p14__gemma3_12b__s9.py,gemma/original_outputs/responses/p14__gemma3_12b__s9_raw.txt,gemma/original_outputs/prompts/p14_prompt.txt,dc7c45e3b33efbb61936f1b2bf71161a2e8218f03ee5f09a69e6ae96e5bda756,5dc8b92c864fc82b7f4d061c0ced483aecd8857c7b2949c12b0dd58c400807f9
p15__gemma3_12b__s0,Gemma 3 12B,15,0,gemma/original_outputs/generated_code/p15__gemma3_12b__s0.py,gemma/original_outputs/responses/p15__gemma3_12b__s0_raw.txt,gemma/original_outputs/prompts/p15_prompt.txt,80613c5a775fc55898227370efb62b5846007bb1e3c4869d513fce1f6bab254c,cfd08cf7aaafc5fbd6f5af8e7ee5539e0c543b665ebe659880aca5735b7d8607
p15__gemma3_12b__s1,Gemma 3 12B,15,1,gemma/original_outputs/generated_code/p15__gemma3_12b__s1.py,gemma/original_outputs/responses/p15__gemma3_12b__s1_raw.txt,gemma/original_outputs/prompts/p15_prompt.txt,80613c5a775fc55898227370efb62b5846007bb1e3c4869d513fce1f6bab254c,cfd08cf7aaafc5fbd6f5af8e7ee5539e0c543b665ebe659880aca5735b7d8607
p15__gemma3_12b__s2,Gemma 3 12B,15,2,gemma/original_outputs/generated_code/p15__gemma3_12b__s2.py,gemma/original_outputs/responses/p15__gemma3_12b__s2_raw.txt,gemma/original_outputs/prompts/p15_prompt.txt,80613c5a775fc55898227370efb62b5846007bb1e3c4869d513fce1f6bab254c,cfd08cf7aaafc5fbd6f5af8e7ee5539e0c543b665ebe659880aca5735b7d8607
p15__gemma3_12b__s3,Gemma 3 12B,15,3,gemma/original_outputs/generated_code/p15__gemma3_12b__s3.py,gemma/original_outputs/responses/p15__gemma3_12b__s3_raw.txt,gemma/original_outputs/prompts/p15_prompt.txt,80613c5a775fc55898227370efb62b5846007bb1e3c4869d513fce1f6bab254c,cfd08cf7aaafc5fbd6f5af8e7ee5539e0c543b665ebe659880aca5735b7d8607
p15__gemma3_12b__s4,Gemma 3 12B,15,4,gemma/original_outputs/generated_code/p15__gemma3_12b__s4.py,gemma/original_outputs/responses/p15__gemma3_12b__s4_raw.txt,gemma/original_outputs/prompts/p15_prompt.txt,80613c5a775fc55898227370efb62b5846007bb1e3c4869d513fce1f6bab254c,cfd08cf7aaafc5fbd6f5af8e7ee5539e0c543b665ebe659880aca5735b7d8607
p15__gemma3_12b__s5,Gemma 3 12B,15,5,gemma/original_outputs/generated_code/p15__gemma3_12b__s5.py,gemma/original_outputs/responses/p15__gemma3_12b__s5_raw.txt,gemma/original_outputs/prompts/p15_prompt.txt,80613c5a775fc55898227370efb62b5846007bb1e3c4869d513fce1f6bab254c,cfd08cf7aaafc5fbd6f5af8e7ee5539e0c543b665ebe659880aca5735b7d8607
p15__gemma3_12b__s6,Gemma 3 12B,15,6,gemma/original_outputs/generated_code/p15__gemma3_12b__s6.py,gemma/original_outputs/responses/p15__gemma3_12b__s6_raw.txt,gemma/original_outputs/prompts/p15_prompt.txt,80613c5a775fc55898227370efb62b5846007bb1e3c4869d513fce1f6bab254c,cfd08cf7aaafc5fbd6f5af8e7ee5539e0c543b665ebe659880aca5735b7d8607
p15__gemma3_12b__s7,Gemma 3 12B,15,7,gemma/original_outputs/generated_code/p15__gemma3_12b__s7.py,gemma/original_outputs/responses/p15__gemma3_12b__s7_raw.txt,gemma/original_outputs/prompts/p15_prompt.txt,80613c5a775fc55898227370efb62b5846007bb1e3c4869d513fce1f6bab254c,cfd08cf7aaafc5fbd6f5af8e7ee5539e0c543b665ebe659880aca5735b7d8607
p15__gemma3_12b__s8,Gemma 3 12B,15,8,gemma/original_outputs/generated_code/p15__gemma3_12b__s8.py,gemma/original_outputs/responses/p15__gemma3_12b__s8_raw.txt,gemma/original_outputs/prompts/p15_prompt.txt,80613c5a775fc55898227370efb62b5846007bb1e3c4869d513fce1f6bab254c,cfd08cf7aaafc5fbd6f5af8e7ee5539e0c543b665ebe659880aca5735b7d8607
p15__gemma3_12b__s9,Gemma 3 12B,15,9,gemma/original_outputs/generated_code/p15__gemma3_12b__s9.py,gemma/original_outputs/responses/p15__gemma3_12b__s9_raw.txt,gemma/original_outputs/prompts/p15_prompt.txt,80613c5a775fc55898227370efb62b5846007bb1e3c4869d513fce1f6bab254c,cfd08cf7aaafc5fbd6f5af8e7ee5539e0c543b665ebe659880aca5735b7d8607
p16__gemma3_12b__s0,Gemma 3 12B,16,0,gemma/original_outputs/generated_code/p16__gemma3_12b__s0.py,gemma/original_outputs/responses/p16__gemma3_12b__s0_raw.txt,gemma/original_outputs/prompts/p16_prompt.txt,28127747a23be1105f74cf340ebdaf08602d71826e22ea5e6af532dcfd87a986,69003cbada0ce72b3b9cdf85e637beead0b9d894fc3aac384736a6a5a0bf08b1
p16__gemma3_12b__s1,Gemma 3 12B,16,1,gemma/original_outputs/generated_code/p16__gemma3_12b__s1.py,gemma/original_outputs/responses/p16__gemma3_12b__s1_raw.txt,gemma/original_outputs/prompts/p16_prompt.txt,28127747a23be1105f74cf340ebdaf08602d71826e22ea5e6af532dcfd87a986,69003cbada0ce72b3b9cdf85e637beead0b9d894fc3aac384736a6a5a0bf08b1
p16__gemma3_12b__s2,Gemma 3 12B,16,2,gemma/original_outputs/generated_code/p16__gemma3_12b__s2.py,gemma/original_outputs/responses/p16__gemma3_12b__s2_raw.txt,gemma/original_outputs/prompts/p16_prompt.txt,28127747a23be1105f74cf340ebdaf08602d71826e22ea5e6af532dcfd87a986,69003cbada0ce72b3b9cdf85e637beead0b9d894fc3aac384736a6a5a0bf08b1
p16__gemma3_12b__s3,Gemma 3 12B,16,3,gemma/original_outputs/generated_code/p16__gemma3_12b__s3.py,gemma/original_outputs/responses/p16__gemma3_12b__s3_raw.txt,gemma/original_outputs/prompts/p16_prompt.txt,28127747a23be1105f74cf340ebdaf08602d71826e22ea5e6af532dcfd87a986,69003cbada0ce72b3b9cdf85e637beead0b9d894fc3aac384736a6a5a0bf08b1
p16__gemma3_12b__s4,Gemma 3 12B,16,4,gemma/original_outputs/generated_code/p16__gemma3_12b__s4.py,gemma/original_outputs/responses/p16__gemma3_12b__s4_raw.txt,gemma/original_outputs/prompts/p16_prompt.txt,28127747a23be1105f74cf340ebdaf08602d71826e22ea5e6af532dcfd87a986,69003cbada0ce72b3b9cdf85e637beead0b9d894fc3aac384736a6a5a0bf08b1
p16__gemma3_12b__s5,Gemma 3 12B,16,5,gemma/original_outputs/generated_code/p16__gemma3_12b__s5.py,gemma/original_outputs/responses/p16__gemma3_12b__s5_raw.txt,gemma/original_outputs/prompts/p16_prompt.txt,28127747a23be1105f74cf340ebdaf08602d71826e22ea5e6af532dcfd87a986,69003cbada0ce72b3b9cdf85e637beead0b9d894fc3aac384736a6a5a0bf08b1
p16__gemma3_12b__s6,Gemma 3 12B,16,6,gemma/original_outputs/generated_code/p16__gemma3_12b__s6.py,gemma/original_outputs/responses/p16__gemma3_12b__s6_raw.txt,gemma/original_outputs/prompts/p16_prompt.txt,28127747a23be1105f74cf340ebdaf08602d71826e22ea5e6af532dcfd87a986,69003cbada0ce72b3b9cdf85e637beead0b9d894fc3aac384736a6a5a0bf08b1
p16__gemma3_12b__s7,Gemma 3 12B,16,7,gemma/original_outputs/generated_code/p16__gemma3_12b__s7.py,gemma/original_outputs/responses/p16__gemma3_12b__s7_raw.txt,gemma/original_outputs/prompts/p16_prompt.txt,28127747a23be1105f74cf340ebdaf08602d71826e22ea5e6af532dcfd87a986,69003cbada0ce72b3b9cdf85e637beead0b9d894fc3aac384736a6a5a0bf08b1
p16__gemma3_12b__s8,Gemma 3 12B,16,8,gemma/original_outputs/generated_code/p16__gemma3_12b__s8.py,gemma/original_outputs/responses/p16__gemma3_12b__s8_raw.txt,gemma/original_outputs/prompts/p16_prompt.txt,28127747a23be1105f74cf340ebdaf08602d71826e22ea5e6af532dcfd87a986,69003cbada0ce72b3b9cdf85e637beead0b9d894fc3aac384736a6a5a0bf08b1
p16__gemma3_12b__s9,Gemma 3 12B,16,9,gemma/original_outputs/generated_code/p16__gemma3_12b__s9.py,gemma/original_outputs/responses/p16__gemma3_12b__s9_raw.txt,gemma/original_outputs/prompts/p16_prompt.txt,28127747a23be1105f74cf340ebdaf08602d71826e22ea5e6af532dcfd87a986,69003cbada0ce72b3b9cdf85e637beead0b9d894fc3aac384736a6a5a0bf08b1
p17__gemma3_12b__s0,Gemma 3 12B,17,0,gemma/original_outputs/generated_code/p17__gemma3_12b__s0.py,gemma/original_outputs/responses/p17__gemma3_12b__s0_raw.txt,gemma/original_outputs/prompts/p17_prompt.txt,1d82c40a3b5afd93f820321cc4b83294a816df2955cac23d71d0e279d096331d,782b708c83f355272af9544b3d65e2bd3e9a8fe358778ffc2fbaacb123737212
p17__gemma3_12b__s1,Gemma 3 12B,17,1,gemma/original_outputs/generated_code/p17__gemma3_12b__s1.py,gemma/original_outputs/responses/p17__gemma3_12b__s1_raw.txt,gemma/original_outputs/prompts/p17_prompt.txt,1d82c40a3b5afd93f820321cc4b83294a816df2955cac23d71d0e279d096331d,782b708c83f355272af9544b3d65e2bd3e9a8fe358778ffc2fbaacb123737212
p17__gemma3_12b__s2,Gemma 3 12B,17,2,gemma/original_outputs/generated_code/p17__gemma3_12b__s2.py,gemma/original_outputs/responses/p17__gemma3_12b__s2_raw.txt,gemma/original_outputs/prompts/p17_prompt.txt,1d82c40a3b5afd93f820321cc4b83294a816df2955cac23d71d0e279d096331d,782b708c83f355272af9544b3d65e2bd3e9a8fe358778ffc2fbaacb123737212
p17__gemma3_12b__s3,Gemma 3 12B,17,3,gemma/original_outputs/generated_code/p17__gemma3_12b__s3.py,gemma/original_outputs/responses/p17__gemma3_12b__s3_raw.txt,gemma/original_outputs/prompts/p17_prompt.txt,1d82c40a3b5afd93f820321cc4b83294a816df2955cac23d71d0e279d096331d,782b708c83f355272af9544b3d65e2bd3e9a8fe358778ffc2fbaacb123737212
p17__gemma3_12b__s4,Gemma 3 12B,17,4,gemma/original_outputs/generated_code/p17__gemma3_12b__s4.py,gemma/original_outputs/responses/p17__gemma3_12b__s4_raw.txt,gemma/original_outputs/prompts/p17_prompt.txt,1d82c40a3b5afd93f820321cc4b83294a816df2955cac23d71d0e279d096331d,782b708c83f355272af9544b3d65e2bd3e9a8fe358778ffc2fbaacb123737212
p17__gemma3_12b__s5,Gemma 3 12B,17,5,gemma/original_outputs/generated_code/p17__gemma3_12b__s5.py,gemma/original_outputs/responses/p17__gemma3_12b__s5_raw.txt,gemma/original_outputs/prompts/p17_prompt.txt,1d82c40a3b5afd93f820321cc4b83294a816df2955cac23d71d0e279d096331d,782b708c83f355272af9544b3d65e2bd3e9a8fe358778ffc2fbaacb123737212
p17__gemma3_12b__s6,Gemma 3 12B,17,6,gemma/original_outputs/generated_code/p17__gemma3_12b__s6.py,gemma/original_outputs/responses/p17__gemma3_12b__s6_raw.txt,gemma/original_outputs/prompts/p17_prompt.txt,1d82c40a3b5afd93f820321cc4b83294a816df2955cac23d71d0e279d096331d,782b708c83f355272af9544b3d65e2bd3e9a8fe358778ffc2fbaacb123737212
p17__gemma3_12b__s7,Gemma 3 12B,17,7,gemma/original_outputs/generated_code/p17__gemma3_12b__s7.py,gemma/original_outputs/responses/p17__gemma3_12b__s7_raw.txt,gemma/original_outputs/prompts/p17_prompt.txt,1d82c40a3b5afd93f820321cc4b83294a816df2955cac23d71d0e279d096331d,782b708c83f355272af9544b3d65e2bd3e9a8fe358778ffc2fbaacb123737212
p17__gemma3_12b__s8,Gemma 3 12B,17,8,gemma/original_outputs/generated_code/p17__gemma3_12b__s8.py,gemma/original_outputs/responses/p17__gemma3_12b__s8_raw.txt,gemma/original_outputs/prompts/p17_prompt.txt,1d82c40a3b5afd93f820321cc4b83294a816df2955cac23d71d0e279d096331d,782b708c83f355272af9544b3d65e2bd3e9a8fe358778ffc2fbaacb123737212
p17__gemma3_12b__s9,Gemma 3 12B,17,9,gemma/original_outputs/generated_code/p17__gemma3_12b__s9.py,gemma/original_outputs/responses/p17__gemma3_12b__s9_raw.txt,gemma/original_outputs/prompts/p17_prompt.txt,1d82c40a3b5afd93f820321cc4b83294a816df2955cac23d71d0e279d096331d,782b708c83f355272af9544b3d65e2bd3e9a8fe358778ffc2fbaacb123737212
p18__gemma3_12b__s0,Gemma 3 12B,18,0,gemma/original_outputs/generated_code/p18__gemma3_12b__s0.py,gemma/original_outputs/responses/p18__gemma3_12b__s0_raw.txt,gemma/original_outputs/prompts/p18_prompt.txt,3e02ed6166dc9107e88f0e6b8c37f7d7e06501bfa1631ab69ef74e599bf443be,68ce977377aae01bc7ff1a0466823bd05cf3689457c4267851334cf7a0d16bcc
p18__gemma3_12b__s1,Gemma 3 12B,18,1,gemma/original_outputs/generated_code/p18__gemma3_12b__s1.py,gemma/original_outputs/responses/p18__gemma3_12b__s1_raw.txt,gemma/original_outputs/prompts/p18_prompt.txt,3e02ed6166dc9107e88f0e6b8c37f7d7e06501bfa1631ab69ef74e599bf443be,68ce977377aae01bc7ff1a0466823bd05cf3689457c4267851334cf7a0d16bcc
p18__gemma3_12b__s2,Gemma 3 12B,18,2,gemma/original_outputs/generated_code/p18__gemma3_12b__s2.py,gemma/original_outputs/responses/p18__gemma3_12b__s2_raw.txt,gemma/original_outputs/prompts/p18_prompt.txt,3e02ed6166dc9107e88f0e6b8c37f7d7e06501bfa1631ab69ef74e599bf443be,68ce977377aae01bc7ff1a0466823bd05cf3689457c4267851334cf7a0d16bcc
p18__gemma3_12b__s3,Gemma 3 12B,18,3,gemma/original_outputs/generated_code/p18__gemma3_12b__s3.py,gemma/original_outputs/responses/p18__gemma3_12b__s3_raw.txt,gemma/original_outputs/prompts/p18_prompt.txt,3e02ed6166dc9107e88f0e6b8c37f7d7e06501bfa1631ab69ef74e599bf443be,68ce977377aae01bc7ff1a0466823bd05cf3689457c4267851334cf7a0d16bcc
p18__gemma3_12b__s4,Gemma 3 12B,18,4,gemma/original_outputs/generated_code/p18__gemma3_12b__s4.py,gemma/original_outputs/responses/p18__gemma3_12b__s4_raw.txt,gemma/original_outputs/prompts/p18_prompt.txt,3e02ed6166dc9107e88f0e6b8c37f7d7e06501bfa1631ab69ef74e599bf443be,68ce977377aae01bc7ff1a0466823bd05cf3689457c4267851334cf7a0d16bcc
p18__gemma3_12b__s5,Gemma 3 12B,18,5,gemma/original_outputs/generated_code/p18__gemma3_12b__s5.py,gemma/original_outputs/responses/p18__gemma3_12b__s5_raw.txt,gemma/original_outputs/prompts/p18_prompt.txt,3e02ed6166dc9107e88f0e6b8c37f7d7e06501bfa1631ab69ef74e599bf443be,68ce977377aae01bc7ff1a0466823bd05cf3689457c4267851334cf7a0d16bcc
p18__gemma3_12b__s6,Gemma 3 12B,18,6,gemma/original_outputs/generated_code/p18__gemma3_12b__s6.py,gemma/original_outputs/responses/p18__gemma3_12b__s6_raw.txt,gemma/original_outputs/prompts/p18_prompt.txt,3e02ed6166dc9107e88f0e6b8c37f7d7e06501bfa1631ab69ef74e599bf443be,68ce977377aae01bc7ff1a0466823bd05cf3689457c4267851334cf7a0d16bcc
p18__gemma3_12b__s7,Gemma 3 12B,18,7,gemma/original_outputs/generated_code/p18__gemma3_12b__s7.py,gemma/original_outputs/responses/p18__gemma3_12b__s7_raw.txt,gemma/original_outputs/prompts/p18_prompt.txt,3e02ed6166dc9107e88f0e6b8c37f7d7e06501bfa1631ab69ef74e599bf443be,68ce977377aae01bc7ff1a0466823bd05cf3689457c4267851334cf7a0d16bcc
p18__gemma3_12b__s8,Gemma 3 12B,18,8,gemma/original_outputs/generated_code/p18__gemma3_12b__s8.py,gemma/original_outputs/responses/p18__gemma3_12b__s8_raw.txt,gemma/original_outputs/prompts/p18_prompt.txt,3e02ed6166dc9107e88f0e6b8c37f7d7e06501bfa1631ab69ef74e599bf443be,68ce977377aae01bc7ff1a0466823bd05cf3689457c4267851334cf7a0d16bcc
p18__gemma3_12b__s9,Gemma 3 12B,18,9,gemma/original_outputs/generated_code/p18__gemma3_12b__s9.py,gemma/original_outputs/responses/p18__gemma3_12b__s9_raw.txt,gemma/original_outputs/prompts/p18_prompt.txt,3e02ed6166dc9107e88f0e6b8c37f7d7e06501bfa1631ab69ef74e599bf443be,68ce977377aae01bc7ff1a0466823bd05cf3689457c4267851334cf7a0d16bcc
p19__gemma3_12b__s0,Gemma 3 12B,19,0,gemma/original_outputs/generated_code/p19__gemma3_12b__s0.py,gemma/original_outputs/responses/p19__gemma3_12b__s0_raw.txt,gemma/original_outputs/prompts/p19_prompt.txt,a4f679b4023719cd4670053707a6f1bad6c719709b2ac41562e2f3e80055abdb,1e8a9177c60be04583bd1da8db566a8084761b1be0783cd62bd901c80d476c14
p19__gemma3_12b__s1,Gemma 3 12B,19,1,gemma/original_outputs/generated_code/p19__gemma3_12b__s1.py,gemma/original_outputs/responses/p19__gemma3_12b__s1_raw.txt,gemma/original_outputs/prompts/p19_prompt.txt,a4f679b4023719cd4670053707a6f1bad6c719709b2ac41562e2f3e80055abdb,1e8a9177c60be04583bd1da8db566a8084761b1be0783cd62bd901c80d476c14
p19__gemma3_12b__s2,Gemma 3 12B,19,2,gemma/original_outputs/generated_code/p19__gemma3_12b__s2.py,gemma/original_outputs/responses/p19__gemma3_12b__s2_raw.txt,gemma/original_outputs/prompts/p19_prompt.txt,a4f679b4023719cd4670053707a6f1bad6c719709b2ac41562e2f3e80055abdb,1e8a9177c60be04583bd1da8db566a8084761b1be0783cd62bd901c80d476c14
p19__gemma3_12b__s3,Gemma 3 12B,19,3,gemma/original_outputs/generated_code/p19__gemma3_12b__s3.py,gemma/original_outputs/responses/p19__gemma3_12b__s3_raw.txt,gemma/original_outputs/prompts/p19_prompt.txt,a4f679b4023719cd4670053707a6f1bad6c719709b2ac41562e2f3e80055abdb,1e8a9177c60be04583bd1da8db566a8084761b1be0783cd62bd901c80d476c14
p19__gemma3_12b__s4,Gemma 3 12B,19,4,gemma/original_outputs/generated_code/p19__gemma3_12b__s4.py,gemma/original_outputs/responses/p19__gemma3_12b__s4_raw.txt,gemma/original_outputs/prompts/p19_prompt.txt,a4f679b4023719cd4670053707a6f1bad6c719709b2ac41562e2f3e80055abdb,1e8a9177c60be04583bd1da8db566a8084761b1be0783cd62bd901c80d476c14
p19__gemma3_12b__s5,Gemma 3 12B,19,5,gemma/original_outputs/generated_code/p19__gemma3_12b__s5.py,gemma/original_outputs/responses/p19__gemma3_12b__s5_raw.txt,gemma/original_outputs/prompts/p19_prompt.txt,a4f679b4023719cd4670053707a6f1bad6c719709b2ac41562e2f3e80055abdb,1e8a9177c60be04583bd1da8db566a8084761b1be0783cd62bd901c80d476c14
p19__gemma3_12b__s6,Gemma 3 12B,19,6,gemma/original_outputs/generated_code/p19__gemma3_12b__s6.py,gemma/original_outputs/responses/p19__gemma3_12b__s6_raw.txt,gemma/original_outputs/prompts/p19_prompt.txt,a4f679b4023719cd4670053707a6f1bad6c719709b2ac41562e2f3e80055abdb,1e8a9177c60be04583bd1da8db566a8084761b1be0783cd62bd901c80d476c14
p19__gemma3_12b__s7,Gemma 3 12B,19,7,gemma/original_outputs/generated_code/p19__gemma3_12b__s7.py,gemma/original_outputs/responses/p19__gemma3_12b__s7_raw.txt,gemma/original_outputs/prompts/p19_prompt.txt,a4f679b4023719cd4670053707a6f1bad6c719709b2ac41562e2f3e80055abdb,1e8a9177c60be04583bd1da8db566a8084761b1be0783cd62bd901c80d476c14
p19__gemma3_12b__s8,Gemma 3 12B,19,8,gemma/original_outputs/generated_code/p19__gemma3_12b__s8.py,gemma/original_outputs/responses/p19__gemma3_12b__s8_raw.txt,gemma/original_outputs/prompts/p19_prompt.txt,a4f679b4023719cd4670053707a6f1bad6c719709b2ac41562e2f3e80055abdb,1e8a9177c60be04583bd1da8db566a8084761b1be0783cd62bd901c80d476c14
p19__gemma3_12b__s9,Gemma 3 12B,19,9,gemma/original_outputs/generated_code/p19__gemma3_12b__s9.py,gemma/original_outputs/responses/p19__gemma3_12b__s9_raw.txt,gemma/original_outputs/prompts/p19_prompt.txt,a4f679b4023719cd4670053707a6f1bad6c719709b2ac41562e2f3e80055abdb,1e8a9177c60be04583bd1da8db566a8084761b1be0783cd62bd901c80d476c14
p20__gemma3_12b__s0,Gemma 3 12B,20,0,gemma/original_outputs/generated_code/p20__gemma3_12b__s0.py,gemma/original_outputs/responses/p20__gemma3_12b__s0_raw.txt,gemma/original_outputs/prompts/p20_prompt.txt,ad08161a30f48c5b328dec31c0d73125851fd1f4fbac38c908cb2e3318cacfaa,da9b79101aeb8a9094f43fe2d012f8d1ba21e5e021df6e43513a2a31a7cbd2d5
p20__gemma3_12b__s1,Gemma 3 12B,20,1,gemma/original_outputs/generated_code/p20__gemma3_12b__s1.py,gemma/original_outputs/responses/p20__gemma3_12b__s1_raw.txt,gemma/original_outputs/prompts/p20_prompt.txt,ad08161a30f48c5b328dec31c0d73125851fd1f4fbac38c908cb2e3318cacfaa,da9b79101aeb8a9094f43fe2d012f8d1ba21e5e021df6e43513a2a31a7cbd2d5
p20__gemma3_12b__s2,Gemma 3 12B,20,2,gemma/original_outputs/generated_code/p20__gemma3_12b__s2.py,gemma/original_outputs/responses/p20__gemma3_12b__s2_raw.txt,gemma/original_outputs/prompts/p20_prompt.txt,ad08161a30f48c5b328dec31c0d73125851fd1f4fbac38c908cb2e3318cacfaa,da9b79101aeb8a9094f43fe2d012f8d1ba21e5e021df6e43513a2a31a7cbd2d5
p20__gemma3_12b__s3,Gemma 3 12B,20,3,gemma/original_outputs/generated_code/p20__gemma3_12b__s3.py,gemma/original_outputs/responses/p20__gemma3_12b__s3_raw.txt,gemma/original_outputs/prompts/p20_prompt.txt,ad08161a30f48c5b328dec31c0d73125851fd1f4fbac38c908cb2e3318cacfaa,da9b79101aeb8a9094f43fe2d012f8d1ba21e5e021df6e43513a2a31a7cbd2d5
p20__gemma3_12b__s4,Gemma 3 12B,20,4,gemma/original_outputs/generated_code/p20__gemma3_12b__s4.py,gemma/original_outputs/responses/p20__gemma3_12b__s4_raw.txt,gemma/original_outputs/prompts/p20_prompt.txt,ad08161a30f48c5b328dec31c0d73125851fd1f4fbac38c908cb2e3318cacfaa,da9b79101aeb8a9094f43fe2d012f8d1ba21e5e021df6e43513a2a31a7cbd2d5
p20__gemma3_12b__s5,Gemma 3 12B,20,5,gemma/original_outputs/generated_code/p20__gemma3_12b__s5.py,gemma/original_outputs/responses/p20__gemma3_12b__s5_raw.txt,gemma/original_outputs/prompts/p20_prompt.txt,ad08161a30f48c5b328dec31c0d73125851fd1f4fbac38c908cb2e3318cacfaa,da9b79101aeb8a9094f43fe2d012f8d1ba21e5e021df6e43513a2a31a7cbd2d5
p20__gemma3_12b__s6,Gemma 3 12B,20,6,gemma/original_outputs/generated_code/p20__gemma3_12b__s6.py,gemma/original_outputs/responses/p20__gemma3_12b__s6_raw.txt,gemma/original_outputs/prompts/p20_prompt.txt,ad08161a30f48c5b328dec31c0d73125851fd1f4fbac38c908cb2e3318cacfaa,da9b79101aeb8a9094f43fe2d012f8d1ba21e5e021df6e43513a2a31a7cbd2d5
p20__gemma3_12b__s7,Gemma 3 12B,20,7,gemma/original_outputs/generated_code/p20__gemma3_12b__s7.py,gemma/original_outputs/responses/p20__gemma3_12b__s7_raw.txt,gemma/original_outputs/prompts/p20_prompt.txt,ad08161a30f48c5b328dec31c0d73125851fd1f4fbac38c908cb2e3318cacfaa,da9b79101aeb8a9094f43fe2d012f8d1ba21e5e021df6e43513a2a31a7cbd2d5
p20__gemma3_12b__s8,Gemma 3 12B,20,8,gemma/original_outputs/generated_code/p20__gemma3_12b__s8.py,gemma/original_outputs/responses/p20__gemma3_12b__s8_raw.txt,gemma/original_outputs/prompts/p20_prompt.txt,ad08161a30f48c5b328dec31c0d73125851fd1f4fbac38c908cb2e3318cacfaa,da9b79101aeb8a9094f43fe2d012f8d1ba21e5e021df6e43513a2a31a7cbd2d5
p20__gemma3_12b__s9,Gemma 3 12B,20,9,gemma/original_outputs/generated_code/p20__gemma3_12b__s9.py,gemma/original_outputs/responses/p20__gemma3_12b__s9_raw.txt,gemma/original_outputs/prompts/p20_prompt.txt,ad08161a30f48c5b328dec31c0d73125851fd1f4fbac38c908cb2e3318cacfaa,da9b79101aeb8a9094f43fe2d012f8d1ba21e5e021df6e43513a2a31a7cbd2d5
p21__gemma3_12b__s0,Gemma 3 12B,21,0,gemma/original_outputs/generated_code/p21__gemma3_12b__s0.py,gemma/original_outputs/responses/p21__gemma3_12b__s0_raw.txt,gemma/original_outputs/prompts/p21_prompt.txt,c1c04bea1dc800630c185a95a0f3cea9ef71f2d95604e2c7b07b152cc5ee099d,5bb1d63e6c5a3cf60fa4f859be6cb5752cb14dfa8fb8bca794a937bfeffdccaa
p21__gemma3_12b__s1,Gemma 3 12B,21,1,gemma/original_outputs/generated_code/p21__gemma3_12b__s1.py,gemma/original_outputs/responses/p21__gemma3_12b__s1_raw.txt,gemma/original_outputs/prompts/p21_prompt.txt,c1c04bea1dc800630c185a95a0f3cea9ef71f2d95604e2c7b07b152cc5ee099d,5bb1d63e6c5a3cf60fa4f859be6cb5752cb14dfa8fb8bca794a937bfeffdccaa
p21__gemma3_12b__s2,Gemma 3 12B,21,2,gemma/original_outputs/generated_code/p21__gemma3_12b__s2.py,gemma/original_outputs/responses/p21__gemma3_12b__s2_raw.txt,gemma/original_outputs/prompts/p21_prompt.txt,c1c04bea1dc800630c185a95a0f3cea9ef71f2d95604e2c7b07b152cc5ee099d,5bb1d63e6c5a3cf60fa4f859be6cb5752cb14dfa8fb8bca794a937bfeffdccaa
p21__gemma3_12b__s3,Gemma 3 12B,21,3,gemma/original_outputs/generated_code/p21__gemma3_12b__s3.py,gemma/original_outputs/responses/p21__gemma3_12b__s3_raw.txt,gemma/original_outputs/prompts/p21_prompt.txt,c1c04bea1dc800630c185a95a0f3cea9ef71f2d95604e2c7b07b152cc5ee099d,5bb1d63e6c5a3cf60fa4f859be6cb5752cb14dfa8fb8bca794a937bfeffdccaa
p21__gemma3_12b__s4,Gemma 3 12B,21,4,gemma/original_outputs/generated_code/p21__gemma3_12b__s4.py,gemma/original_outputs/responses/p21__gemma3_12b__s4_raw.txt,gemma/original_outputs/prompts/p21_prompt.txt,c1c04bea1dc800630c185a95a0f3cea9ef71f2d95604e2c7b07b152cc5ee099d,5bb1d63e6c5a3cf60fa4f859be6cb5752cb14dfa8fb8bca794a937bfeffdccaa
p21__gemma3_12b__s5,Gemma 3 12B,21,5,gemma/original_outputs/generated_code/p21__gemma3_12b__s5.py,gemma/original_outputs/responses/p21__gemma3_12b__s5_raw.txt,gemma/original_outputs/prompts/p21_prompt.txt,c1c04bea1dc800630c185a95a0f3cea9ef71f2d95604e2c7b07b152cc5ee099d,5bb1d63e6c5a3cf60fa4f859be6cb5752cb14dfa8fb8bca794a937bfeffdccaa
p21__gemma3_12b__s6,Gemma 3 12B,21,6,gemma/original_outputs/generated_code/p21__gemma3_12b__s6.py,gemma/original_outputs/responses/p21__gemma3_12b__s6_raw.txt,gemma/original_outputs/prompts/p21_prompt.txt,c1c04bea1dc800630c185a95a0f3cea9ef71f2d95604e2c7b07b152cc5ee099d,5bb1d63e6c5a3cf60fa4f859be6cb5752cb14dfa8fb8bca794a937bfeffdccaa
p21__gemma3_12b__s7,Gemma 3 12B,21,7,gemma/original_outputs/generated_code/p21__gemma3_12b__s7.py,gemma/original_outputs/responses/p21__gemma3_12b__s7_raw.txt,gemma/original_outputs/prompts/p21_prompt.txt,c1c04bea1dc800630c185a95a0f3cea9ef71f2d95604e2c7b07b152cc5ee099d,5bb1d63e6c5a3cf60fa4f859be6cb5752cb14dfa8fb8bca794a937bfeffdccaa
p21__gemma3_12b__s8,Gemma 3 12B,21,8,gemma/original_outputs/generated_code/p21__gemma3_12b__s8.py,gemma/original_outputs/responses/p21__gemma3_12b__s8_raw.txt,gemma/original_outputs/prompts/p21_prompt.txt,c1c04bea1dc800630c185a95a0f3cea9ef71f2d95604e2c7b07b152cc5ee099d,5bb1d63e6c5a3cf60fa4f859be6cb5752cb14dfa8fb8bca794a937bfeffdccaa
p21__gemma3_12b__s9,Gemma 3 12B,21,9,gemma/original_outputs/generated_code/p21__gemma3_12b__s9.py,gemma/original_outputs/responses/p21__gemma3_12b__s9_raw.txt,gemma/original_outputs/prompts/p21_prompt.txt,c1c04bea1dc800630c185a95a0f3cea9ef71f2d95604e2c7b07b152cc5ee099d,5bb1d63e6c5a3cf60fa4f859be6cb5752cb14dfa8fb8bca794a937bfeffdccaa
p22__gemma3_12b__s0,Gemma 3 12B,22,0,gemma/original_outputs/generated_code/p22__gemma3_12b__s0.py,gemma/original_outputs/responses/p22__gemma3_12b__s0_raw.txt,gemma/original_outputs/prompts/p22_prompt.txt,0fa83f241bfa4e5f6c7c9d2098d5c030917f96c86de87f3148da6067893239db,9bf96f38e4606f20fcb7b7ab3b2c61aad8ad9558d4171ce8882c80ee5b8c2082
p22__gemma3_12b__s1,Gemma 3 12B,22,1,gemma/original_outputs/generated_code/p22__gemma3_12b__s1.py,gemma/original_outputs/responses/p22__gemma3_12b__s1_raw.txt,gemma/original_outputs/prompts/p22_prompt.txt,0fa83f241bfa4e5f6c7c9d2098d5c030917f96c86de87f3148da6067893239db,9bf96f38e4606f20fcb7b7ab3b2c61aad8ad9558d4171ce8882c80ee5b8c2082
p22__gemma3_12b__s2,Gemma 3 12B,22,2,gemma/original_outputs/generated_code/p22__gemma3_12b__s2.py,gemma/original_outputs/responses/p22__gemma3_12b__s2_raw.txt,gemma/original_outputs/prompts/p22_prompt.txt,0fa83f241bfa4e5f6c7c9d2098d5c030917f96c86de87f3148da6067893239db,9bf96f38e4606f20fcb7b7ab3b2c61aad8ad9558d4171ce8882c80ee5b8c2082
p22__gemma3_12b__s3,Gemma 3 12B,22,3,gemma/original_outputs/generated_code/p22__gemma3_12b__s3.py,gemma/original_outputs/responses/p22__gemma3_12b__s3_raw.txt,gemma/original_outputs/prompts/p22_prompt.txt,0fa83f241bfa4e5f6c7c9d2098d5c030917f96c86de87f3148da6067893239db,9bf96f38e4606f20fcb7b7ab3b2c61aad8ad9558d4171ce8882c80ee5b8c2082
p22__gemma3_12b__s4,Gemma 3 12B,22,4,gemma/original_outputs/generated_code/p22__gemma3_12b__s4.py,gemma/original_outputs/responses/p22__gemma3_12b__s4_raw.txt,gemma/original_outputs/prompts/p22_prompt.txt,0fa83f241bfa4e5f6c7c9d2098d5c030917f96c86de87f3148da6067893239db,9bf96f38e4606f20fcb7b7ab3b2c61aad8ad9558d4171ce8882c80ee5b8c2082
p22__gemma3_12b__s5,Gemma 3 12B,22,5,gemma/original_outputs/generated_code/p22__gemma3_12b__s5.py,gemma/original_outputs/responses/p22__gemma3_12b__s5_raw.txt,gemma/original_outputs/prompts/p22_prompt.txt,0fa83f241bfa4e5f6c7c9d2098d5c030917f96c86de87f3148da6067893239db,9bf96f38e4606f20fcb7b7ab3b2c61aad8ad9558d4171ce8882c80ee5b8c2082
p22__gemma3_12b__s6,Gemma 3 12B,22,6,gemma/original_outputs/generated_code/p22__gemma3_12b__s6.py,gemma/original_outputs/responses/p22__gemma3_12b__s6_raw.txt,gemma/original_outputs/prompts/p22_prompt.txt,0fa83f241bfa4e5f6c7c9d2098d5c030917f96c86de87f3148da6067893239db,9bf96f38e4606f20fcb7b7ab3b2c61aad8ad9558d4171ce8882c80ee5b8c2082
p22__gemma3_12b__s7,Gemma 3 12B,22,7,gemma/original_outputs/generated_code/p22__gemma3_12b__s7.py,gemma/original_outputs/responses/p22__gemma3_12b__s7_raw.txt,gemma/original_outputs/prompts/p22_prompt.txt,0fa83f241bfa4e5f6c7c9d2098d5c030917f96c86de87f3148da6067893239db,9bf96f38e4606f20fcb7b7ab3b2c61aad8ad9558d4171ce8882c80ee5b8c2082
p22__gemma3_12b__s8,Gemma 3 12B,22,8,gemma/original_outputs/generated_code/p22__gemma3_12b__s8.py,gemma/original_outputs/responses/p22__gemma3_12b__s8_raw.txt,gemma/original_outputs/prompts/p22_prompt.txt,0fa83f241bfa4e5f6c7c9d2098d5c030917f96c86de87f3148da6067893239db,9bf96f38e4606f20fcb7b7ab3b2c61aad8ad9558d4171ce8882c80ee5b8c2082
p22__gemma3_12b__s9,Gemma 3 12B,22,9,gemma/original_outputs/generated_code/p22__gemma3_12b__s9.py,gemma/original_outputs/responses/p22__gemma3_12b__s9_raw.txt,gemma/original_outputs/prompts/p22_prompt.txt,0fa83f241bfa4e5f6c7c9d2098d5c030917f96c86de87f3148da6067893239db,9bf96f38e4606f20fcb7b7ab3b2c61aad8ad9558d4171ce8882c80ee5b8c2082
p23__gemma3_12b__s0,Gemma 3 12B,23,0,gemma/original_outputs/generated_code/p23__gemma3_12b__s0.py,gemma/original_outputs/responses/p23__gemma3_12b__s0_raw.txt,gemma/original_outputs/prompts/p23_prompt.txt,057e5b2415bd1d6cc8b0dc512370a96551c7bdbd03be3c97fa554c013a44a975,4273b57c78ef53aa3fd025b99a8cfa00792caaece3f158110214f6cdccadca5e
p23__gemma3_12b__s1,Gemma 3 12B,23,1,gemma/original_outputs/generated_code/p23__gemma3_12b__s1.py,gemma/original_outputs/responses/p23__gemma3_12b__s1_raw.txt,gemma/original_outputs/prompts/p23_prompt.txt,057e5b2415bd1d6cc8b0dc512370a96551c7bdbd03be3c97fa554c013a44a975,4273b57c78ef53aa3fd025b99a8cfa00792caaece3f158110214f6cdccadca5e
p23__gemma3_12b__s2,Gemma 3 12B,23,2,gemma/original_outputs/generated_code/p23__gemma3_12b__s2.py,gemma/original_outputs/responses/p23__gemma3_12b__s2_raw.txt,gemma/original_outputs/prompts/p23_prompt.txt,057e5b2415bd1d6cc8b0dc512370a96551c7bdbd03be3c97fa554c013a44a975,4273b57c78ef53aa3fd025b99a8cfa00792caaece3f158110214f6cdccadca5e
p23__gemma3_12b__s3,Gemma 3 12B,23,3,gemma/original_outputs/generated_code/p23__gemma3_12b__s3.py,gemma/original_outputs/responses/p23__gemma3_12b__s3_raw.txt,gemma/original_outputs/prompts/p23_prompt.txt,057e5b2415bd1d6cc8b0dc512370a96551c7bdbd03be3c97fa554c013a44a975,4273b57c78ef53aa3fd025b99a8cfa00792caaece3f158110214f6cdccadca5e
p23__gemma3_12b__s4,Gemma 3 12B,23,4,gemma/original_outputs/generated_code/p23__gemma3_12b__s4.py,gemma/original_outputs/responses/p23__gemma3_12b__s4_raw.txt,gemma/original_outputs/prompts/p23_prompt.txt,057e5b2415bd1d6cc8b0dc512370a96551c7bdbd03be3c97fa554c013a44a975,4273b57c78ef53aa3fd025b99a8cfa00792caaece3f158110214f6cdccadca5e
p23__gemma3_12b__s5,Gemma 3 12B,23,5,gemma/original_outputs/generated_code/p23__gemma3_12b__s5.py,gemma/original_outputs/responses/p23__gemma3_12b__s5_raw.txt,gemma/original_outputs/prompts/p23_prompt.txt,057e5b2415bd1d6cc8b0dc512370a96551c7bdbd03be3c97fa554c013a44a975,4273b57c78ef53aa3fd025b99a8cfa00792caaece3f158110214f6cdccadca5e
p23__gemma3_12b__s6,Gemma 3 12B,23,6,gemma/original_outputs/generated_code/p23__gemma3_12b__s6.py,gemma/original_outputs/responses/p23__gemma3_12b__s6_raw.txt,gemma/original_outputs/prompts/p23_prompt.txt,057e5b2415bd1d6cc8b0dc512370a96551c7bdbd03be3c97fa554c013a44a975,4273b57c78ef53aa3fd025b99a8cfa00792caaece3f158110214f6cdccadca5e
p23__gemma3_12b__s7,Gemma 3 12B,23,7,gemma/original_outputs/generated_code/p23__gemma3_12b__s7.py,gemma/original_outputs/responses/p23__gemma3_12b__s7_raw.txt,gemma/original_outputs/prompts/p23_prompt.txt,057e5b2415bd1d6cc8b0dc512370a96551c7bdbd03be3c97fa554c013a44a975,4273b57c78ef53aa3fd025b99a8cfa00792caaece3f158110214f6cdccadca5e
p23__gemma3_12b__s8,Gemma 3 12B,23,8,gemma/original_outputs/generated_code/p23__gemma3_12b__s8.py,gemma/original_outputs/responses/p23__gemma3_12b__s8_raw.txt,gemma/original_outputs/prompts/p23_prompt.txt,057e5b2415bd1d6cc8b0dc512370a96551c7bdbd03be3c97fa554c013a44a975,4273b57c78ef53aa3fd025b99a8cfa00792caaece3f158110214f6cdccadca5e
p23__gemma3_12b__s9,Gemma 3 12B,23,9,gemma/original_outputs/generated_code/p23__gemma3_12b__s9.py,gemma/original_outputs/responses/p23__gemma3_12b__s9_raw.txt,gemma/original_outputs/prompts/p23_prompt.txt,057e5b2415bd1d6cc8b0dc512370a96551c7bdbd03be3c97fa554c013a44a975,4273b57c78ef53aa3fd025b99a8cfa00792caaece3f158110214f6cdccadca5e
p24__gemma3_12b__s0,Gemma 3 12B,24,0,gemma/original_outputs/generated_code/p24__gemma3_12b__s0.py,gemma/original_outputs/responses/p24__gemma3_12b__s0_raw.txt,gemma/original_outputs/prompts/p24_prompt.txt,62ea87602cfa40237d39cde392d74b501702f1a3ff53e8080b87c04b745560f9,49f498df09f4f8b336cf837afc4eca2d93157042b1d4e488b490805601376d2e
p24__gemma3_12b__s1,Gemma 3 12B,24,1,gemma/original_outputs/generated_code/p24__gemma3_12b__s1.py,gemma/original_outputs/responses/p24__gemma3_12b__s1_raw.txt,gemma/original_outputs/prompts/p24_prompt.txt,62ea87602cfa40237d39cde392d74b501702f1a3ff53e8080b87c04b745560f9,49f498df09f4f8b336cf837afc4eca2d93157042b1d4e488b490805601376d2e
p24__gemma3_12b__s2,Gemma 3 12B,24,2,gemma/original_outputs/generated_code/p24__gemma3_12b__s2.py,gemma/original_outputs/responses/p24__gemma3_12b__s2_raw.txt,gemma/original_outputs/prompts/p24_prompt.txt,62ea87602cfa40237d39cde392d74b501702f1a3ff53e8080b87c04b745560f9,49f498df09f4f8b336cf837afc4eca2d93157042b1d4e488b490805601376d2e
p24__gemma3_12b__s3,Gemma 3 12B,24,3,gemma/original_outputs/generated_code/p24__gemma3_12b__s3.py,gemma/original_outputs/responses/p24__gemma3_12b__s3_raw.txt,gemma/original_outputs/prompts/p24_prompt.txt,62ea87602cfa40237d39cde392d74b501702f1a3ff53e8080b87c04b745560f9,49f498df09f4f8b336cf837afc4eca2d93157042b1d4e488b490805601376d2e
p24__gemma3_12b__s4,Gemma 3 12B,24,4,gemma/original_outputs/generated_code/p24__gemma3_12b__s4.py,gemma/original_outputs/responses/p24__gemma3_12b__s4_raw.txt,gemma/original_outputs/prompts/p24_prompt.txt,62ea87602cfa40237d39cde392d74b501702f1a3ff53e8080b87c04b745560f9,49f498df09f4f8b336cf837afc4eca2d93157042b1d4e488b490805601376d2e
p24__gemma3_12b__s5,Gemma 3 12B,24,5,gemma/original_outputs/generated_code/p24__gemma3_12b__s5.py,gemma/original_outputs/responses/p24__gemma3_12b__s5_raw.txt,gemma/original_outputs/prompts/p24_prompt.txt,62ea87602cfa40237d39cde392d74b501702f1a3ff53e8080b87c04b745560f9,49f498df09f4f8b336cf837afc4eca2d93157042b1d4e488b490805601376d2e
p24__gemma3_12b__s6,Gemma 3 12B,24,6,gemma/original_outputs/generated_code/p24__gemma3_12b__s6.py,gemma/original_outputs/responses/p24__gemma3_12b__s6_raw.txt,gemma/original_outputs/prompts/p24_prompt.txt,62ea87602cfa40237d39cde392d74b501702f1a3ff53e8080b87c04b745560f9,49f498df09f4f8b336cf837afc4eca2d93157042b1d4e488b490805601376d2e
p24__gemma3_12b__s7,Gemma 3 12B,24,7,gemma/original_outputs/generated_code/p24__gemma3_12b__s7.py,gemma/original_outputs/responses/p24__gemma3_12b__s7_raw.txt,gemma/original_outputs/prompts/p24_prompt.txt,62ea87602cfa40237d39cde392d74b501702f1a3ff53e8080b87c04b745560f9,49f498df09f4f8b336cf837afc4eca2d93157042b1d4e488b490805601376d2e
p24__gemma3_12b__s8,Gemma 3 12B,24,8,gemma/original_outputs/generated_code/p24__gemma3_12b__s8.py,gemma/original_outputs/responses/p24__gemma3_12b__s8_raw.txt,gemma/original_outputs/prompts/p24_prompt.txt,62ea87602cfa40237d39cde392d74b501702f1a3ff53e8080b87c04b745560f9,49f498df09f4f8b336cf837afc4eca2d93157042b1d4e488b490805601376d2e
p24__gemma3_12b__s9,Gemma 3 12B,24,9,gemma/original_outputs/generated_code/p24__gemma3_12b__s9.py,gemma/original_outputs/responses/p24__gemma3_12b__s9_raw.txt,gemma/original_outputs/prompts/p24_prompt.txt,62ea87602cfa40237d39cde392d74b501702f1a3ff53e8080b87c04b745560f9,49f498df09f4f8b336cf837afc4eca2d93157042b1d4e488b490805601376d2e
p25__gemma3_12b__s0,Gemma 3 12B,25,0,gemma/original_outputs/generated_code/p25__gemma3_12b__s0.py,gemma/original_outputs/responses/p25__gemma3_12b__s0_raw.txt,gemma/original_outputs/prompts/p25_prompt.txt,75c9122d23a338b36ca824a8cdfbe655d0e7e2618b59d6d664a043d8e023ad88,8ed1673af2b11a087a33ba5a2e18f7606c0786df649d8290ca2f2799b48b6783
p25__gemma3_12b__s1,Gemma 3 12B,25,1,gemma/original_outputs/generated_code/p25__gemma3_12b__s1.py,gemma/original_outputs/responses/p25__gemma3_12b__s1_raw.txt,gemma/original_outputs/prompts/p25_prompt.txt,75c9122d23a338b36ca824a8cdfbe655d0e7e2618b59d6d664a043d8e023ad88,8ed1673af2b11a087a33ba5a2e18f7606c0786df649d8290ca2f2799b48b6783
p25__gemma3_12b__s2,Gemma 3 12B,25,2,gemma/original_outputs/generated_code/p25__gemma3_12b__s2.py,gemma/original_outputs/responses/p25__gemma3_12b__s2_raw.txt,gemma/original_outputs/prompts/p25_prompt.txt,75c9122d23a338b36ca824a8cdfbe655d0e7e2618b59d6d664a043d8e023ad88,8ed1673af2b11a087a33ba5a2e18f7606c0786df649d8290ca2f2799b48b6783
p25__gemma3_12b__s3,Gemma 3 12B,25,3,gemma/original_outputs/generated_code/p25__gemma3_12b__s3.py,gemma/original_outputs/responses/p25__gemma3_12b__s3_raw.txt,gemma/original_outputs/prompts/p25_prompt.txt,75c9122d23a338b36ca824a8cdfbe655d0e7e2618b59d6d664a043d8e023ad88,8ed1673af2b11a087a33ba5a2e18f7606c0786df649d8290ca2f2799b48b6783
p25__gemma3_12b__s4,Gemma 3 12B,25,4,gemma/original_outputs/generated_code/p25__gemma3_12b__s4.py,gemma/original_outputs/responses/p25__gemma3_12b__s4_raw.txt,gemma/original_outputs/prompts/p25_prompt.txt,75c9122d23a338b36ca824a8cdfbe655d0e7e2618b59d6d664a043d8e023ad88,8ed1673af2b11a087a33ba5a2e18f7606c0786df649d8290ca2f2799b48b6783
p25__gemma3_12b__s5,Gemma 3 12B,25,5,gemma/original_outputs/generated_code/p25__gemma3_12b__s5.py,gemma/original_outputs/responses/p25__gemma3_12b__s5_raw.txt,gemma/original_outputs/prompts/p25_prompt.txt,75c9122d23a338b36ca824a8cdfbe655d0e7e2618b59d6d664a043d8e023ad88,8ed1673af2b11a087a33ba5a2e18f7606c0786df649d8290ca2f2799b48b6783
p25__gemma3_12b__s6,Gemma 3 12B,25,6,gemma/original_outputs/generated_code/p25__gemma3_12b__s6.py,gemma/original_outputs/responses/p25__gemma3_12b__s6_raw.txt,gemma/original_outputs/prompts/p25_prompt.txt,75c9122d23a338b36ca824a8cdfbe655d0e7e2618b59d6d664a043d8e023ad88,8ed1673af2b11a087a33ba5a2e18f7606c0786df649d8290ca2f2799b48b6783
p25__gemma3_12b__s7,Gemma 3 12B,25,7,gemma/original_outputs/generated_code/p25__gemma3_12b__s7.py,gemma/original_outputs/responses/p25__gemma3_12b__s7_raw.txt,gemma/original_outputs/prompts/p25_prompt.txt,75c9122d23a338b36ca824a8cdfbe655d0e7e2618b59d6d664a043d8e023ad88,8ed1673af2b11a087a33ba5a2e18f7606c0786df649d8290ca2f2799b48b6783
p25__gemma3_12b__s8,Gemma 3 12B,25,8,gemma/original_outputs/generated_code/p25__gemma3_12b__s8.py,gemma/original_outputs/responses/p25__gemma3_12b__s8_raw.txt,gemma/original_outputs/prompts/p25_prompt.txt,75c9122d23a338b36ca824a8cdfbe655d0e7e2618b59d6d664a043d8e023ad88,8ed1673af2b11a087a33ba5a2e18f7606c0786df649d8290ca2f2799b48b6783
p25__gemma3_12b__s9,Gemma 3 12B,25,9,gemma/original_outputs/generated_code/p25__gemma3_12b__s9.py,gemma/original_outputs/responses/p25__gemma3_12b__s9_raw.txt,gemma/original_outputs/prompts/p25_prompt.txt,75c9122d23a338b36ca824a8cdfbe655d0e7e2618b59d6d664a043d8e023ad88,8ed1673af2b11a087a33ba5a2e18f7606c0786df649d8290ca2f2799b48b6783
p26__gemma3_12b__s0,Gemma 3 12B,26,0,gemma/original_outputs/generated_code/p26__gemma3_12b__s0.py,gemma/original_outputs/responses/p26__gemma3_12b__s0_raw.txt,gemma/original_outputs/prompts/p26_prompt.txt,419448b4e09f0b1fec47675a7548dafc63816693d7b25efe8c4285ab3e992ea0,0025de53bd2de2718407337ee34e051099bc71450f02f259f8466379a75d6706
p26__gemma3_12b__s1,Gemma 3 12B,26,1,gemma/original_outputs/generated_code/p26__gemma3_12b__s1.py,gemma/original_outputs/responses/p26__gemma3_12b__s1_raw.txt,gemma/original_outputs/prompts/p26_prompt.txt,419448b4e09f0b1fec47675a7548dafc63816693d7b25efe8c4285ab3e992ea0,0025de53bd2de2718407337ee34e051099bc71450f02f259f8466379a75d6706
p26__gemma3_12b__s2,Gemma 3 12B,26,2,gemma/original_outputs/generated_code/p26__gemma3_12b__s2.py,gemma/original_outputs/responses/p26__gemma3_12b__s2_raw.txt,gemma/original_outputs/prompts/p26_prompt.txt,419448b4e09f0b1fec47675a7548dafc63816693d7b25efe8c4285ab3e992ea0,0025de53bd2de2718407337ee34e051099bc71450f02f259f8466379a75d6706
p26__gemma3_12b__s3,Gemma 3 12B,26,3,gemma/original_outputs/generated_code/p26__gemma3_12b__s3.py,gemma/original_outputs/responses/p26__gemma3_12b__s3_raw.txt,gemma/original_outputs/prompts/p26_prompt.txt,419448b4e09f0b1fec47675a7548dafc63816693d7b25efe8c4285ab3e992ea0,0025de53bd2de2718407337ee34e051099bc71450f02f259f8466379a75d6706
p26__gemma3_12b__s4,Gemma 3 12B,26,4,gemma/original_outputs/generated_code/p26__gemma3_12b__s4.py,gemma/original_outputs/responses/p26__gemma3_12b__s4_raw.txt,gemma/original_outputs/prompts/p26_prompt.txt,419448b4e09f0b1fec47675a7548dafc63816693d7b25efe8c4285ab3e992ea0,0025de53bd2de2718407337ee34e051099bc71450f02f259f8466379a75d6706
p26__gemma3_12b__s5,Gemma 3 12B,26,5,gemma/original_outputs/generated_code/p26__gemma3_12b__s5.py,gemma/original_outputs/responses/p26__gemma3_12b__s5_raw.txt,gemma/original_outputs/prompts/p26_prompt.txt,419448b4e09f0b1fec47675a7548dafc63816693d7b25efe8c4285ab3e992ea0,0025de53bd2de2718407337ee34e051099bc71450f02f259f8466379a75d6706
p26__gemma3_12b__s6,Gemma 3 12B,26,6,gemma/original_outputs/generated_code/p26__gemma3_12b__s6.py,gemma/original_outputs/responses/p26__gemma3_12b__s6_raw.txt,gemma/original_outputs/prompts/p26_prompt.txt,419448b4e09f0b1fec47675a7548dafc63816693d7b25efe8c4285ab3e992ea0,0025de53bd2de2718407337ee34e051099bc71450f02f259f8466379a75d6706
p26__gemma3_12b__s7,Gemma 3 12B,26,7,gemma/original_outputs/generated_code/p26__gemma3_12b__s7.py,gemma/original_outputs/responses/p26__gemma3_12b__s7_raw.txt,gemma/original_outputs/prompts/p26_prompt.txt,419448b4e09f0b1fec47675a7548dafc63816693d7b25efe8c4285ab3e992ea0,0025de53bd2de2718407337ee34e051099bc71450f02f259f8466379a75d6706
p26__gemma3_12b__s8,Gemma 3 12B,26,8,gemma/original_outputs/generated_code/p26__gemma3_12b__s8.py,gemma/original_outputs/responses/p26__gemma3_12b__s8_raw.txt,gemma/original_outputs/prompts/p26_prompt.txt,419448b4e09f0b1fec47675a7548dafc63816693d7b25efe8c4285ab3e992ea0,0025de53bd2de2718407337ee34e051099bc71450f02f259f8466379a75d6706
p26__gemma3_12b__s9,Gemma 3 12B,26,9,gemma/original_outputs/generated_code/p26__gemma3_12b__s9.py,gemma/original_outputs/responses/p26__gemma3_12b__s9_raw.txt,gemma/original_outputs/prompts/p26_prompt.txt,419448b4e09f0b1fec47675a7548dafc63816693d7b25efe8c4285ab3e992ea0,0025de53bd2de2718407337ee34e051099bc71450f02f259f8466379a75d6706
p27__gemma3_12b__s0,Gemma 3 12B,27,0,gemma/original_outputs/generated_code/p27__gemma3_12b__s0.py,gemma/original_outputs/responses/p27__gemma3_12b__s0_raw.txt,gemma/original_outputs/prompts/p27_prompt.txt,8614d8c1e9cbfc0cf88651d2df7ec392a4f131f01bbc7228d0c0bec714a9c373,fe5d85d27aa03999fd508082a71be6b538722f71b85675e40f10dc5c4c22f057
p27__gemma3_12b__s1,Gemma 3 12B,27,1,gemma/original_outputs/generated_code/p27__gemma3_12b__s1.py,gemma/original_outputs/responses/p27__gemma3_12b__s1_raw.txt,gemma/original_outputs/prompts/p27_prompt.txt,8614d8c1e9cbfc0cf88651d2df7ec392a4f131f01bbc7228d0c0bec714a9c373,fe5d85d27aa03999fd508082a71be6b538722f71b85675e40f10dc5c4c22f057
p27__gemma3_12b__s2,Gemma 3 12B,27,2,gemma/original_outputs/generated_code/p27__gemma3_12b__s2.py,gemma/original_outputs/responses/p27__gemma3_12b__s2_raw.txt,gemma/original_outputs/prompts/p27_prompt.txt,8614d8c1e9cbfc0cf88651d2df7ec392a4f131f01bbc7228d0c0bec714a9c373,fe5d85d27aa03999fd508082a71be6b538722f71b85675e40f10dc5c4c22f057
p27__gemma3_12b__s3,Gemma 3 12B,27,3,gemma/original_outputs/generated_code/p27__gemma3_12b__s3.py,gemma/original_outputs/responses/p27__gemma3_12b__s3_raw.txt,gemma/original_outputs/prompts/p27_prompt.txt,8614d8c1e9cbfc0cf88651d2df7ec392a4f131f01bbc7228d0c0bec714a9c373,fe5d85d27aa03999fd508082a71be6b538722f71b85675e40f10dc5c4c22f057
p27__gemma3_12b__s4,Gemma 3 12B,27,4,gemma/original_outputs/generated_code/p27__gemma3_12b__s4.py,gemma/original_outputs/responses/p27__gemma3_12b__s4_raw.txt,gemma/original_outputs/prompts/p27_prompt.txt,8614d8c1e9cbfc0cf88651d2df7ec392a4f131f01bbc7228d0c0bec714a9c373,fe5d85d27aa03999fd508082a71be6b538722f71b85675e40f10dc5c4c22f057
p27__gemma3_12b__s5,Gemma 3 12B,27,5,gemma/original_outputs/generated_code/p27__gemma3_12b__s5.py,gemma/original_outputs/responses/p27__gemma3_12b__s5_raw.txt,gemma/original_outputs/prompts/p27_prompt.txt,8614d8c1e9cbfc0cf88651d2df7ec392a4f131f01bbc7228d0c0bec714a9c373,fe5d85d27aa03999fd508082a71be6b538722f71b85675e40f10dc5c4c22f057
p27__gemma3_12b__s6,Gemma 3 12B,27,6,gemma/original_outputs/generated_code/p27__gemma3_12b__s6.py,gemma/original_outputs/responses/p27__gemma3_12b__s6_raw.txt,gemma/original_outputs/prompts/p27_prompt.txt,8614d8c1e9cbfc0cf88651d2df7ec392a4f131f01bbc7228d0c0bec714a9c373,fe5d85d27aa03999fd508082a71be6b538722f71b85675e40f10dc5c4c22f057
p27__gemma3_12b__s7,Gemma 3 12B,27,7,gemma/original_outputs/generated_code/p27__gemma3_12b__s7.py,gemma/original_outputs/responses/p27__gemma3_12b__s7_raw.txt,gemma/original_outputs/prompts/p27_prompt.txt,8614d8c1e9cbfc0cf88651d2df7ec392a4f131f01bbc7228d0c0bec714a9c373,fe5d85d27aa03999fd508082a71be6b538722f71b85675e40f10dc5c4c22f057
p27__gemma3_12b__s8,Gemma 3 12B,27,8,gemma/original_outputs/generated_code/p27__gemma3_12b__s8.py,gemma/original_outputs/responses/p27__gemma3_12b__s8_raw.txt,gemma/original_outputs/prompts/p27_prompt.txt,8614d8c1e9cbfc0cf88651d2df7ec392a4f131f01bbc7228d0c0bec714a9c373,fe5d85d27aa03999fd508082a71be6b538722f71b85675e40f10dc5c4c22f057
p27__gemma3_12b__s9,Gemma 3 12B,27,9,gemma/original_outputs/generated_code/p27__gemma3_12b__s9.py,gemma/original_outputs/responses/p27__gemma3_12b__s9_raw.txt,gemma/original_outputs/prompts/p27_prompt.txt,8614d8c1e9cbfc0cf88651d2df7ec392a4f131f01bbc7228d0c0bec714a9c373,fe5d85d27aa03999fd508082a71be6b538722f71b85675e40f10dc5c4c22f057
p28__gemma3_12b__s0,Gemma 3 12B,28,0,gemma/original_outputs/generated_code/p28__gemma3_12b__s0.py,gemma/original_outputs/responses/p28__gemma3_12b__s0_raw.txt,gemma/original_outputs/prompts/p28_prompt.txt,b2598c67829ddb23b6b0dfc07cc19b9a84d81564865b95d05905fcd8cdd92005,f74cd37e28350b1b21548659dfae67828a81ad59cdc0100531080fd606021007
p28__gemma3_12b__s1,Gemma 3 12B,28,1,gemma/original_outputs/generated_code/p28__gemma3_12b__s1.py,gemma/original_outputs/responses/p28__gemma3_12b__s1_raw.txt,gemma/original_outputs/prompts/p28_prompt.txt,b2598c67829ddb23b6b0dfc07cc19b9a84d81564865b95d05905fcd8cdd92005,f74cd37e28350b1b21548659dfae67828a81ad59cdc0100531080fd606021007
p28__gemma3_12b__s2,Gemma 3 12B,28,2,gemma/original_outputs/generated_code/p28__gemma3_12b__s2.py,gemma/original_outputs/responses/p28__gemma3_12b__s2_raw.txt,gemma/original_outputs/prompts/p28_prompt.txt,b2598c67829ddb23b6b0dfc07cc19b9a84d81564865b95d05905fcd8cdd92005,f74cd37e28350b1b21548659dfae67828a81ad59cdc0100531080fd606021007
p28__gemma3_12b__s3,Gemma 3 12B,28,3,gemma/original_outputs/generated_code/p28__gemma3_12b__s3.py,gemma/original_outputs/responses/p28__gemma3_12b__s3_raw.txt,gemma/original_outputs/prompts/p28_prompt.txt,b2598c67829ddb23b6b0dfc07cc19b9a84d81564865b95d05905fcd8cdd92005,f74cd37e28350b1b21548659dfae67828a81ad59cdc0100531080fd606021007
p28__gemma3_12b__s4,Gemma 3 12B,28,4,gemma/original_outputs/generated_code/p28__gemma3_12b__s4.py,gemma/original_outputs/responses/p28__gemma3_12b__s4_raw.txt,gemma/original_outputs/prompts/p28_prompt.txt,b2598c67829ddb23b6b0dfc07cc19b9a84d81564865b95d05905fcd8cdd92005,f74cd37e28350b1b21548659dfae67828a81ad59cdc0100531080fd606021007
p28__gemma3_12b__s5,Gemma 3 12B,28,5,gemma/original_outputs/generated_code/p28__gemma3_12b__s5.py,gemma/original_outputs/responses/p28__gemma3_12b__s5_raw.txt,gemma/original_outputs/prompts/p28_prompt.txt,b2598c67829ddb23b6b0dfc07cc19b9a84d81564865b95d05905fcd8cdd92005,f74cd37e28350b1b21548659dfae67828a81ad59cdc0100531080fd606021007
p28__gemma3_12b__s6,Gemma 3 12B,28,6,gemma/original_outputs/generated_code/p28__gemma3_12b__s6.py,gemma/original_outputs/responses/p28__gemma3_12b__s6_raw.txt,gemma/original_outputs/prompts/p28_prompt.txt,b2598c67829ddb23b6b0dfc07cc19b9a84d81564865b95d05905fcd8cdd92005,f74cd37e28350b1b21548659dfae67828a81ad59cdc0100531080fd606021007
p28__gemma3_12b__s7,Gemma 3 12B,28,7,gemma/original_outputs/generated_code/p28__gemma3_12b__s7.py,gemma/original_outputs/responses/p28__gemma3_12b__s7_raw.txt,gemma/original_outputs/prompts/p28_prompt.txt,b2598c67829ddb23b6b0dfc07cc19b9a84d81564865b95d05905fcd8cdd92005,f74cd37e28350b1b21548659dfae67828a81ad59cdc0100531080fd606021007
p28__gemma3_12b__s8,Gemma 3 12B,28,8,gemma/original_outputs/generated_code/p28__gemma3_12b__s8.py,gemma/original_outputs/responses/p28__gemma3_12b__s8_raw.txt,gemma/original_outputs/prompts/p28_prompt.txt,b2598c67829ddb23b6b0dfc07cc19b9a84d81564865b95d05905fcd8cdd92005,f74cd37e28350b1b21548659dfae67828a81ad59cdc0100531080fd606021007
p28__gemma3_12b__s9,Gemma 3 12B,28,9,gemma/original_outputs/generated_code/p28__gemma3_12b__s9.py,gemma/original_outputs/responses/p28__gemma3_12b__s9_raw.txt,gemma/original_outputs/prompts/p28_prompt.txt,b2598c67829ddb23b6b0dfc07cc19b9a84d81564865b95d05905fcd8cdd92005,f74cd37e28350b1b21548659dfae67828a81ad59cdc0100531080fd606021007
p29__gemma3_12b__s0,Gemma 3 12B,29,0,gemma/original_outputs/generated_code/p29__gemma3_12b__s0.py,gemma/original_outputs/responses/p29__gemma3_12b__s0_raw.txt,gemma/original_outputs/prompts/p29_prompt.txt,2e8f55a025edaf27212528e4e021b65ee655862779d6bb841953635822a0da37,d0fdf8fcaa6364a7dbc52c08323c1a4c53426e73c6b51baa99c070ba6085dbdb
p29__gemma3_12b__s1,Gemma 3 12B,29,1,gemma/original_outputs/generated_code/p29__gemma3_12b__s1.py,gemma/original_outputs/responses/p29__gemma3_12b__s1_raw.txt,gemma/original_outputs/prompts/p29_prompt.txt,2e8f55a025edaf27212528e4e021b65ee655862779d6bb841953635822a0da37,d0fdf8fcaa6364a7dbc52c08323c1a4c53426e73c6b51baa99c070ba6085dbdb
p29__gemma3_12b__s2,Gemma 3 12B,29,2,gemma/original_outputs/generated_code/p29__gemma3_12b__s2.py,gemma/original_outputs/responses/p29__gemma3_12b__s2_raw.txt,gemma/original_outputs/prompts/p29_prompt.txt,2e8f55a025edaf27212528e4e021b65ee655862779d6bb841953635822a0da37,d0fdf8fcaa6364a7dbc52c08323c1a4c53426e73c6b51baa99c070ba6085dbdb
p29__gemma3_12b__s3,Gemma 3 12B,29,3,gemma/original_outputs/generated_code/p29__gemma3_12b__s3.py,gemma/original_outputs/responses/p29__gemma3_12b__s3_raw.txt,gemma/original_outputs/prompts/p29_prompt.txt,2e8f55a025edaf27212528e4e021b65ee655862779d6bb841953635822a0da37,d0fdf8fcaa6364a7dbc52c08323c1a4c53426e73c6b51baa99c070ba6085dbdb
p29__gemma3_12b__s4,Gemma 3 12B,29,4,gemma/original_outputs/generated_code/p29__gemma3_12b__s4.py,gemma/original_outputs/responses/p29__gemma3_12b__s4_raw.txt,gemma/original_outputs/prompts/p29_prompt.txt,2e8f55a025edaf27212528e4e021b65ee655862779d6bb841953635822a0da37,d0fdf8fcaa6364a7dbc52c08323c1a4c53426e73c6b51baa99c070ba6085dbdb
p29__gemma3_12b__s5,Gemma 3 12B,29,5,gemma/original_outputs/generated_code/p29__gemma3_12b__s5.py,gemma/original_outputs/responses/p29__gemma3_12b__s5_raw.txt,gemma/original_outputs/prompts/p29_prompt.txt,2e8f55a025edaf27212528e4e021b65ee655862779d6bb841953635822a0da37,d0fdf8fcaa6364a7dbc52c08323c1a4c53426e73c6b51baa99c070ba6085dbdb
p29__gemma3_12b__s6,Gemma 3 12B,29,6,gemma/original_outputs/generated_code/p29__gemma3_12b__s6.py,gemma/original_outputs/responses/p29__gemma3_12b__s6_raw.txt,gemma/original_outputs/prompts/p29_prompt.txt,2e8f55a025edaf27212528e4e021b65ee655862779d6bb841953635822a0da37,d0fdf8fcaa6364a7dbc52c08323c1a4c53426e73c6b51baa99c070ba6085dbdb
p29__gemma3_12b__s7,Gemma 3 12B,29,7,gemma/original_outputs/generated_code/p29__gemma3_12b__s7.py,gemma/original_outputs/responses/p29__gemma3_12b__s7_raw.txt,gemma/original_outputs/prompts/p29_prompt.txt,2e8f55a025edaf27212528e4e021b65ee655862779d6bb841953635822a0da37,d0fdf8fcaa6364a7dbc52c08323c1a4c53426e73c6b51baa99c070ba6085dbdb
p29__gemma3_12b__s8,Gemma 3 12B,29,8,gemma/original_outputs/generated_code/p29__gemma3_12b__s8.py,gemma/original_outputs/responses/p29__gemma3_12b__s8_raw.txt,gemma/original_outputs/prompts/p29_prompt.txt,2e8f55a025edaf27212528e4e021b65ee655862779d6bb841953635822a0da37,d0fdf8fcaa6364a7dbc52c08323c1a4c53426e73c6b51baa99c070ba6085dbdb
p29__gemma3_12b__s9,Gemma 3 12B,29,9,gemma/original_outputs/generated_code/p29__gemma3_12b__s9.py,gemma/original_outputs/responses/p29__gemma3_12b__s9_raw.txt,gemma/original_outputs/prompts/p29_prompt.txt,2e8f55a025edaf27212528e4e021b65ee655862779d6bb841953635822a0da37,d0fdf8fcaa6364a7dbc52c08323c1a4c53426e73c6b51baa99c070ba6085dbdb
p30__gemma3_12b__s0,Gemma 3 12B,30,0,gemma/original_outputs/generated_code/p30__gemma3_12b__s0.py,gemma/original_outputs/responses/p30__gemma3_12b__s0_raw.txt,gemma/original_outputs/prompts/p30_prompt.txt,8e8e5b0c7a7fb365f2e9638a1b2f481741bb12ffb851d2540ef0db559a27dc1a,85ef396fd8ea393c06e64b5fed76db2cddc4a617794c6511f0a3d206af74e071
p30__gemma3_12b__s1,Gemma 3 12B,30,1,gemma/original_outputs/generated_code/p30__gemma3_12b__s1.py,gemma/original_outputs/responses/p30__gemma3_12b__s1_raw.txt,gemma/original_outputs/prompts/p30_prompt.txt,8e8e5b0c7a7fb365f2e9638a1b2f481741bb12ffb851d2540ef0db559a27dc1a,85ef396fd8ea393c06e64b5fed76db2cddc4a617794c6511f0a3d206af74e071
p30__gemma3_12b__s2,Gemma 3 12B,30,2,gemma/original_outputs/generated_code/p30__gemma3_12b__s2.py,gemma/original_outputs/responses/p30__gemma3_12b__s2_raw.txt,gemma/original_outputs/prompts/p30_prompt.txt,8e8e5b0c7a7fb365f2e9638a1b2f481741bb12ffb851d2540ef0db559a27dc1a,85ef396fd8ea393c06e64b5fed76db2cddc4a617794c6511f0a3d206af74e071
p30__gemma3_12b__s3,Gemma 3 12B,30,3,gemma/original_outputs/generated_code/p30__gemma3_12b__s3.py,gemma/original_outputs/responses/p30__gemma3_12b__s3_raw.txt,gemma/original_outputs/prompts/p30_prompt.txt,8e8e5b0c7a7fb365f2e9638a1b2f481741bb12ffb851d2540ef0db559a27dc1a,85ef396fd8ea393c06e64b5fed76db2cddc4a617794c6511f0a3d206af74e071
p30__gemma3_12b__s4,Gemma 3 12B,30,4,gemma/original_outputs/generated_code/p30__gemma3_12b__s4.py,gemma/original_outputs/responses/p30__gemma3_12b__s4_raw.txt,gemma/original_outputs/prompts/p30_prompt.txt,8e8e5b0c7a7fb365f2e9638a1b2f481741bb12ffb851d2540ef0db559a27dc1a,85ef396fd8ea393c06e64b5fed76db2cddc4a617794c6511f0a3d206af74e071
p30__gemma3_12b__s5,Gemma 3 12B,30,5,gemma/original_outputs/generated_code/p30__gemma3_12b__s5.py,gemma/original_outputs/responses/p30__gemma3_12b__s5_raw.txt,gemma/original_outputs/prompts/p30_prompt.txt,8e8e5b0c7a7fb365f2e9638a1b2f481741bb12ffb851d2540ef0db559a27dc1a,85ef396fd8ea393c06e64b5fed76db2cddc4a617794c6511f0a3d206af74e071
p30__gemma3_12b__s6,Gemma 3 12B,30,6,gemma/original_outputs/generated_code/p30__gemma3_12b__s6.py,gemma/original_outputs/responses/p30__gemma3_12b__s6_raw.txt,gemma/original_outputs/prompts/p30_prompt.txt,8e8e5b0c7a7fb365f2e9638a1b2f481741bb12ffb851d2540ef0db559a27dc1a,85ef396fd8ea393c06e64b5fed76db2cddc4a617794c6511f0a3d206af74e071
p30__gemma3_12b__s7,Gemma 3 12B,30,7,gemma/original_outputs/generated_code/p30__gemma3_12b__s7.py,gemma/original_outputs/responses/p30__gemma3_12b__s7_raw.txt,gemma/original_outputs/prompts/p30_prompt.txt,8e8e5b0c7a7fb365f2e9638a1b2f481741bb12ffb851d2540ef0db559a27dc1a,85ef396fd8ea393c06e64b5fed76db2cddc4a617794c6511f0a3d206af74e071
p30__gemma3_12b__s8,Gemma 3 12B,30,8,gemma/original_outputs/generated_code/p30__gemma3_12b__s8.py,gemma/original_outputs/responses/p30__gemma3_12b__s8_raw.txt,gemma/original_outputs/prompts/p30_prompt.txt,8e8e5b0c7a7fb365f2e9638a1b2f481741bb12ffb851d2540ef0db559a27dc1a,85ef396fd8ea393c06e64b5fed76db2cddc4a617794c6511f0a3d206af74e071
p30__gemma3_12b__s9,Gemma 3 12B,30,9,gemma/original_outputs/generated_code/p30__gemma3_12b__s9.py,gemma/original_outputs/responses/p30__gemma3_12b__s9_raw.txt,gemma/original_outputs/prompts/p30_prompt.txt,8e8e5b0c7a7fb365f2e9638a1b2f481741bb12ffb851d2540ef0db559a27dc1a,85ef396fd8ea393c06e64b5fed76db2cddc4a617794c6511f0a3d206af74e071
p31__gemma3_12b__s0,Gemma 3 12B,31,0,gemma/original_outputs/generated_code/p31__gemma3_12b__s0.py,gemma/original_outputs/responses/p31__gemma3_12b__s0_raw.txt,gemma/original_outputs/prompts/p31_prompt.txt,525d69128ccf3cad2df3e593abb7cdcf6200c7b8a533f58dfb72c9f1489a4016,5b2eee9de36cb817a72330d61f8e575d03d7740686fd0eed4041bcf3d9720a73
p31__gemma3_12b__s1,Gemma 3 12B,31,1,gemma/original_outputs/generated_code/p31__gemma3_12b__s1.py,gemma/original_outputs/responses/p31__gemma3_12b__s1_raw.txt,gemma/original_outputs/prompts/p31_prompt.txt,525d69128ccf3cad2df3e593abb7cdcf6200c7b8a533f58dfb72c9f1489a4016,5b2eee9de36cb817a72330d61f8e575d03d7740686fd0eed4041bcf3d9720a73
p31__gemma3_12b__s2,Gemma 3 12B,31,2,gemma/original_outputs/generated_code/p31__gemma3_12b__s2.py,gemma/original_outputs/responses/p31__gemma3_12b__s2_raw.txt,gemma/original_outputs/prompts/p31_prompt.txt,525d69128ccf3cad2df3e593abb7cdcf6200c7b8a533f58dfb72c9f1489a4016,5b2eee9de36cb817a72330d61f8e575d03d7740686fd0eed4041bcf3d9720a73
p31__gemma3_12b__s3,Gemma 3 12B,31,3,gemma/original_outputs/generated_code/p31__gemma3_12b__s3.py,gemma/original_outputs/responses/p31__gemma3_12b__s3_raw.txt,gemma/original_outputs/prompts/p31_prompt.txt,525d69128ccf3cad2df3e593abb7cdcf6200c7b8a533f58dfb72c9f1489a4016,5b2eee9de36cb817a72330d61f8e575d03d7740686fd0eed4041bcf3d9720a73
p31__gemma3_12b__s4,Gemma 3 12B,31,4,gemma/original_outputs/generated_code/p31__gemma3_12b__s4.py,gemma/original_outputs/responses/p31__gemma3_12b__s4_raw.txt,gemma/original_outputs/prompts/p31_prompt.txt,525d69128ccf3cad2df3e593abb7cdcf6200c7b8a533f58dfb72c9f1489a4016,5b2eee9de36cb817a72330d61f8e575d03d7740686fd0eed4041bcf3d9720a73
p31__gemma3_12b__s5,Gemma 3 12B,31,5,gemma/original_outputs/generated_code/p31__gemma3_12b__s5.py,gemma/original_outputs/responses/p31__gemma3_12b__s5_raw.txt,gemma/original_outputs/prompts/p31_prompt.txt,525d69128ccf3cad2df3e593abb7cdcf6200c7b8a533f58dfb72c9f1489a4016,5b2eee9de36cb817a72330d61f8e575d03d7740686fd0eed4041bcf3d9720a73
p31__gemma3_12b__s6,Gemma 3 12B,31,6,gemma/original_outputs/generated_code/p31__gemma3_12b__s6.py,gemma/original_outputs/responses/p31__gemma3_12b__s6_raw.txt,gemma/original_outputs/prompts/p31_prompt.txt,525d69128ccf3cad2df3e593abb7cdcf6200c7b8a533f58dfb72c9f1489a4016,5b2eee9de36cb817a72330d61f8e575d03d7740686fd0eed4041bcf3d9720a73
p31__gemma3_12b__s7,Gemma 3 12B,31,7,gemma/original_outputs/generated_code/p31__gemma3_12b__s7.py,gemma/original_outputs/responses/p31__gemma3_12b__s7_raw.txt,gemma/original_outputs/prompts/p31_prompt.txt,525d69128ccf3cad2df3e593abb7cdcf6200c7b8a533f58dfb72c9f1489a4016,5b2eee9de36cb817a72330d61f8e575d03d7740686fd0eed4041bcf3d9720a73
p31__gemma3_12b__s8,Gemma 3 12B,31,8,gemma/original_outputs/generated_code/p31__gemma3_12b__s8.py,gemma/original_outputs/responses/p31__gemma3_12b__s8_raw.txt,gemma/original_outputs/prompts/p31_prompt.txt,525d69128ccf3cad2df3e593abb7cdcf6200c7b8a533f58dfb72c9f1489a4016,5b2eee9de36cb817a72330d61f8e575d03d7740686fd0eed4041bcf3d9720a73
p31__gemma3_12b__s9,Gemma 3 12B,31,9,gemma/original_outputs/generated_code/p31__gemma3_12b__s9.py,gemma/original_outputs/responses/p31__gemma3_12b__s9_raw.txt,gemma/original_outputs/prompts/p31_prompt.txt,525d69128ccf3cad2df3e593abb7cdcf6200c7b8a533f58dfb72c9f1489a4016,5b2eee9de36cb817a72330d61f8e575d03d7740686fd0eed4041bcf3d9720a73
p32__gemma3_12b__s0,Gemma 3 12B,32,0,gemma/original_outputs/generated_code/p32__gemma3_12b__s0.py,gemma/original_outputs/responses/p32__gemma3_12b__s0_raw.txt,gemma/original_outputs/prompts/p32_prompt.txt,51fb6cadd3b4adce749b51a20c4ef3fb6193745732c821bf81b1ca1a31e3e5cc,a1bcb2ffcd26819b8a625feb67d1b1cf0a5bb99691677b626a1f4a161d9aadab
p32__gemma3_12b__s1,Gemma 3 12B,32,1,gemma/original_outputs/generated_code/p32__gemma3_12b__s1.py,gemma/original_outputs/responses/p32__gemma3_12b__s1_raw.txt,gemma/original_outputs/prompts/p32_prompt.txt,51fb6cadd3b4adce749b51a20c4ef3fb6193745732c821bf81b1ca1a31e3e5cc,a1bcb2ffcd26819b8a625feb67d1b1cf0a5bb99691677b626a1f4a161d9aadab
p32__gemma3_12b__s2,Gemma 3 12B,32,2,gemma/original_outputs/generated_code/p32__gemma3_12b__s2.py,gemma/original_outputs/responses/p32__gemma3_12b__s2_raw.txt,gemma/original_outputs/prompts/p32_prompt.txt,51fb6cadd3b4adce749b51a20c4ef3fb6193745732c821bf81b1ca1a31e3e5cc,a1bcb2ffcd26819b8a625feb67d1b1cf0a5bb99691677b626a1f4a161d9aadab
p32__gemma3_12b__s3,Gemma 3 12B,32,3,gemma/original_outputs/generated_code/p32__gemma3_12b__s3.py,gemma/original_outputs/responses/p32__gemma3_12b__s3_raw.txt,gemma/original_outputs/prompts/p32_prompt.txt,51fb6cadd3b4adce749b51a20c4ef3fb6193745732c821bf81b1ca1a31e3e5cc,a1bcb2ffcd26819b8a625feb67d1b1cf0a5bb99691677b626a1f4a161d9aadab
p32__gemma3_12b__s4,Gemma 3 12B,32,4,gemma/original_outputs/generated_code/p32__gemma3_12b__s4.py,gemma/original_outputs/responses/p32__gemma3_12b__s4_raw.txt,gemma/original_outputs/prompts/p32_prompt.txt,51fb6cadd3b4adce749b51a20c4ef3fb6193745732c821bf81b1ca1a31e3e5cc,a1bcb2ffcd26819b8a625feb67d1b1cf0a5bb99691677b626a1f4a161d9aadab
p32__gemma3_12b__s5,Gemma 3 12B,32,5,gemma/original_outputs/generated_code/p32__gemma3_12b__s5.py,gemma/original_outputs/responses/p32__gemma3_12b__s5_raw.txt,gemma/original_outputs/prompts/p32_prompt.txt,51fb6cadd3b4adce749b51a20c4ef3fb6193745732c821bf81b1ca1a31e3e5cc,a1bcb2ffcd26819b8a625feb67d1b1cf0a5bb99691677b626a1f4a161d9aadab
p32__gemma3_12b__s6,Gemma 3 12B,32,6,gemma/original_outputs/generated_code/p32__gemma3_12b__s6.py,gemma/original_outputs/responses/p32__gemma3_12b__s6_raw.txt,gemma/original_outputs/prompts/p32_prompt.txt,51fb6cadd3b4adce749b51a20c4ef3fb6193745732c821bf81b1ca1a31e3e5cc,a1bcb2ffcd26819b8a625feb67d1b1cf0a5bb99691677b626a1f4a161d9aadab
p32__gemma3_12b__s7,Gemma 3 12B,32,7,gemma/original_outputs/generated_code/p32__gemma3_12b__s7.py,gemma/original_outputs/responses/p32__gemma3_12b__s7_raw.txt,gemma/original_outputs/prompts/p32_prompt.txt,51fb6cadd3b4adce749b51a20c4ef3fb6193745732c821bf81b1ca1a31e3e5cc,a1bcb2ffcd26819b8a625feb67d1b1cf0a5bb99691677b626a1f4a161d9aadab
p32__gemma3_12b__s8,Gemma 3 12B,32,8,gemma/original_outputs/generated_code/p32__gemma3_12b__s8.py,gemma/original_outputs/responses/p32__gemma3_12b__s8_raw.txt,gemma/original_outputs/prompts/p32_prompt.txt,51fb6cadd3b4adce749b51a20c4ef3fb6193745732c821bf81b1ca1a31e3e5cc,a1bcb2ffcd26819b8a625feb67d1b1cf0a5bb99691677b626a1f4a161d9aadab
p32__gemma3_12b__s9,Gemma 3 12B,32,9,gemma/original_outputs/generated_code/p32__gemma3_12b__s9.py,gemma/original_outputs/responses/p32__gemma3_12b__s9_raw.txt,gemma/original_outputs/prompts/p32_prompt.txt,51fb6cadd3b4adce749b51a20c4ef3fb6193745732c821bf81b1ca1a31e3e5cc,a1bcb2ffcd26819b8a625feb67d1b1cf0a5bb99691677b626a1f4a161d9aadab
p33__gemma3_12b__s0,Gemma 3 12B,33,0,gemma/original_outputs/generated_code/p33__gemma3_12b__s0.py,gemma/original_outputs/responses/p33__gemma3_12b__s0_raw.txt,gemma/original_outputs/prompts/p33_prompt.txt,94e5033c3484317e410358acfb849dbf6411c58caafe99275b54cd3cde187aed,2f274542d0dcf6cf9e0b7fe2fcf73d3e9b9ae7df2129e5656ce34a5c713b03e1
p33__gemma3_12b__s1,Gemma 3 12B,33,1,gemma/original_outputs/generated_code/p33__gemma3_12b__s1.py,gemma/original_outputs/responses/p33__gemma3_12b__s1_raw.txt,gemma/original_outputs/prompts/p33_prompt.txt,94e5033c3484317e410358acfb849dbf6411c58caafe99275b54cd3cde187aed,2f274542d0dcf6cf9e0b7fe2fcf73d3e9b9ae7df2129e5656ce34a5c713b03e1
p33__gemma3_12b__s2,Gemma 3 12B,33,2,gemma/original_outputs/generated_code/p33__gemma3_12b__s2.py,gemma/original_outputs/responses/p33__gemma3_12b__s2_raw.txt,gemma/original_outputs/prompts/p33_prompt.txt,94e5033c3484317e410358acfb849dbf6411c58caafe99275b54cd3cde187aed,2f274542d0dcf6cf9e0b7fe2fcf73d3e9b9ae7df2129e5656ce34a5c713b03e1
p33__gemma3_12b__s3,Gemma 3 12B,33,3,gemma/original_outputs/generated_code/p33__gemma3_12b__s3.py,gemma/original_outputs/responses/p33__gemma3_12b__s3_raw.txt,gemma/original_outputs/prompts/p33_prompt.txt,94e5033c3484317e410358acfb849dbf6411c58caafe99275b54cd3cde187aed,2f274542d0dcf6cf9e0b7fe2fcf73d3e9b9ae7df2129e5656ce34a5c713b03e1
p33__gemma3_12b__s4,Gemma 3 12B,33,4,gemma/original_outputs/generated_code/p33__gemma3_12b__s4.py,gemma/original_outputs/responses/p33__gemma3_12b__s4_raw.txt,gemma/original_outputs/prompts/p33_prompt.txt,94e5033c3484317e410358acfb849dbf6411c58caafe99275b54cd3cde187aed,2f274542d0dcf6cf9e0b7fe2fcf73d3e9b9ae7df2129e5656ce34a5c713b03e1
p33__gemma3_12b__s5,Gemma 3 12B,33,5,gemma/original_outputs/generated_code/p33__gemma3_12b__s5.py,gemma/original_outputs/responses/p33__gemma3_12b__s5_raw.txt,gemma/original_outputs/prompts/p33_prompt.txt,94e5033c3484317e410358acfb849dbf6411c58caafe99275b54cd3cde187aed,2f274542d0dcf6cf9e0b7fe2fcf73d3e9b9ae7df2129e5656ce34a5c713b03e1
p33__gemma3_12b__s6,Gemma 3 12B,33,6,gemma/original_outputs/generated_code/p33__gemma3_12b__s6.py,gemma/original_outputs/responses/p33__gemma3_12b__s6_raw.txt,gemma/original_outputs/prompts/p33_prompt.txt,94e5033c3484317e410358acfb849dbf6411c58caafe99275b54cd3cde187aed,2f274542d0dcf6cf9e0b7fe2fcf73d3e9b9ae7df2129e5656ce34a5c713b03e1
p33__gemma3_12b__s7,Gemma 3 12B,33,7,gemma/original_outputs/generated_code/p33__gemma3_12b__s7.py,gemma/original_outputs/responses/p33__gemma3_12b__s7_raw.txt,gemma/original_outputs/prompts/p33_prompt.txt,94e5033c3484317e410358acfb849dbf6411c58caafe99275b54cd3cde187aed,2f274542d0dcf6cf9e0b7fe2fcf73d3e9b9ae7df2129e5656ce34a5c713b03e1
p33__gemma3_12b__s8,Gemma 3 12B,33,8,gemma/original_outputs/generated_code/p33__gemma3_12b__s8.py,gemma/original_outputs/responses/p33__gemma3_12b__s8_raw.txt,gemma/original_outputs/prompts/p33_prompt.txt,94e5033c3484317e410358acfb849dbf6411c58caafe99275b54cd3cde187aed,2f274542d0dcf6cf9e0b7fe2fcf73d3e9b9ae7df2129e5656ce34a5c713b03e1
p33__gemma3_12b__s9,Gemma 3 12B,33,9,gemma/original_outputs/generated_code/p33__gemma3_12b__s9.py,gemma/original_outputs/responses/p33__gemma3_12b__s9_raw.txt,gemma/original_outputs/prompts/p33_prompt.txt,94e5033c3484317e410358acfb849dbf6411c58caafe99275b54cd3cde187aed,2f274542d0dcf6cf9e0b7fe2fcf73d3e9b9ae7df2129e5656ce34a5c713b03e1
p34__gemma3_12b__s0,Gemma 3 12B,34,0,gemma/original_outputs/generated_code/p34__gemma3_12b__s0.py,gemma/original_outputs/responses/p34__gemma3_12b__s0_raw.txt,gemma/original_outputs/prompts/p34_prompt.txt,6fb3e34bd5e6aac28192317818505a68b7bfbdf75af3a4e7d761abc820b3e5fd,59b9f2151b9c626b6ddd78f8972a0402b24363568bb6c423887b7a1bd089f306
p34__gemma3_12b__s1,Gemma 3 12B,34,1,gemma/original_outputs/generated_code/p34__gemma3_12b__s1.py,gemma/original_outputs/responses/p34__gemma3_12b__s1_raw.txt,gemma/original_outputs/prompts/p34_prompt.txt,6fb3e34bd5e6aac28192317818505a68b7bfbdf75af3a4e7d761abc820b3e5fd,59b9f2151b9c626b6ddd78f8972a0402b24363568bb6c423887b7a1bd089f306
p34__gemma3_12b__s2,Gemma 3 12B,34,2,gemma/original_outputs/generated_code/p34__gemma3_12b__s2.py,gemma/original_outputs/responses/p34__gemma3_12b__s2_raw.txt,gemma/original_outputs/prompts/p34_prompt.txt,6fb3e34bd5e6aac28192317818505a68b7bfbdf75af3a4e7d761abc820b3e5fd,59b9f2151b9c626b6ddd78f8972a0402b24363568bb6c423887b7a1bd089f306
p34__gemma3_12b__s3,Gemma 3 12B,34,3,gemma/original_outputs/generated_code/p34__gemma3_12b__s3.py,gemma/original_outputs/responses/p34__gemma3_12b__s3_raw.txt,gemma/original_outputs/prompts/p34_prompt.txt,6fb3e34bd5e6aac28192317818505a68b7bfbdf75af3a4e7d761abc820b3e5fd,59b9f2151b9c626b6ddd78f8972a0402b24363568bb6c423887b7a1bd089f306
p34__gemma3_12b__s4,Gemma 3 12B,34,4,gemma/original_outputs/generated_code/p34__gemma3_12b__s4.py,gemma/original_outputs/responses/p34__gemma3_12b__s4_raw.txt,gemma/original_outputs/prompts/p34_prompt.txt,6fb3e34bd5e6aac28192317818505a68b7bfbdf75af3a4e7d761abc820b3e5fd,59b9f2151b9c626b6ddd78f8972a0402b24363568bb6c423887b7a1bd089f306
p34__gemma3_12b__s5,Gemma 3 12B,34,5,gemma/original_outputs/generated_code/p34__gemma3_12b__s5.py,gemma/original_outputs/responses/p34__gemma3_12b__s5_raw.txt,gemma/original_outputs/prompts/p34_prompt.txt,6fb3e34bd5e6aac28192317818505a68b7bfbdf75af3a4e7d761abc820b3e5fd,59b9f2151b9c626b6ddd78f8972a0402b24363568bb6c423887b7a1bd089f306
p34__gemma3_12b__s6,Gemma 3 12B,34,6,gemma/original_outputs/generated_code/p34__gemma3_12b__s6.py,gemma/original_outputs/responses/p34__gemma3_12b__s6_raw.txt,gemma/original_outputs/prompts/p34_prompt.txt,6fb3e34bd5e6aac28192317818505a68b7bfbdf75af3a4e7d761abc820b3e5fd,59b9f2151b9c626b6ddd78f8972a0402b24363568bb6c423887b7a1bd089f306
p34__gemma3_12b__s7,Gemma 3 12B,34,7,gemma/original_outputs/generated_code/p34__gemma3_12b__s7.py,gemma/original_outputs/responses/p34__gemma3_12b__s7_raw.txt,gemma/original_outputs/prompts/p34_prompt.txt,6fb3e34bd5e6aac28192317818505a68b7bfbdf75af3a4e7d761abc820b3e5fd,59b9f2151b9c626b6ddd78f8972a0402b24363568bb6c423887b7a1bd089f306
p34__gemma3_12b__s8,Gemma 3 12B,34,8,gemma/original_outputs/generated_code/p34__gemma3_12b__s8.py,gemma/original_outputs/responses/p34__gemma3_12b__s8_raw.txt,gemma/original_outputs/prompts/p34_prompt.txt,6fb3e34bd5e6aac28192317818505a68b7bfbdf75af3a4e7d761abc820b3e5fd,59b9f2151b9c626b6ddd78f8972a0402b24363568bb6c423887b7a1bd089f306
p34__gemma3_12b__s9,Gemma 3 12B,34,9,gemma/original_outputs/generated_code/p34__gemma3_12b__s9.py,gemma/original_outputs/responses/p34__gemma3_12b__s9_raw.txt,gemma/original_outputs/prompts/p34_prompt.txt,6fb3e34bd5e6aac28192317818505a68b7bfbdf75af3a4e7d761abc820b3e5fd,59b9f2151b9c626b6ddd78f8972a0402b24363568bb6c423887b7a1bd089f306
p35__gemma3_12b__s0,Gemma 3 12B,35,0,gemma/original_outputs/generated_code/p35__gemma3_12b__s0.py,gemma/original_outputs/responses/p35__gemma3_12b__s0_raw.txt,gemma/original_outputs/prompts/p35_prompt.txt,08bdff7d9a305961c7d83fab15937057dfca6b114408a98eeccda254189303b0,f000cf675b142a2998225fc93431e125f967451a0b32a2d34c2e7b6e3cecccd9
p35__gemma3_12b__s1,Gemma 3 12B,35,1,gemma/original_outputs/generated_code/p35__gemma3_12b__s1.py,gemma/original_outputs/responses/p35__gemma3_12b__s1_raw.txt,gemma/original_outputs/prompts/p35_prompt.txt,08bdff7d9a305961c7d83fab15937057dfca6b114408a98eeccda254189303b0,f000cf675b142a2998225fc93431e125f967451a0b32a2d34c2e7b6e3cecccd9
p35__gemma3_12b__s2,Gemma 3 12B,35,2,gemma/original_outputs/generated_code/p35__gemma3_12b__s2.py,gemma/original_outputs/responses/p35__gemma3_12b__s2_raw.txt,gemma/original_outputs/prompts/p35_prompt.txt,08bdff7d9a305961c7d83fab15937057dfca6b114408a98eeccda254189303b0,f000cf675b142a2998225fc93431e125f967451a0b32a2d34c2e7b6e3cecccd9
p35__gemma3_12b__s3,Gemma 3 12B,35,3,gemma/original_outputs/generated_code/p35__gemma3_12b__s3.py,gemma/original_outputs/responses/p35__gemma3_12b__s3_raw.txt,gemma/original_outputs/prompts/p35_prompt.txt,08bdff7d9a305961c7d83fab15937057dfca6b114408a98eeccda254189303b0,f000cf675b142a2998225fc93431e125f967451a0b32a2d34c2e7b6e3cecccd9
p35__gemma3_12b__s4,Gemma 3 12B,35,4,gemma/original_outputs/generated_code/p35__gemma3_12b__s4.py,gemma/original_outputs/responses/p35__gemma3_12b__s4_raw.txt,gemma/original_outputs/prompts/p35_prompt.txt,08bdff7d9a305961c7d83fab15937057dfca6b114408a98eeccda254189303b0,f000cf675b142a2998225fc93431e125f967451a0b32a2d34c2e7b6e3cecccd9
p35__gemma3_12b__s5,Gemma 3 12B,35,5,gemma/original_outputs/generated_code/p35__gemma3_12b__s5.py,gemma/original_outputs/responses/p35__gemma3_12b__s5_raw.txt,gemma/original_outputs/prompts/p35_prompt.txt,08bdff7d9a305961c7d83fab15937057dfca6b114408a98eeccda254189303b0,f000cf675b142a2998225fc93431e125f967451a0b32a2d34c2e7b6e3cecccd9
p35__gemma3_12b__s6,Gemma 3 12B,35,6,gemma/original_outputs/generated_code/p35__gemma3_12b__s6.py,gemma/original_outputs/responses/p35__gemma3_12b__s6_raw.txt,gemma/original_outputs/prompts/p35_prompt.txt,08bdff7d9a305961c7d83fab15937057dfca6b114408a98eeccda254189303b0,f000cf675b142a2998225fc93431e125f967451a0b32a2d34c2e7b6e3cecccd9
p35__gemma3_12b__s7,Gemma 3 12B,35,7,gemma/original_outputs/generated_code/p35__gemma3_12b__s7.py,gemma/original_outputs/responses/p35__gemma3_12b__s7_raw.txt,gemma/original_outputs/prompts/p35_prompt.txt,08bdff7d9a305961c7d83fab15937057dfca6b114408a98eeccda254189303b0,f000cf675b142a2998225fc93431e125f967451a0b32a2d34c2e7b6e3cecccd9
p35__gemma3_12b__s8,Gemma 3 12B,35,8,gemma/original_outputs/generated_code/p35__gemma3_12b__s8.py,gemma/original_outputs/responses/p35__gemma3_12b__s8_raw.txt,gemma/original_outputs/prompts/p35_prompt.txt,08bdff7d9a305961c7d83fab15937057dfca6b114408a98eeccda254189303b0,f000cf675b142a2998225fc93431e125f967451a0b32a2d34c2e7b6e3cecccd9
p35__gemma3_12b__s9,Gemma 3 12B,35,9,gemma/original_outputs/generated_code/p35__gemma3_12b__s9.py,gemma/original_outputs/responses/p35__gemma3_12b__s9_raw.txt,gemma/original_outputs/prompts/p35_prompt.txt,08bdff7d9a305961c7d83fab15937057dfca6b114408a98eeccda254189303b0,f000cf675b142a2998225fc93431e125f967451a0b32a2d34c2e7b6e3cecccd9
p36__gemma3_12b__s0,Gemma 3 12B,36,0,gemma/original_outputs/generated_code/p36__gemma3_12b__s0.py,gemma/original_outputs/responses/p36__gemma3_12b__s0_raw.txt,gemma/original_outputs/prompts/p36_prompt.txt,4c57ebb2e93fe1ef580be5b8f4f66627955b5fb21fa6384bbc2c4477e646b84b,961e1b7708e6368c3def9f80564b05fe090e64ec1ab90a03e834139dba4657cb
p36__gemma3_12b__s1,Gemma 3 12B,36,1,gemma/original_outputs/generated_code/p36__gemma3_12b__s1.py,gemma/original_outputs/responses/p36__gemma3_12b__s1_raw.txt,gemma/original_outputs/prompts/p36_prompt.txt,4c57ebb2e93fe1ef580be5b8f4f66627955b5fb21fa6384bbc2c4477e646b84b,961e1b7708e6368c3def9f80564b05fe090e64ec1ab90a03e834139dba4657cb
p36__gemma3_12b__s2,Gemma 3 12B,36,2,gemma/original_outputs/generated_code/p36__gemma3_12b__s2.py,gemma/original_outputs/responses/p36__gemma3_12b__s2_raw.txt,gemma/original_outputs/prompts/p36_prompt.txt,4c57ebb2e93fe1ef580be5b8f4f66627955b5fb21fa6384bbc2c4477e646b84b,961e1b7708e6368c3def9f80564b05fe090e64ec1ab90a03e834139dba4657cb
p36__gemma3_12b__s3,Gemma 3 12B,36,3,gemma/original_outputs/generated_code/p36__gemma3_12b__s3.py,gemma/original_outputs/responses/p36__gemma3_12b__s3_raw.txt,gemma/original_outputs/prompts/p36_prompt.txt,4c57ebb2e93fe1ef580be5b8f4f66627955b5fb21fa6384bbc2c4477e646b84b,961e1b7708e6368c3def9f80564b05fe090e64ec1ab90a03e834139dba4657cb
p36__gemma3_12b__s4,Gemma 3 12B,36,4,gemma/original_outputs/generated_code/p36__gemma3_12b__s4.py,gemma/original_outputs/responses/p36__gemma3_12b__s4_raw.txt,gemma/original_outputs/prompts/p36_prompt.txt,4c57ebb2e93fe1ef580be5b8f4f66627955b5fb21fa6384bbc2c4477e646b84b,961e1b7708e6368c3def9f80564b05fe090e64ec1ab90a03e834139dba4657cb
p36__gemma3_12b__s5,Gemma 3 12B,36,5,gemma/original_outputs/generated_code/p36__gemma3_12b__s5.py,gemma/original_outputs/responses/p36__gemma3_12b__s5_raw.txt,gemma/original_outputs/prompts/p36_prompt.txt,4c57ebb2e93fe1ef580be5b8f4f66627955b5fb21fa6384bbc2c4477e646b84b,961e1b7708e6368c3def9f80564b05fe090e64ec1ab90a03e834139dba4657cb
p36__gemma3_12b__s6,Gemma 3 12B,36,6,gemma/original_outputs/generated_code/p36__gemma3_12b__s6.py,gemma/original_outputs/responses/p36__gemma3_12b__s6_raw.txt,gemma/original_outputs/prompts/p36_prompt.txt,4c57ebb2e93fe1ef580be5b8f4f66627955b5fb21fa6384bbc2c4477e646b84b,961e1b7708e6368c3def9f80564b05fe090e64ec1ab90a03e834139dba4657cb
p36__gemma3_12b__s7,Gemma 3 12B,36,7,gemma/original_outputs/generated_code/p36__gemma3_12b__s7.py,gemma/original_outputs/responses/p36__gemma3_12b__s7_raw.txt,gemma/original_outputs/prompts/p36_prompt.txt,4c57ebb2e93fe1ef580be5b8f4f66627955b5fb21fa6384bbc2c4477e646b84b,961e1b7708e6368c3def9f80564b05fe090e64ec1ab90a03e834139dba4657cb
p36__gemma3_12b__s8,Gemma 3 12B,36,8,gemma/original_outputs/generated_code/p36__gemma3_12b__s8.py,gemma/original_outputs/responses/p36__gemma3_12b__s8_raw.txt,gemma/original_outputs/prompts/p36_prompt.txt,4c57ebb2e93fe1ef580be5b8f4f66627955b5fb21fa6384bbc2c4477e646b84b,961e1b7708e6368c3def9f80564b05fe090e64ec1ab90a03e834139dba4657cb
p36__gemma3_12b__s9,Gemma 3 12B,36,9,gemma/original_outputs/generated_code/p36__gemma3_12b__s9.py,gemma/original_outputs/responses/p36__gemma3_12b__s9_raw.txt,gemma/original_outputs/prompts/p36_prompt.txt,4c57ebb2e93fe1ef580be5b8f4f66627955b5fb21fa6384bbc2c4477e646b84b,961e1b7708e6368c3def9f80564b05fe090e64ec1ab90a03e834139dba4657cb
p37__gemma3_12b__s0,Gemma 3 12B,37,0,gemma/original_outputs/generated_code/p37__gemma3_12b__s0.py,gemma/original_outputs/responses/p37__gemma3_12b__s0_raw.txt,gemma/original_outputs/prompts/p37_prompt.txt,ca40a0e7f4fa4a18045a320d50132c1ac6be11c4bd466799d85db1131870890a,f4c700131e45fb8b4b23e43264e3bb13279a6f122f19a9b3cf0b6699962f81d4
p37__gemma3_12b__s1,Gemma 3 12B,37,1,gemma/original_outputs/generated_code/p37__gemma3_12b__s1.py,gemma/original_outputs/responses/p37__gemma3_12b__s1_raw.txt,gemma/original_outputs/prompts/p37_prompt.txt,ca40a0e7f4fa4a18045a320d50132c1ac6be11c4bd466799d85db1131870890a,f4c700131e45fb8b4b23e43264e3bb13279a6f122f19a9b3cf0b6699962f81d4
p37__gemma3_12b__s2,Gemma 3 12B,37,2,gemma/original_outputs/generated_code/p37__gemma3_12b__s2.py,gemma/original_outputs/responses/p37__gemma3_12b__s2_raw.txt,gemma/original_outputs/prompts/p37_prompt.txt,ca40a0e7f4fa4a18045a320d50132c1ac6be11c4bd466799d85db1131870890a,f4c700131e45fb8b4b23e43264e3bb13279a6f122f19a9b3cf0b6699962f81d4
p37__gemma3_12b__s3,Gemma 3 12B,37,3,gemma/original_outputs/generated_code/p37__gemma3_12b__s3.py,gemma/original_outputs/responses/p37__gemma3_12b__s3_raw.txt,gemma/original_outputs/prompts/p37_prompt.txt,ca40a0e7f4fa4a18045a320d50132c1ac6be11c4bd466799d85db1131870890a,f4c700131e45fb8b4b23e43264e3bb13279a6f122f19a9b3cf0b6699962f81d4
p37__gemma3_12b__s4,Gemma 3 12B,37,4,gemma/original_outputs/generated_code/p37__gemma3_12b__s4.py,gemma/original_outputs/responses/p37__gemma3_12b__s4_raw.txt,gemma/original_outputs/prompts/p37_prompt.txt,ca40a0e7f4fa4a18045a320d50132c1ac6be11c4bd466799d85db1131870890a,f4c700131e45fb8b4b23e43264e3bb13279a6f122f19a9b3cf0b6699962f81d4
p37__gemma3_12b__s5,Gemma 3 12B,37,5,gemma/original_outputs/generated_code/p37__gemma3_12b__s5.py,gemma/original_outputs/responses/p37__gemma3_12b__s5_raw.txt,gemma/original_outputs/prompts/p37_prompt.txt,ca40a0e7f4fa4a18045a320d50132c1ac6be11c4bd466799d85db1131870890a,f4c700131e45fb8b4b23e43264e3bb13279a6f122f19a9b3cf0b6699962f81d4
p37__gemma3_12b__s6,Gemma 3 12B,37,6,gemma/original_outputs/generated_code/p37__gemma3_12b__s6.py,gemma/original_outputs/responses/p37__gemma3_12b__s6_raw.txt,gemma/original_outputs/prompts/p37_prompt.txt,ca40a0e7f4fa4a18045a320d50132c1ac6be11c4bd466799d85db1131870890a,f4c700131e45fb8b4b23e43264e3bb13279a6f122f19a9b3cf0b6699962f81d4
p37__gemma3_12b__s7,Gemma 3 12B,37,7,gemma/original_outputs/generated_code/p37__gemma3_12b__s7.py,gemma/original_outputs/responses/p37__gemma3_12b__s7_raw.txt,gemma/original_outputs/prompts/p37_prompt.txt,ca40a0e7f4fa4a18045a320d50132c1ac6be11c4bd466799d85db1131870890a,f4c700131e45fb8b4b23e43264e3bb13279a6f122f19a9b3cf0b6699962f81d4
p37__gemma3_12b__s8,Gemma 3 12B,37,8,gemma/original_outputs/generated_code/p37__gemma3_12b__s8.py,gemma/original_outputs/responses/p37__gemma3_12b__s8_raw.txt,gemma/original_outputs/prompts/p37_prompt.txt,ca40a0e7f4fa4a18045a320d50132c1ac6be11c4bd466799d85db1131870890a,f4c700131e45fb8b4b23e43264e3bb13279a6f122f19a9b3cf0b6699962f81d4
p37__gemma3_12b__s9,Gemma 3 12B,37,9,gemma/original_outputs/generated_code/p37__gemma3_12b__s9.py,gemma/original_outputs/responses/p37__gemma3_12b__s9_raw.txt,gemma/original_outputs/prompts/p37_prompt.txt,ca40a0e7f4fa4a18045a320d50132c1ac6be11c4bd466799d85db1131870890a,f4c700131e45fb8b4b23e43264e3bb13279a6f122f19a9b3cf0b6699962f81d4
p38__gemma3_12b__s0,Gemma 3 12B,38,0,gemma/original_outputs/generated_code/p38__gemma3_12b__s0.py,gemma/original_outputs/responses/p38__gemma3_12b__s0_raw.txt,gemma/original_outputs/prompts/p38_prompt.txt,1a9c04496378e8b6b7412a72a0ad7cf87fa0942ee41f8bc6dd0a0b25c14a01ce,89e2ddea3ad19ad1aa3ee3dec5a4e848d41aa97488150c1acb0300571f29b4dc
p38__gemma3_12b__s1,Gemma 3 12B,38,1,gemma/original_outputs/generated_code/p38__gemma3_12b__s1.py,gemma/original_outputs/responses/p38__gemma3_12b__s1_raw.txt,gemma/original_outputs/prompts/p38_prompt.txt,1a9c04496378e8b6b7412a72a0ad7cf87fa0942ee41f8bc6dd0a0b25c14a01ce,89e2ddea3ad19ad1aa3ee3dec5a4e848d41aa97488150c1acb0300571f29b4dc
p38__gemma3_12b__s2,Gemma 3 12B,38,2,gemma/original_outputs/generated_code/p38__gemma3_12b__s2.py,gemma/original_outputs/responses/p38__gemma3_12b__s2_raw.txt,gemma/original_outputs/prompts/p38_prompt.txt,1a9c04496378e8b6b7412a72a0ad7cf87fa0942ee41f8bc6dd0a0b25c14a01ce,89e2ddea3ad19ad1aa3ee3dec5a4e848d41aa97488150c1acb0300571f29b4dc
p38__gemma3_12b__s3,Gemma 3 12B,38,3,gemma/original_outputs/generated_code/p38__gemma3_12b__s3.py,gemma/original_outputs/responses/p38__gemma3_12b__s3_raw.txt,gemma/original_outputs/prompts/p38_prompt.txt,1a9c04496378e8b6b7412a72a0ad7cf87fa0942ee41f8bc6dd0a0b25c14a01ce,89e2ddea3ad19ad1aa3ee3dec5a4e848d41aa97488150c1acb0300571f29b4dc
p38__gemma3_12b__s4,Gemma 3 12B,38,4,gemma/original_outputs/generated_code/p38__gemma3_12b__s4.py,gemma/original_outputs/responses/p38__gemma3_12b__s4_raw.txt,gemma/original_outputs/prompts/p38_prompt.txt,1a9c04496378e8b6b7412a72a0ad7cf87fa0942ee41f8bc6dd0a0b25c14a01ce,89e2ddea3ad19ad1aa3ee3dec5a4e848d41aa97488150c1acb0300571f29b4dc
p38__gemma3_12b__s5,Gemma 3 12B,38,5,gemma/original_outputs/generated_code/p38__gemma3_12b__s5.py,gemma/original_outputs/responses/p38__gemma3_12b__s5_raw.txt,gemma/original_outputs/prompts/p38_prompt.txt,1a9c04496378e8b6b7412a72a0ad7cf87fa0942ee41f8bc6dd0a0b25c14a01ce,89e2ddea3ad19ad1aa3ee3dec5a4e848d41aa97488150c1acb0300571f29b4dc
p38__gemma3_12b__s6,Gemma 3 12B,38,6,gemma/original_outputs/generated_code/p38__gemma3_12b__s6.py,gemma/original_outputs/responses/p38__gemma3_12b__s6_raw.txt,gemma/original_outputs/prompts/p38_prompt.txt,1a9c04496378e8b6b7412a72a0ad7cf87fa0942ee41f8bc6dd0a0b25c14a01ce,89e2ddea3ad19ad1aa3ee3dec5a4e848d41aa97488150c1acb0300571f29b4dc
p38__gemma3_12b__s7,Gemma 3 12B,38,7,gemma/original_outputs/generated_code/p38__gemma3_12b__s7.py,gemma/original_outputs/responses/p38__gemma3_12b__s7_raw.txt,gemma/original_outputs/prompts/p38_prompt.txt,1a9c04496378e8b6b7412a72a0ad7cf87fa0942ee41f8bc6dd0a0b25c14a01ce,89e2ddea3ad19ad1aa3ee3dec5a4e848d41aa97488150c1acb0300571f29b4dc
p38__gemma3_12b__s8,Gemma 3 12B,38,8,gemma/original_outputs/generated_code/p38__gemma3_12b__s8.py,gemma/original_outputs/responses/p38__gemma3_12b__s8_raw.txt,gemma/original_outputs/prompts/p38_prompt.txt,1a9c04496378e8b6b7412a72a0ad7cf87fa0942ee41f8bc6dd0a0b25c14a01ce,89e2ddea3ad19ad1aa3ee3dec5a4e848d41aa97488150c1acb0300571f29b4dc
p38__gemma3_12b__s9,Gemma 3 12B,38,9,gemma/original_outputs/generated_code/p38__gemma3_12b__s9.py,gemma/original_outputs/responses/p38__gemma3_12b__s9_raw.txt,gemma/original_outputs/prompts/p38_prompt.txt,1a9c04496378e8b6b7412a72a0ad7cf87fa0942ee41f8bc6dd0a0b25c14a01ce,89e2ddea3ad19ad1aa3ee3dec5a4e848d41aa97488150c1acb0300571f29b4dc
p39__gemma3_12b__s0,Gemma 3 12B,39,0,gemma/original_outputs/generated_code/p39__gemma3_12b__s0.py,gemma/original_outputs/responses/p39__gemma3_12b__s0_raw.txt,gemma/original_outputs/prompts/p39_prompt.txt,debb78f212b6dcd3f08978864849a0cb18e9006a80d4fa33d4db1c450f8e1de3,b511ddf88730843dad0d66cdf6836da5c0e299cfe30be2f793a2e8a7404ae18f
p39__gemma3_12b__s1,Gemma 3 12B,39,1,gemma/original_outputs/generated_code/p39__gemma3_12b__s1.py,gemma/original_outputs/responses/p39__gemma3_12b__s1_raw.txt,gemma/original_outputs/prompts/p39_prompt.txt,debb78f212b6dcd3f08978864849a0cb18e9006a80d4fa33d4db1c450f8e1de3,b511ddf88730843dad0d66cdf6836da5c0e299cfe30be2f793a2e8a7404ae18f
p39__gemma3_12b__s2,Gemma 3 12B,39,2,gemma/original_outputs/generated_code/p39__gemma3_12b__s2.py,gemma/original_outputs/responses/p39__gemma3_12b__s2_raw.txt,gemma/original_outputs/prompts/p39_prompt.txt,debb78f212b6dcd3f08978864849a0cb18e9006a80d4fa33d4db1c450f8e1de3,b511ddf88730843dad0d66cdf6836da5c0e299cfe30be2f793a2e8a7404ae18f
p39__gemma3_12b__s3,Gemma 3 12B,39,3,gemma/original_outputs/generated_code/p39__gemma3_12b__s3.py,gemma/original_outputs/responses/p39__gemma3_12b__s3_raw.txt,gemma/original_outputs/prompts/p39_prompt.txt,debb78f212b6dcd3f08978864849a0cb18e9006a80d4fa33d4db1c450f8e1de3,b511ddf88730843dad0d66cdf6836da5c0e299cfe30be2f793a2e8a7404ae18f
p39__gemma3_12b__s4,Gemma 3 12B,39,4,gemma/original_outputs/generated_code/p39__gemma3_12b__s4.py,gemma/original_outputs/responses/p39__gemma3_12b__s4_raw.txt,gemma/original_outputs/prompts/p39_prompt.txt,debb78f212b6dcd3f08978864849a0cb18e9006a80d4fa33d4db1c450f8e1de3,b511ddf88730843dad0d66cdf6836da5c0e299cfe30be2f793a2e8a7404ae18f
p39__gemma3_12b__s5,Gemma 3 12B,39,5,gemma/original_outputs/generated_code/p39__gemma3_12b__s5.py,gemma/original_outputs/responses/p39__gemma3_12b__s5_raw.txt,gemma/original_outputs/prompts/p39_prompt.txt,debb78f212b6dcd3f08978864849a0cb18e9006a80d4fa33d4db1c450f8e1de3,b511ddf88730843dad0d66cdf6836da5c0e299cfe30be2f793a2e8a7404ae18f
p39__gemma3_12b__s6,Gemma 3 12B,39,6,gemma/original_outputs/generated_code/p39__gemma3_12b__s6.py,gemma/original_outputs/responses/p39__gemma3_12b__s6_raw.txt,gemma/original_outputs/prompts/p39_prompt.txt,debb78f212b6dcd3f08978864849a0cb18e9006a80d4fa33d4db1c450f8e1de3,b511ddf88730843dad0d66cdf6836da5c0e299cfe30be2f793a2e8a7404ae18f
p39__gemma3_12b__s7,Gemma 3 12B,39,7,gemma/original_outputs/generated_code/p39__gemma3_12b__s7.py,gemma/original_outputs/responses/p39__gemma3_12b__s7_raw.txt,gemma/original_outputs/prompts/p39_prompt.txt,debb78f212b6dcd3f08978864849a0cb18e9006a80d4fa33d4db1c450f8e1de3,b511ddf88730843dad0d66cdf6836da5c0e299cfe30be2f793a2e8a7404ae18f
p39__gemma3_12b__s8,Gemma 3 12B,39,8,gemma/original_outputs/generated_code/p39__gemma3_12b__s8.py,gemma/original_outputs/responses/p39__gemma3_12b__s8_raw.txt,gemma/original_outputs/prompts/p39_prompt.txt,debb78f212b6dcd3f08978864849a0cb18e9006a80d4fa33d4db1c450f8e1de3,b511ddf88730843dad0d66cdf6836da5c0e299cfe30be2f793a2e8a7404ae18f
p39__gemma3_12b__s9,Gemma 3 12B,39,9,gemma/original_outputs/generated_code/p39__gemma3_12b__s9.py,gemma/original_outputs/responses/p39__gemma3_12b__s9_raw.txt,gemma/original_outputs/prompts/p39_prompt.txt,debb78f212b6dcd3f08978864849a0cb18e9006a80d4fa33d4db1c450f8e1de3,b511ddf88730843dad0d66cdf6836da5c0e299cfe30be2f793a2e8a7404ae18f
p40__gemma3_12b__s0,Gemma 3 12B,40,0,gemma/original_outputs/generated_code/p40__gemma3_12b__s0.py,gemma/original_outputs/responses/p40__gemma3_12b__s0_raw.txt,gemma/original_outputs/prompts/p40_prompt.txt,507d1d6f4022ad368883df825da45cbdc4957aeea0fa4478215dc8ac4521551a,2ab1a29232bb168e7cf0714b966148bd2aa5901348bcf3cb2a32589f2e39577c
p40__gemma3_12b__s1,Gemma 3 12B,40,1,gemma/original_outputs/generated_code/p40__gemma3_12b__s1.py,gemma/original_outputs/responses/p40__gemma3_12b__s1_raw.txt,gemma/original_outputs/prompts/p40_prompt.txt,507d1d6f4022ad368883df825da45cbdc4957aeea0fa4478215dc8ac4521551a,2ab1a29232bb168e7cf0714b966148bd2aa5901348bcf3cb2a32589f2e39577c
p40__gemma3_12b__s2,Gemma 3 12B,40,2,gemma/original_outputs/generated_code/p40__gemma3_12b__s2.py,gemma/original_outputs/responses/p40__gemma3_12b__s2_raw.txt,gemma/original_outputs/prompts/p40_prompt.txt,507d1d6f4022ad368883df825da45cbdc4957aeea0fa4478215dc8ac4521551a,2ab1a29232bb168e7cf0714b966148bd2aa5901348bcf3cb2a32589f2e39577c
p40__gemma3_12b__s3,Gemma 3 12B,40,3,gemma/original_outputs/generated_code/p40__gemma3_12b__s3.py,gemma/original_outputs/responses/p40__gemma3_12b__s3_raw.txt,gemma/original_outputs/prompts/p40_prompt.txt,507d1d6f4022ad368883df825da45cbdc4957aeea0fa4478215dc8ac4521551a,2ab1a29232bb168e7cf0714b966148bd2aa5901348bcf3cb2a32589f2e39577c
p40__gemma3_12b__s4,Gemma 3 12B,40,4,gemma/original_outputs/generated_code/p40__gemma3_12b__s4.py,gemma/original_outputs/responses/p40__gemma3_12b__s4_raw.txt,gemma/original_outputs/prompts/p40_prompt.txt,507d1d6f4022ad368883df825da45cbdc4957aeea0fa4478215dc8ac4521551a,2ab1a29232bb168e7cf0714b966148bd2aa5901348bcf3cb2a32589f2e39577c
p40__gemma3_12b__s5,Gemma 3 12B,40,5,gemma/original_outputs/generated_code/p40__gemma3_12b__s5.py,gemma/original_outputs/responses/p40__gemma3_12b__s5_raw.txt,gemma/original_outputs/prompts/p40_prompt.txt,507d1d6f4022ad368883df825da45cbdc4957aeea0fa4478215dc8ac4521551a,2ab1a29232bb168e7cf0714b966148bd2aa5901348bcf3cb2a32589f2e39577c
p40__gemma3_12b__s6,Gemma 3 12B,40,6,gemma/original_outputs/generated_code/p40__gemma3_12b__s6.py,gemma/original_outputs/responses/p40__gemma3_12b__s6_raw.txt,gemma/original_outputs/prompts/p40_prompt.txt,507d1d6f4022ad368883df825da45cbdc4957aeea0fa4478215dc8ac4521551a,2ab1a29232bb168e7cf0714b966148bd2aa5901348bcf3cb2a32589f2e39577c
p40__gemma3_12b__s7,Gemma 3 12B,40,7,gemma/original_outputs/generated_code/p40__gemma3_12b__s7.py,gemma/original_outputs/responses/p40__gemma3_12b__s7_raw.txt,gemma/original_outputs/prompts/p40_prompt.txt,507d1d6f4022ad368883df825da45cbdc4957aeea0fa4478215dc8ac4521551a,2ab1a29232bb168e7cf0714b966148bd2aa5901348bcf3cb2a32589f2e39577c
p40__gemma3_12b__s8,Gemma 3 12B,40,8,gemma/original_outputs/generated_code/p40__gemma3_12b__s8.py,gemma/original_outputs/responses/p40__gemma3_12b__s8_raw.txt,gemma/original_outputs/prompts/p40_prompt.txt,507d1d6f4022ad368883df825da45cbdc4957aeea0fa4478215dc8ac4521551a,2ab1a29232bb168e7cf0714b966148bd2aa5901348bcf3cb2a32589f2e39577c
p40__gemma3_12b__s9,Gemma 3 12B,40,9,gemma/original_outputs/generated_code/p40__gemma3_12b__s9.py,gemma/original_outputs/responses/p40__gemma3_12b__s9_raw.txt,gemma/original_outputs/prompts/p40_prompt.txt,507d1d6f4022ad368883df825da45cbdc4957aeea0fa4478215dc8ac4521551a,2ab1a29232bb168e7cf0714b966148bd2aa5901348bcf3cb2a32589f2e39577c
p41__gemma3_12b__s0,Gemma 3 12B,41,0,gemma/original_outputs/generated_code/p41__gemma3_12b__s0.py,gemma/original_outputs/responses/p41__gemma3_12b__s0_raw.txt,gemma/original_outputs/prompts/p41_prompt.txt,ebf41d8bcb830a9ca47f59ddbfa269fa364aea5f53b3b12dc2018cc824d43917,2877c358de5b6c94ae4fb35d860cd5952d3da31e0d2ace6c73ca10b695d1a995
p41__gemma3_12b__s1,Gemma 3 12B,41,1,gemma/original_outputs/generated_code/p41__gemma3_12b__s1.py,gemma/original_outputs/responses/p41__gemma3_12b__s1_raw.txt,gemma/original_outputs/prompts/p41_prompt.txt,ebf41d8bcb830a9ca47f59ddbfa269fa364aea5f53b3b12dc2018cc824d43917,2877c358de5b6c94ae4fb35d860cd5952d3da31e0d2ace6c73ca10b695d1a995
p41__gemma3_12b__s2,Gemma 3 12B,41,2,gemma/original_outputs/generated_code/p41__gemma3_12b__s2.py,gemma/original_outputs/responses/p41__gemma3_12b__s2_raw.txt,gemma/original_outputs/prompts/p41_prompt.txt,ebf41d8bcb830a9ca47f59ddbfa269fa364aea5f53b3b12dc2018cc824d43917,2877c358de5b6c94ae4fb35d860cd5952d3da31e0d2ace6c73ca10b695d1a995
p41__gemma3_12b__s3,Gemma 3 12B,41,3,gemma/original_outputs/generated_code/p41__gemma3_12b__s3.py,gemma/original_outputs/responses/p41__gemma3_12b__s3_raw.txt,gemma/original_outputs/prompts/p41_prompt.txt,ebf41d8bcb830a9ca47f59ddbfa269fa364aea5f53b3b12dc2018cc824d43917,2877c358de5b6c94ae4fb35d860cd5952d3da31e0d2ace6c73ca10b695d1a995
p41__gemma3_12b__s4,Gemma 3 12B,41,4,gemma/original_outputs/generated_code/p41__gemma3_12b__s4.py,gemma/original_outputs/responses/p41__gemma3_12b__s4_raw.txt,gemma/original_outputs/prompts/p41_prompt.txt,ebf41d8bcb830a9ca47f59ddbfa269fa364aea5f53b3b12dc2018cc824d43917,2877c358de5b6c94ae4fb35d860cd5952d3da31e0d2ace6c73ca10b695d1a995
p41__gemma3_12b__s5,Gemma 3 12B,41,5,gemma/original_outputs/generated_code/p41__gemma3_12b__s5.py,gemma/original_outputs/responses/p41__gemma3_12b__s5_raw.txt,gemma/original_outputs/prompts/p41_prompt.txt,ebf41d8bcb830a9ca47f59ddbfa269fa364aea5f53b3b12dc2018cc824d43917,2877c358de5b6c94ae4fb35d860cd5952d3da31e0d2ace6c73ca10b695d1a995
p41__gemma3_12b__s6,Gemma 3 12B,41,6,gemma/original_outputs/generated_code/p41__gemma3_12b__s6.py,gemma/original_outputs/responses/p41__gemma3_12b__s6_raw.txt,gemma/original_outputs/prompts/p41_prompt.txt,ebf41d8bcb830a9ca47f59ddbfa269fa364aea5f53b3b12dc2018cc824d43917,2877c358de5b6c94ae4fb35d860cd5952d3da31e0d2ace6c73ca10b695d1a995
p41__gemma3_12b__s7,Gemma 3 12B,41,7,gemma/original_outputs/generated_code/p41__gemma3_12b__s7.py,gemma/original_outputs/responses/p41__gemma3_12b__s7_raw.txt,gemma/original_outputs/prompts/p41_prompt.txt,ebf41d8bcb830a9ca47f59ddbfa269fa364aea5f53b3b12dc2018cc824d43917,2877c358de5b6c94ae4fb35d860cd5952d3da31e0d2ace6c73ca10b695d1a995
p41__gemma3_12b__s8,Gemma 3 12B,41,8,gemma/original_outputs/generated_code/p41__gemma3_12b__s8.py,gemma/original_outputs/responses/p41__gemma3_12b__s8_raw.txt,gemma/original_outputs/prompts/p41_prompt.txt,ebf41d8bcb830a9ca47f59ddbfa269fa364aea5f53b3b12dc2018cc824d43917,2877c358de5b6c94ae4fb35d860cd5952d3da31e0d2ace6c73ca10b695d1a995
p41__gemma3_12b__s9,Gemma 3 12B,41,9,gemma/original_outputs/generated_code/p41__gemma3_12b__s9.py,gemma/original_outputs/responses/p41__gemma3_12b__s9_raw.txt,gemma/original_outputs/prompts/p41_prompt.txt,ebf41d8bcb830a9ca47f59ddbfa269fa364aea5f53b3b12dc2018cc824d43917,2877c358de5b6c94ae4fb35d860cd5952d3da31e0d2ace6c73ca10b695d1a995
p1__llama3.3_70b__s0,Llama 3.3 70B,1,0,llama/original_outputs/generated_code/p1__llama3.3_70b__s0.py,llama/original_outputs/responses/p1__llama3.3_70b__s0_raw.txt,llama/original_outputs/prompts/p1_prompt.txt,8c9cee746fdf3544e7cc716b4d75f0a2b3480565bf3f07e0ade5a1ad364161ff,b15901fd2d9342d5291f3c4725aeb4aced823aae1cf96aaf3b919d3eeb8a4459
p1__llama3.3_70b__s1,Llama 3.3 70B,1,1,llama/original_outputs/generated_code/p1__llama3.3_70b__s1.py,llama/original_outputs/responses/p1__llama3.3_70b__s1_raw.txt,llama/original_outputs/prompts/p1_prompt.txt,a37ef040f3665f1e036820cb86cfbe1f676e12f025a6d94f0833e9eb5a8f6f7c,18f0ec14c2225a71657e21b7f5a1c1fa0e93905f153e237800fd7a8e18a96c2a
p1__llama3.3_70b__s2,Llama 3.3 70B,1,2,llama/original_outputs/generated_code/p1__llama3.3_70b__s2.py,llama/original_outputs/responses/p1__llama3.3_70b__s2_raw.txt,llama/original_outputs/prompts/p1_prompt.txt,ca65a93aeb3fcf15435e21c79a97a2abc60be2221886f7736fdbaf006645c6db,a6069f5ea2c83408c7b0e9397cae61eda0f17ed6531fd41e9225c33bc4a9fb14
p1__llama3.3_70b__s3,Llama 3.3 70B,1,3,llama/original_outputs/generated_code/p1__llama3.3_70b__s3.py,llama/original_outputs/responses/p1__llama3.3_70b__s3_raw.txt,llama/original_outputs/prompts/p1_prompt.txt,6511039fed965fe533499a6b2a0a64ec796a4ac40a4817902a15da32668d4d1f,58c7b1cd9379095a8f84ba4ca014b0e546cfc0079e5b177209c5384413baade6
p1__llama3.3_70b__s4,Llama 3.3 70B,1,4,llama/original_outputs/generated_code/p1__llama3.3_70b__s4.py,llama/original_outputs/responses/p1__llama3.3_70b__s4_raw.txt,llama/original_outputs/prompts/p1_prompt.txt,a37ef040f3665f1e036820cb86cfbe1f676e12f025a6d94f0833e9eb5a8f6f7c,18f0ec14c2225a71657e21b7f5a1c1fa0e93905f153e237800fd7a8e18a96c2a
p1__llama3.3_70b__s5,Llama 3.3 70B,1,5,llama/original_outputs/generated_code/p1__llama3.3_70b__s5.py,llama/original_outputs/responses/p1__llama3.3_70b__s5_raw.txt,llama/original_outputs/prompts/p1_prompt.txt,436c708c02b317c52f93cbbf1cf044e0a70fe612636868cb83f162ba0a86a37f,29b9d36e51e7a25707eb3d6f50d50a6549197e0aef0b00eb171098abca9ebb30
p1__llama3.3_70b__s6,Llama 3.3 70B,1,6,llama/original_outputs/generated_code/p1__llama3.3_70b__s6.py,llama/original_outputs/responses/p1__llama3.3_70b__s6_raw.txt,llama/original_outputs/prompts/p1_prompt.txt,95b1620ab1d94236660dbbeeeb0b904d6ad020893b60a132cd14f0ae8702f8bc,001ba0af89fd2563a3f7f65b6a31dd9b2e85cd440803327fbc5f4d303e047a31
p1__llama3.3_70b__s7,Llama 3.3 70B,1,7,llama/original_outputs/generated_code/p1__llama3.3_70b__s7.py,llama/original_outputs/responses/p1__llama3.3_70b__s7_raw.txt,llama/original_outputs/prompts/p1_prompt.txt,a005d968921c800dbcf3bd0d491605a850949d3392e914317bb7881d7b18af04,b42d37c70a45919110ab71cd60c67a09bad2495e903f2c1edf4b343773d8d4c8
p1__llama3.3_70b__s8,Llama 3.3 70B,1,8,llama/original_outputs/generated_code/p1__llama3.3_70b__s8.py,llama/original_outputs/responses/p1__llama3.3_70b__s8_raw.txt,llama/original_outputs/prompts/p1_prompt.txt,a05b027aad0c41ba13c881667b4efba6bf4a615745b50ec43742f57ab0e96ea0,ab0c940324221863504528bbe096ce5dc0c39e7eb2379ba1781e6583ac249139
p1__llama3.3_70b__s9,Llama 3.3 70B,1,9,llama/original_outputs/generated_code/p1__llama3.3_70b__s9.py,llama/original_outputs/responses/p1__llama3.3_70b__s9_raw.txt,llama/original_outputs/prompts/p1_prompt.txt,a005d968921c800dbcf3bd0d491605a850949d3392e914317bb7881d7b18af04,b42d37c70a45919110ab71cd60c67a09bad2495e903f2c1edf4b343773d8d4c8
p2__llama3.3_70b__s0,Llama 3.3 70B,2,0,llama/original_outputs/generated_code/p2__llama3.3_70b__s0.py,llama/original_outputs/responses/p2__llama3.3_70b__s0_raw.txt,llama/original_outputs/prompts/p2_prompt.txt,5d2232fb931345421dfacbd6ee50c452f5a98ffc8665f523c3339bb1fe7c684f,bd266b0abf4db3923b4d30557ba7804d1b6abb2fa8ffe7df3bfb94b940446a1f
p2__llama3.3_70b__s1,Llama 3.3 70B,2,1,llama/original_outputs/generated_code/p2__llama3.3_70b__s1.py,llama/original_outputs/responses/p2__llama3.3_70b__s1_raw.txt,llama/original_outputs/prompts/p2_prompt.txt,b2c20a821e001a4731116def524f25bb567e14ee7e489c5f937441485b10f81c,2726c4c449d6e20bc3fad3940056d35f47f6b67eccedbf1a7175ae7a617100a4
p2__llama3.3_70b__s2,Llama 3.3 70B,2,2,llama/original_outputs/generated_code/p2__llama3.3_70b__s2.py,llama/original_outputs/responses/p2__llama3.3_70b__s2_raw.txt,llama/original_outputs/prompts/p2_prompt.txt,b2c20a821e001a4731116def524f25bb567e14ee7e489c5f937441485b10f81c,2726c4c449d6e20bc3fad3940056d35f47f6b67eccedbf1a7175ae7a617100a4
p2__llama3.3_70b__s3,Llama 3.3 70B,2,3,llama/original_outputs/generated_code/p2__llama3.3_70b__s3.py,llama/original_outputs/responses/p2__llama3.3_70b__s3_raw.txt,llama/original_outputs/prompts/p2_prompt.txt,b2c20a821e001a4731116def524f25bb567e14ee7e489c5f937441485b10f81c,2726c4c449d6e20bc3fad3940056d35f47f6b67eccedbf1a7175ae7a617100a4
p2__llama3.3_70b__s4,Llama 3.3 70B,2,4,llama/original_outputs/generated_code/p2__llama3.3_70b__s4.py,llama/original_outputs/responses/p2__llama3.3_70b__s4_raw.txt,llama/original_outputs/prompts/p2_prompt.txt,b2c20a821e001a4731116def524f25bb567e14ee7e489c5f937441485b10f81c,2726c4c449d6e20bc3fad3940056d35f47f6b67eccedbf1a7175ae7a617100a4
p2__llama3.3_70b__s5,Llama 3.3 70B,2,5,llama/original_outputs/generated_code/p2__llama3.3_70b__s5.py,llama/original_outputs/responses/p2__llama3.3_70b__s5_raw.txt,llama/original_outputs/prompts/p2_prompt.txt,b2c20a821e001a4731116def524f25bb567e14ee7e489c5f937441485b10f81c,2726c4c449d6e20bc3fad3940056d35f47f6b67eccedbf1a7175ae7a617100a4
p2__llama3.3_70b__s6,Llama 3.3 70B,2,6,llama/original_outputs/generated_code/p2__llama3.3_70b__s6.py,llama/original_outputs/responses/p2__llama3.3_70b__s6_raw.txt,llama/original_outputs/prompts/p2_prompt.txt,5027d53eb00e97b7a632dfff509863177630c81d60b649e6bf851d54d3a3f426,e88e01d84545a923bb8125bb1663321eb56a28ab27b83322b14d973c091fe59b
p2__llama3.3_70b__s7,Llama 3.3 70B,2,7,llama/original_outputs/generated_code/p2__llama3.3_70b__s7.py,llama/original_outputs/responses/p2__llama3.3_70b__s7_raw.txt,llama/original_outputs/prompts/p2_prompt.txt,15c0dcc1a9ca5bb486f0fda3e8d19dac39b6dad0c0a8a6fd1035509b4b18290e,619c353e8519cd3b8699af3c6616b8eba1afa6d8f09cc7f249b8f625264c1a61
p2__llama3.3_70b__s8,Llama 3.3 70B,2,8,llama/original_outputs/generated_code/p2__llama3.3_70b__s8.py,llama/original_outputs/responses/p2__llama3.3_70b__s8_raw.txt,llama/original_outputs/prompts/p2_prompt.txt,b2c20a821e001a4731116def524f25bb567e14ee7e489c5f937441485b10f81c,2726c4c449d6e20bc3fad3940056d35f47f6b67eccedbf1a7175ae7a617100a4
p2__llama3.3_70b__s9,Llama 3.3 70B,2,9,llama/original_outputs/generated_code/p2__llama3.3_70b__s9.py,llama/original_outputs/responses/p2__llama3.3_70b__s9_raw.txt,llama/original_outputs/prompts/p2_prompt.txt,15c0dcc1a9ca5bb486f0fda3e8d19dac39b6dad0c0a8a6fd1035509b4b18290e,619c353e8519cd3b8699af3c6616b8eba1afa6d8f09cc7f249b8f625264c1a61
p3__llama3.3_70b__s0,Llama 3.3 70B,3,0,llama/original_outputs/generated_code/p3__llama3.3_70b__s0.py,llama/original_outputs/responses/p3__llama3.3_70b__s0_raw.txt,llama/original_outputs/prompts/p3_prompt.txt,7fc50b5ba74a9471f0090ecbc4e608bd952afa659204e084aa3b80f1374aefbd,3433f0b528d6df7a8335fb5339bf7425f07f72f66584b9022f16a802262b2f2c
p3__llama3.3_70b__s1,Llama 3.3 70B,3,1,llama/original_outputs/generated_code/p3__llama3.3_70b__s1.py,llama/original_outputs/responses/p3__llama3.3_70b__s1_raw.txt,llama/original_outputs/prompts/p3_prompt.txt,7f02e2ca1142ed16f8954037c65ecdc0d9c897c6e74cd811be838f3aa72662e9,d702d08dea6ae3d9e07bfcd055e4a4a4a45dc74e90ac4b0520ef8287ba3b9c33
p3__llama3.3_70b__s2,Llama 3.3 70B,3,2,llama/original_outputs/generated_code/p3__llama3.3_70b__s2.py,llama/original_outputs/responses/p3__llama3.3_70b__s2_raw.txt,llama/original_outputs/prompts/p3_prompt.txt,687108c5db5020277451da40b5fb2fe1b3387f7ba6ca08019fc1e5097363cf96,fd56e1f0fa7e164da7914c5fb4a79147808dba9b74566ba233e9e0f03f558ff0
p3__llama3.3_70b__s3,Llama 3.3 70B,3,3,llama/original_outputs/generated_code/p3__llama3.3_70b__s3.py,llama/original_outputs/responses/p3__llama3.3_70b__s3_raw.txt,llama/original_outputs/prompts/p3_prompt.txt,6ab8ae17633fb8178543ca03af33e8d2779537b43b69648d95a72183cd9457c2,72108cc1981e505f6dcf1aec3c9b2d1ffb3cc92c10177721fa126ff5c6071b80
p3__llama3.3_70b__s4,Llama 3.3 70B,3,4,llama/original_outputs/generated_code/p3__llama3.3_70b__s4.py,llama/original_outputs/responses/p3__llama3.3_70b__s4_raw.txt,llama/original_outputs/prompts/p3_prompt.txt,00f57e8e1833d74c35e4ee1ac1c988462b9fc1cacf0f867dece95fb09f05bed6,078b7bb22701ec3215b4e14ec5a6b11557e356ab537f7d7031cf68276fe09c64
p3__llama3.3_70b__s5,Llama 3.3 70B,3,5,llama/original_outputs/generated_code/p3__llama3.3_70b__s5.py,llama/original_outputs/responses/p3__llama3.3_70b__s5_raw.txt,llama/original_outputs/prompts/p3_prompt.txt,abe94eb50627fca9b33c40f14c8ed6735543d193935c9f4ec18e6a6a10cdab27,bfc594a2d14c789db260504fb76ba40d4866cb67146217740304726b7b22974f
p3__llama3.3_70b__s6,Llama 3.3 70B,3,6,llama/original_outputs/generated_code/p3__llama3.3_70b__s6.py,llama/original_outputs/responses/p3__llama3.3_70b__s6_raw.txt,llama/original_outputs/prompts/p3_prompt.txt,00f57e8e1833d74c35e4ee1ac1c988462b9fc1cacf0f867dece95fb09f05bed6,078b7bb22701ec3215b4e14ec5a6b11557e356ab537f7d7031cf68276fe09c64
p3__llama3.3_70b__s7,Llama 3.3 70B,3,7,llama/original_outputs/generated_code/p3__llama3.3_70b__s7.py,llama/original_outputs/responses/p3__llama3.3_70b__s7_raw.txt,llama/original_outputs/prompts/p3_prompt.txt,33f51e35b9602dfdfada005b774e471307453f1e605a7bca715d0b9c9be14704,ef2468ae13066a149cdf44190a90aae30e3c5effaf1a110391103837c67bcaaa
p3__llama3.3_70b__s8,Llama 3.3 70B,3,8,llama/original_outputs/generated_code/p3__llama3.3_70b__s8.py,llama/original_outputs/responses/p3__llama3.3_70b__s8_raw.txt,llama/original_outputs/prompts/p3_prompt.txt,687108c5db5020277451da40b5fb2fe1b3387f7ba6ca08019fc1e5097363cf96,fd56e1f0fa7e164da7914c5fb4a79147808dba9b74566ba233e9e0f03f558ff0
p3__llama3.3_70b__s9,Llama 3.3 70B,3,9,llama/original_outputs/generated_code/p3__llama3.3_70b__s9.py,llama/original_outputs/responses/p3__llama3.3_70b__s9_raw.txt,llama/original_outputs/prompts/p3_prompt.txt,2ac4f8bfa0ce77c8cd1e3ec808cfbdfa8af31d74745cdd9cd41e98f9cceab19b,162bfd59dd7ad9be45c612c5f60dc43899d23f6365162c83bce2c978635357e7
p4__llama3.3_70b__s0,Llama 3.3 70B,4,0,llama/original_outputs/generated_code/p4__llama3.3_70b__s0.py,llama/original_outputs/responses/p4__llama3.3_70b__s0_raw.txt,llama/original_outputs/prompts/p4_prompt.txt,30acb7ea681d0afcd3d09ea9113a454b43fc3e5e97decf814f5b52a70039d9a4,5d668de1d597c62eea8abaece707eeaf5ac84dc69c24ca074135804f0dc77971
p4__llama3.3_70b__s1,Llama 3.3 70B,4,1,llama/original_outputs/generated_code/p4__llama3.3_70b__s1.py,llama/original_outputs/responses/p4__llama3.3_70b__s1_raw.txt,llama/original_outputs/prompts/p4_prompt.txt,c9969b41dd1bb6870b7114941db3a32be07a490d4112240222999b47c05d80ab,8c0a6b65a80aa9f6ba16c274f2d9af9a3d5dff4cb43d19a9d6aeee5721174033
p4__llama3.3_70b__s2,Llama 3.3 70B,4,2,llama/original_outputs/generated_code/p4__llama3.3_70b__s2.py,llama/original_outputs/responses/p4__llama3.3_70b__s2_raw.txt,llama/original_outputs/prompts/p4_prompt.txt,05e361a89d751196574fc016bf3f0607232587d633961a234870d22ef808e2be,b52752bb9c5b83ef808b1be8c9da67c6ab439ddfefab4f90578acea63974230b
p4__llama3.3_70b__s3,Llama 3.3 70B,4,3,llama/original_outputs/generated_code/p4__llama3.3_70b__s3.py,llama/original_outputs/responses/p4__llama3.3_70b__s3_raw.txt,llama/original_outputs/prompts/p4_prompt.txt,05e361a89d751196574fc016bf3f0607232587d633961a234870d22ef808e2be,b52752bb9c5b83ef808b1be8c9da67c6ab439ddfefab4f90578acea63974230b
p4__llama3.3_70b__s4,Llama 3.3 70B,4,4,llama/original_outputs/generated_code/p4__llama3.3_70b__s4.py,llama/original_outputs/responses/p4__llama3.3_70b__s4_raw.txt,llama/original_outputs/prompts/p4_prompt.txt,05e361a89d751196574fc016bf3f0607232587d633961a234870d22ef808e2be,b52752bb9c5b83ef808b1be8c9da67c6ab439ddfefab4f90578acea63974230b
p4__llama3.3_70b__s5,Llama 3.3 70B,4,5,llama/original_outputs/generated_code/p4__llama3.3_70b__s5.py,llama/original_outputs/responses/p4__llama3.3_70b__s5_raw.txt,llama/original_outputs/prompts/p4_prompt.txt,fd896b508b9ba65ab30f770dc26a5935f9111389f1b2eeab96c330c3fd329d04,9c6e378f9669d025e39a8ed0e4b8bef09504d5e409f40979c35986ad9b5acba4
p4__llama3.3_70b__s6,Llama 3.3 70B,4,6,llama/original_outputs/generated_code/p4__llama3.3_70b__s6.py,llama/original_outputs/responses/p4__llama3.3_70b__s6_raw.txt,llama/original_outputs/prompts/p4_prompt.txt,c9969b41dd1bb6870b7114941db3a32be07a490d4112240222999b47c05d80ab,8c0a6b65a80aa9f6ba16c274f2d9af9a3d5dff4cb43d19a9d6aeee5721174033
p4__llama3.3_70b__s7,Llama 3.3 70B,4,7,llama/original_outputs/generated_code/p4__llama3.3_70b__s7.py,llama/original_outputs/responses/p4__llama3.3_70b__s7_raw.txt,llama/original_outputs/prompts/p4_prompt.txt,30acb7ea681d0afcd3d09ea9113a454b43fc3e5e97decf814f5b52a70039d9a4,5d668de1d597c62eea8abaece707eeaf5ac84dc69c24ca074135804f0dc77971
p4__llama3.3_70b__s8,Llama 3.3 70B,4,8,llama/original_outputs/generated_code/p4__llama3.3_70b__s8.py,llama/original_outputs/responses/p4__llama3.3_70b__s8_raw.txt,llama/original_outputs/prompts/p4_prompt.txt,05e361a89d751196574fc016bf3f0607232587d633961a234870d22ef808e2be,b52752bb9c5b83ef808b1be8c9da67c6ab439ddfefab4f90578acea63974230b
p4__llama3.3_70b__s9,Llama 3.3 70B,4,9,llama/original_outputs/generated_code/p4__llama3.3_70b__s9.py,llama/original_outputs/responses/p4__llama3.3_70b__s9_raw.txt,llama/original_outputs/prompts/p4_prompt.txt,05e361a89d751196574fc016bf3f0607232587d633961a234870d22ef808e2be,b52752bb9c5b83ef808b1be8c9da67c6ab439ddfefab4f90578acea63974230b
p5__llama3.3_70b__s0,Llama 3.3 70B,5,0,llama/original_outputs/generated_code/p5__llama3.3_70b__s0.py,llama/original_outputs/responses/p5__llama3.3_70b__s0_raw.txt,llama/original_outputs/prompts/p5_prompt.txt,e9814f6871d3d0a4836214ec1da72187d1e16f6e0507b7dae081b104657525ae,8485c031a6e193132b4cc267920c3461508efd1073a1ffc49d7983121dea8107
p5__llama3.3_70b__s1,Llama 3.3 70B,5,1,llama/original_outputs/generated_code/p5__llama3.3_70b__s1.py,llama/original_outputs/responses/p5__llama3.3_70b__s1_raw.txt,llama/original_outputs/prompts/p5_prompt.txt,e9814f6871d3d0a4836214ec1da72187d1e16f6e0507b7dae081b104657525ae,8485c031a6e193132b4cc267920c3461508efd1073a1ffc49d7983121dea8107
p5__llama3.3_70b__s2,Llama 3.3 70B,5,2,llama/original_outputs/generated_code/p5__llama3.3_70b__s2.py,llama/original_outputs/responses/p5__llama3.3_70b__s2_raw.txt,llama/original_outputs/prompts/p5_prompt.txt,e94833120c03b50ec7288c44e56e8e50a96bf8ed54b0797227461883826383da,0588666f7cf244b905d4a5b27d87532777c3656b2b6b31c0560c3c47a334eca2
p5__llama3.3_70b__s3,Llama 3.3 70B,5,3,llama/original_outputs/generated_code/p5__llama3.3_70b__s3.py,llama/original_outputs/responses/p5__llama3.3_70b__s3_raw.txt,llama/original_outputs/prompts/p5_prompt.txt,e9814f6871d3d0a4836214ec1da72187d1e16f6e0507b7dae081b104657525ae,8485c031a6e193132b4cc267920c3461508efd1073a1ffc49d7983121dea8107
p5__llama3.3_70b__s4,Llama 3.3 70B,5,4,llama/original_outputs/generated_code/p5__llama3.3_70b__s4.py,llama/original_outputs/responses/p5__llama3.3_70b__s4_raw.txt,llama/original_outputs/prompts/p5_prompt.txt,e9814f6871d3d0a4836214ec1da72187d1e16f6e0507b7dae081b104657525ae,8485c031a6e193132b4cc267920c3461508efd1073a1ffc49d7983121dea8107
p5__llama3.3_70b__s5,Llama 3.3 70B,5,5,llama/original_outputs/generated_code/p5__llama3.3_70b__s5.py,llama/original_outputs/responses/p5__llama3.3_70b__s5_raw.txt,llama/original_outputs/prompts/p5_prompt.txt,e9814f6871d3d0a4836214ec1da72187d1e16f6e0507b7dae081b104657525ae,8485c031a6e193132b4cc267920c3461508efd1073a1ffc49d7983121dea8107
p5__llama3.3_70b__s6,Llama 3.3 70B,5,6,llama/original_outputs/generated_code/p5__llama3.3_70b__s6.py,llama/original_outputs/responses/p5__llama3.3_70b__s6_raw.txt,llama/original_outputs/prompts/p5_prompt.txt,e9814f6871d3d0a4836214ec1da72187d1e16f6e0507b7dae081b104657525ae,8485c031a6e193132b4cc267920c3461508efd1073a1ffc49d7983121dea8107
p5__llama3.3_70b__s7,Llama 3.3 70B,5,7,llama/original_outputs/generated_code/p5__llama3.3_70b__s7.py,llama/original_outputs/responses/p5__llama3.3_70b__s7_raw.txt,llama/original_outputs/prompts/p5_prompt.txt,e9814f6871d3d0a4836214ec1da72187d1e16f6e0507b7dae081b104657525ae,8485c031a6e193132b4cc267920c3461508efd1073a1ffc49d7983121dea8107
p5__llama3.3_70b__s8,Llama 3.3 70B,5,8,llama/original_outputs/generated_code/p5__llama3.3_70b__s8.py,llama/original_outputs/responses/p5__llama3.3_70b__s8_raw.txt,llama/original_outputs/prompts/p5_prompt.txt,e9814f6871d3d0a4836214ec1da72187d1e16f6e0507b7dae081b104657525ae,8485c031a6e193132b4cc267920c3461508efd1073a1ffc49d7983121dea8107
p5__llama3.3_70b__s9,Llama 3.3 70B,5,9,llama/original_outputs/generated_code/p5__llama3.3_70b__s9.py,llama/original_outputs/responses/p5__llama3.3_70b__s9_raw.txt,llama/original_outputs/prompts/p5_prompt.txt,e9814f6871d3d0a4836214ec1da72187d1e16f6e0507b7dae081b104657525ae,8485c031a6e193132b4cc267920c3461508efd1073a1ffc49d7983121dea8107
p6__llama3.3_70b__s0,Llama 3.3 70B,6,0,llama/original_outputs/generated_code/p6__llama3.3_70b__s0.py,llama/original_outputs/responses/p6__llama3.3_70b__s0_raw.txt,llama/original_outputs/prompts/p6_prompt.txt,a87d12f99f7367974874f966f802d66fa48e56550448e10902cefe6febb701d7,065e9038066ee3bf93f17986c64d668b01859d0fd2b3c5494ffb38b9bbea9967
p6__llama3.3_70b__s1,Llama 3.3 70B,6,1,llama/original_outputs/generated_code/p6__llama3.3_70b__s1.py,llama/original_outputs/responses/p6__llama3.3_70b__s1_raw.txt,llama/original_outputs/prompts/p6_prompt.txt,104145db90e4773ebd03a5008a01cb953345a2eba3cdb26efc939b6df8a207b4,2162313802eb1d822bf22e6d778e6e7b62c647ea30252ad368fa8e8b910fdbb0
p6__llama3.3_70b__s2,Llama 3.3 70B,6,2,llama/original_outputs/generated_code/p6__llama3.3_70b__s2.py,llama/original_outputs/responses/p6__llama3.3_70b__s2_raw.txt,llama/original_outputs/prompts/p6_prompt.txt,a87d12f99f7367974874f966f802d66fa48e56550448e10902cefe6febb701d7,065e9038066ee3bf93f17986c64d668b01859d0fd2b3c5494ffb38b9bbea9967
p6__llama3.3_70b__s3,Llama 3.3 70B,6,3,llama/original_outputs/generated_code/p6__llama3.3_70b__s3.py,llama/original_outputs/responses/p6__llama3.3_70b__s3_raw.txt,llama/original_outputs/prompts/p6_prompt.txt,a87d12f99f7367974874f966f802d66fa48e56550448e10902cefe6febb701d7,065e9038066ee3bf93f17986c64d668b01859d0fd2b3c5494ffb38b9bbea9967
p6__llama3.3_70b__s4,Llama 3.3 70B,6,4,llama/original_outputs/generated_code/p6__llama3.3_70b__s4.py,llama/original_outputs/responses/p6__llama3.3_70b__s4_raw.txt,llama/original_outputs/prompts/p6_prompt.txt,2b87e92e6abe72ccae7e2f905180032e0748f01be29f7de3e98ca3370550b1c2,4413e1dfbf8ea0b501a30a1c34c290b911e88ce87f3656780ee0b6da0448e016
p6__llama3.3_70b__s5,Llama 3.3 70B,6,5,llama/original_outputs/generated_code/p6__llama3.3_70b__s5.py,llama/original_outputs/responses/p6__llama3.3_70b__s5_raw.txt,llama/original_outputs/prompts/p6_prompt.txt,6b77fc5bf19a33b427c4af7dbe1670a3bb165e73cc374de59869a4a42067b5ee,0730d6dd39dcd330d3bba6adac0c497151ef7d17afacdb2d14695ce2ea62fc21
p6__llama3.3_70b__s6,Llama 3.3 70B,6,6,llama/original_outputs/generated_code/p6__llama3.3_70b__s6.py,llama/original_outputs/responses/p6__llama3.3_70b__s6_raw.txt,llama/original_outputs/prompts/p6_prompt.txt,a87d12f99f7367974874f966f802d66fa48e56550448e10902cefe6febb701d7,065e9038066ee3bf93f17986c64d668b01859d0fd2b3c5494ffb38b9bbea9967
p6__llama3.3_70b__s7,Llama 3.3 70B,6,7,llama/original_outputs/generated_code/p6__llama3.3_70b__s7.py,llama/original_outputs/responses/p6__llama3.3_70b__s7_raw.txt,llama/original_outputs/prompts/p6_prompt.txt,a87d12f99f7367974874f966f802d66fa48e56550448e10902cefe6febb701d7,065e9038066ee3bf93f17986c64d668b01859d0fd2b3c5494ffb38b9bbea9967
p6__llama3.3_70b__s8,Llama 3.3 70B,6,8,llama/original_outputs/generated_code/p6__llama3.3_70b__s8.py,llama/original_outputs/responses/p6__llama3.3_70b__s8_raw.txt,llama/original_outputs/prompts/p6_prompt.txt,a87d12f99f7367974874f966f802d66fa48e56550448e10902cefe6febb701d7,065e9038066ee3bf93f17986c64d668b01859d0fd2b3c5494ffb38b9bbea9967
p6__llama3.3_70b__s9,Llama 3.3 70B,6,9,llama/original_outputs/generated_code/p6__llama3.3_70b__s9.py,llama/original_outputs/responses/p6__llama3.3_70b__s9_raw.txt,llama/original_outputs/prompts/p6_prompt.txt,f0c10e9766422297605585df1198f5c9ab716f6fae42216e01054ef691d8d137,9ff6bca2344f769359c1d05d818fc0fec8cdbec7796c410a15eb803fd9c2d94c
p7__llama3.3_70b__s0,Llama 3.3 70B,7,0,llama/original_outputs/generated_code/p7__llama3.3_70b__s0.py,llama/original_outputs/responses/p7__llama3.3_70b__s0_raw.txt,llama/original_outputs/prompts/p7_prompt.txt,f4f9aaa2f1dae5cb42684d19f231a5081b5a9634498361a24f7eb1b1d8bbbe67,2cc3e0577339bfee056edfe9cf0e9fc9945885379bf4834eab5916fba55aa05e
p7__llama3.3_70b__s1,Llama 3.3 70B,7,1,llama/original_outputs/generated_code/p7__llama3.3_70b__s1.py,llama/original_outputs/responses/p7__llama3.3_70b__s1_raw.txt,llama/original_outputs/prompts/p7_prompt.txt,1405f2f605cfb0d40627b8b801959becb1e64b62cb9f195375e67af11b9df177,0129c11cfe498a5ea881d16f462bdee942679293bf411b78cbb48afdec244ee7
p7__llama3.3_70b__s2,Llama 3.3 70B,7,2,llama/original_outputs/generated_code/p7__llama3.3_70b__s2.py,llama/original_outputs/responses/p7__llama3.3_70b__s2_raw.txt,llama/original_outputs/prompts/p7_prompt.txt,5517b56a4d94eacfd56e7b7971403a57943ec1cd5755b8e62ce0eb12788f124a,27b4c300f382e885c95c12608ab2edbeb9088de295f78be347264731849b30fb
p7__llama3.3_70b__s3,Llama 3.3 70B,7,3,llama/original_outputs/generated_code/p7__llama3.3_70b__s3.py,llama/original_outputs/responses/p7__llama3.3_70b__s3_raw.txt,llama/original_outputs/prompts/p7_prompt.txt,4096ee9e01f1fbe668c3d21eb6e3ff2b62f7d4508d7779f6ffcd719572402ff3,2f6e02b5045acb2f206ec32756a6c12e959fecd4ebd50f471ed9b0cd38dcd6b0
p7__llama3.3_70b__s4,Llama 3.3 70B,7,4,llama/original_outputs/generated_code/p7__llama3.3_70b__s4.py,llama/original_outputs/responses/p7__llama3.3_70b__s4_raw.txt,llama/original_outputs/prompts/p7_prompt.txt,a1e691aaef9e8b3185f44a0eedb6e2c29d4aadb6ae522caf8150e82578158c74,95ceaf89408974bdf79c137ceb0d5e045f03bf6155ff336f9b1c07c82d866c16
p7__llama3.3_70b__s5,Llama 3.3 70B,7,5,llama/original_outputs/generated_code/p7__llama3.3_70b__s5.py,llama/original_outputs/responses/p7__llama3.3_70b__s5_raw.txt,llama/original_outputs/prompts/p7_prompt.txt,335a10f153885c342dfffb12ed538a88bc8adb8636c4c9a4eed245383879fe7c,65d9ed01c8b769a3a425919b9de8a75535eb290d44a46dc2f6fce4af7d0169db
p7__llama3.3_70b__s6,Llama 3.3 70B,7,6,llama/original_outputs/generated_code/p7__llama3.3_70b__s6.py,llama/original_outputs/responses/p7__llama3.3_70b__s6_raw.txt,llama/original_outputs/prompts/p7_prompt.txt,a85a197b7eb7961e7f482eae1388107aae8e5338a9df4ee66096c89ba5d547bc,a6d88ad42fb1f878b240f3ef95b4b949a90c4ef58f79d342eba80a909d870be1
p7__llama3.3_70b__s7,Llama 3.3 70B,7,7,llama/original_outputs/generated_code/p7__llama3.3_70b__s7.py,llama/original_outputs/responses/p7__llama3.3_70b__s7_raw.txt,llama/original_outputs/prompts/p7_prompt.txt,c7edcf73afb76c7454bc254a4f953c68e129c721c8c23a9ace0fce4658735e44,b9db053f83804aad5cfbab8e7e39c5ce6003b6f9591aff906363bf3a391cd19e
p7__llama3.3_70b__s8,Llama 3.3 70B,7,8,llama/original_outputs/generated_code/p7__llama3.3_70b__s8.py,llama/original_outputs/responses/p7__llama3.3_70b__s8_raw.txt,llama/original_outputs/prompts/p7_prompt.txt,0b594536dcda1ebb45ab994845cbfdb10a241d2fd1d6ed96a8541ce2ff9a6edd,aac6391b749dfa8fe8c76b3927cbbdc3349ae4b48d941440b513e053b9c8fd03
p7__llama3.3_70b__s9,Llama 3.3 70B,7,9,llama/original_outputs/generated_code/p7__llama3.3_70b__s9.py,llama/original_outputs/responses/p7__llama3.3_70b__s9_raw.txt,llama/original_outputs/prompts/p7_prompt.txt,4b4fd498a86b396d8514d5e41e92481c60af3278a2e2f0369b46885f79529f20,7cf7924fec95f14c68850c5c76e8880e3d0e8ffe391e0bb9ca5abe963e898440
p8__llama3.3_70b__s0,Llama 3.3 70B,8,0,llama/original_outputs/generated_code/p8__llama3.3_70b__s0.py,llama/original_outputs/responses/p8__llama3.3_70b__s0_raw.txt,llama/original_outputs/prompts/p8_prompt.txt,0bec403cb33b5e7bdec942c851d0659a5e527c2041dde4123f2874408aabf777,656dd123e11b2762ab05e6f85da885a700dcccaf39d0139b8680a69e3362475d
p8__llama3.3_70b__s1,Llama 3.3 70B,8,1,llama/original_outputs/generated_code/p8__llama3.3_70b__s1.py,llama/original_outputs/responses/p8__llama3.3_70b__s1_raw.txt,llama/original_outputs/prompts/p8_prompt.txt,b75f2b324d9eced33d896b4389ec53b5ff8674aaafe715606694eab750bc2e55,7ecbf2c13fd357a0d549156336d30c0bd42b3c5c73d0e41c3064ee8dbe832d51
p8__llama3.3_70b__s2,Llama 3.3 70B,8,2,llama/original_outputs/generated_code/p8__llama3.3_70b__s2.py,llama/original_outputs/responses/p8__llama3.3_70b__s2_raw.txt,llama/original_outputs/prompts/p8_prompt.txt,b5c0c02c48d4a191344f90b35b70c29dd7cf0e0620e7ea57045ef13f8933e15b,2c2689e9711b0f05d3c8f0b1e3e4a74e65de2d10b8da26dc46cbb5ef0b3762b1
p8__llama3.3_70b__s3,Llama 3.3 70B,8,3,llama/original_outputs/generated_code/p8__llama3.3_70b__s3.py,llama/original_outputs/responses/p8__llama3.3_70b__s3_raw.txt,llama/original_outputs/prompts/p8_prompt.txt,61a3b6fb1558065dd8d1edd51fb913a459dade4c215c04f703723cfab70cd0da,5bd0cfc4a826234643c664004b2eb5853c62b4f6f42de368b407a9afc7835997
p8__llama3.3_70b__s4,Llama 3.3 70B,8,4,llama/original_outputs/generated_code/p8__llama3.3_70b__s4.py,llama/original_outputs/responses/p8__llama3.3_70b__s4_raw.txt,llama/original_outputs/prompts/p8_prompt.txt,c03ea2ed70fc0b7a58457e2d8e47552ecd2dd3fd8b52e48c7c3596d9eaf7d5f7,443cd88e4b042213dc06ca826adafa6d4ac6aa771bdf060ef5edd25ef3827ee6
p8__llama3.3_70b__s5,Llama 3.3 70B,8,5,llama/original_outputs/generated_code/p8__llama3.3_70b__s5.py,llama/original_outputs/responses/p8__llama3.3_70b__s5_raw.txt,llama/original_outputs/prompts/p8_prompt.txt,1fdaf6a3bad826bfc0e3468d5149534e22773649a0bd26eadf845d8ddd5286b8,59cd748573042b3cdcab216569c1aa0a2a8ab91851402f392e67fe9fbddc73f7
p8__llama3.3_70b__s6,Llama 3.3 70B,8,6,llama/original_outputs/generated_code/p8__llama3.3_70b__s6.py,llama/original_outputs/responses/p8__llama3.3_70b__s6_raw.txt,llama/original_outputs/prompts/p8_prompt.txt,25575a5e204d9cc2bb46897fb6c6ceb244b07601f3aaf0b9dbda24f75090a989,c74c65351213569c9167da89cf3bcc3ec4ee91621691233e350e18b3dc0d5ab0
p8__llama3.3_70b__s7,Llama 3.3 70B,8,7,llama/original_outputs/generated_code/p8__llama3.3_70b__s7.py,llama/original_outputs/responses/p8__llama3.3_70b__s7_raw.txt,llama/original_outputs/prompts/p8_prompt.txt,e08f768695ff75080018f9678c96cce94ac9f1a1d1de141e63032eedb0333099,b6ef2808d313d06a13b3f619f5f942f745f23f0eab653511409785dea3f63167
p8__llama3.3_70b__s8,Llama 3.3 70B,8,8,llama/original_outputs/generated_code/p8__llama3.3_70b__s8.py,llama/original_outputs/responses/p8__llama3.3_70b__s8_raw.txt,llama/original_outputs/prompts/p8_prompt.txt,894f2d0d439f2c56cfd659eea7ae7c652bd1de14386b9a1ddd9bdb234edc7128,5db117f59d943d27e15c03800e7271ca25de0c2be3eff712c30911b79c395cab
p8__llama3.3_70b__s9,Llama 3.3 70B,8,9,llama/original_outputs/generated_code/p8__llama3.3_70b__s9.py,llama/original_outputs/responses/p8__llama3.3_70b__s9_raw.txt,llama/original_outputs/prompts/p8_prompt.txt,e265c2c78cdc46e6082c1355cfbf89fdf28ae3cc501d937824511ad932651e32,5f843b480bce89c1c0e65c9e13d5783fb88f5f90f9bbffbe62830b11a748846b
p9__llama3.3_70b__s0,Llama 3.3 70B,9,0,llama/original_outputs/generated_code/p9__llama3.3_70b__s0.py,llama/original_outputs/responses/p9__llama3.3_70b__s0_raw.txt,llama/original_outputs/prompts/p9_prompt.txt,a3751cd4dbebbf37fbe319dcfd667891f7e99f847e2c04ab367e27fd6c73a90d,2e64abbe8925c59a6f162817e770029197f2d9feb123fe371d7efc013d5f8078
p9__llama3.3_70b__s1,Llama 3.3 70B,9,1,llama/original_outputs/generated_code/p9__llama3.3_70b__s1.py,llama/original_outputs/responses/p9__llama3.3_70b__s1_raw.txt,llama/original_outputs/prompts/p9_prompt.txt,8fbff256ec54d5b303d17af51826ad4b2bac550a0124319b1cc41c3f694a4914,5cad52496a6badb83b0d7a5cdaf43424d57abaab41f3269446a2a2834745cd30
p9__llama3.3_70b__s2,Llama 3.3 70B,9,2,llama/original_outputs/generated_code/p9__llama3.3_70b__s2.py,llama/original_outputs/responses/p9__llama3.3_70b__s2_raw.txt,llama/original_outputs/prompts/p9_prompt.txt,2e63f7dfec6ed13f13f60173b31a35e4e8f2fccaf97d45d8600890bc95f3e20e,ec34a7a3fde4feee8758f523e808594f5d8506f9cf7d0c5de70a039c80ecd28a
p9__llama3.3_70b__s3,Llama 3.3 70B,9,3,llama/original_outputs/generated_code/p9__llama3.3_70b__s3.py,llama/original_outputs/responses/p9__llama3.3_70b__s3_raw.txt,llama/original_outputs/prompts/p9_prompt.txt,2e63f7dfec6ed13f13f60173b31a35e4e8f2fccaf97d45d8600890bc95f3e20e,ec34a7a3fde4feee8758f523e808594f5d8506f9cf7d0c5de70a039c80ecd28a
p9__llama3.3_70b__s4,Llama 3.3 70B,9,4,llama/original_outputs/generated_code/p9__llama3.3_70b__s4.py,llama/original_outputs/responses/p9__llama3.3_70b__s4_raw.txt,llama/original_outputs/prompts/p9_prompt.txt,2e63f7dfec6ed13f13f60173b31a35e4e8f2fccaf97d45d8600890bc95f3e20e,ec34a7a3fde4feee8758f523e808594f5d8506f9cf7d0c5de70a039c80ecd28a
p9__llama3.3_70b__s5,Llama 3.3 70B,9,5,llama/original_outputs/generated_code/p9__llama3.3_70b__s5.py,llama/original_outputs/responses/p9__llama3.3_70b__s5_raw.txt,llama/original_outputs/prompts/p9_prompt.txt,edbf5aadee01980f2e7e993154a5e03d9f9dbc8740aa470eee4cec2448e3dd80,568269d17d8171c07d643f3be9cea0991c8f3c1def94e826c5d2e602d288f84e
p9__llama3.3_70b__s6,Llama 3.3 70B,9,6,llama/original_outputs/generated_code/p9__llama3.3_70b__s6.py,llama/original_outputs/responses/p9__llama3.3_70b__s6_raw.txt,llama/original_outputs/prompts/p9_prompt.txt,50126b9f9cd02a1cce6c2f9b9109473ffa37c8bd9876bac434cf16c055a687d6,7bb959e6aa4a7e56ba330ff876f398f89104beb842b8faa315897ec7b6ab59ab
p9__llama3.3_70b__s7,Llama 3.3 70B,9,7,llama/original_outputs/generated_code/p9__llama3.3_70b__s7.py,llama/original_outputs/responses/p9__llama3.3_70b__s7_raw.txt,llama/original_outputs/prompts/p9_prompt.txt,d9303c1b1db508edefb476930a197276dfd29268fe075b49384b2c337b4323f8,42662a34164b9c452bf055bacb735e11868385ee8485354d9e262514b25092ca
p9__llama3.3_70b__s8,Llama 3.3 70B,9,8,llama/original_outputs/generated_code/p9__llama3.3_70b__s8.py,llama/original_outputs/responses/p9__llama3.3_70b__s8_raw.txt,llama/original_outputs/prompts/p9_prompt.txt,1aad9fe6ca364f2a47b126b01a880b7b7129677c760a25597bbebdec006fee4a,552a12542490121712bf45614fb58a5c66be6c852541f6e8724c75ecdb7a9e91
p9__llama3.3_70b__s9,Llama 3.3 70B,9,9,llama/original_outputs/generated_code/p9__llama3.3_70b__s9.py,llama/original_outputs/responses/p9__llama3.3_70b__s9_raw.txt,llama/original_outputs/prompts/p9_prompt.txt,2e63f7dfec6ed13f13f60173b31a35e4e8f2fccaf97d45d8600890bc95f3e20e,ec34a7a3fde4feee8758f523e808594f5d8506f9cf7d0c5de70a039c80ecd28a
p10__llama3.3_70b__s0,Llama 3.3 70B,10,0,llama/original_outputs/generated_code/p10__llama3.3_70b__s0.py,llama/original_outputs/responses/p10__llama3.3_70b__s0_raw.txt,llama/original_outputs/prompts/p10_prompt.txt,9ba0e4a7c9e848053f44d65ac295a528bc84675c1b32b3ead222df2b37294962,d6052db9375d10bf8b71634dbd3be284726f46341875d461d433823968710d01
p10__llama3.3_70b__s1,Llama 3.3 70B,10,1,llama/original_outputs/generated_code/p10__llama3.3_70b__s1.py,llama/original_outputs/responses/p10__llama3.3_70b__s1_raw.txt,llama/original_outputs/prompts/p10_prompt.txt,79a489d25bdae40121241e0491058a9e83e0bf24a4f4cbfdee1dcfcfcf75ece1,c50c6721e129c0b646fcaca5144ab7c294459a6b09a20ff92c23dcdfc0c23562
p10__llama3.3_70b__s2,Llama 3.3 70B,10,2,llama/original_outputs/generated_code/p10__llama3.3_70b__s2.py,llama/original_outputs/responses/p10__llama3.3_70b__s2_raw.txt,llama/original_outputs/prompts/p10_prompt.txt,be1bb63d13e6e1ca552cec61943cae2542d61432078de59976a05fbfd337a9e8,d0143acded2290c812ec2b97a7a8a17d810824bd9b09796db9b1109f0f9aa310
p10__llama3.3_70b__s3,Llama 3.3 70B,10,3,llama/original_outputs/generated_code/p10__llama3.3_70b__s3.py,llama/original_outputs/responses/p10__llama3.3_70b__s3_raw.txt,llama/original_outputs/prompts/p10_prompt.txt,059535663d8ec55d3af21c6ed38fa8bc20402e8312621246fa35d3cd1429200f,024df67040522df3b175abbcd922a3683685bbb47b88bedf32fe3462ed31db94
p10__llama3.3_70b__s4,Llama 3.3 70B,10,4,llama/original_outputs/generated_code/p10__llama3.3_70b__s4.py,llama/original_outputs/responses/p10__llama3.3_70b__s4_raw.txt,llama/original_outputs/prompts/p10_prompt.txt,68da5abf8b4f88bfce98aacc6f4271556a9f87e48bbbb684495e7fff6aa6259d,f776a70c3680f5cf5f1d65e50eba2c546040280217e4d21c4a211b78f9d7e357
p10__llama3.3_70b__s5,Llama 3.3 70B,10,5,llama/original_outputs/generated_code/p10__llama3.3_70b__s5.py,llama/original_outputs/responses/p10__llama3.3_70b__s5_raw.txt,llama/original_outputs/prompts/p10_prompt.txt,059535663d8ec55d3af21c6ed38fa8bc20402e8312621246fa35d3cd1429200f,024df67040522df3b175abbcd922a3683685bbb47b88bedf32fe3462ed31db94
p10__llama3.3_70b__s6,Llama 3.3 70B,10,6,llama/original_outputs/generated_code/p10__llama3.3_70b__s6.py,llama/original_outputs/responses/p10__llama3.3_70b__s6_raw.txt,llama/original_outputs/prompts/p10_prompt.txt,79a489d25bdae40121241e0491058a9e83e0bf24a4f4cbfdee1dcfcfcf75ece1,c50c6721e129c0b646fcaca5144ab7c294459a6b09a20ff92c23dcdfc0c23562
p10__llama3.3_70b__s7,Llama 3.3 70B,10,7,llama/original_outputs/generated_code/p10__llama3.3_70b__s7.py,llama/original_outputs/responses/p10__llama3.3_70b__s7_raw.txt,llama/original_outputs/prompts/p10_prompt.txt,be1bb63d13e6e1ca552cec61943cae2542d61432078de59976a05fbfd337a9e8,d0143acded2290c812ec2b97a7a8a17d810824bd9b09796db9b1109f0f9aa310
p10__llama3.3_70b__s8,Llama 3.3 70B,10,8,llama/original_outputs/generated_code/p10__llama3.3_70b__s8.py,llama/original_outputs/responses/p10__llama3.3_70b__s8_raw.txt,llama/original_outputs/prompts/p10_prompt.txt,be1bb63d13e6e1ca552cec61943cae2542d61432078de59976a05fbfd337a9e8,d0143acded2290c812ec2b97a7a8a17d810824bd9b09796db9b1109f0f9aa310
p10__llama3.3_70b__s9,Llama 3.3 70B,10,9,llama/original_outputs/generated_code/p10__llama3.3_70b__s9.py,llama/original_outputs/responses/p10__llama3.3_70b__s9_raw.txt,llama/original_outputs/prompts/p10_prompt.txt,be1bb63d13e6e1ca552cec61943cae2542d61432078de59976a05fbfd337a9e8,d0143acded2290c812ec2b97a7a8a17d810824bd9b09796db9b1109f0f9aa310
p11__llama3.3_70b__s0,Llama 3.3 70B,11,0,llama/original_outputs/generated_code/p11__llama3.3_70b__s0.py,llama/original_outputs/responses/p11__llama3.3_70b__s0_raw.txt,llama/original_outputs/prompts/p11_prompt.txt,a9e832f989b3e21cae0f930d0ae32bbfafd3812b4b5e6e28da92aacbcab80f09,2bdb008cee6d241393c2e35fd5509fadbee9ee69e51f2fcb5cfa927d57663d99
p11__llama3.3_70b__s1,Llama 3.3 70B,11,1,llama/original_outputs/generated_code/p11__llama3.3_70b__s1.py,llama/original_outputs/responses/p11__llama3.3_70b__s1_raw.txt,llama/original_outputs/prompts/p11_prompt.txt,271f86d4f43ecb7db563050904971f2ea25ec6eacde0a0860a70a3c2f615e1d0,413ba34f3d1da604bcf6c74ca823df191943cd3bc3532c572680f94ab154e77b
p11__llama3.3_70b__s2,Llama 3.3 70B,11,2,llama/original_outputs/generated_code/p11__llama3.3_70b__s2.py,llama/original_outputs/responses/p11__llama3.3_70b__s2_raw.txt,llama/original_outputs/prompts/p11_prompt.txt,ade71834ff47e9ff99d7e950a3c14bcd318d6cd8a4a99aa948f5cdb799685fdb,e7c92aeb2c5e4e85af92ed69829d4f501b47d85e8a422a28e05912d5d8c0d40a
p11__llama3.3_70b__s3,Llama 3.3 70B,11,3,llama/original_outputs/generated_code/p11__llama3.3_70b__s3.py,llama/original_outputs/responses/p11__llama3.3_70b__s3_raw.txt,llama/original_outputs/prompts/p11_prompt.txt,a51c46fe878db0054aba810eb071729b5e35482ff76c43c61a456edb94031b2e,03b37100a2e3fee20350f063f5503301b9d1caab6c619e6f49d2b3350638f499
p11__llama3.3_70b__s4,Llama 3.3 70B,11,4,llama/original_outputs/generated_code/p11__llama3.3_70b__s4.py,llama/original_outputs/responses/p11__llama3.3_70b__s4_raw.txt,llama/original_outputs/prompts/p11_prompt.txt,df4d9ebdbd6524acbda9b7dd0965d90b6e0ff593ea00cb73632251c74d795579,c8692e2b381d48d6a8e93311ff5325d4a71f15f828cab1b0b062629525138dd0
p11__llama3.3_70b__s5,Llama 3.3 70B,11,5,llama/original_outputs/generated_code/p11__llama3.3_70b__s5.py,llama/original_outputs/responses/p11__llama3.3_70b__s5_raw.txt,llama/original_outputs/prompts/p11_prompt.txt,9f20675b065a983e0f902a342543dcd5cd44e762855931494ded0b51729a4ec1,1f5a1880c7725d35150f9f9fc2a6e2950bdfea38ebdbc6265e569ef489741531
p11__llama3.3_70b__s6,Llama 3.3 70B,11,6,llama/original_outputs/generated_code/p11__llama3.3_70b__s6.py,llama/original_outputs/responses/p11__llama3.3_70b__s6_raw.txt,llama/original_outputs/prompts/p11_prompt.txt,16e2fd783d44ec804b90ee3bd92c230a7bdc671ef1cbff7fd327dc2c0b111a91,1df70c4acb42f3ce37a2a28c9015d63a3c5223987f1b184dbf5ac11a444a3dc4
p11__llama3.3_70b__s7,Llama 3.3 70B,11,7,llama/original_outputs/generated_code/p11__llama3.3_70b__s7.py,llama/original_outputs/responses/p11__llama3.3_70b__s7_raw.txt,llama/original_outputs/prompts/p11_prompt.txt,77a100190772ea5bc60c6354781a8a512af6ca3c614e6c6aed29899dd29dd7e4,93034e540bade38dfc2f5d4e49f601d36b73e8e04b6ebfa1a03f4e1d9608576d
p11__llama3.3_70b__s8,Llama 3.3 70B,11,8,llama/original_outputs/generated_code/p11__llama3.3_70b__s8.py,llama/original_outputs/responses/p11__llama3.3_70b__s8_raw.txt,llama/original_outputs/prompts/p11_prompt.txt,26b4c3ab99569adc8d00bc4d40a40adb7e575181e1e03ab0f68f961275c9fa2d,55963593580b460695c0e6fc25747f808183fbf8540e493487fec241e5a6b5c0
p11__llama3.3_70b__s9,Llama 3.3 70B,11,9,llama/original_outputs/generated_code/p11__llama3.3_70b__s9.py,llama/original_outputs/responses/p11__llama3.3_70b__s9_raw.txt,llama/original_outputs/prompts/p11_prompt.txt,d1e03e6beb5aface717ed3236f6af825526239df2d3efd14800b02c066ee1370,d848a746509d9d89c87f78eaff2b06b779c32b95f18130e0cfeb96f390787334
p12__llama3.3_70b__s0,Llama 3.3 70B,12,0,llama/original_outputs/generated_code/p12__llama3.3_70b__s0.py,llama/original_outputs/responses/p12__llama3.3_70b__s0_raw.txt,llama/original_outputs/prompts/p12_prompt.txt,1cec141519b3bfc9d58e08f9ead285d7bd69d069e756ca67f400f4f18345b551,788600647b0747d26aa06ffaa600d736eb571c53652f8adbb8dd3d937ee342a5
p12__llama3.3_70b__s1,Llama 3.3 70B,12,1,llama/original_outputs/generated_code/p12__llama3.3_70b__s1.py,llama/original_outputs/responses/p12__llama3.3_70b__s1_raw.txt,llama/original_outputs/prompts/p12_prompt.txt,3cf801664882502c4aecf13ccce35857082eb4461eb5d6d1074680749082cd47,1b6eb8b1432d99acb421678ce7829a13c29a3ca35aa7aa21388a4db9f4ca4ec9
p12__llama3.3_70b__s2,Llama 3.3 70B,12,2,llama/original_outputs/generated_code/p12__llama3.3_70b__s2.py,llama/original_outputs/responses/p12__llama3.3_70b__s2_raw.txt,llama/original_outputs/prompts/p12_prompt.txt,aebe210f60115c16b58cccd688da04538fe706ac5581e6dcdf0d5afd6ec6b154,c774415e3e29ac033b4f8fc06f2c67b875a79c239e7a569ede97851b6a01ac0a
p12__llama3.3_70b__s3,Llama 3.3 70B,12,3,llama/original_outputs/generated_code/p12__llama3.3_70b__s3.py,llama/original_outputs/responses/p12__llama3.3_70b__s3_raw.txt,llama/original_outputs/prompts/p12_prompt.txt,e1c0f0ad1a22c83359318b2029fbe1d27fb53b1362d77faa1b963be70289712c,d2019f077d14e44e2f67571cab9be23ce008370f76dd9094a660dc86a34a5a5f
p12__llama3.3_70b__s4,Llama 3.3 70B,12,4,llama/original_outputs/generated_code/p12__llama3.3_70b__s4.py,llama/original_outputs/responses/p12__llama3.3_70b__s4_raw.txt,llama/original_outputs/prompts/p12_prompt.txt,569bad2dd6c02f7926680d5309355b2f1bf97458e7a203bba190b42aae6c248d,44f3c3025dced5b5c84df052d6d4455412afc98d43b596ba1e8046981f5a03be
p12__llama3.3_70b__s5,Llama 3.3 70B,12,5,llama/original_outputs/generated_code/p12__llama3.3_70b__s5.py,llama/original_outputs/responses/p12__llama3.3_70b__s5_raw.txt,llama/original_outputs/prompts/p12_prompt.txt,569bad2dd6c02f7926680d5309355b2f1bf97458e7a203bba190b42aae6c248d,44f3c3025dced5b5c84df052d6d4455412afc98d43b596ba1e8046981f5a03be
p12__llama3.3_70b__s6,Llama 3.3 70B,12,6,llama/original_outputs/generated_code/p12__llama3.3_70b__s6.py,llama/original_outputs/responses/p12__llama3.3_70b__s6_raw.txt,llama/original_outputs/prompts/p12_prompt.txt,3be9eaae4d8bf79bd51fa7385e28f3878d4e2c49787c04924745056ab0a11437,83478da3d0b429e456bd9fab50a3603e64b253d6b84ca7d6d1be7a67dad63df6
p12__llama3.3_70b__s7,Llama 3.3 70B,12,7,llama/original_outputs/generated_code/p12__llama3.3_70b__s7.py,llama/original_outputs/responses/p12__llama3.3_70b__s7_raw.txt,llama/original_outputs/prompts/p12_prompt.txt,ed7f08068d0790cbd9d320dbff87ff75dea1c1a7747a738d4a9df489f1623f03,133fd052b32495852d9af393bab4e59aedd741c0d86a4bb3af47bd2ca1716919
p12__llama3.3_70b__s8,Llama 3.3 70B,12,8,llama/original_outputs/generated_code/p12__llama3.3_70b__s8.py,llama/original_outputs/responses/p12__llama3.3_70b__s8_raw.txt,llama/original_outputs/prompts/p12_prompt.txt,3cf801664882502c4aecf13ccce35857082eb4461eb5d6d1074680749082cd47,1b6eb8b1432d99acb421678ce7829a13c29a3ca35aa7aa21388a4db9f4ca4ec9
p12__llama3.3_70b__s9,Llama 3.3 70B,12,9,llama/original_outputs/generated_code/p12__llama3.3_70b__s9.py,llama/original_outputs/responses/p12__llama3.3_70b__s9_raw.txt,llama/original_outputs/prompts/p12_prompt.txt,569bad2dd6c02f7926680d5309355b2f1bf97458e7a203bba190b42aae6c248d,44f3c3025dced5b5c84df052d6d4455412afc98d43b596ba1e8046981f5a03be
p13__llama3.3_70b__s0,Llama 3.3 70B,13,0,llama/original_outputs/generated_code/p13__llama3.3_70b__s0.py,llama/original_outputs/responses/p13__llama3.3_70b__s0_raw.txt,llama/original_outputs/prompts/p13_prompt.txt,26eb74bf5f5b514357a816317f8d2f983f806798e04dad59a591ea4ffb4d3742,81abad1ffaadd221bf2578522f382b236f417911543f36e81bbd3df49a51d595
p13__llama3.3_70b__s1,Llama 3.3 70B,13,1,llama/original_outputs/generated_code/p13__llama3.3_70b__s1.py,llama/original_outputs/responses/p13__llama3.3_70b__s1_raw.txt,llama/original_outputs/prompts/p13_prompt.txt,321544f1eae87871ff4b2676bc56083917fd7011d271d66728db34482bdc08b7,6d5993b7887a960955ebaa86b6072da89ed0abc327e9028e3c18a8202a8b9e3d
p13__llama3.3_70b__s2,Llama 3.3 70B,13,2,llama/original_outputs/generated_code/p13__llama3.3_70b__s2.py,llama/original_outputs/responses/p13__llama3.3_70b__s2_raw.txt,llama/original_outputs/prompts/p13_prompt.txt,0db2d7dcde874bcf80e7f3b0d62183b3a03891c55cfe4e6d5875c26a80eb65df,0fb794279b8cdb527e2d000a35819184292c8933f788ff6122a20da8487208c7
p13__llama3.3_70b__s3,Llama 3.3 70B,13,3,llama/original_outputs/generated_code/p13__llama3.3_70b__s3.py,llama/original_outputs/responses/p13__llama3.3_70b__s3_raw.txt,llama/original_outputs/prompts/p13_prompt.txt,321544f1eae87871ff4b2676bc56083917fd7011d271d66728db34482bdc08b7,6d5993b7887a960955ebaa86b6072da89ed0abc327e9028e3c18a8202a8b9e3d
p13__llama3.3_70b__s4,Llama 3.3 70B,13,4,llama/original_outputs/generated_code/p13__llama3.3_70b__s4.py,llama/original_outputs/responses/p13__llama3.3_70b__s4_raw.txt,llama/original_outputs/prompts/p13_prompt.txt,2ae44fa4f668f37b7b6449132d2a8cbe4b875d70a9f10660695456aca55023bf,279c6ebb0c9388983610fa050930a50f06773b7ebf4a357e511081ca09aaeced
p13__llama3.3_70b__s5,Llama 3.3 70B,13,5,llama/original_outputs/generated_code/p13__llama3.3_70b__s5.py,llama/original_outputs/responses/p13__llama3.3_70b__s5_raw.txt,llama/original_outputs/prompts/p13_prompt.txt,0db2d7dcde874bcf80e7f3b0d62183b3a03891c55cfe4e6d5875c26a80eb65df,0fb794279b8cdb527e2d000a35819184292c8933f788ff6122a20da8487208c7
p13__llama3.3_70b__s6,Llama 3.3 70B,13,6,llama/original_outputs/generated_code/p13__llama3.3_70b__s6.py,llama/original_outputs/responses/p13__llama3.3_70b__s6_raw.txt,llama/original_outputs/prompts/p13_prompt.txt,4ab5686ef835d0409e18de13968fa549c90c1c8be65f22228d588f2a6dd889dc,3b3ef6d9812cd1deffea02caad45dfecf80c3816af4a54c97d1972eea25f317c
p13__llama3.3_70b__s7,Llama 3.3 70B,13,7,llama/original_outputs/generated_code/p13__llama3.3_70b__s7.py,llama/original_outputs/responses/p13__llama3.3_70b__s7_raw.txt,llama/original_outputs/prompts/p13_prompt.txt,26eb74bf5f5b514357a816317f8d2f983f806798e04dad59a591ea4ffb4d3742,81abad1ffaadd221bf2578522f382b236f417911543f36e81bbd3df49a51d595
p13__llama3.3_70b__s8,Llama 3.3 70B,13,8,llama/original_outputs/generated_code/p13__llama3.3_70b__s8.py,llama/original_outputs/responses/p13__llama3.3_70b__s8_raw.txt,llama/original_outputs/prompts/p13_prompt.txt,2ae44fa4f668f37b7b6449132d2a8cbe4b875d70a9f10660695456aca55023bf,279c6ebb0c9388983610fa050930a50f06773b7ebf4a357e511081ca09aaeced
p13__llama3.3_70b__s9,Llama 3.3 70B,13,9,llama/original_outputs/generated_code/p13__llama3.3_70b__s9.py,llama/original_outputs/responses/p13__llama3.3_70b__s9_raw.txt,llama/original_outputs/prompts/p13_prompt.txt,ec4da54295576a3e8ce3c24df4f803b29353b5b747516b0fefc2dfc4a7b1a365,3208e1b5b88c5929d3b2e4bbb7b0dab9dda2877a735809d42c403a6cecdca4fc
p14__llama3.3_70b__s0,Llama 3.3 70B,14,0,llama/original_outputs/generated_code/p14__llama3.3_70b__s0.py,llama/original_outputs/responses/p14__llama3.3_70b__s0_raw.txt,llama/original_outputs/prompts/p14_prompt.txt,ced18158e333158018456e87eaca1a37b112802d0bbaefc3a8788cfec4ae1c4b,0dc21fde315de79e08b6bffb0bab30f54e8b4245996cdb1391237ac6fc924971
p14__llama3.3_70b__s1,Llama 3.3 70B,14,1,llama/original_outputs/generated_code/p14__llama3.3_70b__s1.py,llama/original_outputs/responses/p14__llama3.3_70b__s1_raw.txt,llama/original_outputs/prompts/p14_prompt.txt,9f9516af77933fbba8fe846b6ed3a77995a0d69feed2f54836b70ff1c714e322,7f040d994792b1d6deb1b01d700350088f4c11f69f79545eb2077d9a8f912d6d
p14__llama3.3_70b__s2,Llama 3.3 70B,14,2,llama/original_outputs/generated_code/p14__llama3.3_70b__s2.py,llama/original_outputs/responses/p14__llama3.3_70b__s2_raw.txt,llama/original_outputs/prompts/p14_prompt.txt,8c0ffc66dfcf6c7bc77c14ef781490eeac10db6fb3b868b8bdaf0205baec144e,70ea8b9fb893ae1275107e1a9d870629c842cc4d51fd308ffd843bb42e62212e
p14__llama3.3_70b__s3,Llama 3.3 70B,14,3,llama/original_outputs/generated_code/p14__llama3.3_70b__s3.py,llama/original_outputs/responses/p14__llama3.3_70b__s3_raw.txt,llama/original_outputs/prompts/p14_prompt.txt,9f9516af77933fbba8fe846b6ed3a77995a0d69feed2f54836b70ff1c714e322,7f040d994792b1d6deb1b01d700350088f4c11f69f79545eb2077d9a8f912d6d
p14__llama3.3_70b__s4,Llama 3.3 70B,14,4,llama/original_outputs/generated_code/p14__llama3.3_70b__s4.py,llama/original_outputs/responses/p14__llama3.3_70b__s4_raw.txt,llama/original_outputs/prompts/p14_prompt.txt,9f9516af77933fbba8fe846b6ed3a77995a0d69feed2f54836b70ff1c714e322,7f040d994792b1d6deb1b01d700350088f4c11f69f79545eb2077d9a8f912d6d
p14__llama3.3_70b__s5,Llama 3.3 70B,14,5,llama/original_outputs/generated_code/p14__llama3.3_70b__s5.py,llama/original_outputs/responses/p14__llama3.3_70b__s5_raw.txt,llama/original_outputs/prompts/p14_prompt.txt,0b41009f612c00c82b28df96efb9f902949e1e9ab23e6eee0d6941e7bd5094fa,50edce65cca7b86c5cc00b08c10d932e54e51baf1d7d4cd6b6c4d73c6d41cf83
p14__llama3.3_70b__s6,Llama 3.3 70B,14,6,llama/original_outputs/generated_code/p14__llama3.3_70b__s6.py,llama/original_outputs/responses/p14__llama3.3_70b__s6_raw.txt,llama/original_outputs/prompts/p14_prompt.txt,9f9516af77933fbba8fe846b6ed3a77995a0d69feed2f54836b70ff1c714e322,7f040d994792b1d6deb1b01d700350088f4c11f69f79545eb2077d9a8f912d6d
p14__llama3.3_70b__s7,Llama 3.3 70B,14,7,llama/original_outputs/generated_code/p14__llama3.3_70b__s7.py,llama/original_outputs/responses/p14__llama3.3_70b__s7_raw.txt,llama/original_outputs/prompts/p14_prompt.txt,f2f24da16fe9488ea9a7216fcf841907ba197fa6c9c0eee6e4a4e878145ffbd4,4f0fbef637e02b25ebb5821f294f24b38ff621d9c2e806cf654f310a6e31c570
p14__llama3.3_70b__s8,Llama 3.3 70B,14,8,llama/original_outputs/generated_code/p14__llama3.3_70b__s8.py,llama/original_outputs/responses/p14__llama3.3_70b__s8_raw.txt,llama/original_outputs/prompts/p14_prompt.txt,d5b79e71393c8a479a69a32e2685defa38a76f50735380e89d383ff5e1c66a48,432c0922ba8cba203c3a3e3b3a2c4f7db045e5fae5d3041226daa4825d31f99a
p14__llama3.3_70b__s9,Llama 3.3 70B,14,9,llama/original_outputs/generated_code/p14__llama3.3_70b__s9.py,llama/original_outputs/responses/p14__llama3.3_70b__s9_raw.txt,llama/original_outputs/prompts/p14_prompt.txt,86786cd80ba2501344f339728b47d1bb1dd0b938c137209cf21ba852648c8129,d14527ca98700e93d945c23d6e6f8f1116eac8154995a9b44cb88ce107c0a212
p15__llama3.3_70b__s0,Llama 3.3 70B,15,0,llama/original_outputs/generated_code/p15__llama3.3_70b__s0.py,llama/original_outputs/responses/p15__llama3.3_70b__s0_raw.txt,llama/original_outputs/prompts/p15_prompt.txt,44e4f29a3a584fec905463d55f761f734026539374a54686d2d814b01c19056a,f61c55bb3d46d3f6f60830190752fe2d2084502f21f11c644c217e9dd8cbc694
p15__llama3.3_70b__s1,Llama 3.3 70B,15,1,llama/original_outputs/generated_code/p15__llama3.3_70b__s1.py,llama/original_outputs/responses/p15__llama3.3_70b__s1_raw.txt,llama/original_outputs/prompts/p15_prompt.txt,4ae43d674f962ce255351c603ca24a30c8ddf0f52c5adb3bf615fc858f2eef30,fe464282931c5b54ebc08cfebf13c34f26d54bf4b950deb516e8d8cd853b2f6e
p15__llama3.3_70b__s2,Llama 3.3 70B,15,2,llama/original_outputs/generated_code/p15__llama3.3_70b__s2.py,llama/original_outputs/responses/p15__llama3.3_70b__s2_raw.txt,llama/original_outputs/prompts/p15_prompt.txt,7f25c9ba3cf1516f7179541671824abf4b4b1c53923ddcb981bc9d05e3809aa4,15d8489b9d94c3135f41f2b55b934b08338321c93c0da7bb84d9cf6c13076636
p15__llama3.3_70b__s3,Llama 3.3 70B,15,3,llama/original_outputs/generated_code/p15__llama3.3_70b__s3.py,llama/original_outputs/responses/p15__llama3.3_70b__s3_raw.txt,llama/original_outputs/prompts/p15_prompt.txt,e6384d95915a6dfde72620b33523dc64b43ebdfe4138e5d555c1dd3671003148,d920399636cb1cd605555eab7cd72d70b03b1a6c6570482e5c1785c1feb6f93e
p15__llama3.3_70b__s4,Llama 3.3 70B,15,4,llama/original_outputs/generated_code/p15__llama3.3_70b__s4.py,llama/original_outputs/responses/p15__llama3.3_70b__s4_raw.txt,llama/original_outputs/prompts/p15_prompt.txt,7f25c9ba3cf1516f7179541671824abf4b4b1c53923ddcb981bc9d05e3809aa4,15d8489b9d94c3135f41f2b55b934b08338321c93c0da7bb84d9cf6c13076636
p15__llama3.3_70b__s5,Llama 3.3 70B,15,5,llama/original_outputs/generated_code/p15__llama3.3_70b__s5.py,llama/original_outputs/responses/p15__llama3.3_70b__s5_raw.txt,llama/original_outputs/prompts/p15_prompt.txt,a64da7807c33dbd67aee6938ff034b419a2e6efa74b1f2e7b8c141c17ea6102e,d5407ddf336e53dddf1e77507ef680320fe92dcea63a379b73d10574495dc2c8
p15__llama3.3_70b__s6,Llama 3.3 70B,15,6,llama/original_outputs/generated_code/p15__llama3.3_70b__s6.py,llama/original_outputs/responses/p15__llama3.3_70b__s6_raw.txt,llama/original_outputs/prompts/p15_prompt.txt,44e4f29a3a584fec905463d55f761f734026539374a54686d2d814b01c19056a,f61c55bb3d46d3f6f60830190752fe2d2084502f21f11c644c217e9dd8cbc694
p15__llama3.3_70b__s7,Llama 3.3 70B,15,7,llama/original_outputs/generated_code/p15__llama3.3_70b__s7.py,llama/original_outputs/responses/p15__llama3.3_70b__s7_raw.txt,llama/original_outputs/prompts/p15_prompt.txt,44e4f29a3a584fec905463d55f761f734026539374a54686d2d814b01c19056a,f61c55bb3d46d3f6f60830190752fe2d2084502f21f11c644c217e9dd8cbc694
p15__llama3.3_70b__s8,Llama 3.3 70B,15,8,llama/original_outputs/generated_code/p15__llama3.3_70b__s8.py,llama/original_outputs/responses/p15__llama3.3_70b__s8_raw.txt,llama/original_outputs/prompts/p15_prompt.txt,44e4f29a3a584fec905463d55f761f734026539374a54686d2d814b01c19056a,f61c55bb3d46d3f6f60830190752fe2d2084502f21f11c644c217e9dd8cbc694
p15__llama3.3_70b__s9,Llama 3.3 70B,15,9,llama/original_outputs/generated_code/p15__llama3.3_70b__s9.py,llama/original_outputs/responses/p15__llama3.3_70b__s9_raw.txt,llama/original_outputs/prompts/p15_prompt.txt,6b699ae9a969b7deb05cdd3c5cb59a8e0210e460908d083cfaa102a3a7b93420,a7a4e45257093765777da83b97c93bb50ebfaf29e0771b3eed6eed5a679f0c98
p16__llama3.3_70b__s0,Llama 3.3 70B,16,0,llama/original_outputs/generated_code/p16__llama3.3_70b__s0.py,llama/original_outputs/responses/p16__llama3.3_70b__s0_raw.txt,llama/original_outputs/prompts/p16_prompt.txt,78268bf9805d92fb512981f85fa6820f325edb3c237db57937f691cc1fcbded0,67db5b358d1fbf5bc65f8de91fee63b00910328cfcb2baa418240321b769c2ff
p16__llama3.3_70b__s1,Llama 3.3 70B,16,1,llama/original_outputs/generated_code/p16__llama3.3_70b__s1.py,llama/original_outputs/responses/p16__llama3.3_70b__s1_raw.txt,llama/original_outputs/prompts/p16_prompt.txt,26dc014b5daa4426c181e97c6594a7094e0b434bcb18268b92b6e1b1ac5ca900,c47078e76a38745e64cbfb50a3249b9b9bb21e8876f92be66ae2b4105f44c46e
p16__llama3.3_70b__s2,Llama 3.3 70B,16,2,llama/original_outputs/generated_code/p16__llama3.3_70b__s2.py,llama/original_outputs/responses/p16__llama3.3_70b__s2_raw.txt,llama/original_outputs/prompts/p16_prompt.txt,4318bfb2a6726519fe1dd0c0fa4a4aa4125158b1e5a6ea48da624befd57cde83,08039737c41d02091158486fb08ffe3796fc78334e8911459287fcd8ba18b891
p16__llama3.3_70b__s3,Llama 3.3 70B,16,3,llama/original_outputs/generated_code/p16__llama3.3_70b__s3.py,llama/original_outputs/responses/p16__llama3.3_70b__s3_raw.txt,llama/original_outputs/prompts/p16_prompt.txt,26dc014b5daa4426c181e97c6594a7094e0b434bcb18268b92b6e1b1ac5ca900,c47078e76a38745e64cbfb50a3249b9b9bb21e8876f92be66ae2b4105f44c46e
p16__llama3.3_70b__s4,Llama 3.3 70B,16,4,llama/original_outputs/generated_code/p16__llama3.3_70b__s4.py,llama/original_outputs/responses/p16__llama3.3_70b__s4_raw.txt,llama/original_outputs/prompts/p16_prompt.txt,26dc014b5daa4426c181e97c6594a7094e0b434bcb18268b92b6e1b1ac5ca900,c47078e76a38745e64cbfb50a3249b9b9bb21e8876f92be66ae2b4105f44c46e
p16__llama3.3_70b__s5,Llama 3.3 70B,16,5,llama/original_outputs/generated_code/p16__llama3.3_70b__s5.py,llama/original_outputs/responses/p16__llama3.3_70b__s5_raw.txt,llama/original_outputs/prompts/p16_prompt.txt,023e86d218ff9439f18878252db9f657de995f53664bc78c6046ea68d394193a,1a8535a457c7f5e35a5c16a9e9a1f6542268cb52a5ffb1878666184c340b6651
p16__llama3.3_70b__s6,Llama 3.3 70B,16,6,llama/original_outputs/generated_code/p16__llama3.3_70b__s6.py,llama/original_outputs/responses/p16__llama3.3_70b__s6_raw.txt,llama/original_outputs/prompts/p16_prompt.txt,3666aba795ac388dc943dea2390a175ccb5204be1f65e348cbbf02648034a8eb,64440a8704a28791ab53f2321dae24c1247e564c62905899df2d452bff4aecf8
p16__llama3.3_70b__s7,Llama 3.3 70B,16,7,llama/original_outputs/generated_code/p16__llama3.3_70b__s7.py,llama/original_outputs/responses/p16__llama3.3_70b__s7_raw.txt,llama/original_outputs/prompts/p16_prompt.txt,023e86d218ff9439f18878252db9f657de995f53664bc78c6046ea68d394193a,1a8535a457c7f5e35a5c16a9e9a1f6542268cb52a5ffb1878666184c340b6651
p16__llama3.3_70b__s8,Llama 3.3 70B,16,8,llama/original_outputs/generated_code/p16__llama3.3_70b__s8.py,llama/original_outputs/responses/p16__llama3.3_70b__s8_raw.txt,llama/original_outputs/prompts/p16_prompt.txt,26dc014b5daa4426c181e97c6594a7094e0b434bcb18268b92b6e1b1ac5ca900,c47078e76a38745e64cbfb50a3249b9b9bb21e8876f92be66ae2b4105f44c46e
p16__llama3.3_70b__s9,Llama 3.3 70B,16,9,llama/original_outputs/generated_code/p16__llama3.3_70b__s9.py,llama/original_outputs/responses/p16__llama3.3_70b__s9_raw.txt,llama/original_outputs/prompts/p16_prompt.txt,4318bfb2a6726519fe1dd0c0fa4a4aa4125158b1e5a6ea48da624befd57cde83,08039737c41d02091158486fb08ffe3796fc78334e8911459287fcd8ba18b891
p17__llama3.3_70b__s0,Llama 3.3 70B,17,0,llama/original_outputs/generated_code/p17__llama3.3_70b__s0.py,llama/original_outputs/responses/p17__llama3.3_70b__s0_raw.txt,llama/original_outputs/prompts/p17_prompt.txt,328cd42037f504a4330327a9b8ba9161731ad867917537a05bee69e381241e77,f7a648a8dadb577463479f42a19d3e15952a0a40148f701846deb9594c36b95f
p17__llama3.3_70b__s1,Llama 3.3 70B,17,1,llama/original_outputs/generated_code/p17__llama3.3_70b__s1.py,llama/original_outputs/responses/p17__llama3.3_70b__s1_raw.txt,llama/original_outputs/prompts/p17_prompt.txt,91c82bcee70478d4dccc21b13116c4d61c686cf97588a46bbd72c5668e81be6c,b48b92e66b6d4cf5dfd16112f3eeb20c3c99104a734b040681d2ba66818c42c2
p17__llama3.3_70b__s2,Llama 3.3 70B,17,2,llama/original_outputs/generated_code/p17__llama3.3_70b__s2.py,llama/original_outputs/responses/p17__llama3.3_70b__s2_raw.txt,llama/original_outputs/prompts/p17_prompt.txt,91c82bcee70478d4dccc21b13116c4d61c686cf97588a46bbd72c5668e81be6c,b48b92e66b6d4cf5dfd16112f3eeb20c3c99104a734b040681d2ba66818c42c2
p17__llama3.3_70b__s3,Llama 3.3 70B,17,3,llama/original_outputs/generated_code/p17__llama3.3_70b__s3.py,llama/original_outputs/responses/p17__llama3.3_70b__s3_raw.txt,llama/original_outputs/prompts/p17_prompt.txt,76a6531ad30af1efd1a30dde87330254b301d33fdbfcdfcbb7eb333e4657ed90,2cf2cc2684be9900a489b9324ddd17303de64af678da29023c8faa254f95e037
p17__llama3.3_70b__s4,Llama 3.3 70B,17,4,llama/original_outputs/generated_code/p17__llama3.3_70b__s4.py,llama/original_outputs/responses/p17__llama3.3_70b__s4_raw.txt,llama/original_outputs/prompts/p17_prompt.txt,22405756cd8b563e29486eca6332639e91c0a71fab82f3297a9d6eb4433120a5,204c1b28d90171ca29e994472915e4129a0b6b45e29a17d555989ff9d8fcc195
p17__llama3.3_70b__s5,Llama 3.3 70B,17,5,llama/original_outputs/generated_code/p17__llama3.3_70b__s5.py,llama/original_outputs/responses/p17__llama3.3_70b__s5_raw.txt,llama/original_outputs/prompts/p17_prompt.txt,4468f657d5284fc43cd9f4c9fc6ad7a84d5208f7afceb99593b864e2d34f28d0,d4499a441455144e24582b1419c6cbbe7a51df56bac61a2c0de1d2edae66bd89
p17__llama3.3_70b__s6,Llama 3.3 70B,17,6,llama/original_outputs/generated_code/p17__llama3.3_70b__s6.py,llama/original_outputs/responses/p17__llama3.3_70b__s6_raw.txt,llama/original_outputs/prompts/p17_prompt.txt,faf6f99700d22281afa8e4e75c7c7a777bb65247c08fdd96833a59bfeec56348,a462601b672290c8c9491afbfa283f0200dec74c6bbfbe6b9bb0a9e1afe26e41
p17__llama3.3_70b__s7,Llama 3.3 70B,17,7,llama/original_outputs/generated_code/p17__llama3.3_70b__s7.py,llama/original_outputs/responses/p17__llama3.3_70b__s7_raw.txt,llama/original_outputs/prompts/p17_prompt.txt,faf6f99700d22281afa8e4e75c7c7a777bb65247c08fdd96833a59bfeec56348,a462601b672290c8c9491afbfa283f0200dec74c6bbfbe6b9bb0a9e1afe26e41
p17__llama3.3_70b__s8,Llama 3.3 70B,17,8,llama/original_outputs/generated_code/p17__llama3.3_70b__s8.py,llama/original_outputs/responses/p17__llama3.3_70b__s8_raw.txt,llama/original_outputs/prompts/p17_prompt.txt,0e17edc6484468bedf3a19400205a9194b48c21409f4c243f041d22ec1488301,23d26603a92638837c5bf6e4c98b76097c56f06d6106f51889933874aef5633d
p17__llama3.3_70b__s9,Llama 3.3 70B,17,9,llama/original_outputs/generated_code/p17__llama3.3_70b__s9.py,llama/original_outputs/responses/p17__llama3.3_70b__s9_raw.txt,llama/original_outputs/prompts/p17_prompt.txt,91c82bcee70478d4dccc21b13116c4d61c686cf97588a46bbd72c5668e81be6c,b48b92e66b6d4cf5dfd16112f3eeb20c3c99104a734b040681d2ba66818c42c2
p18__llama3.3_70b__s0,Llama 3.3 70B,18,0,llama/original_outputs/generated_code/p18__llama3.3_70b__s0.py,llama/original_outputs/responses/p18__llama3.3_70b__s0_raw.txt,llama/original_outputs/prompts/p18_prompt.txt,b3a9863f1e49f928228e37fd5e2b9af2292f5d1c2abbb86be5c7c4366db368db,cb836567022e32d1dc674448f208f2f556e4faa2a7520429c0f4183c741620e6
p18__llama3.3_70b__s1,Llama 3.3 70B,18,1,llama/original_outputs/generated_code/p18__llama3.3_70b__s1.py,llama/original_outputs/responses/p18__llama3.3_70b__s1_raw.txt,llama/original_outputs/prompts/p18_prompt.txt,b3a9863f1e49f928228e37fd5e2b9af2292f5d1c2abbb86be5c7c4366db368db,cb836567022e32d1dc674448f208f2f556e4faa2a7520429c0f4183c741620e6
p18__llama3.3_70b__s2,Llama 3.3 70B,18,2,llama/original_outputs/generated_code/p18__llama3.3_70b__s2.py,llama/original_outputs/responses/p18__llama3.3_70b__s2_raw.txt,llama/original_outputs/prompts/p18_prompt.txt,b3a9863f1e49f928228e37fd5e2b9af2292f5d1c2abbb86be5c7c4366db368db,cb836567022e32d1dc674448f208f2f556e4faa2a7520429c0f4183c741620e6
p18__llama3.3_70b__s3,Llama 3.3 70B,18,3,llama/original_outputs/generated_code/p18__llama3.3_70b__s3.py,llama/original_outputs/responses/p18__llama3.3_70b__s3_raw.txt,llama/original_outputs/prompts/p18_prompt.txt,b3a9863f1e49f928228e37fd5e2b9af2292f5d1c2abbb86be5c7c4366db368db,cb836567022e32d1dc674448f208f2f556e4faa2a7520429c0f4183c741620e6
p18__llama3.3_70b__s4,Llama 3.3 70B,18,4,llama/original_outputs/generated_code/p18__llama3.3_70b__s4.py,llama/original_outputs/responses/p18__llama3.3_70b__s4_raw.txt,llama/original_outputs/prompts/p18_prompt.txt,b3a9863f1e49f928228e37fd5e2b9af2292f5d1c2abbb86be5c7c4366db368db,cb836567022e32d1dc674448f208f2f556e4faa2a7520429c0f4183c741620e6
p18__llama3.3_70b__s5,Llama 3.3 70B,18,5,llama/original_outputs/generated_code/p18__llama3.3_70b__s5.py,llama/original_outputs/responses/p18__llama3.3_70b__s5_raw.txt,llama/original_outputs/prompts/p18_prompt.txt,abae90cc02eba3794d52e12ef7523d12cfc309bea000ad3f19b73fcc76c3880c,3b4c7183a9c9a7141a61b6e67febd70b95c592c09e6e58999ee416d3e6584db7
p18__llama3.3_70b__s6,Llama 3.3 70B,18,6,llama/original_outputs/generated_code/p18__llama3.3_70b__s6.py,llama/original_outputs/responses/p18__llama3.3_70b__s6_raw.txt,llama/original_outputs/prompts/p18_prompt.txt,b3a9863f1e49f928228e37fd5e2b9af2292f5d1c2abbb86be5c7c4366db368db,cb836567022e32d1dc674448f208f2f556e4faa2a7520429c0f4183c741620e6
p18__llama3.3_70b__s7,Llama 3.3 70B,18,7,llama/original_outputs/generated_code/p18__llama3.3_70b__s7.py,llama/original_outputs/responses/p18__llama3.3_70b__s7_raw.txt,llama/original_outputs/prompts/p18_prompt.txt,325fd5e2bbb762fd59a6f691ff74787340178bbca8646b668d4fdb3f04bac582,4a98f7f6383643792f3288d1ac30257b95f83260673cb5a66b6fe62250327ec1
p18__llama3.3_70b__s8,Llama 3.3 70B,18,8,llama/original_outputs/generated_code/p18__llama3.3_70b__s8.py,llama/original_outputs/responses/p18__llama3.3_70b__s8_raw.txt,llama/original_outputs/prompts/p18_prompt.txt,2fed073104de9de6523c8232d89038260e9121a0274704e40767c8c45908f1bf,1dc376ab06fb1998e46efb37f1ed468a8a2f2d86dd9d764057a0c2fc49535402
p18__llama3.3_70b__s9,Llama 3.3 70B,18,9,llama/original_outputs/generated_code/p18__llama3.3_70b__s9.py,llama/original_outputs/responses/p18__llama3.3_70b__s9_raw.txt,llama/original_outputs/prompts/p18_prompt.txt,b3a9863f1e49f928228e37fd5e2b9af2292f5d1c2abbb86be5c7c4366db368db,cb836567022e32d1dc674448f208f2f556e4faa2a7520429c0f4183c741620e6
p19__llama3.3_70b__s0,Llama 3.3 70B,19,0,llama/original_outputs/generated_code/p19__llama3.3_70b__s0.py,llama/original_outputs/responses/p19__llama3.3_70b__s0_raw.txt,llama/original_outputs/prompts/p19_prompt.txt,720435623b23d0ad9c07a139db1d4c5d6ce396aa883e10c77329b1ba8ff9ac42,92ad75f8e9e4ed3e3591c808e974cbe1a2ba0ea068b3bc701d621374109ff2d0
p19__llama3.3_70b__s1,Llama 3.3 70B,19,1,llama/original_outputs/generated_code/p19__llama3.3_70b__s1.py,llama/original_outputs/responses/p19__llama3.3_70b__s1_raw.txt,llama/original_outputs/prompts/p19_prompt.txt,720435623b23d0ad9c07a139db1d4c5d6ce396aa883e10c77329b1ba8ff9ac42,92ad75f8e9e4ed3e3591c808e974cbe1a2ba0ea068b3bc701d621374109ff2d0
p19__llama3.3_70b__s2,Llama 3.3 70B,19,2,llama/original_outputs/generated_code/p19__llama3.3_70b__s2.py,llama/original_outputs/responses/p19__llama3.3_70b__s2_raw.txt,llama/original_outputs/prompts/p19_prompt.txt,0945cf2224ee7c45c7727ef21e56158faf9ac196c8c6ea1d44a8c9bc2bb54a86,307a0d663555d42730db608b036ea6915086dc65ed8de444c96a06b5b3f5bae2
p19__llama3.3_70b__s3,Llama 3.3 70B,19,3,llama/original_outputs/generated_code/p19__llama3.3_70b__s3.py,llama/original_outputs/responses/p19__llama3.3_70b__s3_raw.txt,llama/original_outputs/prompts/p19_prompt.txt,720435623b23d0ad9c07a139db1d4c5d6ce396aa883e10c77329b1ba8ff9ac42,92ad75f8e9e4ed3e3591c808e974cbe1a2ba0ea068b3bc701d621374109ff2d0
p19__llama3.3_70b__s4,Llama 3.3 70B,19,4,llama/original_outputs/generated_code/p19__llama3.3_70b__s4.py,llama/original_outputs/responses/p19__llama3.3_70b__s4_raw.txt,llama/original_outputs/prompts/p19_prompt.txt,720435623b23d0ad9c07a139db1d4c5d6ce396aa883e10c77329b1ba8ff9ac42,92ad75f8e9e4ed3e3591c808e974cbe1a2ba0ea068b3bc701d621374109ff2d0
p19__llama3.3_70b__s5,Llama 3.3 70B,19,5,llama/original_outputs/generated_code/p19__llama3.3_70b__s5.py,llama/original_outputs/responses/p19__llama3.3_70b__s5_raw.txt,llama/original_outputs/prompts/p19_prompt.txt,0945cf2224ee7c45c7727ef21e56158faf9ac196c8c6ea1d44a8c9bc2bb54a86,307a0d663555d42730db608b036ea6915086dc65ed8de444c96a06b5b3f5bae2
p19__llama3.3_70b__s6,Llama 3.3 70B,19,6,llama/original_outputs/generated_code/p19__llama3.3_70b__s6.py,llama/original_outputs/responses/p19__llama3.3_70b__s6_raw.txt,llama/original_outputs/prompts/p19_prompt.txt,720435623b23d0ad9c07a139db1d4c5d6ce396aa883e10c77329b1ba8ff9ac42,92ad75f8e9e4ed3e3591c808e974cbe1a2ba0ea068b3bc701d621374109ff2d0
p19__llama3.3_70b__s7,Llama 3.3 70B,19,7,llama/original_outputs/generated_code/p19__llama3.3_70b__s7.py,llama/original_outputs/responses/p19__llama3.3_70b__s7_raw.txt,llama/original_outputs/prompts/p19_prompt.txt,2d44d9c399592e3ebdf966db241149fc640e0c1b59a12863eb994bdc18c56301,ec01957bf088083d04e688c60b0cfd6f0c5b293b099d1aaa438bd6acb02f87bb
p19__llama3.3_70b__s8,Llama 3.3 70B,19,8,llama/original_outputs/generated_code/p19__llama3.3_70b__s8.py,llama/original_outputs/responses/p19__llama3.3_70b__s8_raw.txt,llama/original_outputs/prompts/p19_prompt.txt,539905092e0556b7b3e263dd75bd2beb802f343bb996431d25b9d7faf031fa5f,37025626bfc8844d3b3c3f9ca2b1d1a336bdc78729717f44dd3a6a2fb1c6048a
p19__llama3.3_70b__s9,Llama 3.3 70B,19,9,llama/original_outputs/generated_code/p19__llama3.3_70b__s9.py,llama/original_outputs/responses/p19__llama3.3_70b__s9_raw.txt,llama/original_outputs/prompts/p19_prompt.txt,149a5aeef74d87c233188c8a3c8e6c867be1cb86e3c7ee1efdf15a5f4ecc18a6,65bba891aedd7ddbc85d1ef5099d212e28a4b60c74af01dbf630f79b90c94a64
p20__llama3.3_70b__s0,Llama 3.3 70B,20,0,llama/original_outputs/generated_code/p20__llama3.3_70b__s0.py,llama/original_outputs/responses/p20__llama3.3_70b__s0_raw.txt,llama/original_outputs/prompts/p20_prompt.txt,e58d486d54de73dea8637e06aefe74e96f35f85af90f04a1de5a3747df6c605e,6fa12dcc3ca7d9994408ae49b8e038b5774562aba9228c0e99edadbf6da10360
p20__llama3.3_70b__s1,Llama 3.3 70B,20,1,llama/original_outputs/generated_code/p20__llama3.3_70b__s1.py,llama/original_outputs/responses/p20__llama3.3_70b__s1_raw.txt,llama/original_outputs/prompts/p20_prompt.txt,0e63651be23b264a8e8c94495c858f4b52ce4413b33007eb69de62a0424606d2,a9411aadebe326649fb51c2ca3bbd4360e0dea8ffdcc4f318e9a39257cd69282
p20__llama3.3_70b__s2,Llama 3.3 70B,20,2,llama/original_outputs/generated_code/p20__llama3.3_70b__s2.py,llama/original_outputs/responses/p20__llama3.3_70b__s2_raw.txt,llama/original_outputs/prompts/p20_prompt.txt,0e63651be23b264a8e8c94495c858f4b52ce4413b33007eb69de62a0424606d2,a9411aadebe326649fb51c2ca3bbd4360e0dea8ffdcc4f318e9a39257cd69282
p20__llama3.3_70b__s3,Llama 3.3 70B,20,3,llama/original_outputs/generated_code/p20__llama3.3_70b__s3.py,llama/original_outputs/responses/p20__llama3.3_70b__s3_raw.txt,llama/original_outputs/prompts/p20_prompt.txt,0e63651be23b264a8e8c94495c858f4b52ce4413b33007eb69de62a0424606d2,a9411aadebe326649fb51c2ca3bbd4360e0dea8ffdcc4f318e9a39257cd69282
p20__llama3.3_70b__s4,Llama 3.3 70B,20,4,llama/original_outputs/generated_code/p20__llama3.3_70b__s4.py,llama/original_outputs/responses/p20__llama3.3_70b__s4_raw.txt,llama/original_outputs/prompts/p20_prompt.txt,d3ac056da330cd870e8b9ef3a5860580dc99ab0e9c59fd3909f15bc03eb52ccd,c3756ce870e71790589f566fe18179beb38948b07958c1e0395ed8e0dc7e53e2
p20__llama3.3_70b__s5,Llama 3.3 70B,20,5,llama/original_outputs/generated_code/p20__llama3.3_70b__s5.py,llama/original_outputs/responses/p20__llama3.3_70b__s5_raw.txt,llama/original_outputs/prompts/p20_prompt.txt,4ffc88590db0b612e885f49e0728d8b41c20b3136c36c758eb743791e635dbfa,fd607ea483019d45e4c965a88211901fd429ea2ee350fa75f11add6e46202f3c
p20__llama3.3_70b__s6,Llama 3.3 70B,20,6,llama/original_outputs/generated_code/p20__llama3.3_70b__s6.py,llama/original_outputs/responses/p20__llama3.3_70b__s6_raw.txt,llama/original_outputs/prompts/p20_prompt.txt,9cb3cd02f0b72e0f009b04214854a68b04da780a8d8f74f503e6f2d1fe105207,b7d44ccb830e68eee6f317acb8622cc7caf735fd339d28765207a67881f30d89
p20__llama3.3_70b__s7,Llama 3.3 70B,20,7,llama/original_outputs/generated_code/p20__llama3.3_70b__s7.py,llama/original_outputs/responses/p20__llama3.3_70b__s7_raw.txt,llama/original_outputs/prompts/p20_prompt.txt,0e63651be23b264a8e8c94495c858f4b52ce4413b33007eb69de62a0424606d2,a9411aadebe326649fb51c2ca3bbd4360e0dea8ffdcc4f318e9a39257cd69282
p20__llama3.3_70b__s8,Llama 3.3 70B,20,8,llama/original_outputs/generated_code/p20__llama3.3_70b__s8.py,llama/original_outputs/responses/p20__llama3.3_70b__s8_raw.txt,llama/original_outputs/prompts/p20_prompt.txt,169c3e6bda9478f6646c255784495ec71ab145f8f6268e973ed76df1dc53d8d8,c05903220a7c05121d81f25be62e16abd5fe5883671cfea635d195fdf140617c
p20__llama3.3_70b__s9,Llama 3.3 70B,20,9,llama/original_outputs/generated_code/p20__llama3.3_70b__s9.py,llama/original_outputs/responses/p20__llama3.3_70b__s9_raw.txt,llama/original_outputs/prompts/p20_prompt.txt,0e63651be23b264a8e8c94495c858f4b52ce4413b33007eb69de62a0424606d2,a9411aadebe326649fb51c2ca3bbd4360e0dea8ffdcc4f318e9a39257cd69282
p21__llama3.3_70b__s0,Llama 3.3 70B,21,0,llama/original_outputs/generated_code/p21__llama3.3_70b__s0.py,llama/original_outputs/responses/p21__llama3.3_70b__s0_raw.txt,llama/original_outputs/prompts/p21_prompt.txt,2d795311e1a4ea340c9449e69d760a254819dd23a90e3905b29a699cc292cba0,946afe872303db8e11f70d03943e28bad98c3cb29a86c82a65ab56b91784f5bb
p21__llama3.3_70b__s1,Llama 3.3 70B,21,1,llama/original_outputs/generated_code/p21__llama3.3_70b__s1.py,llama/original_outputs/responses/p21__llama3.3_70b__s1_raw.txt,llama/original_outputs/prompts/p21_prompt.txt,fb6719b7823c54dc8791ef95f5fb74cbf579b6ae93befc49927e421b05ff1d84,919c100a8fc3fbdcb91ea7c3cbad978fae34c53aa4e69f0a51febaf8b15b08e6
p21__llama3.3_70b__s2,Llama 3.3 70B,21,2,llama/original_outputs/generated_code/p21__llama3.3_70b__s2.py,llama/original_outputs/responses/p21__llama3.3_70b__s2_raw.txt,llama/original_outputs/prompts/p21_prompt.txt,30ca637366484b9ae21ff4fb841e34f01b2585bd9a90d4175ddf08b8e973fc40,f508cbb05f6bab42ff023048c1ce4215fbb6c14638df396a2d188381d68df3b9
p21__llama3.3_70b__s3,Llama 3.3 70B,21,3,llama/original_outputs/generated_code/p21__llama3.3_70b__s3.py,llama/original_outputs/responses/p21__llama3.3_70b__s3_raw.txt,llama/original_outputs/prompts/p21_prompt.txt,efec384727be75867101c8ae83935b89c5f79899f95356c08d39801581258427,9d6f23748a59ccb0567a0cd665f942fee847d133f0059245dfcfcfb38b4e5d5f
p21__llama3.3_70b__s4,Llama 3.3 70B,21,4,llama/original_outputs/generated_code/p21__llama3.3_70b__s4.py,llama/original_outputs/responses/p21__llama3.3_70b__s4_raw.txt,llama/original_outputs/prompts/p21_prompt.txt,ed24e744ac650ec9f60db2d9e3b43fba835bf05def54b525ea5e75996cd1047d,f2948b6a352435754ee0bbd7418948759f8453f5b1e74bc3d47cfcecb1362482
p21__llama3.3_70b__s5,Llama 3.3 70B,21,5,llama/original_outputs/generated_code/p21__llama3.3_70b__s5.py,llama/original_outputs/responses/p21__llama3.3_70b__s5_raw.txt,llama/original_outputs/prompts/p21_prompt.txt,e190e8d6d22fd976861a4c3bf4161101e69a101cd54d41f579c09d2c18987a7c,ea357e7f0b5f98569f6a4191e5984e13191644de531a17059a746b4c0ab06957
p21__llama3.3_70b__s6,Llama 3.3 70B,21,6,llama/original_outputs/generated_code/p21__llama3.3_70b__s6.py,llama/original_outputs/responses/p21__llama3.3_70b__s6_raw.txt,llama/original_outputs/prompts/p21_prompt.txt,804b8f788d040de347d67b553dcf2fa9b292be9fadd9788948d035723c415a77,0195215a18dd0d35be1c72b443df8a9a44fecece2335238303740b3b2d2b9b70
p21__llama3.3_70b__s7,Llama 3.3 70B,21,7,llama/original_outputs/generated_code/p21__llama3.3_70b__s7.py,llama/original_outputs/responses/p21__llama3.3_70b__s7_raw.txt,llama/original_outputs/prompts/p21_prompt.txt,fb6719b7823c54dc8791ef95f5fb74cbf579b6ae93befc49927e421b05ff1d84,919c100a8fc3fbdcb91ea7c3cbad978fae34c53aa4e69f0a51febaf8b15b08e6
p21__llama3.3_70b__s8,Llama 3.3 70B,21,8,llama/original_outputs/generated_code/p21__llama3.3_70b__s8.py,llama/original_outputs/responses/p21__llama3.3_70b__s8_raw.txt,llama/original_outputs/prompts/p21_prompt.txt,a09b5ce5dbf97b2709e6b2db16ed8cc294b8d866363311ae3f9a5b858767f036,686aac2a71918bb2aaeef35e019beaecccfa2ba3c9ea5e05c6ddadae0a8dd4b8
p21__llama3.3_70b__s9,Llama 3.3 70B,21,9,llama/original_outputs/generated_code/p21__llama3.3_70b__s9.py,llama/original_outputs/responses/p21__llama3.3_70b__s9_raw.txt,llama/original_outputs/prompts/p21_prompt.txt,bbb55fee4facee2e864f85c8d117d9720ce9aa26aa8b13ad85feb3de7207f8a4,34a68eb00483a39c68cc4dc9681b6f063310ff2f4d1debe44f5f5b3f1f230c06
p22__llama3.3_70b__s0,Llama 3.3 70B,22,0,llama/original_outputs/generated_code/p22__llama3.3_70b__s0.py,llama/original_outputs/responses/p22__llama3.3_70b__s0_raw.txt,llama/original_outputs/prompts/p22_prompt.txt,78c6c29aaaf9e55410d249109de217f2c8c9192e10dcc66d899456e9b4dad181,51cd08a7994015476f6ca436c6975ac6abca9ec3a772328b5cbcf11665c48dad
p22__llama3.3_70b__s1,Llama 3.3 70B,22,1,llama/original_outputs/generated_code/p22__llama3.3_70b__s1.py,llama/original_outputs/responses/p22__llama3.3_70b__s1_raw.txt,llama/original_outputs/prompts/p22_prompt.txt,0c4b393d7099ef2c3b5da53c884d63721e912254853bb678a35aad67f01eeb93,0b0d663f7ab67dd4bd4d2e467aacb54edd9469ec9b0afc63270a14c48053a671
p22__llama3.3_70b__s2,Llama 3.3 70B,22,2,llama/original_outputs/generated_code/p22__llama3.3_70b__s2.py,llama/original_outputs/responses/p22__llama3.3_70b__s2_raw.txt,llama/original_outputs/prompts/p22_prompt.txt,ceb149b81dc6d2b497c62a9d32391c7be065d6345b9f3d0ff82cfb2f8b0aa7f4,1f79e6719dd70185d4773745d04039eed8133eb6c8fe79efff6219e4efcb240c
p22__llama3.3_70b__s3,Llama 3.3 70B,22,3,llama/original_outputs/generated_code/p22__llama3.3_70b__s3.py,llama/original_outputs/responses/p22__llama3.3_70b__s3_raw.txt,llama/original_outputs/prompts/p22_prompt.txt,0210187cdb7c8010396c85dfbbfae7023bb5c29271da0e657a32b7cbb3f809d1,1e4997a9b4217487dd51c3e136b3ddaadc8bbf33916bb30e965c6ca16e81a23b
p22__llama3.3_70b__s4,Llama 3.3 70B,22,4,llama/original_outputs/generated_code/p22__llama3.3_70b__s4.py,llama/original_outputs/responses/p22__llama3.3_70b__s4_raw.txt,llama/original_outputs/prompts/p22_prompt.txt,bd2632e855304e721234b264c095b1aa21ca7fe84cb37f4a4dd7d9b9b59af508,89e46f1506263a415172ba48d09ccefbe39ce5b1984b13499f21191d95113bf6
p22__llama3.3_70b__s5,Llama 3.3 70B,22,5,llama/original_outputs/generated_code/p22__llama3.3_70b__s5.py,llama/original_outputs/responses/p22__llama3.3_70b__s5_raw.txt,llama/original_outputs/prompts/p22_prompt.txt,c36f723ff9b67f49cf375f542f8b72642475a8bce1befc0e4decd239a59ed83f,8024ff33b6517f6e25501e221ba94c2e1d40aa494343e11cf86344465af91113
p22__llama3.3_70b__s6,Llama 3.3 70B,22,6,llama/original_outputs/generated_code/p22__llama3.3_70b__s6.py,llama/original_outputs/responses/p22__llama3.3_70b__s6_raw.txt,llama/original_outputs/prompts/p22_prompt.txt,bbe0052d9426ae6013a578e7f88a7b56d7a889b8c13202cb11c8fd880dfbd69c,a8ff91923db8e02e4b67986a7e1a4a63fce1092cdcb661e007e3ff6c1ba8f52d
p22__llama3.3_70b__s7,Llama 3.3 70B,22,7,llama/original_outputs/generated_code/p22__llama3.3_70b__s7.py,llama/original_outputs/responses/p22__llama3.3_70b__s7_raw.txt,llama/original_outputs/prompts/p22_prompt.txt,08e7a01a3d75c4178bb50a08ad3c6da112fb90e159131135117e652a189b9f81,cec759f4cdfe2a1e4dffd5257e74703b4492dddef2ddfcb31ce6fbf58f931ea6
p22__llama3.3_70b__s8,Llama 3.3 70B,22,8,llama/original_outputs/generated_code/p22__llama3.3_70b__s8.py,llama/original_outputs/responses/p22__llama3.3_70b__s8_raw.txt,llama/original_outputs/prompts/p22_prompt.txt,78c6c29aaaf9e55410d249109de217f2c8c9192e10dcc66d899456e9b4dad181,51cd08a7994015476f6ca436c6975ac6abca9ec3a772328b5cbcf11665c48dad
p22__llama3.3_70b__s9,Llama 3.3 70B,22,9,llama/original_outputs/generated_code/p22__llama3.3_70b__s9.py,llama/original_outputs/responses/p22__llama3.3_70b__s9_raw.txt,llama/original_outputs/prompts/p22_prompt.txt,eefa2e17b71a02cc15b2c2f358bd3fd720a041165a66d0d3e5fe9de763f1cb8a,50be2bdbf2ef2f08fa32f8fce9882dcfe2a38fabfe9f7c036d995da0ae8343a2
p23__llama3.3_70b__s0,Llama 3.3 70B,23,0,llama/original_outputs/generated_code/p23__llama3.3_70b__s0.py,llama/original_outputs/responses/p23__llama3.3_70b__s0_raw.txt,llama/original_outputs/prompts/p23_prompt.txt,b5d7b507005a679f3522c698e5000fd7a0cdf803249e8fde7296afaa46025cb7,32b1f7a01c9f821d1d4ab5a4bde28aa280f73cf24f5fea35e4d9c59a0793326c
p23__llama3.3_70b__s1,Llama 3.3 70B,23,1,llama/original_outputs/generated_code/p23__llama3.3_70b__s1.py,llama/original_outputs/responses/p23__llama3.3_70b__s1_raw.txt,llama/original_outputs/prompts/p23_prompt.txt,ef7c462d61bef21a47825242ac7241c7376b8741f107d80e223cdce8ec89a0cb,b27d239c320263ffcdb5d4d0693382bb4e2b158518db845f34a03082ccafc126
p23__llama3.3_70b__s2,Llama 3.3 70B,23,2,llama/original_outputs/generated_code/p23__llama3.3_70b__s2.py,llama/original_outputs/responses/p23__llama3.3_70b__s2_raw.txt,llama/original_outputs/prompts/p23_prompt.txt,a8292e989c068960232294ba0de65d9d7656b9a3865f435b2de43c09e812ac48,d531d4c4951b567c7bc60963b0d0e559ea0ff444cd05ba0d1c10c82408422cd6
p23__llama3.3_70b__s3,Llama 3.3 70B,23,3,llama/original_outputs/generated_code/p23__llama3.3_70b__s3.py,llama/original_outputs/responses/p23__llama3.3_70b__s3_raw.txt,llama/original_outputs/prompts/p23_prompt.txt,0fce5fad6d7ac88dc3ddc0aa50f1e317f52decb827010c5181b0b309abfe6c18,c5e448bdae053fde137cc26f01c2e6cb491323619ea6c180f1f9d5a50e655896
p23__llama3.3_70b__s4,Llama 3.3 70B,23,4,llama/original_outputs/generated_code/p23__llama3.3_70b__s4.py,llama/original_outputs/responses/p23__llama3.3_70b__s4_raw.txt,llama/original_outputs/prompts/p23_prompt.txt,f0e6ff60aa413bd59a619bd0bb67ab76e15a4dda72aae6e6652bda57c211f957,699c83b044aa75f3295def9abfd9ac9aa518037c3ea483cd05278907bd4d92dc
p23__llama3.3_70b__s5,Llama 3.3 70B,23,5,llama/original_outputs/generated_code/p23__llama3.3_70b__s5.py,llama/original_outputs/responses/p23__llama3.3_70b__s5_raw.txt,llama/original_outputs/prompts/p23_prompt.txt,792e5139f5b6431adf015b91af945b184e5fe186fa18715e7132a2b3cd69863d,1cc558ca502c0cea8d546fb1d9dd22ab9343c6e4fc26f4852f7a9c5dfa0d682b
p23__llama3.3_70b__s6,Llama 3.3 70B,23,6,llama/original_outputs/generated_code/p23__llama3.3_70b__s6.py,llama/original_outputs/responses/p23__llama3.3_70b__s6_raw.txt,llama/original_outputs/prompts/p23_prompt.txt,b7cd50d08e101a2630b35ffce3b3578a2c092d899eb3323d44ffd3fe480949a1,39a11b02c06ec0563d08120a05c20fe8a784d0368a08c743d59830313e24f4d2
p23__llama3.3_70b__s7,Llama 3.3 70B,23,7,llama/original_outputs/generated_code/p23__llama3.3_70b__s7.py,llama/original_outputs/responses/p23__llama3.3_70b__s7_raw.txt,llama/original_outputs/prompts/p23_prompt.txt,a096df235c0f2d603378edc096aae8fb920f5d1950db02fa91a12dfda9029986,a9c739e8997df1a712d082e69d6aed8da5d4b2d4311903bda1ec34c704ad13fa
p23__llama3.3_70b__s8,Llama 3.3 70B,23,8,llama/original_outputs/generated_code/p23__llama3.3_70b__s8.py,llama/original_outputs/responses/p23__llama3.3_70b__s8_raw.txt,llama/original_outputs/prompts/p23_prompt.txt,10265750c297a60d8f9fb49440410b0e8b1b571d72cbf4c5b1cdc94711b943db,cffdc7b17b9c0bf8bee0b399a328d607084117daa3507e6727e02de2205ff0f2
p23__llama3.3_70b__s9,Llama 3.3 70B,23,9,llama/original_outputs/generated_code/p23__llama3.3_70b__s9.py,llama/original_outputs/responses/p23__llama3.3_70b__s9_raw.txt,llama/original_outputs/prompts/p23_prompt.txt,ea734d955bd535a4595e9ef85127853357d87faf8e9a9ac747a2441250f4eb16,8f86ebbbbf27d6223bf3c4ad955a85ccaab7c4d79e29ae6dc35333e032c34276
p24__llama3.3_70b__s0,Llama 3.3 70B,24,0,llama/original_outputs/generated_code/p24__llama3.3_70b__s0.py,llama/original_outputs/responses/p24__llama3.3_70b__s0_raw.txt,llama/original_outputs/prompts/p24_prompt.txt,533593a7834118fcf1bb39364bd41bb1058f3f8840148454db678c6d6d454849,c01d71d8ed96f38ffd6c0f322bda3773ee5de5097d74ab8dea65f9beee481715
p24__llama3.3_70b__s1,Llama 3.3 70B,24,1,llama/original_outputs/generated_code/p24__llama3.3_70b__s1.py,llama/original_outputs/responses/p24__llama3.3_70b__s1_raw.txt,llama/original_outputs/prompts/p24_prompt.txt,c69485e8e9c69d9366827aafd3f721c732adbdadf82aac363b39921ce43d0f85,02296d66daf4c2b375c764681c7bb2941e3580bff97dc611fbd5e4ca26c6550b
p24__llama3.3_70b__s2,Llama 3.3 70B,24,2,llama/original_outputs/generated_code/p24__llama3.3_70b__s2.py,llama/original_outputs/responses/p24__llama3.3_70b__s2_raw.txt,llama/original_outputs/prompts/p24_prompt.txt,7f85373ac5e241671612e92e9bcb1c27c0292170ee44432d2c232f5523a445fd,c8e45698ab98d12b9b64b2c625afaacf38a04af6b074af108bd7aebb84d56bbf
p24__llama3.3_70b__s3,Llama 3.3 70B,24,3,llama/original_outputs/generated_code/p24__llama3.3_70b__s3.py,llama/original_outputs/responses/p24__llama3.3_70b__s3_raw.txt,llama/original_outputs/prompts/p24_prompt.txt,effc15b5fd73a4a0fa6ae8f08a9326cf9602349192c9cea3aefef8dc08928576,079dabff4553185945ee9abf2dbdd29d25eacd4bc8ea4c7fbc557f4c121d1188
p24__llama3.3_70b__s4,Llama 3.3 70B,24,4,llama/original_outputs/generated_code/p24__llama3.3_70b__s4.py,llama/original_outputs/responses/p24__llama3.3_70b__s4_raw.txt,llama/original_outputs/prompts/p24_prompt.txt,f53bd267f445e3418508752f745f8b848fb5c6e052c801bf2ce2a6a1ffb5153f,33702b37193d9e9b337c2468d88fa7e7d00f30f30cdbbec09389ff4515743697
p24__llama3.3_70b__s5,Llama 3.3 70B,24,5,llama/original_outputs/generated_code/p24__llama3.3_70b__s5.py,llama/original_outputs/responses/p24__llama3.3_70b__s5_raw.txt,llama/original_outputs/prompts/p24_prompt.txt,f2f9c25941af16993a6839811a3ecc0b36019ff89f23927beb498d153940798f,0722fba109a497146e739f957ff30c09a0d6e8ed14541ba94bce8690520476cc
p24__llama3.3_70b__s6,Llama 3.3 70B,24,6,llama/original_outputs/generated_code/p24__llama3.3_70b__s6.py,llama/original_outputs/responses/p24__llama3.3_70b__s6_raw.txt,llama/original_outputs/prompts/p24_prompt.txt,e4f482bb93feef78f73aa8a90295a3dbed9a9208a636890957faf822c5c64d82,cf992b471be43c11ac4fab74526cda82895ea29f91d0fbda9cb55dcc552a6785
p24__llama3.3_70b__s7,Llama 3.3 70B,24,7,llama/original_outputs/generated_code/p24__llama3.3_70b__s7.py,llama/original_outputs/responses/p24__llama3.3_70b__s7_raw.txt,llama/original_outputs/prompts/p24_prompt.txt,be7a99cb2042db51c6a8c79904f33a90fc1184a377c36b3be3b848237e4211b3,b381bc8c58a9156781a35fef4ff8dbfffbab86897b1dcd4b22d7a88d3ce56265
p24__llama3.3_70b__s8,Llama 3.3 70B,24,8,llama/original_outputs/generated_code/p24__llama3.3_70b__s8.py,llama/original_outputs/responses/p24__llama3.3_70b__s8_raw.txt,llama/original_outputs/prompts/p24_prompt.txt,0d7bdbe8926b3196d94493a03296e522b5cbd3e07bd732c8a7aae8bd4f72dd14,2f0a88fc7341b4d2db7d6bc130370bd5752247f62131b39a12c81d534c107602
p24__llama3.3_70b__s9,Llama 3.3 70B,24,9,llama/original_outputs/generated_code/p24__llama3.3_70b__s9.py,llama/original_outputs/responses/p24__llama3.3_70b__s9_raw.txt,llama/original_outputs/prompts/p24_prompt.txt,ade206d9261b1df776235afee491017ee19b019b0316f58634870fd944ea7850,439c091b4d5551dc537ace5846b5e817fadab74a5dfeff36ac1171b3010641f7
p25__llama3.3_70b__s0,Llama 3.3 70B,25,0,llama/original_outputs/generated_code/p25__llama3.3_70b__s0.py,llama/original_outputs/responses/p25__llama3.3_70b__s0_raw.txt,llama/original_outputs/prompts/p25_prompt.txt,88c691bc0d4f0911a73e0b9255e7bc22e2f5a912cf9dadaf959d7474fb785835,d51d78a2fc21637335c2456a911aa7971c8aa92024ccc6c7676415e6d7311886
p25__llama3.3_70b__s1,Llama 3.3 70B,25,1,llama/original_outputs/generated_code/p25__llama3.3_70b__s1.py,llama/original_outputs/responses/p25__llama3.3_70b__s1_raw.txt,llama/original_outputs/prompts/p25_prompt.txt,f447a05d2cff5c7daa2f106a2353f6a2aa19a042a4567fdb3e701db2802476cc,75f12fa46079ac88ef8f0b5abd85a9efa2f16bf6f11fe17e1fd24591452439e9
p25__llama3.3_70b__s2,Llama 3.3 70B,25,2,llama/original_outputs/generated_code/p25__llama3.3_70b__s2.py,llama/original_outputs/responses/p25__llama3.3_70b__s2_raw.txt,llama/original_outputs/prompts/p25_prompt.txt,7e70beab5db2cef03710083ca770056d58d1d76d96bf5f71609adc63c4eae833,d8dc536ef78cbefd33918bf2dc405b4eaeea4a4374e0d711f39df6646aebfded
p25__llama3.3_70b__s3,Llama 3.3 70B,25,3,llama/original_outputs/generated_code/p25__llama3.3_70b__s3.py,llama/original_outputs/responses/p25__llama3.3_70b__s3_raw.txt,llama/original_outputs/prompts/p25_prompt.txt,db7eebbe43fbc31ea40e8ad7631edb57b85b58f527a84ac1f4b062535f2c1356,4b1b6c14e48f6cd1d3658cfc70036896dc874bea438d65c47cf2706e7855b250
p25__llama3.3_70b__s4,Llama 3.3 70B,25,4,llama/original_outputs/generated_code/p25__llama3.3_70b__s4.py,llama/original_outputs/responses/p25__llama3.3_70b__s4_raw.txt,llama/original_outputs/prompts/p25_prompt.txt,c2657fcfb0104e61dc394c11fdb017816bff6964580d45837b5043c506f36916,f941b2d2c36a2567440ea8280fe0d991426741ca5951b3a4dba88d39214cf80a
p25__llama3.3_70b__s5,Llama 3.3 70B,25,5,llama/original_outputs/generated_code/p25__llama3.3_70b__s5.py,llama/original_outputs/responses/p25__llama3.3_70b__s5_raw.txt,llama/original_outputs/prompts/p25_prompt.txt,0a3a52ca1cddf30b8ca6fbb998ac919effa5af22dc99f077d98e2f1386de4f12,5f13dd0cf9999fc0b5c53b582efc1ec6a2fbf111bfa17d46d7cb47d7b30e8d60
p25__llama3.3_70b__s6,Llama 3.3 70B,25,6,llama/original_outputs/generated_code/p25__llama3.3_70b__s6.py,llama/original_outputs/responses/p25__llama3.3_70b__s6_raw.txt,llama/original_outputs/prompts/p25_prompt.txt,fc435193838c3248885fc8c3c73aa85db800e5ab7389630d9e96a5a3931bc7d9,a724c6a99b8aed7376006f031b46ea2d1facbaa8e28f90f068f0f3edc1a4415d
p25__llama3.3_70b__s7,Llama 3.3 70B,25,7,llama/original_outputs/generated_code/p25__llama3.3_70b__s7.py,llama/original_outputs/responses/p25__llama3.3_70b__s7_raw.txt,llama/original_outputs/prompts/p25_prompt.txt,39fa3ff8da1ad7572c2597503a9eb4894a93c927bf9c06491a37dfe5974137c7,d7fbb0248bbdad2c2a76f5419642641738baa9fbbf5f8fa8de12725604ea538c
p25__llama3.3_70b__s8,Llama 3.3 70B,25,8,llama/original_outputs/generated_code/p25__llama3.3_70b__s8.py,llama/original_outputs/responses/p25__llama3.3_70b__s8_raw.txt,llama/original_outputs/prompts/p25_prompt.txt,dbde95eb45262ea81f2e20d8bc8381ff00d2b988bc597c0e98cb2c9adf41b8fc,247dae6552269a94827a89c40aab65ad514dc4fe4423365a9a63b8d1afe56c1e
p25__llama3.3_70b__s9,Llama 3.3 70B,25,9,llama/original_outputs/generated_code/p25__llama3.3_70b__s9.py,llama/original_outputs/responses/p25__llama3.3_70b__s9_raw.txt,llama/original_outputs/prompts/p25_prompt.txt,58e4a9aa39dc0d63d5bebb806839db6e82b75baa6272871cb9da35eb6cb93c87,4a531b2bf3f2572308077daa9564db6ed2795e4492295bdaf549c8b028e23958
p26__llama3.3_70b__s0,Llama 3.3 70B,26,0,llama/original_outputs/generated_code/p26__llama3.3_70b__s0.py,llama/original_outputs/responses/p26__llama3.3_70b__s0_raw.txt,llama/original_outputs/prompts/p26_prompt.txt,031868f29bab8788e4ffc074104a0ba592d890c99460104e8d4f962632751b55,dbb8a3703226afaabe5a1294eb147858d5f1828d8d1fee6a0eb68a4a564ca0f6
p26__llama3.3_70b__s1,Llama 3.3 70B,26,1,llama/original_outputs/generated_code/p26__llama3.3_70b__s1.py,llama/original_outputs/responses/p26__llama3.3_70b__s1_raw.txt,llama/original_outputs/prompts/p26_prompt.txt,5b98bb458c5bf2509441651539c73a87ede07f9b880f50f1b4237c430a873f03,dfaac5eb68633059fb749166f0819ba6dd44104f0901a838b8f3bdccc301506b
p26__llama3.3_70b__s2,Llama 3.3 70B,26,2,llama/original_outputs/generated_code/p26__llama3.3_70b__s2.py,llama/original_outputs/responses/p26__llama3.3_70b__s2_raw.txt,llama/original_outputs/prompts/p26_prompt.txt,027153906156bf58e8f8aa533c853db1972a2b19f4147dc9284a3457ed39eed1,b49c940cbbaf268e3a68ac40d3eda8544b6519e12ca4737fe43a75edfd63cf44
p26__llama3.3_70b__s3,Llama 3.3 70B,26,3,llama/original_outputs/generated_code/p26__llama3.3_70b__s3.py,llama/original_outputs/responses/p26__llama3.3_70b__s3_raw.txt,llama/original_outputs/prompts/p26_prompt.txt,778317150e37c0ca6c8d9340cc551e167385abe18cf7ac41792ee5ff181f14db,f9f59a61338d0275bc6f090d1b87c068912510d3063d05b21da4ae871c0f7309
p26__llama3.3_70b__s4,Llama 3.3 70B,26,4,llama/original_outputs/generated_code/p26__llama3.3_70b__s4.py,llama/original_outputs/responses/p26__llama3.3_70b__s4_raw.txt,llama/original_outputs/prompts/p26_prompt.txt,3a8c528f2415ba8595f7a73a18506774a56b58dafdeb8bc233236705d10b2e3d,3a11e56399e8c74c11134c6bd0a5053a5ace8438fce318b4372c082ab69fc0c9
p26__llama3.3_70b__s5,Llama 3.3 70B,26,5,llama/original_outputs/generated_code/p26__llama3.3_70b__s5.py,llama/original_outputs/responses/p26__llama3.3_70b__s5_raw.txt,llama/original_outputs/prompts/p26_prompt.txt,778317150e37c0ca6c8d9340cc551e167385abe18cf7ac41792ee5ff181f14db,f9f59a61338d0275bc6f090d1b87c068912510d3063d05b21da4ae871c0f7309
p26__llama3.3_70b__s6,Llama 3.3 70B,26,6,llama/original_outputs/generated_code/p26__llama3.3_70b__s6.py,llama/original_outputs/responses/p26__llama3.3_70b__s6_raw.txt,llama/original_outputs/prompts/p26_prompt.txt,3a8c528f2415ba8595f7a73a18506774a56b58dafdeb8bc233236705d10b2e3d,3a11e56399e8c74c11134c6bd0a5053a5ace8438fce318b4372c082ab69fc0c9
p26__llama3.3_70b__s7,Llama 3.3 70B,26,7,llama/original_outputs/generated_code/p26__llama3.3_70b__s7.py,llama/original_outputs/responses/p26__llama3.3_70b__s7_raw.txt,llama/original_outputs/prompts/p26_prompt.txt,fa3d13a1a8fdc21a6b115e94876b08feb1c557e02cb52ffa0b217e77dcf1cebf,ca2686c51b6f259597049affb19b2f4a690453e40b5392e983e3b3b9205f1246
p26__llama3.3_70b__s8,Llama 3.3 70B,26,8,llama/original_outputs/generated_code/p26__llama3.3_70b__s8.py,llama/original_outputs/responses/p26__llama3.3_70b__s8_raw.txt,llama/original_outputs/prompts/p26_prompt.txt,c576724d375d597cc1091bf9154b59c7af5f30f0229ff54d0a47510e10c69856,dc35236617f16c061a1e941691af77780b0528f4e59a4e3292c0c0cf94c7ca31
p26__llama3.3_70b__s9,Llama 3.3 70B,26,9,llama/original_outputs/generated_code/p26__llama3.3_70b__s9.py,llama/original_outputs/responses/p26__llama3.3_70b__s9_raw.txt,llama/original_outputs/prompts/p26_prompt.txt,5b98bb458c5bf2509441651539c73a87ede07f9b880f50f1b4237c430a873f03,dfaac5eb68633059fb749166f0819ba6dd44104f0901a838b8f3bdccc301506b
p27__llama3.3_70b__s0,Llama 3.3 70B,27,0,llama/original_outputs/generated_code/p27__llama3.3_70b__s0.py,llama/original_outputs/responses/p27__llama3.3_70b__s0_raw.txt,llama/original_outputs/prompts/p27_prompt.txt,6cc20f6ae9dd3e9469815ab024114c8075bcd3238b5d05fc44b1184d51ecdb8d,73bc8dbecf0892ccb15d32dcd43140884e7ed10ce76d46f8e138b495c996e31a
p27__llama3.3_70b__s1,Llama 3.3 70B,27,1,llama/original_outputs/generated_code/p27__llama3.3_70b__s1.py,llama/original_outputs/responses/p27__llama3.3_70b__s1_raw.txt,llama/original_outputs/prompts/p27_prompt.txt,640e9b317614daa99327b79935b166a3edfd774ab38684cab2cb3c349d9b62b2,d59abce8150f101179cf85d1c8381b7fbdb175b7fa2046b3b28e0494e3ef054d
p27__llama3.3_70b__s2,Llama 3.3 70B,27,2,llama/original_outputs/generated_code/p27__llama3.3_70b__s2.py,llama/original_outputs/responses/p27__llama3.3_70b__s2_raw.txt,llama/original_outputs/prompts/p27_prompt.txt,cc35e5ef5d20ee0353417dd1f56ef8886022d8cb7006acaa3ec0786426f36af3,4ae2192ff2b059d0a9e2a34db53358234f805ea2be078fd424e13709a5be4270
p27__llama3.3_70b__s3,Llama 3.3 70B,27,3,llama/original_outputs/generated_code/p27__llama3.3_70b__s3.py,llama/original_outputs/responses/p27__llama3.3_70b__s3_raw.txt,llama/original_outputs/prompts/p27_prompt.txt,5be252fedbc14833ffa88fc1da97e5a5e4b0db6dca8727b7e1c7b9cd4fb3302d,22186e6a7d19faa3e5d099fa198fd8eafb73814bc94b8be9ba10f3b6eaa6356a
p27__llama3.3_70b__s4,Llama 3.3 70B,27,4,llama/original_outputs/generated_code/p27__llama3.3_70b__s4.py,llama/original_outputs/responses/p27__llama3.3_70b__s4_raw.txt,llama/original_outputs/prompts/p27_prompt.txt,b360c1265639308925a80c91594378f45cd4e2f53c972f59f372d9777af44c0f,fac33a17bee1aae98363fba991e931b5a0cd22e5f78e4f2f6afd817f2316bfd4
p27__llama3.3_70b__s5,Llama 3.3 70B,27,5,llama/original_outputs/generated_code/p27__llama3.3_70b__s5.py,llama/original_outputs/responses/p27__llama3.3_70b__s5_raw.txt,llama/original_outputs/prompts/p27_prompt.txt,f8bb484eb7c4d9292bb374f060222382672075c2807eaa9c56888e5dc215bb28,19249418ab3301a38c75010863197b4cc9f79f87697403b4d2f0bfd3fa825a5c
p27__llama3.3_70b__s6,Llama 3.3 70B,27,6,llama/original_outputs/generated_code/p27__llama3.3_70b__s6.py,llama/original_outputs/responses/p27__llama3.3_70b__s6_raw.txt,llama/original_outputs/prompts/p27_prompt.txt,fe1aba92c7afc65d8ed4f08f5d386ce398fc90b6cdd328a599736698b714766c,f9b8f7fb056a033128c4efa963976c530b3f636d6315ea3e57551bcb8480fb85
p27__llama3.3_70b__s7,Llama 3.3 70B,27,7,llama/original_outputs/generated_code/p27__llama3.3_70b__s7.py,llama/original_outputs/responses/p27__llama3.3_70b__s7_raw.txt,llama/original_outputs/prompts/p27_prompt.txt,80057dff09df50a91fc2833eb80228c0dd4406ee159fc8cff8e61f0d3b45d0b5,bc264ef3515d0b1fdb161fa4bc14ef47bf0760fec6fc07830955088a3c10c5b2
p27__llama3.3_70b__s8,Llama 3.3 70B,27,8,llama/original_outputs/generated_code/p27__llama3.3_70b__s8.py,llama/original_outputs/responses/p27__llama3.3_70b__s8_raw.txt,llama/original_outputs/prompts/p27_prompt.txt,820fce32b14eacd5426baa758ade22aaaa321f993c77011f21d5eddcd9fa237d,b815041605d0120f27ea7767959382e31e4bda00cd3ca0f19fa18a6ffc6f3445
p27__llama3.3_70b__s9,Llama 3.3 70B,27,9,llama/original_outputs/generated_code/p27__llama3.3_70b__s9.py,llama/original_outputs/responses/p27__llama3.3_70b__s9_raw.txt,llama/original_outputs/prompts/p27_prompt.txt,91dce09d3190df08afc1f45223d71ccad340c331bf4e06072306085802b8d5c9,c3bf4c042f25212a0027467e769eaf929d0163212cfeb797fe98f85901629e91
p28__llama3.3_70b__s0,Llama 3.3 70B,28,0,llama/original_outputs/generated_code/p28__llama3.3_70b__s0.py,llama/original_outputs/responses/p28__llama3.3_70b__s0_raw.txt,llama/original_outputs/prompts/p28_prompt.txt,5290c909d2fa4d302d00434721a11351ac99d62025dc0d52a5fdbcf935e63dc1,8000f4b8eacd2266ad2cbfa52649d6ae91c3936c9236956e0094ebb8adca8098
p28__llama3.3_70b__s1,Llama 3.3 70B,28,1,llama/original_outputs/generated_code/p28__llama3.3_70b__s1.py,llama/original_outputs/responses/p28__llama3.3_70b__s1_raw.txt,llama/original_outputs/prompts/p28_prompt.txt,3bd6cc6d32d06483a03161b48ffa7973a1f88f66bc12a2ea7a85790f42887e90,a283ca84d1103852608f07024b47ba0acdea64a40f79c1ca85f586e966f571eb
p28__llama3.3_70b__s2,Llama 3.3 70B,28,2,llama/original_outputs/generated_code/p28__llama3.3_70b__s2.py,llama/original_outputs/responses/p28__llama3.3_70b__s2_raw.txt,llama/original_outputs/prompts/p28_prompt.txt,8d63faeb89930d126c26c3f5180f889f8ede01e72a518a441ee3342fce3c4f40,0fb9d3dadd312caf346d3939fc6d456e06061805e6c6dbb59c2d896c57e4e9fa
p28__llama3.3_70b__s3,Llama 3.3 70B,28,3,llama/original_outputs/generated_code/p28__llama3.3_70b__s3.py,llama/original_outputs/responses/p28__llama3.3_70b__s3_raw.txt,llama/original_outputs/prompts/p28_prompt.txt,1702e8c520768dacc2cbc9dcd0d2af2801bc7d0a6539089c1823a3cf7ee2decd,69cf364d836f30f054dbe033f4c2fa757a0d06e4107fa927c8deb1a636cbf19b
p28__llama3.3_70b__s4,Llama 3.3 70B,28,4,llama/original_outputs/generated_code/p28__llama3.3_70b__s4.py,llama/original_outputs/responses/p28__llama3.3_70b__s4_raw.txt,llama/original_outputs/prompts/p28_prompt.txt,ee414498c0d562b35f00b6186764283ff050989bc0d86bb1195c396ba61f35df,c0db596785873bc4507c0181f6fcf8c79f87a8097150860fc45a2257eeeb035a
p28__llama3.3_70b__s5,Llama 3.3 70B,28,5,llama/original_outputs/generated_code/p28__llama3.3_70b__s5.py,llama/original_outputs/responses/p28__llama3.3_70b__s5_raw.txt,llama/original_outputs/prompts/p28_prompt.txt,167d662b91caec079ea3b1ad1c537417a83081c948320c6136326f9a281e1df1,67fb5162c7ddae3df43172aa8ae62298e6d518766c71ade148df0d3d91d2af65
p28__llama3.3_70b__s6,Llama 3.3 70B,28,6,llama/original_outputs/generated_code/p28__llama3.3_70b__s6.py,llama/original_outputs/responses/p28__llama3.3_70b__s6_raw.txt,llama/original_outputs/prompts/p28_prompt.txt,167d662b91caec079ea3b1ad1c537417a83081c948320c6136326f9a281e1df1,67fb5162c7ddae3df43172aa8ae62298e6d518766c71ade148df0d3d91d2af65
p28__llama3.3_70b__s7,Llama 3.3 70B,28,7,llama/original_outputs/generated_code/p28__llama3.3_70b__s7.py,llama/original_outputs/responses/p28__llama3.3_70b__s7_raw.txt,llama/original_outputs/prompts/p28_prompt.txt,82a3bcc73ee622aa8b6fa1a81c63ddeef6376a1486315fc7df99d587b9be45a3,25e3ec9220dbc6a4da537fb1e763cfd33c648fd327df2027549cca7ad222732f
p28__llama3.3_70b__s8,Llama 3.3 70B,28,8,llama/original_outputs/generated_code/p28__llama3.3_70b__s8.py,llama/original_outputs/responses/p28__llama3.3_70b__s8_raw.txt,llama/original_outputs/prompts/p28_prompt.txt,5290c909d2fa4d302d00434721a11351ac99d62025dc0d52a5fdbcf935e63dc1,8000f4b8eacd2266ad2cbfa52649d6ae91c3936c9236956e0094ebb8adca8098
p28__llama3.3_70b__s9,Llama 3.3 70B,28,9,llama/original_outputs/generated_code/p28__llama3.3_70b__s9.py,llama/original_outputs/responses/p28__llama3.3_70b__s9_raw.txt,llama/original_outputs/prompts/p28_prompt.txt,167d662b91caec079ea3b1ad1c537417a83081c948320c6136326f9a281e1df1,67fb5162c7ddae3df43172aa8ae62298e6d518766c71ade148df0d3d91d2af65
p29__llama3.3_70b__s0,Llama 3.3 70B,29,0,llama/original_outputs/generated_code/p29__llama3.3_70b__s0.py,llama/original_outputs/responses/p29__llama3.3_70b__s0_raw.txt,llama/original_outputs/prompts/p29_prompt.txt,1b930a2436e13a21601bfe33fcf9c7231276b25521f49dd17d72d91e19d163f2,23e73d11f9cac87740d2393e401da0b5253977f9f90a82686a1982a227ebb130
p29__llama3.3_70b__s1,Llama 3.3 70B,29,1,llama/original_outputs/generated_code/p29__llama3.3_70b__s1.py,llama/original_outputs/responses/p29__llama3.3_70b__s1_raw.txt,llama/original_outputs/prompts/p29_prompt.txt,847d89bb7005d41e2504b5c232a5b0f8fbad571b706454ffa2a3ef15adaca18d,0a5c3d274a250efda804180479f27038766ef6fd4a33ffc524eab1e9119682df
p29__llama3.3_70b__s2,Llama 3.3 70B,29,2,llama/original_outputs/generated_code/p29__llama3.3_70b__s2.py,llama/original_outputs/responses/p29__llama3.3_70b__s2_raw.txt,llama/original_outputs/prompts/p29_prompt.txt,148b3ace626047e43202816e9c0743cf4161f46c968691686c58534de1795302,415b8ad02fafbf57af5733adca00f20986cf2a1cbad69ad486567a85c63296a7
p29__llama3.3_70b__s3,Llama 3.3 70B,29,3,llama/original_outputs/generated_code/p29__llama3.3_70b__s3.py,llama/original_outputs/responses/p29__llama3.3_70b__s3_raw.txt,llama/original_outputs/prompts/p29_prompt.txt,aa406d8f5403974e4be5e1e94e103f5f75e7226a857ac1d26b8c5365f9d6b0fd,0666b45a029432c000a08f26087a5c4603abb3d866f7771c938c223bc816e2da
p29__llama3.3_70b__s4,Llama 3.3 70B,29,4,llama/original_outputs/generated_code/p29__llama3.3_70b__s4.py,llama/original_outputs/responses/p29__llama3.3_70b__s4_raw.txt,llama/original_outputs/prompts/p29_prompt.txt,c863921b66d7b90662ee1a392165e8399ad1e7c4019c9f1dc955b566da759740,07b7c1214fdc6e65326c7ecb639675a2613eb977870cb942840e79465bd296f2
p29__llama3.3_70b__s5,Llama 3.3 70B,29,5,llama/original_outputs/generated_code/p29__llama3.3_70b__s5.py,llama/original_outputs/responses/p29__llama3.3_70b__s5_raw.txt,llama/original_outputs/prompts/p29_prompt.txt,4ef1e6ac9b9e2b5990e861c6750a9218fba6e649705d639d542df5c81f3ead29,d390fcc05fc3a7c70387bfacbdf4eab164b35711d28b12670fe39530b2e1b2d5
p29__llama3.3_70b__s6,Llama 3.3 70B,29,6,llama/original_outputs/generated_code/p29__llama3.3_70b__s6.py,llama/original_outputs/responses/p29__llama3.3_70b__s6_raw.txt,llama/original_outputs/prompts/p29_prompt.txt,962fa3d190546e0d58494bea156ae82dced445920a2d80fa47eb573fe91e56a7,d8f07f800555b9a6b74cc09968f8e8c95c3ff7b39f9e0d825fc423a583d4450b
p29__llama3.3_70b__s7,Llama 3.3 70B,29,7,llama/original_outputs/generated_code/p29__llama3.3_70b__s7.py,llama/original_outputs/responses/p29__llama3.3_70b__s7_raw.txt,llama/original_outputs/prompts/p29_prompt.txt,6200853bf94bd7551e43912384b2616d3b1e50053803a2b1bf8d81da3d4d750a,d7c07f7191c668b1afc3d53f5bab7db71a739805a3756f40b82dc77e28b8fd73
p29__llama3.3_70b__s8,Llama 3.3 70B,29,8,llama/original_outputs/generated_code/p29__llama3.3_70b__s8.py,llama/original_outputs/responses/p29__llama3.3_70b__s8_raw.txt,llama/original_outputs/prompts/p29_prompt.txt,768e0c3f239bd355fba6307c0987bd9f8d49a2b0fac69998da42be3d180f66f2,37a3fc532ec094395d9113547ac126075945dadfa3980eb71346faa41c29130e
p29__llama3.3_70b__s9,Llama 3.3 70B,29,9,llama/original_outputs/generated_code/p29__llama3.3_70b__s9.py,llama/original_outputs/responses/p29__llama3.3_70b__s9_raw.txt,llama/original_outputs/prompts/p29_prompt.txt,62840658c286265c5d284769aa302d98f4a748466b6ee04c84327f52bede6e73,9d225026cd9d56ad70907ed868188c4be467ddd954b72dc1b6e23dd93bf09102
p30__llama3.3_70b__s0,Llama 3.3 70B,30,0,llama/original_outputs/generated_code/p30__llama3.3_70b__s0.py,llama/original_outputs/responses/p30__llama3.3_70b__s0_raw.txt,llama/original_outputs/prompts/p30_prompt.txt,38aa209721a459ca3a0ae397c51562ca308a385e4ccc6fb84eba94f7ffddd5de,284dd87479231d631155421152e70c7debddc538a9879ea1af5670adb578ecce
p30__llama3.3_70b__s1,Llama 3.3 70B,30,1,llama/original_outputs/generated_code/p30__llama3.3_70b__s1.py,llama/original_outputs/responses/p30__llama3.3_70b__s1_raw.txt,llama/original_outputs/prompts/p30_prompt.txt,38aa209721a459ca3a0ae397c51562ca308a385e4ccc6fb84eba94f7ffddd5de,284dd87479231d631155421152e70c7debddc538a9879ea1af5670adb578ecce
p30__llama3.3_70b__s2,Llama 3.3 70B,30,2,llama/original_outputs/generated_code/p30__llama3.3_70b__s2.py,llama/original_outputs/responses/p30__llama3.3_70b__s2_raw.txt,llama/original_outputs/prompts/p30_prompt.txt,38aa209721a459ca3a0ae397c51562ca308a385e4ccc6fb84eba94f7ffddd5de,284dd87479231d631155421152e70c7debddc538a9879ea1af5670adb578ecce
p30__llama3.3_70b__s3,Llama 3.3 70B,30,3,llama/original_outputs/generated_code/p30__llama3.3_70b__s3.py,llama/original_outputs/responses/p30__llama3.3_70b__s3_raw.txt,llama/original_outputs/prompts/p30_prompt.txt,4bf8c493527bf8f1b3e4cdc6a97b1f0f3f618a0a9774d4054e923ef5a732cd0f,8c2d25d4ad64bb459646a9b9fe29f139c920ad027b9d5dc9d665d0d1c6e3a651
p30__llama3.3_70b__s4,Llama 3.3 70B,30,4,llama/original_outputs/generated_code/p30__llama3.3_70b__s4.py,llama/original_outputs/responses/p30__llama3.3_70b__s4_raw.txt,llama/original_outputs/prompts/p30_prompt.txt,cff58b3f16385b4193c2409d3579a4054b0af8c282003628f7dac9f42a817b73,f250f6d4bf0dda0abb73bad16a29ba14201d8a66c31a18f90001cc390a27bb46
p30__llama3.3_70b__s5,Llama 3.3 70B,30,5,llama/original_outputs/generated_code/p30__llama3.3_70b__s5.py,llama/original_outputs/responses/p30__llama3.3_70b__s5_raw.txt,llama/original_outputs/prompts/p30_prompt.txt,38aa209721a459ca3a0ae397c51562ca308a385e4ccc6fb84eba94f7ffddd5de,284dd87479231d631155421152e70c7debddc538a9879ea1af5670adb578ecce
p30__llama3.3_70b__s6,Llama 3.3 70B,30,6,llama/original_outputs/generated_code/p30__llama3.3_70b__s6.py,llama/original_outputs/responses/p30__llama3.3_70b__s6_raw.txt,llama/original_outputs/prompts/p30_prompt.txt,cff58b3f16385b4193c2409d3579a4054b0af8c282003628f7dac9f42a817b73,f250f6d4bf0dda0abb73bad16a29ba14201d8a66c31a18f90001cc390a27bb46
p30__llama3.3_70b__s7,Llama 3.3 70B,30,7,llama/original_outputs/generated_code/p30__llama3.3_70b__s7.py,llama/original_outputs/responses/p30__llama3.3_70b__s7_raw.txt,llama/original_outputs/prompts/p30_prompt.txt,14033fc1e80ff7af190b842610866cd11e88679c58cb3083a0a3b5dc897ee11a,c1c824afd264ce41f2515caa78f87a849fb22774214b456e0c74f86bf5a9f90f
p30__llama3.3_70b__s8,Llama 3.3 70B,30,8,llama/original_outputs/generated_code/p30__llama3.3_70b__s8.py,llama/original_outputs/responses/p30__llama3.3_70b__s8_raw.txt,llama/original_outputs/prompts/p30_prompt.txt,6d5d4f8a5d5ff0c70da53321c8014a07cb53c9d1c7b4373c15ef0a5268f1725d,cc974db5a9cc8c6f2e746f59c84d359384dcb21109dddf73236e6a9f44d3b9a4
p30__llama3.3_70b__s9,Llama 3.3 70B,30,9,llama/original_outputs/generated_code/p30__llama3.3_70b__s9.py,llama/original_outputs/responses/p30__llama3.3_70b__s9_raw.txt,llama/original_outputs/prompts/p30_prompt.txt,6d5d4f8a5d5ff0c70da53321c8014a07cb53c9d1c7b4373c15ef0a5268f1725d,cc974db5a9cc8c6f2e746f59c84d359384dcb21109dddf73236e6a9f44d3b9a4
p31__llama3.3_70b__s0,Llama 3.3 70B,31,0,llama/original_outputs/generated_code/p31__llama3.3_70b__s0.py,llama/original_outputs/responses/p31__llama3.3_70b__s0_raw.txt,llama/original_outputs/prompts/p31_prompt.txt,c0eb77c097dacdba01cebdb4ac3dc494f66fb1aac08f5fcbe4ae8c746d24b438,2403c4102668066ca1945570afee039c559b726358a0464e6707591d3db49956
p31__llama3.3_70b__s1,Llama 3.3 70B,31,1,llama/original_outputs/generated_code/p31__llama3.3_70b__s1.py,llama/original_outputs/responses/p31__llama3.3_70b__s1_raw.txt,llama/original_outputs/prompts/p31_prompt.txt,7647a81eace0b0b81513444de7e58f0fe1293afe2647a297b17da4a41bdae229,1ebe16f6c41d0575ded166d9b58c5e7f999092890e771f7dc6092ff275a6352a
p31__llama3.3_70b__s2,Llama 3.3 70B,31,2,llama/original_outputs/generated_code/p31__llama3.3_70b__s2.py,llama/original_outputs/responses/p31__llama3.3_70b__s2_raw.txt,llama/original_outputs/prompts/p31_prompt.txt,edab3cd00f55746ec9cea6efcb6eaed5b4f402b4e89cca51e9d84c83f1845395,40a3498a5d0af00639532cdded8e1e6801bff2ad6a391b9ae0d185cbec2402f6
p31__llama3.3_70b__s3,Llama 3.3 70B,31,3,llama/original_outputs/generated_code/p31__llama3.3_70b__s3.py,llama/original_outputs/responses/p31__llama3.3_70b__s3_raw.txt,llama/original_outputs/prompts/p31_prompt.txt,1d4124d7f6b7744bb0faf92fbba3913a89e0d9ac4b129757d74eff675ab6bc08,4c2f3c87b41f0fcaaf07c2e4e3f2971b4a57325728683a209a69c6b3d7867d95
p31__llama3.3_70b__s4,Llama 3.3 70B,31,4,llama/original_outputs/generated_code/p31__llama3.3_70b__s4.py,llama/original_outputs/responses/p31__llama3.3_70b__s4_raw.txt,llama/original_outputs/prompts/p31_prompt.txt,5c36b71ab0993aeccf364f50bb58030eb8704be490796744174626ee50c59bfe,4b48fc2a7848941f031873532ca36f9f052a15d41f6f4db1c4fec73d72a3517c
p31__llama3.3_70b__s5,Llama 3.3 70B,31,5,llama/original_outputs/generated_code/p31__llama3.3_70b__s5.py,llama/original_outputs/responses/p31__llama3.3_70b__s5_raw.txt,llama/original_outputs/prompts/p31_prompt.txt,914b7444ffd5a0a0027332749e6a9c6070dfdb70039db8bdb2905be5ae9088a8,e3804fbc87852670c7a2836fc3238606dfbc86df437ce58d2655bfd887217878
p31__llama3.3_70b__s6,Llama 3.3 70B,31,6,llama/original_outputs/generated_code/p31__llama3.3_70b__s6.py,llama/original_outputs/responses/p31__llama3.3_70b__s6_raw.txt,llama/original_outputs/prompts/p31_prompt.txt,c0eb77c097dacdba01cebdb4ac3dc494f66fb1aac08f5fcbe4ae8c746d24b438,2403c4102668066ca1945570afee039c559b726358a0464e6707591d3db49956
p31__llama3.3_70b__s7,Llama 3.3 70B,31,7,llama/original_outputs/generated_code/p31__llama3.3_70b__s7.py,llama/original_outputs/responses/p31__llama3.3_70b__s7_raw.txt,llama/original_outputs/prompts/p31_prompt.txt,199068a58c2a7c56093d5fcd4174f5c04a093adbb34e51d99495279ce3826d53,f038a6cd9771f53c750099008987179cf861c8d5aaad2cbee4d39e51fc284fec
p31__llama3.3_70b__s8,Llama 3.3 70B,31,8,llama/original_outputs/generated_code/p31__llama3.3_70b__s8.py,llama/original_outputs/responses/p31__llama3.3_70b__s8_raw.txt,llama/original_outputs/prompts/p31_prompt.txt,0f117b905d279449aff2cfbcb03adadb02f1c0a232a38a5f3779bf0b4589972e,e2e4b01fc2f749dfa8a8a72e8726761b96295e4512b69bcfc4108ad17d00e31a
p31__llama3.3_70b__s9,Llama 3.3 70B,31,9,llama/original_outputs/generated_code/p31__llama3.3_70b__s9.py,llama/original_outputs/responses/p31__llama3.3_70b__s9_raw.txt,llama/original_outputs/prompts/p31_prompt.txt,96cb96c61fb1c7c76c7b15c9ebea071a8e56da5a2469fe8a67590e631dd6c7a2,c2c66cd5bf5cb840037a4bbfdcee4deec7f95276bbd4c51e54e9cbd91156f843
p32__llama3.3_70b__s0,Llama 3.3 70B,32,0,llama/original_outputs/generated_code/p32__llama3.3_70b__s0.py,llama/original_outputs/responses/p32__llama3.3_70b__s0_raw.txt,llama/original_outputs/prompts/p32_prompt.txt,4f0630f56e203ae8532aab3476312694fa9ae403ae626faef68b5f270f665790,4ade1a2e66b1b0d72f00c410ec96e244292e2234f8654073251195a3991d1d92
p32__llama3.3_70b__s1,Llama 3.3 70B,32,1,llama/original_outputs/generated_code/p32__llama3.3_70b__s1.py,llama/original_outputs/responses/p32__llama3.3_70b__s1_raw.txt,llama/original_outputs/prompts/p32_prompt.txt,7c2b1c0bdae79c4faed295e9f7df494a02a0e64e28b439feca5b39391449aaac,89309e6c8f0be3b571b73af9f1bc20a1040f4510113942de8b2a33473ce3afb8
p32__llama3.3_70b__s2,Llama 3.3 70B,32,2,llama/original_outputs/generated_code/p32__llama3.3_70b__s2.py,llama/original_outputs/responses/p32__llama3.3_70b__s2_raw.txt,llama/original_outputs/prompts/p32_prompt.txt,470eb4d4709bae516306a6b67ae9460a8a573d9546d53916b285ba8853140b2c,810fea2c8ada862a1f7ec80c940ba88d6f131de01185ba2c50dfb8b060c2c52b
p32__llama3.3_70b__s3,Llama 3.3 70B,32,3,llama/original_outputs/generated_code/p32__llama3.3_70b__s3.py,llama/original_outputs/responses/p32__llama3.3_70b__s3_raw.txt,llama/original_outputs/prompts/p32_prompt.txt,d56d5658a60b4482e2ab67657ce4d4003df45acce3abb19687ba8c4c7ce8daaf,c9352fae1956deb68fbf551efd6115cc3b5705727353302414dd167ebbad6828
p32__llama3.3_70b__s4,Llama 3.3 70B,32,4,llama/original_outputs/generated_code/p32__llama3.3_70b__s4.py,llama/original_outputs/responses/p32__llama3.3_70b__s4_raw.txt,llama/original_outputs/prompts/p32_prompt.txt,d0cd747ea943395a1e96e627f52dc529cc5dc2c260e868dc2ffa0540617381ec,be39a6987f258141c1b6bdc171c21893d24c6a7f9cc4c41bde14572d4022cd8a
p32__llama3.3_70b__s5,Llama 3.3 70B,32,5,llama/original_outputs/generated_code/p32__llama3.3_70b__s5.py,llama/original_outputs/responses/p32__llama3.3_70b__s5_raw.txt,llama/original_outputs/prompts/p32_prompt.txt,b2d5f590c4ea30c4e7a419aa94a4dea80feac08a9d95471bbe2d960c9d675c80,6e31c609b7dc6cc77f6337ae3b853f02030bdd0f60c71698b1ee0dc927c89065
p32__llama3.3_70b__s6,Llama 3.3 70B,32,6,llama/original_outputs/generated_code/p32__llama3.3_70b__s6.py,llama/original_outputs/responses/p32__llama3.3_70b__s6_raw.txt,llama/original_outputs/prompts/p32_prompt.txt,51a7fd238550edc777feafe2290fbfdb68b0637139cedb01f491a52c0e8a7fb8,f5ba2623fa8375d243ba7f602079720c42b38bcd95b701d78e178c53129cf6bc
p32__llama3.3_70b__s7,Llama 3.3 70B,32,7,llama/original_outputs/generated_code/p32__llama3.3_70b__s7.py,llama/original_outputs/responses/p32__llama3.3_70b__s7_raw.txt,llama/original_outputs/prompts/p32_prompt.txt,62176d885b5af23b718a62f9f6d6aee8695c2fdab0e26ab2938b8bccf21f661c,18e08ea752d3ad51b2d1569b3ed8443af62c74203b3d9d895ca38eb4605d90bd
p32__llama3.3_70b__s8,Llama 3.3 70B,32,8,llama/original_outputs/generated_code/p32__llama3.3_70b__s8.py,llama/original_outputs/responses/p32__llama3.3_70b__s8_raw.txt,llama/original_outputs/prompts/p32_prompt.txt,440bb4782f93f9e76cd6587ca8ead4d3e3faf0c68febea2591b9bf8f1eb1d7bc,daacbad5e34886828c943796af6f71cfc23f1983318ba19a08283ac351349aa7
p32__llama3.3_70b__s9,Llama 3.3 70B,32,9,llama/original_outputs/generated_code/p32__llama3.3_70b__s9.py,llama/original_outputs/responses/p32__llama3.3_70b__s9_raw.txt,llama/original_outputs/prompts/p32_prompt.txt,51586e4a8fedac927d42679e49f7ff3f8b11d5cc335a5dc1794babba47fc83b8,0205e9d87f85530290ec67750b669536df1cb2c8f62f1291eb6022edebbb5d40
p33__llama3.3_70b__s0,Llama 3.3 70B,33,0,llama/original_outputs/generated_code/p33__llama3.3_70b__s0.py,llama/original_outputs/responses/p33__llama3.3_70b__s0_raw.txt,llama/original_outputs/prompts/p33_prompt.txt,7429d49e8ce13c471e904cad3789bdb991d2c666525d40fc1ea3e22bc974afb0,fb48abdd5dd060f1b16bb95c9bb99d6f51bddc9a1e15d71c1ff9717ae3b91d2a
p33__llama3.3_70b__s1,Llama 3.3 70B,33,1,llama/original_outputs/generated_code/p33__llama3.3_70b__s1.py,llama/original_outputs/responses/p33__llama3.3_70b__s1_raw.txt,llama/original_outputs/prompts/p33_prompt.txt,f430168d2a85f6b8a0458310d77f098ab7e3339c11bc45f0249b6fae514c9dec,ad629319453af283af275bda89b79ad6e0c620bf8b29e8da06daa19ffeab39b8
p33__llama3.3_70b__s2,Llama 3.3 70B,33,2,llama/original_outputs/generated_code/p33__llama3.3_70b__s2.py,llama/original_outputs/responses/p33__llama3.3_70b__s2_raw.txt,llama/original_outputs/prompts/p33_prompt.txt,f430168d2a85f6b8a0458310d77f098ab7e3339c11bc45f0249b6fae514c9dec,ad629319453af283af275bda89b79ad6e0c620bf8b29e8da06daa19ffeab39b8
p33__llama3.3_70b__s3,Llama 3.3 70B,33,3,llama/original_outputs/generated_code/p33__llama3.3_70b__s3.py,llama/original_outputs/responses/p33__llama3.3_70b__s3_raw.txt,llama/original_outputs/prompts/p33_prompt.txt,a929eff21913d3e81124a493078709318b34f218c97ebecbeab50db1646e2909,312feecf8ec4fcbf583785677d67345fc1f2b609cf065131a71d96a77e147bf3
p33__llama3.3_70b__s4,Llama 3.3 70B,33,4,llama/original_outputs/generated_code/p33__llama3.3_70b__s4.py,llama/original_outputs/responses/p33__llama3.3_70b__s4_raw.txt,llama/original_outputs/prompts/p33_prompt.txt,f430168d2a85f6b8a0458310d77f098ab7e3339c11bc45f0249b6fae514c9dec,ad629319453af283af275bda89b79ad6e0c620bf8b29e8da06daa19ffeab39b8
p33__llama3.3_70b__s5,Llama 3.3 70B,33,5,llama/original_outputs/generated_code/p33__llama3.3_70b__s5.py,llama/original_outputs/responses/p33__llama3.3_70b__s5_raw.txt,llama/original_outputs/prompts/p33_prompt.txt,f430168d2a85f6b8a0458310d77f098ab7e3339c11bc45f0249b6fae514c9dec,ad629319453af283af275bda89b79ad6e0c620bf8b29e8da06daa19ffeab39b8
p33__llama3.3_70b__s6,Llama 3.3 70B,33,6,llama/original_outputs/generated_code/p33__llama3.3_70b__s6.py,llama/original_outputs/responses/p33__llama3.3_70b__s6_raw.txt,llama/original_outputs/prompts/p33_prompt.txt,b271d4e3b23ed4a0ed45369133981b668c43bac16a0b06634e3c75f9cf6ebcc0,42cb68550d9845e04e104175d1ae140b1ad91eaed9b13258abb9dd2280fbfc30
p33__llama3.3_70b__s7,Llama 3.3 70B,33,7,llama/original_outputs/generated_code/p33__llama3.3_70b__s7.py,llama/original_outputs/responses/p33__llama3.3_70b__s7_raw.txt,llama/original_outputs/prompts/p33_prompt.txt,f430168d2a85f6b8a0458310d77f098ab7e3339c11bc45f0249b6fae514c9dec,ad629319453af283af275bda89b79ad6e0c620bf8b29e8da06daa19ffeab39b8
p33__llama3.3_70b__s8,Llama 3.3 70B,33,8,llama/original_outputs/generated_code/p33__llama3.3_70b__s8.py,llama/original_outputs/responses/p33__llama3.3_70b__s8_raw.txt,llama/original_outputs/prompts/p33_prompt.txt,f430168d2a85f6b8a0458310d77f098ab7e3339c11bc45f0249b6fae514c9dec,ad629319453af283af275bda89b79ad6e0c620bf8b29e8da06daa19ffeab39b8
p33__llama3.3_70b__s9,Llama 3.3 70B,33,9,llama/original_outputs/generated_code/p33__llama3.3_70b__s9.py,llama/original_outputs/responses/p33__llama3.3_70b__s9_raw.txt,llama/original_outputs/prompts/p33_prompt.txt,f430168d2a85f6b8a0458310d77f098ab7e3339c11bc45f0249b6fae514c9dec,ad629319453af283af275bda89b79ad6e0c620bf8b29e8da06daa19ffeab39b8
p34__llama3.3_70b__s0,Llama 3.3 70B,34,0,llama/original_outputs/generated_code/p34__llama3.3_70b__s0.py,llama/original_outputs/responses/p34__llama3.3_70b__s0_raw.txt,llama/original_outputs/prompts/p34_prompt.txt,9c44af725324cd1f0037900c0f01e42c6ab6e2470b14c0bedb0da2a71f474c91,2f16d898a2c7002989af94b66f80d89e36b4dbab7b13bd5ec8b92cf40f2bb843
p34__llama3.3_70b__s1,Llama 3.3 70B,34,1,llama/original_outputs/generated_code/p34__llama3.3_70b__s1.py,llama/original_outputs/responses/p34__llama3.3_70b__s1_raw.txt,llama/original_outputs/prompts/p34_prompt.txt,9c44af725324cd1f0037900c0f01e42c6ab6e2470b14c0bedb0da2a71f474c91,2f16d898a2c7002989af94b66f80d89e36b4dbab7b13bd5ec8b92cf40f2bb843
p34__llama3.3_70b__s2,Llama 3.3 70B,34,2,llama/original_outputs/generated_code/p34__llama3.3_70b__s2.py,llama/original_outputs/responses/p34__llama3.3_70b__s2_raw.txt,llama/original_outputs/prompts/p34_prompt.txt,87a5f888cbda1d44de5b07c9d094a931b1317d64e4bd6448560e3fb6082375da,55e3f2b11bdf2ed7eae47a8c1ec09a332db4a055193f6655559db8102f3ab98f
p34__llama3.3_70b__s3,Llama 3.3 70B,34,3,llama/original_outputs/generated_code/p34__llama3.3_70b__s3.py,llama/original_outputs/responses/p34__llama3.3_70b__s3_raw.txt,llama/original_outputs/prompts/p34_prompt.txt,87a5f888cbda1d44de5b07c9d094a931b1317d64e4bd6448560e3fb6082375da,55e3f2b11bdf2ed7eae47a8c1ec09a332db4a055193f6655559db8102f3ab98f
p34__llama3.3_70b__s4,Llama 3.3 70B,34,4,llama/original_outputs/generated_code/p34__llama3.3_70b__s4.py,llama/original_outputs/responses/p34__llama3.3_70b__s4_raw.txt,llama/original_outputs/prompts/p34_prompt.txt,9c44af725324cd1f0037900c0f01e42c6ab6e2470b14c0bedb0da2a71f474c91,2f16d898a2c7002989af94b66f80d89e36b4dbab7b13bd5ec8b92cf40f2bb843
p34__llama3.3_70b__s5,Llama 3.3 70B,34,5,llama/original_outputs/generated_code/p34__llama3.3_70b__s5.py,llama/original_outputs/responses/p34__llama3.3_70b__s5_raw.txt,llama/original_outputs/prompts/p34_prompt.txt,672fae94ab784f094b01a8cca240a7ff5ac0c73c69e5139083ed85d0ea4eea9f,845381624a681cdbeabe053f4637b1dc80886db1270ae945b4c6e8ce2ec24f07
p34__llama3.3_70b__s6,Llama 3.3 70B,34,6,llama/original_outputs/generated_code/p34__llama3.3_70b__s6.py,llama/original_outputs/responses/p34__llama3.3_70b__s6_raw.txt,llama/original_outputs/prompts/p34_prompt.txt,87a5f888cbda1d44de5b07c9d094a931b1317d64e4bd6448560e3fb6082375da,55e3f2b11bdf2ed7eae47a8c1ec09a332db4a055193f6655559db8102f3ab98f
p34__llama3.3_70b__s7,Llama 3.3 70B,34,7,llama/original_outputs/generated_code/p34__llama3.3_70b__s7.py,llama/original_outputs/responses/p34__llama3.3_70b__s7_raw.txt,llama/original_outputs/prompts/p34_prompt.txt,87a5f888cbda1d44de5b07c9d094a931b1317d64e4bd6448560e3fb6082375da,55e3f2b11bdf2ed7eae47a8c1ec09a332db4a055193f6655559db8102f3ab98f
p34__llama3.3_70b__s8,Llama 3.3 70B,34,8,llama/original_outputs/generated_code/p34__llama3.3_70b__s8.py,llama/original_outputs/responses/p34__llama3.3_70b__s8_raw.txt,llama/original_outputs/prompts/p34_prompt.txt,8f8fcaec8db3f932cb2ac211e96c6b8a2219bd5ce550a82a62995acd20abbb6e,b22e00aea45c5bfa20e096e0da3316f5e1857f2b0352cee363ee6b6cac31fc64
p34__llama3.3_70b__s9,Llama 3.3 70B,34,9,llama/original_outputs/generated_code/p34__llama3.3_70b__s9.py,llama/original_outputs/responses/p34__llama3.3_70b__s9_raw.txt,llama/original_outputs/prompts/p34_prompt.txt,757f22becb460dc821e926dfeb8c9a66a7f7ac37bf6bd151f8737978188efac4,505ea9ec036b105e3a6c71ad26dd03d1db3dd12747d53290b6b373e6f79a4f5c
p35__llama3.3_70b__s0,Llama 3.3 70B,35,0,llama/original_outputs/generated_code/p35__llama3.3_70b__s0.py,llama/original_outputs/responses/p35__llama3.3_70b__s0_raw.txt,llama/original_outputs/prompts/p35_prompt.txt,a04e6cf0c42d18d0da52ccb769be3b89d8bcf557f89252452facbc18eefb2115,67a89013a690259f55b3b26f294b4bc264fb9f48ba1361c2483401cdb2411f47
p35__llama3.3_70b__s1,Llama 3.3 70B,35,1,llama/original_outputs/generated_code/p35__llama3.3_70b__s1.py,llama/original_outputs/responses/p35__llama3.3_70b__s1_raw.txt,llama/original_outputs/prompts/p35_prompt.txt,a04e6cf0c42d18d0da52ccb769be3b89d8bcf557f89252452facbc18eefb2115,67a89013a690259f55b3b26f294b4bc264fb9f48ba1361c2483401cdb2411f47
p35__llama3.3_70b__s2,Llama 3.3 70B,35,2,llama/original_outputs/generated_code/p35__llama3.3_70b__s2.py,llama/original_outputs/responses/p35__llama3.3_70b__s2_raw.txt,llama/original_outputs/prompts/p35_prompt.txt,a04e6cf0c42d18d0da52ccb769be3b89d8bcf557f89252452facbc18eefb2115,67a89013a690259f55b3b26f294b4bc264fb9f48ba1361c2483401cdb2411f47
p35__llama3.3_70b__s3,Llama 3.3 70B,35,3,llama/original_outputs/generated_code/p35__llama3.3_70b__s3.py,llama/original_outputs/responses/p35__llama3.3_70b__s3_raw.txt,llama/original_outputs/prompts/p35_prompt.txt,a04e6cf0c42d18d0da52ccb769be3b89d8bcf557f89252452facbc18eefb2115,67a89013a690259f55b3b26f294b4bc264fb9f48ba1361c2483401cdb2411f47
p35__llama3.3_70b__s4,Llama 3.3 70B,35,4,llama/original_outputs/generated_code/p35__llama3.3_70b__s4.py,llama/original_outputs/responses/p35__llama3.3_70b__s4_raw.txt,llama/original_outputs/prompts/p35_prompt.txt,a04e6cf0c42d18d0da52ccb769be3b89d8bcf557f89252452facbc18eefb2115,67a89013a690259f55b3b26f294b4bc264fb9f48ba1361c2483401cdb2411f47
p35__llama3.3_70b__s5,Llama 3.3 70B,35,5,llama/original_outputs/generated_code/p35__llama3.3_70b__s5.py,llama/original_outputs/responses/p35__llama3.3_70b__s5_raw.txt,llama/original_outputs/prompts/p35_prompt.txt,a04e6cf0c42d18d0da52ccb769be3b89d8bcf557f89252452facbc18eefb2115,67a89013a690259f55b3b26f294b4bc264fb9f48ba1361c2483401cdb2411f47
p35__llama3.3_70b__s6,Llama 3.3 70B,35,6,llama/original_outputs/generated_code/p35__llama3.3_70b__s6.py,llama/original_outputs/responses/p35__llama3.3_70b__s6_raw.txt,llama/original_outputs/prompts/p35_prompt.txt,a4ac8d209108fc14e78e993d9e70b28ede2e2f3f7b3459f11fe211331bb80f03,f592f3e5254ce1446ff4527dbb5301a1e615bd86d44e2d328706d126df6e5f98
p35__llama3.3_70b__s7,Llama 3.3 70B,35,7,llama/original_outputs/generated_code/p35__llama3.3_70b__s7.py,llama/original_outputs/responses/p35__llama3.3_70b__s7_raw.txt,llama/original_outputs/prompts/p35_prompt.txt,a04e6cf0c42d18d0da52ccb769be3b89d8bcf557f89252452facbc18eefb2115,67a89013a690259f55b3b26f294b4bc264fb9f48ba1361c2483401cdb2411f47
p35__llama3.3_70b__s8,Llama 3.3 70B,35,8,llama/original_outputs/generated_code/p35__llama3.3_70b__s8.py,llama/original_outputs/responses/p35__llama3.3_70b__s8_raw.txt,llama/original_outputs/prompts/p35_prompt.txt,a04e6cf0c42d18d0da52ccb769be3b89d8bcf557f89252452facbc18eefb2115,67a89013a690259f55b3b26f294b4bc264fb9f48ba1361c2483401cdb2411f47
p35__llama3.3_70b__s9,Llama 3.3 70B,35,9,llama/original_outputs/generated_code/p35__llama3.3_70b__s9.py,llama/original_outputs/responses/p35__llama3.3_70b__s9_raw.txt,llama/original_outputs/prompts/p35_prompt.txt,a04e6cf0c42d18d0da52ccb769be3b89d8bcf557f89252452facbc18eefb2115,67a89013a690259f55b3b26f294b4bc264fb9f48ba1361c2483401cdb2411f47
p36__llama3.3_70b__s0,Llama 3.3 70B,36,0,llama/original_outputs/generated_code/p36__llama3.3_70b__s0.py,llama/original_outputs/responses/p36__llama3.3_70b__s0_raw.txt,llama/original_outputs/prompts/p36_prompt.txt,8c980d9a690bc1913721dff727c72df4a894a3f45cb270d7c3b3862789235041,1fd79f07edd625d5db40f65528bc05336519dcaa246b1efe8421b8067a8757b3
p36__llama3.3_70b__s1,Llama 3.3 70B,36,1,llama/original_outputs/generated_code/p36__llama3.3_70b__s1.py,llama/original_outputs/responses/p36__llama3.3_70b__s1_raw.txt,llama/original_outputs/prompts/p36_prompt.txt,f7b97c79d12c9c3521ee8d8c6daa5453b2aa85c9005cabcf60d99fac700dc124,890b3cbb41a3df9d96884dbb98b14f4ed9c19da9598b7e9bd309f266ff8f5bdd
p36__llama3.3_70b__s2,Llama 3.3 70B,36,2,llama/original_outputs/generated_code/p36__llama3.3_70b__s2.py,llama/original_outputs/responses/p36__llama3.3_70b__s2_raw.txt,llama/original_outputs/prompts/p36_prompt.txt,448118c13ca55177da7eedb1cc7cf9dc2fa4538014c2195645e31952d9e48ff7,db59ab499d44bdb80a1f3c634d332ef44b37d1b81e7345fee692936126431304
p36__llama3.3_70b__s3,Llama 3.3 70B,36,3,llama/original_outputs/generated_code/p36__llama3.3_70b__s3.py,llama/original_outputs/responses/p36__llama3.3_70b__s3_raw.txt,llama/original_outputs/prompts/p36_prompt.txt,cd0aa5d1605c36315d9592070304339ba28bb433118585f67fcfc41638285cbf,da1c24a0a8e2f4139a0e6d8b652a65880288c75228517c2a6394583812ca7945
p36__llama3.3_70b__s4,Llama 3.3 70B,36,4,llama/original_outputs/generated_code/p36__llama3.3_70b__s4.py,llama/original_outputs/responses/p36__llama3.3_70b__s4_raw.txt,llama/original_outputs/prompts/p36_prompt.txt,a956ea8e153e43452da33c429e9accb52e2aef7f3aeab035f17c763da912b392,3a0d78308f9f1c4649a73bc2d53ffd58353125cfc3e8083e8a0c57056ff98615
p36__llama3.3_70b__s5,Llama 3.3 70B,36,5,llama/original_outputs/generated_code/p36__llama3.3_70b__s5.py,llama/original_outputs/responses/p36__llama3.3_70b__s5_raw.txt,llama/original_outputs/prompts/p36_prompt.txt,3612cbcb36b9205375c2879fb041bffce372bf3ec203946b3772be2a18cfe419,3c0f4a1d5a72928fe8e0e2621679d94e66cd1603f99054d06948670a56503f90
p36__llama3.3_70b__s6,Llama 3.3 70B,36,6,llama/original_outputs/generated_code/p36__llama3.3_70b__s6.py,llama/original_outputs/responses/p36__llama3.3_70b__s6_raw.txt,llama/original_outputs/prompts/p36_prompt.txt,763011dedaa717a9904d32b5a4e9d172c283ce81da44da6d19a8ac74584161ee,1611fce421bd18b988097ee64637179539250c71da595bad9192e6e0b1a04cde
p36__llama3.3_70b__s7,Llama 3.3 70B,36,7,llama/original_outputs/generated_code/p36__llama3.3_70b__s7.py,llama/original_outputs/responses/p36__llama3.3_70b__s7_raw.txt,llama/original_outputs/prompts/p36_prompt.txt,b465e6ddfbb40fec5537f6cdfc8e725ede8c6392482801e798a541a952c05bcb,a3ee77d1c952fec060a820a9a729e69baead95a5667aa4a01ff50b59ecfd3741
p36__llama3.3_70b__s8,Llama 3.3 70B,36,8,llama/original_outputs/generated_code/p36__llama3.3_70b__s8.py,llama/original_outputs/responses/p36__llama3.3_70b__s8_raw.txt,llama/original_outputs/prompts/p36_prompt.txt,c19af1fece0e10b98270289f094ed2a013bbb0ed537b1565df925a2513d78415,1ed196341d318737d92594bb7ac41a5946a261e9450ff94a6e9af0def2576e62
p36__llama3.3_70b__s9,Llama 3.3 70B,36,9,llama/original_outputs/generated_code/p36__llama3.3_70b__s9.py,llama/original_outputs/responses/p36__llama3.3_70b__s9_raw.txt,llama/original_outputs/prompts/p36_prompt.txt,60a16bae707662c9c8930b7f9db57c4863824bbfd3483794205aa8547d21b30f,81f6cd15cc3b114d6113afd22e104b2f331c8506ea4d71af432d72927559bcc3
p37__llama3.3_70b__s0,Llama 3.3 70B,37,0,llama/original_outputs/generated_code/p37__llama3.3_70b__s0.py,llama/original_outputs/responses/p37__llama3.3_70b__s0_raw.txt,llama/original_outputs/prompts/p37_prompt.txt,f8041c7dafab2f8fd071eee63686a80e9bc0af960dda207033c39969f41d9870,d450f858e9ad09c505d42e94c8578ee06b3b0eec3c1440be53755e6131a71df1
p37__llama3.3_70b__s1,Llama 3.3 70B,37,1,llama/original_outputs/generated_code/p37__llama3.3_70b__s1.py,llama/original_outputs/responses/p37__llama3.3_70b__s1_raw.txt,llama/original_outputs/prompts/p37_prompt.txt,b9cfdd13bcf3eb45e7caa2418ef2518015da6d4314c2d486774e9ade11765756,467ff4be0013bfdadc6dcfb69dd90e383138616292f31d8e53e63f6e10566495
p37__llama3.3_70b__s2,Llama 3.3 70B,37,2,llama/original_outputs/generated_code/p37__llama3.3_70b__s2.py,llama/original_outputs/responses/p37__llama3.3_70b__s2_raw.txt,llama/original_outputs/prompts/p37_prompt.txt,1be0ce772d777a2833efb94aa5db81c1bd4eaf0f1f6eee59ab18b99faba05715,8e2f8f3c0deec44a8c33c12bc731e2988fc6ff05ce3618dd3d1213f5d2064459
p37__llama3.3_70b__s3,Llama 3.3 70B,37,3,llama/original_outputs/generated_code/p37__llama3.3_70b__s3.py,llama/original_outputs/responses/p37__llama3.3_70b__s3_raw.txt,llama/original_outputs/prompts/p37_prompt.txt,fa5beddfa7944eae201e18395014720b5bcf866ddb08eebedb6f6c5012ad0c7b,37a058a6fe3a9bafbe363c6e504aa873434e50c244d7f09b212f88ffa935d8c6
p37__llama3.3_70b__s4,Llama 3.3 70B,37,4,llama/original_outputs/generated_code/p37__llama3.3_70b__s4.py,llama/original_outputs/responses/p37__llama3.3_70b__s4_raw.txt,llama/original_outputs/prompts/p37_prompt.txt,8ddbb668827f9d44ffa0f8845ee14f22191ea638c9f3d871cd724518b85e534d,044420e3dbccd94f54abe1d0cbf3d0278b36818416858442118c72c047afe7eb
p37__llama3.3_70b__s5,Llama 3.3 70B,37,5,llama/original_outputs/generated_code/p37__llama3.3_70b__s5.py,llama/original_outputs/responses/p37__llama3.3_70b__s5_raw.txt,llama/original_outputs/prompts/p37_prompt.txt,1af78ab53259237b1a3925f1bd24c05612e2c264b5acc68b39f2d1d96f45532f,d94232d822cb68f85c4cdc591a5fef6d55aa7ecb46e298feed2779f050e40b0b
p37__llama3.3_70b__s6,Llama 3.3 70B,37,6,llama/original_outputs/generated_code/p37__llama3.3_70b__s6.py,llama/original_outputs/responses/p37__llama3.3_70b__s6_raw.txt,llama/original_outputs/prompts/p37_prompt.txt,50ad28f1484894323a5648e1b998c281863863e2f959d9897fe2be2d216b3913,a8e6872c1698f874a5381d2e37c6c80a2680f5d1d086a4faf1a2ec92acad2f9f
p37__llama3.3_70b__s7,Llama 3.3 70B,37,7,llama/original_outputs/generated_code/p37__llama3.3_70b__s7.py,llama/original_outputs/responses/p37__llama3.3_70b__s7_raw.txt,llama/original_outputs/prompts/p37_prompt.txt,aa35cc5c1c0e63b12eadc77835405d17c28312162441e27661bb6c690a257912,73d38dc13f2355671d58a5cbe366dc4898b9dc2def1e86d57832c650189e380f
p37__llama3.3_70b__s8,Llama 3.3 70B,37,8,llama/original_outputs/generated_code/p37__llama3.3_70b__s8.py,llama/original_outputs/responses/p37__llama3.3_70b__s8_raw.txt,llama/original_outputs/prompts/p37_prompt.txt,2761bb4e7018ec5dc4f222b24c850e6437ab23e70887139537c56836cb272229,0293b56758d67abf541490a3d60fd97fc5d613a4f6972eed841355104a3b34e0
p37__llama3.3_70b__s9,Llama 3.3 70B,37,9,llama/original_outputs/generated_code/p37__llama3.3_70b__s9.py,llama/original_outputs/responses/p37__llama3.3_70b__s9_raw.txt,llama/original_outputs/prompts/p37_prompt.txt,fbcb51e9d099cc4606e689984af99d349bebd3754ca0f6eb1efab5c27fef5d34,d320df51888da2a24525d9aa55cb67fe84380d1d9ebc0f84b504d315a1dabd73
p38__llama3.3_70b__s0,Llama 3.3 70B,38,0,llama/original_outputs/generated_code/p38__llama3.3_70b__s0.py,llama/original_outputs/responses/p38__llama3.3_70b__s0_raw.txt,llama/original_outputs/prompts/p38_prompt.txt,5dd28679cf83363c70c3b7883341e2365d29b5be6bf0556fc95044f4f84a52f9,8ce58f0077ea840584175816355a6e485214a4fb046acd6926799c27c0109e2d
p38__llama3.3_70b__s1,Llama 3.3 70B,38,1,llama/original_outputs/generated_code/p38__llama3.3_70b__s1.py,llama/original_outputs/responses/p38__llama3.3_70b__s1_raw.txt,llama/original_outputs/prompts/p38_prompt.txt,29499b158867e2377cd7627b8c9d39c7cafb2da6bfdba21eea432d8c07735ae8,b706b292d15fbb014297786931f14720e7e6279d427a679dbeab71b0300aa717
p38__llama3.3_70b__s2,Llama 3.3 70B,38,2,llama/original_outputs/generated_code/p38__llama3.3_70b__s2.py,llama/original_outputs/responses/p38__llama3.3_70b__s2_raw.txt,llama/original_outputs/prompts/p38_prompt.txt,5dd28679cf83363c70c3b7883341e2365d29b5be6bf0556fc95044f4f84a52f9,8ce58f0077ea840584175816355a6e485214a4fb046acd6926799c27c0109e2d
p38__llama3.3_70b__s3,Llama 3.3 70B,38,3,llama/original_outputs/generated_code/p38__llama3.3_70b__s3.py,llama/original_outputs/responses/p38__llama3.3_70b__s3_raw.txt,llama/original_outputs/prompts/p38_prompt.txt,6cc52d763f4b5738e348099f39c46126aaad55ea821b8bcde961af1a373937e4,f7b4e3396c8f6422a3ac6876b6c3853b250d4a1876c525ec7f3dcd3e98b180c6
p38__llama3.3_70b__s4,Llama 3.3 70B,38,4,llama/original_outputs/generated_code/p38__llama3.3_70b__s4.py,llama/original_outputs/responses/p38__llama3.3_70b__s4_raw.txt,llama/original_outputs/prompts/p38_prompt.txt,0d217ffa96aa30bbf8ca1a2f303b7746f75073484a9dd29bea633e401ffe0034,962a7ad05c7716ca346106d0afb04ca7fd93c782c3b2a6e293c845937457ce7b
p38__llama3.3_70b__s5,Llama 3.3 70B,38,5,llama/original_outputs/generated_code/p38__llama3.3_70b__s5.py,llama/original_outputs/responses/p38__llama3.3_70b__s5_raw.txt,llama/original_outputs/prompts/p38_prompt.txt,0d217ffa96aa30bbf8ca1a2f303b7746f75073484a9dd29bea633e401ffe0034,962a7ad05c7716ca346106d0afb04ca7fd93c782c3b2a6e293c845937457ce7b
p38__llama3.3_70b__s6,Llama 3.3 70B,38,6,llama/original_outputs/generated_code/p38__llama3.3_70b__s6.py,llama/original_outputs/responses/p38__llama3.3_70b__s6_raw.txt,llama/original_outputs/prompts/p38_prompt.txt,d22d1f937ee06bf5e4ef92ca58671cdfa3f74daf27fdcd78edb98a06806436cf,d4fd236b38c40bacf47e84640ea5a7f527fd71593c92315e52cd088760981afa
p38__llama3.3_70b__s7,Llama 3.3 70B,38,7,llama/original_outputs/generated_code/p38__llama3.3_70b__s7.py,llama/original_outputs/responses/p38__llama3.3_70b__s7_raw.txt,llama/original_outputs/prompts/p38_prompt.txt,87a6919db32682824ca7fa7e74d47762c8a639f182d2b321bba3c95cb884a09a,99103b39eb60fab4050d6992d5098ec77d84aba71a5fd7bd1a85269c893dc299
p38__llama3.3_70b__s8,Llama 3.3 70B,38,8,llama/original_outputs/generated_code/p38__llama3.3_70b__s8.py,llama/original_outputs/responses/p38__llama3.3_70b__s8_raw.txt,llama/original_outputs/prompts/p38_prompt.txt,0d217ffa96aa30bbf8ca1a2f303b7746f75073484a9dd29bea633e401ffe0034,962a7ad05c7716ca346106d0afb04ca7fd93c782c3b2a6e293c845937457ce7b
p38__llama3.3_70b__s9,Llama 3.3 70B,38,9,llama/original_outputs/generated_code/p38__llama3.3_70b__s9.py,llama/original_outputs/responses/p38__llama3.3_70b__s9_raw.txt,llama/original_outputs/prompts/p38_prompt.txt,5dd28679cf83363c70c3b7883341e2365d29b5be6bf0556fc95044f4f84a52f9,8ce58f0077ea840584175816355a6e485214a4fb046acd6926799c27c0109e2d
p39__llama3.3_70b__s0,Llama 3.3 70B,39,0,llama/original_outputs/generated_code/p39__llama3.3_70b__s0.py,llama/original_outputs/responses/p39__llama3.3_70b__s0_raw.txt,llama/original_outputs/prompts/p39_prompt.txt,09575fcd380dd57e17bf5f606bd3514378eb2e19086582d5e2548bb562175406,1e1cb5e20c547fc0cc5a31c7d24e6ac51a5a830b8e7684097ce65b4d06c877f2
p39__llama3.3_70b__s1,Llama 3.3 70B,39,1,llama/original_outputs/generated_code/p39__llama3.3_70b__s1.py,llama/original_outputs/responses/p39__llama3.3_70b__s1_raw.txt,llama/original_outputs/prompts/p39_prompt.txt,2d9fb4dc64ba3d8f26b0f30d6a97551c794d711b37712f36dea9e7c68f799e7e,f28e3696f70d437e2b91a4407b8166d10ef4fdd724a1d850bd5e719ede94efe7
p39__llama3.3_70b__s2,Llama 3.3 70B,39,2,llama/original_outputs/generated_code/p39__llama3.3_70b__s2.py,llama/original_outputs/responses/p39__llama3.3_70b__s2_raw.txt,llama/original_outputs/prompts/p39_prompt.txt,f0fb6516dc31935d5867dd83914c2da2fd08fb0bd3a7163e0c1466a22fc873d2,17af3763c450947350f63bcf566048b3ba96b1e675029e4bddb3d19e0effe17d
p39__llama3.3_70b__s3,Llama 3.3 70B,39,3,llama/original_outputs/generated_code/p39__llama3.3_70b__s3.py,llama/original_outputs/responses/p39__llama3.3_70b__s3_raw.txt,llama/original_outputs/prompts/p39_prompt.txt,102ce6f2ae58ad7ceade76bdb6df85c7686623e11d7584908d18d5f329fd4d35,38f6271e704c87cc968517fae981b39064dd7d0d26dedfd9d4e8f17914d03ac6
p39__llama3.3_70b__s4,Llama 3.3 70B,39,4,llama/original_outputs/generated_code/p39__llama3.3_70b__s4.py,llama/original_outputs/responses/p39__llama3.3_70b__s4_raw.txt,llama/original_outputs/prompts/p39_prompt.txt,9634f6b9ce7118eb558afb4544065ab4aca1f387c53fa1ee4629aa19e70fa856,97a36e5deb27e6f06b5ff8fcef129e5e6918eee978df3ae434e00db7c440e0e8
p39__llama3.3_70b__s5,Llama 3.3 70B,39,5,llama/original_outputs/generated_code/p39__llama3.3_70b__s5.py,llama/original_outputs/responses/p39__llama3.3_70b__s5_raw.txt,llama/original_outputs/prompts/p39_prompt.txt,0864b5aa09e55a94fbf8cded8ee8988660d629f61915612060d6ea741cac97d6,1dca0b767934419f8f3421c6cd5cf2934a2db79b207cd4655c58112f99e48b85
p39__llama3.3_70b__s6,Llama 3.3 70B,39,6,llama/original_outputs/generated_code/p39__llama3.3_70b__s6.py,llama/original_outputs/responses/p39__llama3.3_70b__s6_raw.txt,llama/original_outputs/prompts/p39_prompt.txt,cfb66d7abebe83dfc81d8e4f9843ba890571af528c86f8f828c03d76b921a370,d358c106adb2df8bc41cf714b158267ab8cd7acf7dd0c15a93a139aa66307fa9
p39__llama3.3_70b__s7,Llama 3.3 70B,39,7,llama/original_outputs/generated_code/p39__llama3.3_70b__s7.py,llama/original_outputs/responses/p39__llama3.3_70b__s7_raw.txt,llama/original_outputs/prompts/p39_prompt.txt,962570c5479c50d045c680a91572d02ee6275262f5e7b944f660b4f2ac7fe906,0e11f871599c90f3c9e772ff0d7efc00863be2e09636b53ddc9bca77223b8ae2
p39__llama3.3_70b__s8,Llama 3.3 70B,39,8,llama/original_outputs/generated_code/p39__llama3.3_70b__s8.py,llama/original_outputs/responses/p39__llama3.3_70b__s8_raw.txt,llama/original_outputs/prompts/p39_prompt.txt,04a4fff76f8861d00cbaccc0e39c113211c31267f31ca7f5aafedb3e73cb9b1d,90e4ebcee3cfddf4a2dbcc82ebcb496912b95bab944cffab2a6b536484dc9d94
p39__llama3.3_70b__s9,Llama 3.3 70B,39,9,llama/original_outputs/generated_code/p39__llama3.3_70b__s9.py,llama/original_outputs/responses/p39__llama3.3_70b__s9_raw.txt,llama/original_outputs/prompts/p39_prompt.txt,15cb36415a4b1911be439caa185cd7615506e7c1673238ca6079ffa6495c83b1,bf14ae0f62894fc16e516401f59ddda360b70be327361f1b43d437e143eead7b
p40__llama3.3_70b__s0,Llama 3.3 70B,40,0,llama/original_outputs/generated_code/p40__llama3.3_70b__s0.py,llama/original_outputs/responses/p40__llama3.3_70b__s0_raw.txt,llama/original_outputs/prompts/p40_prompt.txt,18c5d9d9c2783b2839982cb3b9b49bd15f94f59dd67220abed0ad3cd49dbfa8f,64fce414d834e234ab8c2e27f29d1fc1ef57b8530ddfb38d982c9c7d36da3db9
p40__llama3.3_70b__s1,Llama 3.3 70B,40,1,llama/original_outputs/generated_code/p40__llama3.3_70b__s1.py,llama/original_outputs/responses/p40__llama3.3_70b__s1_raw.txt,llama/original_outputs/prompts/p40_prompt.txt,f07a4b0f4c708fca26bea8adc9b08f9aa6ba617c6235826295499de16f377981,355a751bd2a659c08391134286cb06ae41c2d4f064c3a1cdefe2da9b5aeb8347
p40__llama3.3_70b__s2,Llama 3.3 70B,40,2,llama/original_outputs/generated_code/p40__llama3.3_70b__s2.py,llama/original_outputs/responses/p40__llama3.3_70b__s2_raw.txt,llama/original_outputs/prompts/p40_prompt.txt,05a3f5fa8f6b6b6e2368e505ade370a5f36d38145494d99fff8fe744f27df4c9,065678c39163777421d97d2739ebcebe6e1ad2a5694bfdf0c0bee61371ad9913
p40__llama3.3_70b__s3,Llama 3.3 70B,40,3,llama/original_outputs/generated_code/p40__llama3.3_70b__s3.py,llama/original_outputs/responses/p40__llama3.3_70b__s3_raw.txt,llama/original_outputs/prompts/p40_prompt.txt,a7b69bf7c4e5bd82e7af26c3c7140bb2697d5e61e7d84b7286ba4637d7bfc5ff,593f4e38017fcdbc1b41a8403e0fefe6551c6937c70da8faba16aa3ac532ea19
p40__llama3.3_70b__s4,Llama 3.3 70B,40,4,llama/original_outputs/generated_code/p40__llama3.3_70b__s4.py,llama/original_outputs/responses/p40__llama3.3_70b__s4_raw.txt,llama/original_outputs/prompts/p40_prompt.txt,18c5d9d9c2783b2839982cb3b9b49bd15f94f59dd67220abed0ad3cd49dbfa8f,64fce414d834e234ab8c2e27f29d1fc1ef57b8530ddfb38d982c9c7d36da3db9
p40__llama3.3_70b__s5,Llama 3.3 70B,40,5,llama/original_outputs/generated_code/p40__llama3.3_70b__s5.py,llama/original_outputs/responses/p40__llama3.3_70b__s5_raw.txt,llama/original_outputs/prompts/p40_prompt.txt,97e45e133e0ceb348abb3eef2210b34ee5feeea4d0c3e707dc6db2dac3337980,804d8ae07feb6c33aef2331a652dcca1d064c96465a7f9d8eeca229841742ae3
p40__llama3.3_70b__s6,Llama 3.3 70B,40,6,llama/original_outputs/generated_code/p40__llama3.3_70b__s6.py,llama/original_outputs/responses/p40__llama3.3_70b__s6_raw.txt,llama/original_outputs/prompts/p40_prompt.txt,bea9d22b79baf98339b8f34de76ca2c555583c9b93712247775cf6238703932e,5071257dd37027c9d81e4001f8945172920566390ad1f4aab6235911a025787d
p40__llama3.3_70b__s7,Llama 3.3 70B,40,7,llama/original_outputs/generated_code/p40__llama3.3_70b__s7.py,llama/original_outputs/responses/p40__llama3.3_70b__s7_raw.txt,llama/original_outputs/prompts/p40_prompt.txt,05a3f5fa8f6b6b6e2368e505ade370a5f36d38145494d99fff8fe744f27df4c9,065678c39163777421d97d2739ebcebe6e1ad2a5694bfdf0c0bee61371ad9913
p40__llama3.3_70b__s8,Llama 3.3 70B,40,8,llama/original_outputs/generated_code/p40__llama3.3_70b__s8.py,llama/original_outputs/responses/p40__llama3.3_70b__s8_raw.txt,llama/original_outputs/prompts/p40_prompt.txt,53b4145561c986d697c0794972032bfddab1e004e66324fab89c832a8fb2bb6d,a287f32ae35fd8345afdce06fd5627bdc730ba6d98c4488bdcb2dd428fd29329
p40__llama3.3_70b__s9,Llama 3.3 70B,40,9,llama/original_outputs/generated_code/p40__llama3.3_70b__s9.py,llama/original_outputs/responses/p40__llama3.3_70b__s9_raw.txt,llama/original_outputs/prompts/p40_prompt.txt,53b4145561c986d697c0794972032bfddab1e004e66324fab89c832a8fb2bb6d,a287f32ae35fd8345afdce06fd5627bdc730ba6d98c4488bdcb2dd428fd29329
p41__llama3.3_70b__s0,Llama 3.3 70B,41,0,llama/original_outputs/generated_code/p41__llama3.3_70b__s0.py,llama/original_outputs/responses/p41__llama3.3_70b__s0_raw.txt,llama/original_outputs/prompts/p41_prompt.txt,8061044f194c22bc4e203ca45710c4ad28f14575db7fa86daf9f948b578b92a9,1bd843e203b5c786a174d20d73e048463b15c9e1bae76d1c41f600bd39af6106
p41__llama3.3_70b__s1,Llama 3.3 70B,41,1,llama/original_outputs/generated_code/p41__llama3.3_70b__s1.py,llama/original_outputs/responses/p41__llama3.3_70b__s1_raw.txt,llama/original_outputs/prompts/p41_prompt.txt,8061044f194c22bc4e203ca45710c4ad28f14575db7fa86daf9f948b578b92a9,1bd843e203b5c786a174d20d73e048463b15c9e1bae76d1c41f600bd39af6106
p41__llama3.3_70b__s2,Llama 3.3 70B,41,2,llama/original_outputs/generated_code/p41__llama3.3_70b__s2.py,llama/original_outputs/responses/p41__llama3.3_70b__s2_raw.txt,llama/original_outputs/prompts/p41_prompt.txt,46b251d9e5542721ac133af9e5825dc73ea9ed88b047154c01c9757feba36bab,8a9adb375de26ac452d8b31263fcd08487daea731bca04660638232d7375089f
p41__llama3.3_70b__s3,Llama 3.3 70B,41,3,llama/original_outputs/generated_code/p41__llama3.3_70b__s3.py,llama/original_outputs/responses/p41__llama3.3_70b__s3_raw.txt,llama/original_outputs/prompts/p41_prompt.txt,946949c3f321aa9d4e693afbcf2057455748a131c298c5b32f54f6ac21e70dc4,8b8e60192d39abb7e9a8faec9eaa14c7184f941d4001a51cc842663a336c8da2
p41__llama3.3_70b__s4,Llama 3.3 70B,41,4,llama/original_outputs/generated_code/p41__llama3.3_70b__s4.py,llama/original_outputs/responses/p41__llama3.3_70b__s4_raw.txt,llama/original_outputs/prompts/p41_prompt.txt,8061044f194c22bc4e203ca45710c4ad28f14575db7fa86daf9f948b578b92a9,1bd843e203b5c786a174d20d73e048463b15c9e1bae76d1c41f600bd39af6106
p41__llama3.3_70b__s5,Llama 3.3 70B,41,5,llama/original_outputs/generated_code/p41__llama3.3_70b__s5.py,llama/original_outputs/responses/p41__llama3.3_70b__s5_raw.txt,llama/original_outputs/prompts/p41_prompt.txt,46b251d9e5542721ac133af9e5825dc73ea9ed88b047154c01c9757feba36bab,8a9adb375de26ac452d8b31263fcd08487daea731bca04660638232d7375089f
p41__llama3.3_70b__s6,Llama 3.3 70B,41,6,llama/original_outputs/generated_code/p41__llama3.3_70b__s6.py,llama/original_outputs/responses/p41__llama3.3_70b__s6_raw.txt,llama/original_outputs/prompts/p41_prompt.txt,8061044f194c22bc4e203ca45710c4ad28f14575db7fa86daf9f948b578b92a9,1bd843e203b5c786a174d20d73e048463b15c9e1bae76d1c41f600bd39af6106
p41__llama3.3_70b__s7,Llama 3.3 70B,41,7,llama/original_outputs/generated_code/p41__llama3.3_70b__s7.py,llama/original_outputs/responses/p41__llama3.3_70b__s7_raw.txt,llama/original_outputs/prompts/p41_prompt.txt,7e38b8363583976766144f3520acacabbcd8cf0cc80bc7e1d330c0aa8db3371a,8d0e44cb1ed32b87ab6e104cbd342c0b0a6c3da9b8c10d7fa0bfffa1c99d9a0d
p41__llama3.3_70b__s8,Llama 3.3 70B,41,8,llama/original_outputs/generated_code/p41__llama3.3_70b__s8.py,llama/original_outputs/responses/p41__llama3.3_70b__s8_raw.txt,llama/original_outputs/prompts/p41_prompt.txt,8061044f194c22bc4e203ca45710c4ad28f14575db7fa86daf9f948b578b92a9,1bd843e203b5c786a174d20d73e048463b15c9e1bae76d1c41f600bd39af6106
p41__llama3.3_70b__s9,Llama 3.3 70B,41,9,llama/original_outputs/generated_code/p41__llama3.3_70b__s9.py,llama/original_outputs/responses/p41__llama3.3_70b__s9_raw.txt,llama/original_outputs/prompts/p41_prompt.txt,8061044f194c22bc4e203ca45710c4ad28f14575db7fa86daf9f948b578b92a9,1bd843e203b5c786a174d20d73e048463b15c9e1bae76d1c41f600bd39af6106
p1__gpt-5-nano__s0,GPT-5 Nano,1,0,gpt5_nano/original_outputs/generated_code/p1__gpt-5-nano__s0.py,gpt5_nano/original_outputs/responses/p1__gpt-5-nano__s0_raw.txt,gpt5_nano/original_outputs/prompts/p1_prompt.txt,d5e4f01ea2f791219bec3876330e1c8a59bc99d357135dc92d9a88887eafe952,d5e4f01ea2f791219bec3876330e1c8a59bc99d357135dc92d9a88887eafe952
p1__gpt-5-nano__s1,GPT-5 Nano,1,1,gpt5_nano/original_outputs/generated_code/p1__gpt-5-nano__s1.py,gpt5_nano/original_outputs/responses/p1__gpt-5-nano__s1_raw.txt,gpt5_nano/original_outputs/prompts/p1_prompt.txt,fc894bbedde85d97545310c0ac03822c40cbc925079c38cfc4e5d4ac168eecfa,fc894bbedde85d97545310c0ac03822c40cbc925079c38cfc4e5d4ac168eecfa
p1__gpt-5-nano__s2,GPT-5 Nano,1,2,gpt5_nano/original_outputs/generated_code/p1__gpt-5-nano__s2.py,gpt5_nano/original_outputs/responses/p1__gpt-5-nano__s2_raw.txt,gpt5_nano/original_outputs/prompts/p1_prompt.txt,beffc9cdfe750e7478c59bf9341fb054ee81fc2d8571956560bbf15bfd244481,beffc9cdfe750e7478c59bf9341fb054ee81fc2d8571956560bbf15bfd244481
p1__gpt-5-nano__s3,GPT-5 Nano,1,3,gpt5_nano/original_outputs/generated_code/p1__gpt-5-nano__s3.py,gpt5_nano/original_outputs/responses/p1__gpt-5-nano__s3_raw.txt,gpt5_nano/original_outputs/prompts/p1_prompt.txt,1d00de478efdb0ab8c519c9c0966255e1c2537a26083e83540f6261fbb1e70e3,1d00de478efdb0ab8c519c9c0966255e1c2537a26083e83540f6261fbb1e70e3
p1__gpt-5-nano__s4,GPT-5 Nano,1,4,gpt5_nano/original_outputs/generated_code/p1__gpt-5-nano__s4.py,gpt5_nano/original_outputs/responses/p1__gpt-5-nano__s4_raw.txt,gpt5_nano/original_outputs/prompts/p1_prompt.txt,5306500e6a230e99c2ac9df4ba17c056ed09988d62519822e8a6429f3ed32532,5306500e6a230e99c2ac9df4ba17c056ed09988d62519822e8a6429f3ed32532
p1__gpt-5-nano__s5,GPT-5 Nano,1,5,gpt5_nano/original_outputs/generated_code/p1__gpt-5-nano__s5.py,gpt5_nano/original_outputs/responses/p1__gpt-5-nano__s5_raw.txt,gpt5_nano/original_outputs/prompts/p1_prompt.txt,a6307d296cd70c512849f19a4f17908feb8b68e3404fd726c590df3352f08c2c,a6307d296cd70c512849f19a4f17908feb8b68e3404fd726c590df3352f08c2c
p1__gpt-5-nano__s6,GPT-5 Nano,1,6,gpt5_nano/original_outputs/generated_code/p1__gpt-5-nano__s6.py,gpt5_nano/original_outputs/responses/p1__gpt-5-nano__s6_raw.txt,gpt5_nano/original_outputs/prompts/p1_prompt.txt,7ff9e6be93af76af57b74a31871555a871367015451ab86309c9b6d906722a0a,7ff9e6be93af76af57b74a31871555a871367015451ab86309c9b6d906722a0a
p1__gpt-5-nano__s7,GPT-5 Nano,1,7,gpt5_nano/original_outputs/generated_code/p1__gpt-5-nano__s7.py,gpt5_nano/original_outputs/responses/p1__gpt-5-nano__s7_raw.txt,gpt5_nano/original_outputs/prompts/p1_prompt.txt,401a8753b801b6af7d1cc49f47e6da3d523bc8091c735fecf142350d3f4a107c,401a8753b801b6af7d1cc49f47e6da3d523bc8091c735fecf142350d3f4a107c
p1__gpt-5-nano__s8,GPT-5 Nano,1,8,gpt5_nano/original_outputs/generated_code/p1__gpt-5-nano__s8.py,gpt5_nano/original_outputs/responses/p1__gpt-5-nano__s8_raw.txt,gpt5_nano/original_outputs/prompts/p1_prompt.txt,da4799ae365ed9b44faf9c6e1cc5c814daea5af384e94bd43ac54e3ca53a7b8f,da4799ae365ed9b44faf9c6e1cc5c814daea5af384e94bd43ac54e3ca53a7b8f
p1__gpt-5-nano__s9,GPT-5 Nano,1,9,gpt5_nano/original_outputs/generated_code/p1__gpt-5-nano__s9.py,gpt5_nano/original_outputs/responses/p1__gpt-5-nano__s9_raw.txt,gpt5_nano/original_outputs/prompts/p1_prompt.txt,3e310588ffeeb2fbfe6bab781e6c15217b55c847628caff12d01af86ec439be6,3e310588ffeeb2fbfe6bab781e6c15217b55c847628caff12d01af86ec439be6
p2__gpt-5-nano__s0,GPT-5 Nano,2,0,gpt5_nano/original_outputs/generated_code/p2__gpt-5-nano__s0.py,gpt5_nano/original_outputs/responses/p2__gpt-5-nano__s0_raw.txt,gpt5_nano/original_outputs/prompts/p2_prompt.txt,4e1c75004cb661479cef404b94e30e7e0af0cc44469be0782ec06dde1430f60f,4e1c75004cb661479cef404b94e30e7e0af0cc44469be0782ec06dde1430f60f
p2__gpt-5-nano__s1,GPT-5 Nano,2,1,gpt5_nano/original_outputs/generated_code/p2__gpt-5-nano__s1.py,gpt5_nano/original_outputs/responses/p2__gpt-5-nano__s1_raw.txt,gpt5_nano/original_outputs/prompts/p2_prompt.txt,ffae88b1c83f5cc5f018a6ff2f265a206972766e6b82a2e4c6d3e8f720614ff0,ffae88b1c83f5cc5f018a6ff2f265a206972766e6b82a2e4c6d3e8f720614ff0
p2__gpt-5-nano__s2,GPT-5 Nano,2,2,gpt5_nano/original_outputs/generated_code/p2__gpt-5-nano__s2.py,gpt5_nano/original_outputs/responses/p2__gpt-5-nano__s2_raw.txt,gpt5_nano/original_outputs/prompts/p2_prompt.txt,43a0b6d01b535fad17c7d1a527e48c8f7e01677dd7fcc3f1dac6c5b62e910bc6,43a0b6d01b535fad17c7d1a527e48c8f7e01677dd7fcc3f1dac6c5b62e910bc6
p2__gpt-5-nano__s3,GPT-5 Nano,2,3,gpt5_nano/original_outputs/generated_code/p2__gpt-5-nano__s3.py,gpt5_nano/original_outputs/responses/p2__gpt-5-nano__s3_raw.txt,gpt5_nano/original_outputs/prompts/p2_prompt.txt,9e7ca41c585253538cdf70df0308e7b9582a462802be0c43810062c8afaf60b4,9e7ca41c585253538cdf70df0308e7b9582a462802be0c43810062c8afaf60b4
p2__gpt-5-nano__s4,GPT-5 Nano,2,4,gpt5_nano/original_outputs/generated_code/p2__gpt-5-nano__s4.py,gpt5_nano/original_outputs/responses/p2__gpt-5-nano__s4_raw.txt,gpt5_nano/original_outputs/prompts/p2_prompt.txt,0175cf968b275592040e2bd6e55ddfb6c4a347d8a1e2f38fb3484ae5e37c825b,0175cf968b275592040e2bd6e55ddfb6c4a347d8a1e2f38fb3484ae5e37c825b
p2__gpt-5-nano__s5,GPT-5 Nano,2,5,gpt5_nano/original_outputs/generated_code/p2__gpt-5-nano__s5.py,gpt5_nano/original_outputs/responses/p2__gpt-5-nano__s5_raw.txt,gpt5_nano/original_outputs/prompts/p2_prompt.txt,e59fa8f7acbaff8998824c92a3107f27b982d7074aeb4f00506b74444bcc30dc,e59fa8f7acbaff8998824c92a3107f27b982d7074aeb4f00506b74444bcc30dc
p2__gpt-5-nano__s6,GPT-5 Nano,2,6,gpt5_nano/original_outputs/generated_code/p2__gpt-5-nano__s6.py,gpt5_nano/original_outputs/responses/p2__gpt-5-nano__s6_raw.txt,gpt5_nano/original_outputs/prompts/p2_prompt.txt,873da226eb869314d564850d2f9b2b69bb43b9bcfde0e2917c2980d483cfd9ce,873da226eb869314d564850d2f9b2b69bb43b9bcfde0e2917c2980d483cfd9ce
p2__gpt-5-nano__s7,GPT-5 Nano,2,7,gpt5_nano/original_outputs/generated_code/p2__gpt-5-nano__s7.py,gpt5_nano/original_outputs/responses/p2__gpt-5-nano__s7_raw.txt,gpt5_nano/original_outputs/prompts/p2_prompt.txt,66c29d935fef043b4697a3baed1d688692b83e5a9222df4fcdc1ee1a86bedf85,66c29d935fef043b4697a3baed1d688692b83e5a9222df4fcdc1ee1a86bedf85
p2__gpt-5-nano__s8,GPT-5 Nano,2,8,gpt5_nano/original_outputs/generated_code/p2__gpt-5-nano__s8.py,gpt5_nano/original_outputs/responses/p2__gpt-5-nano__s8_raw.txt,gpt5_nano/original_outputs/prompts/p2_prompt.txt,d7b3acb6832f68ee9c852a53a495728b2ba7047e4232723abd97542bb44731e3,d7b3acb6832f68ee9c852a53a495728b2ba7047e4232723abd97542bb44731e3
p2__gpt-5-nano__s9,GPT-5 Nano,2,9,gpt5_nano/original_outputs/generated_code/p2__gpt-5-nano__s9.py,gpt5_nano/original_outputs/responses/p2__gpt-5-nano__s9_raw.txt,gpt5_nano/original_outputs/prompts/p2_prompt.txt,48e29e4e8dfb9fc41fab563a69d4a8fc22f21e4f051f0545ae47c47c847be944,48e29e4e8dfb9fc41fab563a69d4a8fc22f21e4f051f0545ae47c47c847be944
p3__gpt-5-nano__s0,GPT-5 Nano,3,0,gpt5_nano/original_outputs/generated_code/p3__gpt-5-nano__s0.py,gpt5_nano/original_outputs/responses/p3__gpt-5-nano__s0_raw.txt,gpt5_nano/original_outputs/prompts/p3_prompt.txt,a26cf70cdbe9b9ca29b59d0109f89c02a2bafabfe5bddab09951712ff38657e7,a26cf70cdbe9b9ca29b59d0109f89c02a2bafabfe5bddab09951712ff38657e7
p3__gpt-5-nano__s1,GPT-5 Nano,3,1,gpt5_nano/original_outputs/generated_code/p3__gpt-5-nano__s1.py,gpt5_nano/original_outputs/responses/p3__gpt-5-nano__s1_raw.txt,gpt5_nano/original_outputs/prompts/p3_prompt.txt,3de3788beb87f020d074dc8a73293e17973caf67ab1305f7c0c5505f7c58dbfb,3de3788beb87f020d074dc8a73293e17973caf67ab1305f7c0c5505f7c58dbfb
p3__gpt-5-nano__s2,GPT-5 Nano,3,2,gpt5_nano/original_outputs/generated_code/p3__gpt-5-nano__s2.py,gpt5_nano/original_outputs/responses/p3__gpt-5-nano__s2_raw.txt,gpt5_nano/original_outputs/prompts/p3_prompt.txt,4b4e41739ff436425ea8e1131a4e37dbdd96ff02b937a296db0dfb7ab18e2102,4b4e41739ff436425ea8e1131a4e37dbdd96ff02b937a296db0dfb7ab18e2102
p3__gpt-5-nano__s3,GPT-5 Nano,3,3,gpt5_nano/original_outputs/generated_code/p3__gpt-5-nano__s3.py,gpt5_nano/original_outputs/responses/p3__gpt-5-nano__s3_raw.txt,gpt5_nano/original_outputs/prompts/p3_prompt.txt,7dd8e3aab1f90f7b96efa6d5e4147134990b30a3c5a8853979b048ae92277d44,7dd8e3aab1f90f7b96efa6d5e4147134990b30a3c5a8853979b048ae92277d44
p3__gpt-5-nano__s4,GPT-5 Nano,3,4,gpt5_nano/original_outputs/generated_code/p3__gpt-5-nano__s4.py,gpt5_nano/original_outputs/responses/p3__gpt-5-nano__s4_raw.txt,gpt5_nano/original_outputs/prompts/p3_prompt.txt,08def489ce75c2fb1bfd6e9b6feb20def4f9732785ff502093f1869b98efc3b1,08def489ce75c2fb1bfd6e9b6feb20def4f9732785ff502093f1869b98efc3b1
p3__gpt-5-nano__s5,GPT-5 Nano,3,5,gpt5_nano/original_outputs/generated_code/p3__gpt-5-nano__s5.py,gpt5_nano/original_outputs/responses/p3__gpt-5-nano__s5_raw.txt,gpt5_nano/original_outputs/prompts/p3_prompt.txt,6d0d2364696143ef12fce05e367436cbd3d6730f1f8daebf557aed34b437099c,6d0d2364696143ef12fce05e367436cbd3d6730f1f8daebf557aed34b437099c
p3__gpt-5-nano__s6,GPT-5 Nano,3,6,gpt5_nano/original_outputs/generated_code/p3__gpt-5-nano__s6.py,gpt5_nano/original_outputs/responses/p3__gpt-5-nano__s6_raw.txt,gpt5_nano/original_outputs/prompts/p3_prompt.txt,d4211b51f898d3ebbaecb2ec0e72c7986771df0e3b676c681c933376322bee6b,d4211b51f898d3ebbaecb2ec0e72c7986771df0e3b676c681c933376322bee6b
p3__gpt-5-nano__s7,GPT-5 Nano,3,7,gpt5_nano/original_outputs/generated_code/p3__gpt-5-nano__s7.py,gpt5_nano/original_outputs/responses/p3__gpt-5-nano__s7_raw.txt,gpt5_nano/original_outputs/prompts/p3_prompt.txt,40f47d9e5a337c95ec17c319b67f25e29362181a449e54e15148aec0575e5256,40f47d9e5a337c95ec17c319b67f25e29362181a449e54e15148aec0575e5256
p3__gpt-5-nano__s8,GPT-5 Nano,3,8,gpt5_nano/original_outputs/generated_code/p3__gpt-5-nano__s8.py,gpt5_nano/original_outputs/responses/p3__gpt-5-nano__s8_raw.txt,gpt5_nano/original_outputs/prompts/p3_prompt.txt,f3637ff1b897380e985586e97db0a75fea5a3a0c06b7edf50ea50340fd27638b,f3637ff1b897380e985586e97db0a75fea5a3a0c06b7edf50ea50340fd27638b
p3__gpt-5-nano__s9,GPT-5 Nano,3,9,gpt5_nano/original_outputs/generated_code/p3__gpt-5-nano__s9.py,gpt5_nano/original_outputs/responses/p3__gpt-5-nano__s9_raw.txt,gpt5_nano/original_outputs/prompts/p3_prompt.txt,51d50e43c4fede9c184d8ccffb4ac86054d1ae4f61a9092c828baf95d5276ef0,51d50e43c4fede9c184d8ccffb4ac86054d1ae4f61a9092c828baf95d5276ef0
p4__gpt-5-nano__s0,GPT-5 Nano,4,0,gpt5_nano/original_outputs/generated_code/p4__gpt-5-nano__s0.py,gpt5_nano/original_outputs/responses/p4__gpt-5-nano__s0_raw.txt,gpt5_nano/original_outputs/prompts/p4_prompt.txt,e80afbb84a62b4786c45455965c0a4d85331b5cf86d69fbcc21f38340231612d,e80afbb84a62b4786c45455965c0a4d85331b5cf86d69fbcc21f38340231612d
p4__gpt-5-nano__s1,GPT-5 Nano,4,1,gpt5_nano/original_outputs/generated_code/p4__gpt-5-nano__s1.py,gpt5_nano/original_outputs/responses/p4__gpt-5-nano__s1_raw.txt,gpt5_nano/original_outputs/prompts/p4_prompt.txt,a099a50b7449811001f3eeb71bae706a38daa6ab991a76b224384df262144f00,a099a50b7449811001f3eeb71bae706a38daa6ab991a76b224384df262144f00
p4__gpt-5-nano__s2,GPT-5 Nano,4,2,gpt5_nano/original_outputs/generated_code/p4__gpt-5-nano__s2.py,gpt5_nano/original_outputs/responses/p4__gpt-5-nano__s2_raw.txt,gpt5_nano/original_outputs/prompts/p4_prompt.txt,cd1921f48b2eeb221eb32052263eb8c31d307b90f3a05eb8f71cd58808562a86,cd1921f48b2eeb221eb32052263eb8c31d307b90f3a05eb8f71cd58808562a86
p4__gpt-5-nano__s3,GPT-5 Nano,4,3,gpt5_nano/original_outputs/generated_code/p4__gpt-5-nano__s3.py,gpt5_nano/original_outputs/responses/p4__gpt-5-nano__s3_raw.txt,gpt5_nano/original_outputs/prompts/p4_prompt.txt,02950b98935f369a750cd1fc00f3f3f8678619039622fdccf1a4277c5eba8010,02950b98935f369a750cd1fc00f3f3f8678619039622fdccf1a4277c5eba8010
p4__gpt-5-nano__s4,GPT-5 Nano,4,4,gpt5_nano/original_outputs/generated_code/p4__gpt-5-nano__s4.py,gpt5_nano/original_outputs/responses/p4__gpt-5-nano__s4_raw.txt,gpt5_nano/original_outputs/prompts/p4_prompt.txt,46979a35bdc209b960814f7eb9669afee024324f2f8af1b4c7859362aa9da54c,46979a35bdc209b960814f7eb9669afee024324f2f8af1b4c7859362aa9da54c
p4__gpt-5-nano__s5,GPT-5 Nano,4,5,gpt5_nano/original_outputs/generated_code/p4__gpt-5-nano__s5.py,gpt5_nano/original_outputs/responses/p4__gpt-5-nano__s5_raw.txt,gpt5_nano/original_outputs/prompts/p4_prompt.txt,b640146a28ea5e2f876f77d804a977c7d52e4753642b9e16ba56b50ee09e31c3,b640146a28ea5e2f876f77d804a977c7d52e4753642b9e16ba56b50ee09e31c3
p4__gpt-5-nano__s6,GPT-5 Nano,4,6,gpt5_nano/original_outputs/generated_code/p4__gpt-5-nano__s6.py,gpt5_nano/original_outputs/responses/p4__gpt-5-nano__s6_raw.txt,gpt5_nano/original_outputs/prompts/p4_prompt.txt,b49ebb73eb16c9fe95e24be5911d3fa10752d8379d289786097d5226f0fb57dc,b49ebb73eb16c9fe95e24be5911d3fa10752d8379d289786097d5226f0fb57dc
p4__gpt-5-nano__s7,GPT-5 Nano,4,7,gpt5_nano/original_outputs/generated_code/p4__gpt-5-nano__s7.py,gpt5_nano/original_outputs/responses/p4__gpt-5-nano__s7_raw.txt,gpt5_nano/original_outputs/prompts/p4_prompt.txt,05e539aa9fe83cefa527a774c053f630a5815429931ecf9e9fef221d2269395e,05e539aa9fe83cefa527a774c053f630a5815429931ecf9e9fef221d2269395e
p4__gpt-5-nano__s8,GPT-5 Nano,4,8,gpt5_nano/original_outputs/generated_code/p4__gpt-5-nano__s8.py,gpt5_nano/original_outputs/responses/p4__gpt-5-nano__s8_raw.txt,gpt5_nano/original_outputs/prompts/p4_prompt.txt,8ee8a9bbd0c7ae0242f906349fabb9b5defcc18bd4080842b2398205983b4f96,8ee8a9bbd0c7ae0242f906349fabb9b5defcc18bd4080842b2398205983b4f96
p4__gpt-5-nano__s9,GPT-5 Nano,4,9,gpt5_nano/original_outputs/generated_code/p4__gpt-5-nano__s9.py,gpt5_nano/original_outputs/responses/p4__gpt-5-nano__s9_raw.txt,gpt5_nano/original_outputs/prompts/p4_prompt.txt,b6e495dce52e899cda70a963e4857975ca347bb59afec14ad34fc7eb50e8ee24,b6e495dce52e899cda70a963e4857975ca347bb59afec14ad34fc7eb50e8ee24
p5__gpt-5-nano__s0,GPT-5 Nano,5,0,gpt5_nano/original_outputs/generated_code/p5__gpt-5-nano__s0.py,gpt5_nano/original_outputs/responses/p5__gpt-5-nano__s0_raw.txt,gpt5_nano/original_outputs/prompts/p5_prompt.txt,8d07b0e53d50f62ba2cac6dc600237fad7833eb9e3ee84e0c8bc0690d251309f,8d07b0e53d50f62ba2cac6dc600237fad7833eb9e3ee84e0c8bc0690d251309f
p5__gpt-5-nano__s1,GPT-5 Nano,5,1,gpt5_nano/original_outputs/generated_code/p5__gpt-5-nano__s1.py,gpt5_nano/original_outputs/responses/p5__gpt-5-nano__s1_raw.txt,gpt5_nano/original_outputs/prompts/p5_prompt.txt,0c3119243d2cd3ccf685bd062d50ff0343a9806f5a4ea1b506ff8694384d0525,0c3119243d2cd3ccf685bd062d50ff0343a9806f5a4ea1b506ff8694384d0525
p5__gpt-5-nano__s2,GPT-5 Nano,5,2,gpt5_nano/original_outputs/generated_code/p5__gpt-5-nano__s2.py,gpt5_nano/original_outputs/responses/p5__gpt-5-nano__s2_raw.txt,gpt5_nano/original_outputs/prompts/p5_prompt.txt,f9497c3ee49932b3b9d7c357a17f5e600ae1d1fd48f7fdd6d81b54db55dfedd5,f9497c3ee49932b3b9d7c357a17f5e600ae1d1fd48f7fdd6d81b54db55dfedd5
p5__gpt-5-nano__s3,GPT-5 Nano,5,3,gpt5_nano/original_outputs/generated_code/p5__gpt-5-nano__s3.py,gpt5_nano/original_outputs/responses/p5__gpt-5-nano__s3_raw.txt,gpt5_nano/original_outputs/prompts/p5_prompt.txt,da75cfbe4774a731a7f3aa07d837ef731b95e830255996d52853ae624c64548a,da75cfbe4774a731a7f3aa07d837ef731b95e830255996d52853ae624c64548a
p5__gpt-5-nano__s4,GPT-5 Nano,5,4,gpt5_nano/original_outputs/generated_code/p5__gpt-5-nano__s4.py,gpt5_nano/original_outputs/responses/p5__gpt-5-nano__s4_raw.txt,gpt5_nano/original_outputs/prompts/p5_prompt.txt,0bcda7cb2062e50d086279322bd92d2590bd2bf3a1b9db3511e843ea4ab50a1c,0bcda7cb2062e50d086279322bd92d2590bd2bf3a1b9db3511e843ea4ab50a1c
p5__gpt-5-nano__s5,GPT-5 Nano,5,5,gpt5_nano/original_outputs/generated_code/p5__gpt-5-nano__s5.py,gpt5_nano/original_outputs/responses/p5__gpt-5-nano__s5_raw.txt,gpt5_nano/original_outputs/prompts/p5_prompt.txt,63d2cc0c52222afcab573a07b88b6559db4c436b1d5c98bf2c237cea6319de55,63d2cc0c52222afcab573a07b88b6559db4c436b1d5c98bf2c237cea6319de55
p5__gpt-5-nano__s6,GPT-5 Nano,5,6,gpt5_nano/original_outputs/generated_code/p5__gpt-5-nano__s6.py,gpt5_nano/original_outputs/responses/p5__gpt-5-nano__s6_raw.txt,gpt5_nano/original_outputs/prompts/p5_prompt.txt,a9f6dd15b0aa76c6b72fb0a977dcf05d8c4314d1b5bf3334600a3c398fc4af27,a9f6dd15b0aa76c6b72fb0a977dcf05d8c4314d1b5bf3334600a3c398fc4af27
p5__gpt-5-nano__s7,GPT-5 Nano,5,7,gpt5_nano/original_outputs/generated_code/p5__gpt-5-nano__s7.py,gpt5_nano/original_outputs/responses/p5__gpt-5-nano__s7_raw.txt,gpt5_nano/original_outputs/prompts/p5_prompt.txt,c13bbb62248b1eb23b556ddf6c6d2816dea17e2963eb72e5007190fa3f4daf24,c13bbb62248b1eb23b556ddf6c6d2816dea17e2963eb72e5007190fa3f4daf24
p5__gpt-5-nano__s8,GPT-5 Nano,5,8,gpt5_nano/original_outputs/generated_code/p5__gpt-5-nano__s8.py,gpt5_nano/original_outputs/responses/p5__gpt-5-nano__s8_raw.txt,gpt5_nano/original_outputs/prompts/p5_prompt.txt,0325967c448ee0243904c2f9114fc59b0afd307707f04531e133f7b116487b9a,0325967c448ee0243904c2f9114fc59b0afd307707f04531e133f7b116487b9a
p5__gpt-5-nano__s9,GPT-5 Nano,5,9,gpt5_nano/original_outputs/generated_code/p5__gpt-5-nano__s9.py,gpt5_nano/original_outputs/responses/p5__gpt-5-nano__s9_raw.txt,gpt5_nano/original_outputs/prompts/p5_prompt.txt,374d4c3d77922eee84ebce58cb8d2e75e02006c3b08a992e65e07f7a6beea045,374d4c3d77922eee84ebce58cb8d2e75e02006c3b08a992e65e07f7a6beea045
p6__gpt-5-nano__s0,GPT-5 Nano,6,0,gpt5_nano/original_outputs/generated_code/p6__gpt-5-nano__s0.py,gpt5_nano/original_outputs/responses/p6__gpt-5-nano__s0_raw.txt,gpt5_nano/original_outputs/prompts/p6_prompt.txt,a86275fe544005f76cb733f548d468e661abfe76c854c1f16ec02884cd38763c,a86275fe544005f76cb733f548d468e661abfe76c854c1f16ec02884cd38763c
p6__gpt-5-nano__s1,GPT-5 Nano,6,1,gpt5_nano/original_outputs/generated_code/p6__gpt-5-nano__s1.py,gpt5_nano/original_outputs/responses/p6__gpt-5-nano__s1_raw.txt,gpt5_nano/original_outputs/prompts/p6_prompt.txt,019644cc3c914f368e4bdb51b4bfeb5aa2b9038e74b67dc00a3195d602f15c97,019644cc3c914f368e4bdb51b4bfeb5aa2b9038e74b67dc00a3195d602f15c97
p6__gpt-5-nano__s2,GPT-5 Nano,6,2,gpt5_nano/original_outputs/generated_code/p6__gpt-5-nano__s2.py,gpt5_nano/original_outputs/responses/p6__gpt-5-nano__s2_raw.txt,gpt5_nano/original_outputs/prompts/p6_prompt.txt,f1ecac312c30b1d1d90025228eda7938fe4b7da25f99e55c4da2418ad4e8e034,f1ecac312c30b1d1d90025228eda7938fe4b7da25f99e55c4da2418ad4e8e034
p6__gpt-5-nano__s3,GPT-5 Nano,6,3,gpt5_nano/original_outputs/generated_code/p6__gpt-5-nano__s3.py,gpt5_nano/original_outputs/responses/p6__gpt-5-nano__s3_raw.txt,gpt5_nano/original_outputs/prompts/p6_prompt.txt,155ac1b1e743b84ccdb8984528e736ee706f0e087281eb22528267b1c2dc0f27,155ac1b1e743b84ccdb8984528e736ee706f0e087281eb22528267b1c2dc0f27
p6__gpt-5-nano__s4,GPT-5 Nano,6,4,gpt5_nano/original_outputs/generated_code/p6__gpt-5-nano__s4.py,gpt5_nano/original_outputs/responses/p6__gpt-5-nano__s4_raw.txt,gpt5_nano/original_outputs/prompts/p6_prompt.txt,1b300793245b7e0550054d94b5bc3986a2662f325b6867e0d84f0828a07cd13d,1b300793245b7e0550054d94b5bc3986a2662f325b6867e0d84f0828a07cd13d
p6__gpt-5-nano__s5,GPT-5 Nano,6,5,gpt5_nano/original_outputs/generated_code/p6__gpt-5-nano__s5.py,gpt5_nano/original_outputs/responses/p6__gpt-5-nano__s5_raw.txt,gpt5_nano/original_outputs/prompts/p6_prompt.txt,4911238d14adb16866a94a5e368779d3e2da9b85c486ce4eef53be5b2aef3964,4911238d14adb16866a94a5e368779d3e2da9b85c486ce4eef53be5b2aef3964
p6__gpt-5-nano__s6,GPT-5 Nano,6,6,gpt5_nano/original_outputs/generated_code/p6__gpt-5-nano__s6.py,gpt5_nano/original_outputs/responses/p6__gpt-5-nano__s6_raw.txt,gpt5_nano/original_outputs/prompts/p6_prompt.txt,5ad0d740527b680ecd010ee088500ca240432221181a79d2769463990a6b0e69,5ad0d740527b680ecd010ee088500ca240432221181a79d2769463990a6b0e69
p6__gpt-5-nano__s7,GPT-5 Nano,6,7,gpt5_nano/original_outputs/generated_code/p6__gpt-5-nano__s7.py,gpt5_nano/original_outputs/responses/p6__gpt-5-nano__s7_raw.txt,gpt5_nano/original_outputs/prompts/p6_prompt.txt,3522144c3f9e995f9932a01696d543572c6705728427a11ff184e7d30d149210,3522144c3f9e995f9932a01696d543572c6705728427a11ff184e7d30d149210
p6__gpt-5-nano__s8,GPT-5 Nano,6,8,gpt5_nano/original_outputs/generated_code/p6__gpt-5-nano__s8.py,gpt5_nano/original_outputs/responses/p6__gpt-5-nano__s8_raw.txt,gpt5_nano/original_outputs/prompts/p6_prompt.txt,cca787e935432e372529ddf340c7b10b55f7c8692b2a37723180ad7c9f522d2d,cca787e935432e372529ddf340c7b10b55f7c8692b2a37723180ad7c9f522d2d
p6__gpt-5-nano__s9,GPT-5 Nano,6,9,gpt5_nano/original_outputs/generated_code/p6__gpt-5-nano__s9.py,gpt5_nano/original_outputs/responses/p6__gpt-5-nano__s9_raw.txt,gpt5_nano/original_outputs/prompts/p6_prompt.txt,aab9c137493afcb93916b49c252e833104ee23444da8a269c6dce40847f45f89,aab9c137493afcb93916b49c252e833104ee23444da8a269c6dce40847f45f89
p7__gpt-5-nano__s0,GPT-5 Nano,7,0,gpt5_nano/original_outputs/generated_code/p7__gpt-5-nano__s0.py,gpt5_nano/original_outputs/responses/p7__gpt-5-nano__s0_raw.txt,gpt5_nano/original_outputs/prompts/p7_prompt.txt,1332253030d78f433e54aa90fc3fbdc5c5d951c9ebbfbd6fb9a999c133992c1c,1332253030d78f433e54aa90fc3fbdc5c5d951c9ebbfbd6fb9a999c133992c1c
p7__gpt-5-nano__s1,GPT-5 Nano,7,1,gpt5_nano/original_outputs/generated_code/p7__gpt-5-nano__s1.py,gpt5_nano/original_outputs/responses/p7__gpt-5-nano__s1_raw.txt,gpt5_nano/original_outputs/prompts/p7_prompt.txt,405c6b091aad1ce83dc4a2df1b9ee7953bb44fb3ceef76616c72ce34cdb3467c,405c6b091aad1ce83dc4a2df1b9ee7953bb44fb3ceef76616c72ce34cdb3467c
p7__gpt-5-nano__s2,GPT-5 Nano,7,2,gpt5_nano/original_outputs/generated_code/p7__gpt-5-nano__s2.py,gpt5_nano/original_outputs/responses/p7__gpt-5-nano__s2_raw.txt,gpt5_nano/original_outputs/prompts/p7_prompt.txt,890666eb4e1605a7b9f0b1be1c1f588b7b9ea99952becafd21972e5d01baf795,890666eb4e1605a7b9f0b1be1c1f588b7b9ea99952becafd21972e5d01baf795
p7__gpt-5-nano__s3,GPT-5 Nano,7,3,gpt5_nano/original_outputs/generated_code/p7__gpt-5-nano__s3.py,gpt5_nano/original_outputs/responses/p7__gpt-5-nano__s3_raw.txt,gpt5_nano/original_outputs/prompts/p7_prompt.txt,e3b0c44298fc1c149afbf4c8996fb92427ae41e4649b934ca495991b7852b855,e3b0c44298fc1c149afbf4c8996fb92427ae41e4649b934ca495991b7852b855
p7__gpt-5-nano__s4,GPT-5 Nano,7,4,gpt5_nano/original_outputs/generated_code/p7__gpt-5-nano__s4.py,gpt5_nano/original_outputs/responses/p7__gpt-5-nano__s4_raw.txt,gpt5_nano/original_outputs/prompts/p7_prompt.txt,49f2c4425362435fed20d6b997c3a3968a5b3f763319130818ce7c6e22d85b96,49f2c4425362435fed20d6b997c3a3968a5b3f763319130818ce7c6e22d85b96
p7__gpt-5-nano__s5,GPT-5 Nano,7,5,gpt5_nano/original_outputs/generated_code/p7__gpt-5-nano__s5.py,gpt5_nano/original_outputs/responses/p7__gpt-5-nano__s5_raw.txt,gpt5_nano/original_outputs/prompts/p7_prompt.txt,e3b0c44298fc1c149afbf4c8996fb92427ae41e4649b934ca495991b7852b855,e3b0c44298fc1c149afbf4c8996fb92427ae41e4649b934ca495991b7852b855
p7__gpt-5-nano__s6,GPT-5 Nano,7,6,gpt5_nano/original_outputs/generated_code/p7__gpt-5-nano__s6.py,gpt5_nano/original_outputs/responses/p7__gpt-5-nano__s6_raw.txt,gpt5_nano/original_outputs/prompts/p7_prompt.txt,d458ca30a00d373d9b6a7f756682ce901e85c20957342dbd7cd6827da084d921,d458ca30a00d373d9b6a7f756682ce901e85c20957342dbd7cd6827da084d921
p7__gpt-5-nano__s7,GPT-5 Nano,7,7,gpt5_nano/original_outputs/generated_code/p7__gpt-5-nano__s7.py,gpt5_nano/original_outputs/responses/p7__gpt-5-nano__s7_raw.txt,gpt5_nano/original_outputs/prompts/p7_prompt.txt,234583ddc4a04b7416ad8cb44f96ba6215c78b16d93d3fd93cf964d322338f4d,234583ddc4a04b7416ad8cb44f96ba6215c78b16d93d3fd93cf964d322338f4d
p7__gpt-5-nano__s8,GPT-5 Nano,7,8,gpt5_nano/original_outputs/generated_code/p7__gpt-5-nano__s8.py,gpt5_nano/original_outputs/responses/p7__gpt-5-nano__s8_raw.txt,gpt5_nano/original_outputs/prompts/p7_prompt.txt,41bb159606dd44f8f727822ffbf92d206814fabd297a2cf0f593c70717d72ab7,41bb159606dd44f8f727822ffbf92d206814fabd297a2cf0f593c70717d72ab7
p7__gpt-5-nano__s9,GPT-5 Nano,7,9,gpt5_nano/original_outputs/generated_code/p7__gpt-5-nano__s9.py,gpt5_nano/original_outputs/responses/p7__gpt-5-nano__s9_raw.txt,gpt5_nano/original_outputs/prompts/p7_prompt.txt,e3b0c44298fc1c149afbf4c8996fb92427ae41e4649b934ca495991b7852b855,e3b0c44298fc1c149afbf4c8996fb92427ae41e4649b934ca495991b7852b855
p8__gpt-5-nano__s0,GPT-5 Nano,8,0,gpt5_nano/original_outputs/generated_code/p8__gpt-5-nano__s0.py,gpt5_nano/original_outputs/responses/p8__gpt-5-nano__s0_raw.txt,gpt5_nano/original_outputs/prompts/p8_prompt.txt,ef2a034012a6e093b38bd26596209648d920a586960bca5894b310535c5ef9a7,ef2a034012a6e093b38bd26596209648d920a586960bca5894b310535c5ef9a7
p8__gpt-5-nano__s1,GPT-5 Nano,8,1,gpt5_nano/original_outputs/generated_code/p8__gpt-5-nano__s1.py,gpt5_nano/original_outputs/responses/p8__gpt-5-nano__s1_raw.txt,gpt5_nano/original_outputs/prompts/p8_prompt.txt,8fde43f2a57d0841b0697edf8d6c97bbb4ed712aac2d8e4fd39e01339fce911e,8fde43f2a57d0841b0697edf8d6c97bbb4ed712aac2d8e4fd39e01339fce911e
p8__gpt-5-nano__s2,GPT-5 Nano,8,2,gpt5_nano/original_outputs/generated_code/p8__gpt-5-nano__s2.py,gpt5_nano/original_outputs/responses/p8__gpt-5-nano__s2_raw.txt,gpt5_nano/original_outputs/prompts/p8_prompt.txt,c15c91f9dcdd558b348117419e633101406a34e520d3fd3eac6b80fa991b5877,c15c91f9dcdd558b348117419e633101406a34e520d3fd3eac6b80fa991b5877
p8__gpt-5-nano__s3,GPT-5 Nano,8,3,gpt5_nano/original_outputs/generated_code/p8__gpt-5-nano__s3.py,gpt5_nano/original_outputs/responses/p8__gpt-5-nano__s3_raw.txt,gpt5_nano/original_outputs/prompts/p8_prompt.txt,b87f55649ddfe6c6a07888dd84ab923c957a9fc3f221cb6903a7fe989c29b09d,b87f55649ddfe6c6a07888dd84ab923c957a9fc3f221cb6903a7fe989c29b09d
p8__gpt-5-nano__s4,GPT-5 Nano,8,4,gpt5_nano/original_outputs/generated_code/p8__gpt-5-nano__s4.py,gpt5_nano/original_outputs/responses/p8__gpt-5-nano__s4_raw.txt,gpt5_nano/original_outputs/prompts/p8_prompt.txt,66a4e7f46a6fe14f9b74ccf26b128f08259013f10a8b9934be2fe31042408490,66a4e7f46a6fe14f9b74ccf26b128f08259013f10a8b9934be2fe31042408490
p8__gpt-5-nano__s5,GPT-5 Nano,8,5,gpt5_nano/original_outputs/generated_code/p8__gpt-5-nano__s5.py,gpt5_nano/original_outputs/responses/p8__gpt-5-nano__s5_raw.txt,gpt5_nano/original_outputs/prompts/p8_prompt.txt,80f52cbdc6255f488d685c472a3d7d1e29b78e33646c9b68c7d3dfb0843e2845,80f52cbdc6255f488d685c472a3d7d1e29b78e33646c9b68c7d3dfb0843e2845
p8__gpt-5-nano__s6,GPT-5 Nano,8,6,gpt5_nano/original_outputs/generated_code/p8__gpt-5-nano__s6.py,gpt5_nano/original_outputs/responses/p8__gpt-5-nano__s6_raw.txt,gpt5_nano/original_outputs/prompts/p8_prompt.txt,7f2806e344b9ab2739ccf22ef2e958e2669e095759c05242bc5e3b69cf23c043,7f2806e344b9ab2739ccf22ef2e958e2669e095759c05242bc5e3b69cf23c043
p8__gpt-5-nano__s7,GPT-5 Nano,8,7,gpt5_nano/original_outputs/generated_code/p8__gpt-5-nano__s7.py,gpt5_nano/original_outputs/responses/p8__gpt-5-nano__s7_raw.txt,gpt5_nano/original_outputs/prompts/p8_prompt.txt,52aae1245d72b61c7084abb760dedd22989f5fb2c95d36b579391dd4d6f58717,52aae1245d72b61c7084abb760dedd22989f5fb2c95d36b579391dd4d6f58717
p8__gpt-5-nano__s8,GPT-5 Nano,8,8,gpt5_nano/original_outputs/generated_code/p8__gpt-5-nano__s8.py,gpt5_nano/original_outputs/responses/p8__gpt-5-nano__s8_raw.txt,gpt5_nano/original_outputs/prompts/p8_prompt.txt,cfa79ed15d7a6df2ffd04099558997c88af2562ed6f2c53a76b4fa4f3c131053,cfa79ed15d7a6df2ffd04099558997c88af2562ed6f2c53a76b4fa4f3c131053
p8__gpt-5-nano__s9,GPT-5 Nano,8,9,gpt5_nano/original_outputs/generated_code/p8__gpt-5-nano__s9.py,gpt5_nano/original_outputs/responses/p8__gpt-5-nano__s9_raw.txt,gpt5_nano/original_outputs/prompts/p8_prompt.txt,026245d372593101f88ec38c6f422b2b08b4d99d31f2ec16e40b0b71d80835b8,026245d372593101f88ec38c6f422b2b08b4d99d31f2ec16e40b0b71d80835b8
p9__gpt-5-nano__s0,GPT-5 Nano,9,0,gpt5_nano/original_outputs/generated_code/p9__gpt-5-nano__s0.py,gpt5_nano/original_outputs/responses/p9__gpt-5-nano__s0_raw.txt,gpt5_nano/original_outputs/prompts/p9_prompt.txt,0addd5f6090d977e28a08ce44651011de83e77ae6ac22668a5bb4110cd5f1716,0addd5f6090d977e28a08ce44651011de83e77ae6ac22668a5bb4110cd5f1716
p9__gpt-5-nano__s1,GPT-5 Nano,9,1,gpt5_nano/original_outputs/generated_code/p9__gpt-5-nano__s1.py,gpt5_nano/original_outputs/responses/p9__gpt-5-nano__s1_raw.txt,gpt5_nano/original_outputs/prompts/p9_prompt.txt,d9179e12fa6302accf6e708efb1c657b012c9ca06a13d69dc373118b463b8fe6,d9179e12fa6302accf6e708efb1c657b012c9ca06a13d69dc373118b463b8fe6
p9__gpt-5-nano__s2,GPT-5 Nano,9,2,gpt5_nano/original_outputs/generated_code/p9__gpt-5-nano__s2.py,gpt5_nano/original_outputs/responses/p9__gpt-5-nano__s2_raw.txt,gpt5_nano/original_outputs/prompts/p9_prompt.txt,f3c3728f85e7fe4a423d8685c350268a2ea2fcd9a94220a0f509f2c2f6945515,f3c3728f85e7fe4a423d8685c350268a2ea2fcd9a94220a0f509f2c2f6945515
p9__gpt-5-nano__s3,GPT-5 Nano,9,3,gpt5_nano/original_outputs/generated_code/p9__gpt-5-nano__s3.py,gpt5_nano/original_outputs/responses/p9__gpt-5-nano__s3_raw.txt,gpt5_nano/original_outputs/prompts/p9_prompt.txt,f99410fcdbb7541a21a256254aeaf436713f05e948232fd9cf998488b0020771,f99410fcdbb7541a21a256254aeaf436713f05e948232fd9cf998488b0020771
p9__gpt-5-nano__s4,GPT-5 Nano,9,4,gpt5_nano/original_outputs/generated_code/p9__gpt-5-nano__s4.py,gpt5_nano/original_outputs/responses/p9__gpt-5-nano__s4_raw.txt,gpt5_nano/original_outputs/prompts/p9_prompt.txt,e9a3c3e8c00c9566ba194941e2f073533ee24de70e186064c1c8ba6dde22af42,e9a3c3e8c00c9566ba194941e2f073533ee24de70e186064c1c8ba6dde22af42
p9__gpt-5-nano__s5,GPT-5 Nano,9,5,gpt5_nano/original_outputs/generated_code/p9__gpt-5-nano__s5.py,gpt5_nano/original_outputs/responses/p9__gpt-5-nano__s5_raw.txt,gpt5_nano/original_outputs/prompts/p9_prompt.txt,1b54024aa67708d1c2fd31e905db6d2674c1291ab3211ae561eab2c0b38bfdb1,1b54024aa67708d1c2fd31e905db6d2674c1291ab3211ae561eab2c0b38bfdb1
p9__gpt-5-nano__s6,GPT-5 Nano,9,6,gpt5_nano/original_outputs/generated_code/p9__gpt-5-nano__s6.py,gpt5_nano/original_outputs/responses/p9__gpt-5-nano__s6_raw.txt,gpt5_nano/original_outputs/prompts/p9_prompt.txt,25ece00488789aeb8eb4d1f766f76dbbbbf4cfa8d514a0fda2f7874c4fea6435,25ece00488789aeb8eb4d1f766f76dbbbbf4cfa8d514a0fda2f7874c4fea6435
p9__gpt-5-nano__s7,GPT-5 Nano,9,7,gpt5_nano/original_outputs/generated_code/p9__gpt-5-nano__s7.py,gpt5_nano/original_outputs/responses/p9__gpt-5-nano__s7_raw.txt,gpt5_nano/original_outputs/prompts/p9_prompt.txt,78dac83858ba7959276ae798e9496c42d150a6006e63d96b76e8ca57db7a7c71,78dac83858ba7959276ae798e9496c42d150a6006e63d96b76e8ca57db7a7c71
p9__gpt-5-nano__s8,GPT-5 Nano,9,8,gpt5_nano/original_outputs/generated_code/p9__gpt-5-nano__s8.py,gpt5_nano/original_outputs/responses/p9__gpt-5-nano__s8_raw.txt,gpt5_nano/original_outputs/prompts/p9_prompt.txt,83899a514a04e122f0a4c77b0bf2dd5fb33af2d15206b8249191c6363a3f5578,83899a514a04e122f0a4c77b0bf2dd5fb33af2d15206b8249191c6363a3f5578
p9__gpt-5-nano__s9,GPT-5 Nano,9,9,gpt5_nano/original_outputs/generated_code/p9__gpt-5-nano__s9.py,gpt5_nano/original_outputs/responses/p9__gpt-5-nano__s9_raw.txt,gpt5_nano/original_outputs/prompts/p9_prompt.txt,e3c1253081c9548d4cce4b6d36e02658b30f8c1abaa0999556c55692cffb51fb,e3c1253081c9548d4cce4b6d36e02658b30f8c1abaa0999556c55692cffb51fb
p10__gpt-5-nano__s0,GPT-5 Nano,10,0,gpt5_nano/original_outputs/generated_code/p10__gpt-5-nano__s0.py,gpt5_nano/original_outputs/responses/p10__gpt-5-nano__s0_raw.txt,gpt5_nano/original_outputs/prompts/p10_prompt.txt,01e36bf65e9e1ca90c92dde0fdbfd2acd28f96af20fd763c1bd158bc26897610,01e36bf65e9e1ca90c92dde0fdbfd2acd28f96af20fd763c1bd158bc26897610
p10__gpt-5-nano__s1,GPT-5 Nano,10,1,gpt5_nano/original_outputs/generated_code/p10__gpt-5-nano__s1.py,gpt5_nano/original_outputs/responses/p10__gpt-5-nano__s1_raw.txt,gpt5_nano/original_outputs/prompts/p10_prompt.txt,8669fefb19fe9616a616a4eb5523e404f32e3f89175bd2240e3c501a4ddde095,8669fefb19fe9616a616a4eb5523e404f32e3f89175bd2240e3c501a4ddde095
p10__gpt-5-nano__s2,GPT-5 Nano,10,2,gpt5_nano/original_outputs/generated_code/p10__gpt-5-nano__s2.py,gpt5_nano/original_outputs/responses/p10__gpt-5-nano__s2_raw.txt,gpt5_nano/original_outputs/prompts/p10_prompt.txt,16983717cbc2df6bc0e59c36c18cc923dc2dbf2c53c932a0b8523730f94e045f,16983717cbc2df6bc0e59c36c18cc923dc2dbf2c53c932a0b8523730f94e045f
p10__gpt-5-nano__s3,GPT-5 Nano,10,3,gpt5_nano/original_outputs/generated_code/p10__gpt-5-nano__s3.py,gpt5_nano/original_outputs/responses/p10__gpt-5-nano__s3_raw.txt,gpt5_nano/original_outputs/prompts/p10_prompt.txt,d38df1d031757e1744cb25f86057f9a30cd4c9e56e693f5d2b0e7f3e89d14d65,d38df1d031757e1744cb25f86057f9a30cd4c9e56e693f5d2b0e7f3e89d14d65
p10__gpt-5-nano__s4,GPT-5 Nano,10,4,gpt5_nano/original_outputs/generated_code/p10__gpt-5-nano__s4.py,gpt5_nano/original_outputs/responses/p10__gpt-5-nano__s4_raw.txt,gpt5_nano/original_outputs/prompts/p10_prompt.txt,54687cdd36c98e22a4f048f11819e4c343671988a3d3373759924121dc3fd9c7,54687cdd36c98e22a4f048f11819e4c343671988a3d3373759924121dc3fd9c7
p10__gpt-5-nano__s5,GPT-5 Nano,10,5,gpt5_nano/original_outputs/generated_code/p10__gpt-5-nano__s5.py,gpt5_nano/original_outputs/responses/p10__gpt-5-nano__s5_raw.txt,gpt5_nano/original_outputs/prompts/p10_prompt.txt,f2628c735567bf162718496fb6a9c73516fef598671486cd95c01cbab5210bc7,f2628c735567bf162718496fb6a9c73516fef598671486cd95c01cbab5210bc7
p10__gpt-5-nano__s6,GPT-5 Nano,10,6,gpt5_nano/original_outputs/generated_code/p10__gpt-5-nano__s6.py,gpt5_nano/original_outputs/responses/p10__gpt-5-nano__s6_raw.txt,gpt5_nano/original_outputs/prompts/p10_prompt.txt,c5bc722eee16378d3b1d3a6c11d90dc3c0c558faa9bffbbefe059d23459b8539,c5bc722eee16378d3b1d3a6c11d90dc3c0c558faa9bffbbefe059d23459b8539
p10__gpt-5-nano__s7,GPT-5 Nano,10,7,gpt5_nano/original_outputs/generated_code/p10__gpt-5-nano__s7.py,gpt5_nano/original_outputs/responses/p10__gpt-5-nano__s7_raw.txt,gpt5_nano/original_outputs/prompts/p10_prompt.txt,deeead32c1baa7e8575d59af683650cf153d2c5c87bf4a772f0153be19c7ac21,deeead32c1baa7e8575d59af683650cf153d2c5c87bf4a772f0153be19c7ac21
p10__gpt-5-nano__s8,GPT-5 Nano,10,8,gpt5_nano/original_outputs/generated_code/p10__gpt-5-nano__s8.py,gpt5_nano/original_outputs/responses/p10__gpt-5-nano__s8_raw.txt,gpt5_nano/original_outputs/prompts/p10_prompt.txt,dca18cfdda47fe24973dafa5ee6061350335381ff76496dfc46bd93bc2a3391e,dca18cfdda47fe24973dafa5ee6061350335381ff76496dfc46bd93bc2a3391e
p10__gpt-5-nano__s9,GPT-5 Nano,10,9,gpt5_nano/original_outputs/generated_code/p10__gpt-5-nano__s9.py,gpt5_nano/original_outputs/responses/p10__gpt-5-nano__s9_raw.txt,gpt5_nano/original_outputs/prompts/p10_prompt.txt,1eb0305076f31d5e4ed5df41cd7493dd6ff457ab71c15ba03613e16b2475836c,1eb0305076f31d5e4ed5df41cd7493dd6ff457ab71c15ba03613e16b2475836c
p11__gpt-5-nano__s0,GPT-5 Nano,11,0,gpt5_nano/original_outputs/generated_code/p11__gpt-5-nano__s0.py,gpt5_nano/original_outputs/responses/p11__gpt-5-nano__s0_raw.txt,gpt5_nano/original_outputs/prompts/p11_prompt.txt,79fb9e7bb302331590469cee31ee1f9cac2e3047f4c1c0227b0ad140ded9f861,79fb9e7bb302331590469cee31ee1f9cac2e3047f4c1c0227b0ad140ded9f861
p11__gpt-5-nano__s1,GPT-5 Nano,11,1,gpt5_nano/original_outputs/generated_code/p11__gpt-5-nano__s1.py,gpt5_nano/original_outputs/responses/p11__gpt-5-nano__s1_raw.txt,gpt5_nano/original_outputs/prompts/p11_prompt.txt,6e4f425c902c6f1b6fc5afa9d145a175049ec214e542563308a9aabd2dd2c127,6e4f425c902c6f1b6fc5afa9d145a175049ec214e542563308a9aabd2dd2c127
p11__gpt-5-nano__s2,GPT-5 Nano,11,2,gpt5_nano/original_outputs/generated_code/p11__gpt-5-nano__s2.py,gpt5_nano/original_outputs/responses/p11__gpt-5-nano__s2_raw.txt,gpt5_nano/original_outputs/prompts/p11_prompt.txt,4aa5191b6e29bca42b61ed551659a6f655d5e38efa7e0fdc29d67af9d2f84c9e,4aa5191b6e29bca42b61ed551659a6f655d5e38efa7e0fdc29d67af9d2f84c9e
p11__gpt-5-nano__s3,GPT-5 Nano,11,3,gpt5_nano/original_outputs/generated_code/p11__gpt-5-nano__s3.py,gpt5_nano/original_outputs/responses/p11__gpt-5-nano__s3_raw.txt,gpt5_nano/original_outputs/prompts/p11_prompt.txt,cce368a206f6018f6c20e171a9afd66ab2b90e7cf092d6af3566478d21f1ee64,cce368a206f6018f6c20e171a9afd66ab2b90e7cf092d6af3566478d21f1ee64
p11__gpt-5-nano__s4,GPT-5 Nano,11,4,gpt5_nano/original_outputs/generated_code/p11__gpt-5-nano__s4.py,gpt5_nano/original_outputs/responses/p11__gpt-5-nano__s4_raw.txt,gpt5_nano/original_outputs/prompts/p11_prompt.txt,9121cc18f657d26ba64a98b0747b26e235402b9945168176cc1df2e7fdea2e22,9121cc18f657d26ba64a98b0747b26e235402b9945168176cc1df2e7fdea2e22
p11__gpt-5-nano__s5,GPT-5 Nano,11,5,gpt5_nano/original_outputs/generated_code/p11__gpt-5-nano__s5.py,gpt5_nano/original_outputs/responses/p11__gpt-5-nano__s5_raw.txt,gpt5_nano/original_outputs/prompts/p11_prompt.txt,3af898247b0cde4e64455f2523b8759d0c69c339726fa319dcb86297e14d7781,3af898247b0cde4e64455f2523b8759d0c69c339726fa319dcb86297e14d7781
p11__gpt-5-nano__s6,GPT-5 Nano,11,6,gpt5_nano/original_outputs/generated_code/p11__gpt-5-nano__s6.py,gpt5_nano/original_outputs/responses/p11__gpt-5-nano__s6_raw.txt,gpt5_nano/original_outputs/prompts/p11_prompt.txt,e2b9912370a592975a1eb7278485265a93e8700c42b1b99114c6bba66c55cba1,e2b9912370a592975a1eb7278485265a93e8700c42b1b99114c6bba66c55cba1
p11__gpt-5-nano__s7,GPT-5 Nano,11,7,gpt5_nano/original_outputs/generated_code/p11__gpt-5-nano__s7.py,gpt5_nano/original_outputs/responses/p11__gpt-5-nano__s7_raw.txt,gpt5_nano/original_outputs/prompts/p11_prompt.txt,7cc2c208585dd3a6933cc7aa842efe98c7d23a1083be3423e98fe335977336f1,7cc2c208585dd3a6933cc7aa842efe98c7d23a1083be3423e98fe335977336f1
p11__gpt-5-nano__s8,GPT-5 Nano,11,8,gpt5_nano/original_outputs/generated_code/p11__gpt-5-nano__s8.py,gpt5_nano/original_outputs/responses/p11__gpt-5-nano__s8_raw.txt,gpt5_nano/original_outputs/prompts/p11_prompt.txt,7bd4ea81b130195393f075a09e393f06637fc6874e3c612bfcab9842610c2cfd,7bd4ea81b130195393f075a09e393f06637fc6874e3c612bfcab9842610c2cfd
p11__gpt-5-nano__s9,GPT-5 Nano,11,9,gpt5_nano/original_outputs/generated_code/p11__gpt-5-nano__s9.py,gpt5_nano/original_outputs/responses/p11__gpt-5-nano__s9_raw.txt,gpt5_nano/original_outputs/prompts/p11_prompt.txt,c50edbe01544e50bea6c13fe3e657617cfe6699466f172daad28b414062e1b58,c50edbe01544e50bea6c13fe3e657617cfe6699466f172daad28b414062e1b58
p12__gpt-5-nano__s0,GPT-5 Nano,12,0,gpt5_nano/original_outputs/generated_code/p12__gpt-5-nano__s0.py,gpt5_nano/original_outputs/responses/p12__gpt-5-nano__s0_raw.txt,gpt5_nano/original_outputs/prompts/p12_prompt.txt,5539d31056810294c41f89dd52d5f8193ea37bb3c007acfb3e7a7e36af596eab,5539d31056810294c41f89dd52d5f8193ea37bb3c007acfb3e7a7e36af596eab
p12__gpt-5-nano__s1,GPT-5 Nano,12,1,gpt5_nano/original_outputs/generated_code/p12__gpt-5-nano__s1.py,gpt5_nano/original_outputs/responses/p12__gpt-5-nano__s1_raw.txt,gpt5_nano/original_outputs/prompts/p12_prompt.txt,98a2a7097b443841b3d517dd7a8719ed4aa27a292a16c571d890e966def2c9a6,98a2a7097b443841b3d517dd7a8719ed4aa27a292a16c571d890e966def2c9a6
p12__gpt-5-nano__s2,GPT-5 Nano,12,2,gpt5_nano/original_outputs/generated_code/p12__gpt-5-nano__s2.py,gpt5_nano/original_outputs/responses/p12__gpt-5-nano__s2_raw.txt,gpt5_nano/original_outputs/prompts/p12_prompt.txt,20da8a57236ae3c18df2faa57f46dc28c9a53ffb2afb3caed06c8f443339f0c9,20da8a57236ae3c18df2faa57f46dc28c9a53ffb2afb3caed06c8f443339f0c9
p12__gpt-5-nano__s3,GPT-5 Nano,12,3,gpt5_nano/original_outputs/generated_code/p12__gpt-5-nano__s3.py,gpt5_nano/original_outputs/responses/p12__gpt-5-nano__s3_raw.txt,gpt5_nano/original_outputs/prompts/p12_prompt.txt,737c9189b6fba022030d337cd4018aeaf0abb163305d3d582c0c9e401a0f3d60,737c9189b6fba022030d337cd4018aeaf0abb163305d3d582c0c9e401a0f3d60
p12__gpt-5-nano__s4,GPT-5 Nano,12,4,gpt5_nano/original_outputs/generated_code/p12__gpt-5-nano__s4.py,gpt5_nano/original_outputs/responses/p12__gpt-5-nano__s4_raw.txt,gpt5_nano/original_outputs/prompts/p12_prompt.txt,f0094aab672e71ea8d43ef9da05da463daee68c2fb723edc79632507cd300743,f0094aab672e71ea8d43ef9da05da463daee68c2fb723edc79632507cd300743
p12__gpt-5-nano__s5,GPT-5 Nano,12,5,gpt5_nano/original_outputs/generated_code/p12__gpt-5-nano__s5.py,gpt5_nano/original_outputs/responses/p12__gpt-5-nano__s5_raw.txt,gpt5_nano/original_outputs/prompts/p12_prompt.txt,19fbd6a2eceb52c96752b2796bd1645fd791fddaf98a3c19718aaf15c4eb09b1,19fbd6a2eceb52c96752b2796bd1645fd791fddaf98a3c19718aaf15c4eb09b1
p12__gpt-5-nano__s6,GPT-5 Nano,12,6,gpt5_nano/original_outputs/generated_code/p12__gpt-5-nano__s6.py,gpt5_nano/original_outputs/responses/p12__gpt-5-nano__s6_raw.txt,gpt5_nano/original_outputs/prompts/p12_prompt.txt,56944d4ba9e113b896623f62b492de744fe1632b304de55a4017ce404b2d6b89,56944d4ba9e113b896623f62b492de744fe1632b304de55a4017ce404b2d6b89
p12__gpt-5-nano__s7,GPT-5 Nano,12,7,gpt5_nano/original_outputs/generated_code/p12__gpt-5-nano__s7.py,gpt5_nano/original_outputs/responses/p12__gpt-5-nano__s7_raw.txt,gpt5_nano/original_outputs/prompts/p12_prompt.txt,2c8c726c7fe4203c05183545e1a7d0037bb5dab8bee1bfc5ae5f8d005c10e23c,2c8c726c7fe4203c05183545e1a7d0037bb5dab8bee1bfc5ae5f8d005c10e23c
p12__gpt-5-nano__s8,GPT-5 Nano,12,8,gpt5_nano/original_outputs/generated_code/p12__gpt-5-nano__s8.py,gpt5_nano/original_outputs/responses/p12__gpt-5-nano__s8_raw.txt,gpt5_nano/original_outputs/prompts/p12_prompt.txt,776f513b3463d315432cb46359798d80a8a30687c3db03c2293c35a3a0763848,776f513b3463d315432cb46359798d80a8a30687c3db03c2293c35a3a0763848
p12__gpt-5-nano__s9,GPT-5 Nano,12,9,gpt5_nano/original_outputs/generated_code/p12__gpt-5-nano__s9.py,gpt5_nano/original_outputs/responses/p12__gpt-5-nano__s9_raw.txt,gpt5_nano/original_outputs/prompts/p12_prompt.txt,9744838e2a83bfa2d9389d997def96764aa068e825c2d7fbdadf3e0d17f24703,9744838e2a83bfa2d9389d997def96764aa068e825c2d7fbdadf3e0d17f24703
p13__gpt-5-nano__s0,GPT-5 Nano,13,0,gpt5_nano/original_outputs/generated_code/p13__gpt-5-nano__s0.py,gpt5_nano/original_outputs/responses/p13__gpt-5-nano__s0_raw.txt,gpt5_nano/original_outputs/prompts/p13_prompt.txt,2bcd72f5ecfe8773c7ee6c4ef2954893a0211d4a9b5606b93acaa776165fa065,2bcd72f5ecfe8773c7ee6c4ef2954893a0211d4a9b5606b93acaa776165fa065
p13__gpt-5-nano__s1,GPT-5 Nano,13,1,gpt5_nano/original_outputs/generated_code/p13__gpt-5-nano__s1.py,gpt5_nano/original_outputs/responses/p13__gpt-5-nano__s1_raw.txt,gpt5_nano/original_outputs/prompts/p13_prompt.txt,cfe11d834795dc10088e0d316e809d6cc1d554b332a17889eb196db68c483531,cfe11d834795dc10088e0d316e809d6cc1d554b332a17889eb196db68c483531
p13__gpt-5-nano__s2,GPT-5 Nano,13,2,gpt5_nano/original_outputs/generated_code/p13__gpt-5-nano__s2.py,gpt5_nano/original_outputs/responses/p13__gpt-5-nano__s2_raw.txt,gpt5_nano/original_outputs/prompts/p13_prompt.txt,51b302e5dac35982715243366a0441a7785e2642fd426cab2ca6a9f7dff186b2,51b302e5dac35982715243366a0441a7785e2642fd426cab2ca6a9f7dff186b2
p13__gpt-5-nano__s3,GPT-5 Nano,13,3,gpt5_nano/original_outputs/generated_code/p13__gpt-5-nano__s3.py,gpt5_nano/original_outputs/responses/p13__gpt-5-nano__s3_raw.txt,gpt5_nano/original_outputs/prompts/p13_prompt.txt,22bc65066c0295bd009eed7d0482614ddd0d99ddf624c50c1b6eaa97138dad5e,22bc65066c0295bd009eed7d0482614ddd0d99ddf624c50c1b6eaa97138dad5e
p13__gpt-5-nano__s4,GPT-5 Nano,13,4,gpt5_nano/original_outputs/generated_code/p13__gpt-5-nano__s4.py,gpt5_nano/original_outputs/responses/p13__gpt-5-nano__s4_raw.txt,gpt5_nano/original_outputs/prompts/p13_prompt.txt,34ab9db85880b4b4e1cdca0dbd3b7e38c1599e43d3e3bccaaf878c15320fca2c,34ab9db85880b4b4e1cdca0dbd3b7e38c1599e43d3e3bccaaf878c15320fca2c
p13__gpt-5-nano__s5,GPT-5 Nano,13,5,gpt5_nano/original_outputs/generated_code/p13__gpt-5-nano__s5.py,gpt5_nano/original_outputs/responses/p13__gpt-5-nano__s5_raw.txt,gpt5_nano/original_outputs/prompts/p13_prompt.txt,69345079985b5181a0c8a1cab040c773c688038831b471e04d56f995dbda9664,69345079985b5181a0c8a1cab040c773c688038831b471e04d56f995dbda9664
p13__gpt-5-nano__s6,GPT-5 Nano,13,6,gpt5_nano/original_outputs/generated_code/p13__gpt-5-nano__s6.py,gpt5_nano/original_outputs/responses/p13__gpt-5-nano__s6_raw.txt,gpt5_nano/original_outputs/prompts/p13_prompt.txt,8452a47a17dfd61574fc0b2053f46f723e8152fbfbe760da4580ce2305d9b10d,8452a47a17dfd61574fc0b2053f46f723e8152fbfbe760da4580ce2305d9b10d
p13__gpt-5-nano__s7,GPT-5 Nano,13,7,gpt5_nano/original_outputs/generated_code/p13__gpt-5-nano__s7.py,gpt5_nano/original_outputs/responses/p13__gpt-5-nano__s7_raw.txt,gpt5_nano/original_outputs/prompts/p13_prompt.txt,c841472ea2b819f2a198174f86d5bc3ce1d5e4f80fbd0b3e2b01b5b49132091c,c841472ea2b819f2a198174f86d5bc3ce1d5e4f80fbd0b3e2b01b5b49132091c
p13__gpt-5-nano__s8,GPT-5 Nano,13,8,gpt5_nano/original_outputs/generated_code/p13__gpt-5-nano__s8.py,gpt5_nano/original_outputs/responses/p13__gpt-5-nano__s8_raw.txt,gpt5_nano/original_outputs/prompts/p13_prompt.txt,1b47565ceec4493d9493600d12a9c8d8128b4afc614eb6f4398556790729ee82,1b47565ceec4493d9493600d12a9c8d8128b4afc614eb6f4398556790729ee82
p13__gpt-5-nano__s9,GPT-5 Nano,13,9,gpt5_nano/original_outputs/generated_code/p13__gpt-5-nano__s9.py,gpt5_nano/original_outputs/responses/p13__gpt-5-nano__s9_raw.txt,gpt5_nano/original_outputs/prompts/p13_prompt.txt,1afd1e6353d3d1115d634cc88adea89cc82e79cb709b4c5c08e2df99b4c81f22,1afd1e6353d3d1115d634cc88adea89cc82e79cb709b4c5c08e2df99b4c81f22
p14__gpt-5-nano__s0,GPT-5 Nano,14,0,gpt5_nano/original_outputs/generated_code/p14__gpt-5-nano__s0.py,gpt5_nano/original_outputs/responses/p14__gpt-5-nano__s0_raw.txt,gpt5_nano/original_outputs/prompts/p14_prompt.txt,0eaa7db9b2ae803eedbf3de90e9495265a76904dc3c19327b585fd3ca36de79e,0eaa7db9b2ae803eedbf3de90e9495265a76904dc3c19327b585fd3ca36de79e
p14__gpt-5-nano__s1,GPT-5 Nano,14,1,gpt5_nano/original_outputs/generated_code/p14__gpt-5-nano__s1.py,gpt5_nano/original_outputs/responses/p14__gpt-5-nano__s1_raw.txt,gpt5_nano/original_outputs/prompts/p14_prompt.txt,77f59f36688c59f9732c65dab12de284c0fbcfd025dc1fa0222f45b058429095,77f59f36688c59f9732c65dab12de284c0fbcfd025dc1fa0222f45b058429095
p14__gpt-5-nano__s2,GPT-5 Nano,14,2,gpt5_nano/original_outputs/generated_code/p14__gpt-5-nano__s2.py,gpt5_nano/original_outputs/responses/p14__gpt-5-nano__s2_raw.txt,gpt5_nano/original_outputs/prompts/p14_prompt.txt,c738f123f7165514af2abbaf687e312425e839270e65edc8028876d718cf4624,c738f123f7165514af2abbaf687e312425e839270e65edc8028876d718cf4624
p14__gpt-5-nano__s3,GPT-5 Nano,14,3,gpt5_nano/original_outputs/generated_code/p14__gpt-5-nano__s3.py,gpt5_nano/original_outputs/responses/p14__gpt-5-nano__s3_raw.txt,gpt5_nano/original_outputs/prompts/p14_prompt.txt,d8b88ce5fd94bf2681bef0c453e7a6799578513296b4e4d5ad0cf49363a7dd62,d8b88ce5fd94bf2681bef0c453e7a6799578513296b4e4d5ad0cf49363a7dd62
p14__gpt-5-nano__s4,GPT-5 Nano,14,4,gpt5_nano/original_outputs/generated_code/p14__gpt-5-nano__s4.py,gpt5_nano/original_outputs/responses/p14__gpt-5-nano__s4_raw.txt,gpt5_nano/original_outputs/prompts/p14_prompt.txt,b9c9c579551bb9543ff0e0ca23da6622dee1edb5637875ee60882244a7b289f8,86cd0700205d3e22818e05fa370e1c735fbede66d299f00981a6d3de453dfb1a
p14__gpt-5-nano__s5,GPT-5 Nano,14,5,gpt5_nano/original_outputs/generated_code/p14__gpt-5-nano__s5.py,gpt5_nano/original_outputs/responses/p14__gpt-5-nano__s5_raw.txt,gpt5_nano/original_outputs/prompts/p14_prompt.txt,c53c21917628ad89b3389565dd665b83c3cf44725a4d1dd3c967408d4ab7edf9,c53c21917628ad89b3389565dd665b83c3cf44725a4d1dd3c967408d4ab7edf9
p14__gpt-5-nano__s6,GPT-5 Nano,14,6,gpt5_nano/original_outputs/generated_code/p14__gpt-5-nano__s6.py,gpt5_nano/original_outputs/responses/p14__gpt-5-nano__s6_raw.txt,gpt5_nano/original_outputs/prompts/p14_prompt.txt,8ed13c9b2acc3560319cf67c76b939e0d0e907f3d4317b0dbb27d798b835b132,8ed13c9b2acc3560319cf67c76b939e0d0e907f3d4317b0dbb27d798b835b132
p14__gpt-5-nano__s7,GPT-5 Nano,14,7,gpt5_nano/original_outputs/generated_code/p14__gpt-5-nano__s7.py,gpt5_nano/original_outputs/responses/p14__gpt-5-nano__s7_raw.txt,gpt5_nano/original_outputs/prompts/p14_prompt.txt,f1a1e11781a5efd07e71aae397785f2355d495f8c5a6a399687ba9d9bb998937,f1a1e11781a5efd07e71aae397785f2355d495f8c5a6a399687ba9d9bb998937
p14__gpt-5-nano__s8,GPT-5 Nano,14,8,gpt5_nano/original_outputs/generated_code/p14__gpt-5-nano__s8.py,gpt5_nano/original_outputs/responses/p14__gpt-5-nano__s8_raw.txt,gpt5_nano/original_outputs/prompts/p14_prompt.txt,d8364b59d516e8ae377b86b7364ec653bcdcf68fff514075a2275a783501a469,d8364b59d516e8ae377b86b7364ec653bcdcf68fff514075a2275a783501a469
p14__gpt-5-nano__s9,GPT-5 Nano,14,9,gpt5_nano/original_outputs/generated_code/p14__gpt-5-nano__s9.py,gpt5_nano/original_outputs/responses/p14__gpt-5-nano__s9_raw.txt,gpt5_nano/original_outputs/prompts/p14_prompt.txt,0809ff2227e289ffaed3f3cda793a8549bc24694a466e3bb17c314c7570162df,0809ff2227e289ffaed3f3cda793a8549bc24694a466e3bb17c314c7570162df
p15__gpt-5-nano__s0,GPT-5 Nano,15,0,gpt5_nano/original_outputs/generated_code/p15__gpt-5-nano__s0.py,gpt5_nano/original_outputs/responses/p15__gpt-5-nano__s0_raw.txt,gpt5_nano/original_outputs/prompts/p15_prompt.txt,251b4722dbfa6aee495d05ccd857b8b153d3202f507a1515bc4889ba1272b1e8,251b4722dbfa6aee495d05ccd857b8b153d3202f507a1515bc4889ba1272b1e8
p15__gpt-5-nano__s1,GPT-5 Nano,15,1,gpt5_nano/original_outputs/generated_code/p15__gpt-5-nano__s1.py,gpt5_nano/original_outputs/responses/p15__gpt-5-nano__s1_raw.txt,gpt5_nano/original_outputs/prompts/p15_prompt.txt,83e4d3c1a81ad87f40f1246ab864b9676ffe1bcad6159a4d088954b28d305d05,83e4d3c1a81ad87f40f1246ab864b9676ffe1bcad6159a4d088954b28d305d05
p15__gpt-5-nano__s2,GPT-5 Nano,15,2,gpt5_nano/original_outputs/generated_code/p15__gpt-5-nano__s2.py,gpt5_nano/original_outputs/responses/p15__gpt-5-nano__s2_raw.txt,gpt5_nano/original_outputs/prompts/p15_prompt.txt,75683b6d4ab808481c0a3c9a822379cc212af8089d9faf15f508e7740dc9bee6,75683b6d4ab808481c0a3c9a822379cc212af8089d9faf15f508e7740dc9bee6
p15__gpt-5-nano__s3,GPT-5 Nano,15,3,gpt5_nano/original_outputs/generated_code/p15__gpt-5-nano__s3.py,gpt5_nano/original_outputs/responses/p15__gpt-5-nano__s3_raw.txt,gpt5_nano/original_outputs/prompts/p15_prompt.txt,152c218dd8e5e616bdb48fca7a9cfabc6549708f676ad3dde6c7799e62d7579d,152c218dd8e5e616bdb48fca7a9cfabc6549708f676ad3dde6c7799e62d7579d
p15__gpt-5-nano__s4,GPT-5 Nano,15,4,gpt5_nano/original_outputs/generated_code/p15__gpt-5-nano__s4.py,gpt5_nano/original_outputs/responses/p15__gpt-5-nano__s4_raw.txt,gpt5_nano/original_outputs/prompts/p15_prompt.txt,aa1383fdbeca9df252a0ced77f49d5cb7941a0f94aa539fcf884a19fd3128482,aa1383fdbeca9df252a0ced77f49d5cb7941a0f94aa539fcf884a19fd3128482
p15__gpt-5-nano__s5,GPT-5 Nano,15,5,gpt5_nano/original_outputs/generated_code/p15__gpt-5-nano__s5.py,gpt5_nano/original_outputs/responses/p15__gpt-5-nano__s5_raw.txt,gpt5_nano/original_outputs/prompts/p15_prompt.txt,47adefc1ac9a09f1b502405b9e724135a4e5ba663718c499701d8209a5515cd5,47adefc1ac9a09f1b502405b9e724135a4e5ba663718c499701d8209a5515cd5
p15__gpt-5-nano__s6,GPT-5 Nano,15,6,gpt5_nano/original_outputs/generated_code/p15__gpt-5-nano__s6.py,gpt5_nano/original_outputs/responses/p15__gpt-5-nano__s6_raw.txt,gpt5_nano/original_outputs/prompts/p15_prompt.txt,6be466117c9ebb425407e97bd8691aecd9e4b1f3048326a17bdf526c2ac3f17d,6be466117c9ebb425407e97bd8691aecd9e4b1f3048326a17bdf526c2ac3f17d
p15__gpt-5-nano__s7,GPT-5 Nano,15,7,gpt5_nano/original_outputs/generated_code/p15__gpt-5-nano__s7.py,gpt5_nano/original_outputs/responses/p15__gpt-5-nano__s7_raw.txt,gpt5_nano/original_outputs/prompts/p15_prompt.txt,13f81e200f0cfbd9179330b7d152b7745da38069ecc67638f22fb34da78a4d71,13f81e200f0cfbd9179330b7d152b7745da38069ecc67638f22fb34da78a4d71
p15__gpt-5-nano__s8,GPT-5 Nano,15,8,gpt5_nano/original_outputs/generated_code/p15__gpt-5-nano__s8.py,gpt5_nano/original_outputs/responses/p15__gpt-5-nano__s8_raw.txt,gpt5_nano/original_outputs/prompts/p15_prompt.txt,47a37e289b53fe56f799d34e6b966d3fef766a2bc8fe80a52f032685323d1aa3,47a37e289b53fe56f799d34e6b966d3fef766a2bc8fe80a52f032685323d1aa3
p15__gpt-5-nano__s9,GPT-5 Nano,15,9,gpt5_nano/original_outputs/generated_code/p15__gpt-5-nano__s9.py,gpt5_nano/original_outputs/responses/p15__gpt-5-nano__s9_raw.txt,gpt5_nano/original_outputs/prompts/p15_prompt.txt,9e79e3c6a4f8de031da70239e429a96cfb914b6f8915a3d9172c5ce532bb9e30,9e79e3c6a4f8de031da70239e429a96cfb914b6f8915a3d9172c5ce532bb9e30
p16__gpt-5-nano__s0,GPT-5 Nano,16,0,gpt5_nano/original_outputs/generated_code/p16__gpt-5-nano__s0.py,gpt5_nano/original_outputs/responses/p16__gpt-5-nano__s0_raw.txt,gpt5_nano/original_outputs/prompts/p16_prompt.txt,67e77306dd7ff45c445848818fa77a28e4e47e526a49122745f28f5f5639af74,67e77306dd7ff45c445848818fa77a28e4e47e526a49122745f28f5f5639af74
p16__gpt-5-nano__s1,GPT-5 Nano,16,1,gpt5_nano/original_outputs/generated_code/p16__gpt-5-nano__s1.py,gpt5_nano/original_outputs/responses/p16__gpt-5-nano__s1_raw.txt,gpt5_nano/original_outputs/prompts/p16_prompt.txt,c23addc61e67d9613675c9f87ce2a2197979a33a9bf00dd628cfa7a27448c1a9,c23addc61e67d9613675c9f87ce2a2197979a33a9bf00dd628cfa7a27448c1a9
p16__gpt-5-nano__s2,GPT-5 Nano,16,2,gpt5_nano/original_outputs/generated_code/p16__gpt-5-nano__s2.py,gpt5_nano/original_outputs/responses/p16__gpt-5-nano__s2_raw.txt,gpt5_nano/original_outputs/prompts/p16_prompt.txt,7c0ce357409d6dc74ef32f9c01c861dd12fdec050208a2f854b3638d7ec9e67a,7c0ce357409d6dc74ef32f9c01c861dd12fdec050208a2f854b3638d7ec9e67a
p16__gpt-5-nano__s3,GPT-5 Nano,16,3,gpt5_nano/original_outputs/generated_code/p16__gpt-5-nano__s3.py,gpt5_nano/original_outputs/responses/p16__gpt-5-nano__s3_raw.txt,gpt5_nano/original_outputs/prompts/p16_prompt.txt,f6833c2828c063526b881068c58a700c048515fdea364bb0eed5ac7fe39de8b0,f6833c2828c063526b881068c58a700c048515fdea364bb0eed5ac7fe39de8b0
p16__gpt-5-nano__s4,GPT-5 Nano,16,4,gpt5_nano/original_outputs/generated_code/p16__gpt-5-nano__s4.py,gpt5_nano/original_outputs/responses/p16__gpt-5-nano__s4_raw.txt,gpt5_nano/original_outputs/prompts/p16_prompt.txt,f712cca81a08c87b1806e01edf6c95052c5dffec655764d74ca896c8f57f9e75,f712cca81a08c87b1806e01edf6c95052c5dffec655764d74ca896c8f57f9e75
p16__gpt-5-nano__s5,GPT-5 Nano,16,5,gpt5_nano/original_outputs/generated_code/p16__gpt-5-nano__s5.py,gpt5_nano/original_outputs/responses/p16__gpt-5-nano__s5_raw.txt,gpt5_nano/original_outputs/prompts/p16_prompt.txt,bf0d142aded761f96d7a5d95d1b1da6623eb372b85769959aebd41f4992fa423,bf0d142aded761f96d7a5d95d1b1da6623eb372b85769959aebd41f4992fa423
p16__gpt-5-nano__s6,GPT-5 Nano,16,6,gpt5_nano/original_outputs/generated_code/p16__gpt-5-nano__s6.py,gpt5_nano/original_outputs/responses/p16__gpt-5-nano__s6_raw.txt,gpt5_nano/original_outputs/prompts/p16_prompt.txt,25dbcf9040ad2e15d149ae9203385a0eeb1563daca292213d1a7b88531905fd3,25dbcf9040ad2e15d149ae9203385a0eeb1563daca292213d1a7b88531905fd3
p16__gpt-5-nano__s7,GPT-5 Nano,16,7,gpt5_nano/original_outputs/generated_code/p16__gpt-5-nano__s7.py,gpt5_nano/original_outputs/responses/p16__gpt-5-nano__s7_raw.txt,gpt5_nano/original_outputs/prompts/p16_prompt.txt,4561cb59c11d2ccd8198cdce4b3a89f58c0b0d9c363916481948ee7d3190583e,4561cb59c11d2ccd8198cdce4b3a89f58c0b0d9c363916481948ee7d3190583e
p16__gpt-5-nano__s8,GPT-5 Nano,16,8,gpt5_nano/original_outputs/generated_code/p16__gpt-5-nano__s8.py,gpt5_nano/original_outputs/responses/p16__gpt-5-nano__s8_raw.txt,gpt5_nano/original_outputs/prompts/p16_prompt.txt,cacf0ebee453c0226b56e85738d734c0f4f87696e59db0bd78afb53ffe36e7c2,cacf0ebee453c0226b56e85738d734c0f4f87696e59db0bd78afb53ffe36e7c2
p16__gpt-5-nano__s9,GPT-5 Nano,16,9,gpt5_nano/original_outputs/generated_code/p16__gpt-5-nano__s9.py,gpt5_nano/original_outputs/responses/p16__gpt-5-nano__s9_raw.txt,gpt5_nano/original_outputs/prompts/p16_prompt.txt,b2471cbd7f8b9f362ea30f805ffc39040f34bb0d76f49904af789994383a032a,b2471cbd7f8b9f362ea30f805ffc39040f34bb0d76f49904af789994383a032a
p17__gpt-5-nano__s0,GPT-5 Nano,17,0,gpt5_nano/original_outputs/generated_code/p17__gpt-5-nano__s0.py,gpt5_nano/original_outputs/responses/p17__gpt-5-nano__s0_raw.txt,gpt5_nano/original_outputs/prompts/p17_prompt.txt,11d376ab23fdd216294a94f3c094b0f3173031d08c0c58f5d64e159784d0faa9,11d376ab23fdd216294a94f3c094b0f3173031d08c0c58f5d64e159784d0faa9
p17__gpt-5-nano__s1,GPT-5 Nano,17,1,gpt5_nano/original_outputs/generated_code/p17__gpt-5-nano__s1.py,gpt5_nano/original_outputs/responses/p17__gpt-5-nano__s1_raw.txt,gpt5_nano/original_outputs/prompts/p17_prompt.txt,f2ca746a629148de0475664db59600be03ab564c585053b4335ba9362fa46fd8,f2ca746a629148de0475664db59600be03ab564c585053b4335ba9362fa46fd8
p17__gpt-5-nano__s2,GPT-5 Nano,17,2,gpt5_nano/original_outputs/generated_code/p17__gpt-5-nano__s2.py,gpt5_nano/original_outputs/responses/p17__gpt-5-nano__s2_raw.txt,gpt5_nano/original_outputs/prompts/p17_prompt.txt,20b5dd152591f869d48e58e0deeb3ce72109650153e797d963b847dfebbb58e5,20b5dd152591f869d48e58e0deeb3ce72109650153e797d963b847dfebbb58e5
p17__gpt-5-nano__s3,GPT-5 Nano,17,3,gpt5_nano/original_outputs/generated_code/p17__gpt-5-nano__s3.py,gpt5_nano/original_outputs/responses/p17__gpt-5-nano__s3_raw.txt,gpt5_nano/original_outputs/prompts/p17_prompt.txt,172ee7fb5a3966318d7de3eacbef62632e9bca3ebdd2a798beca5eb1cc9a1410,172ee7fb5a3966318d7de3eacbef62632e9bca3ebdd2a798beca5eb1cc9a1410
p17__gpt-5-nano__s4,GPT-5 Nano,17,4,gpt5_nano/original_outputs/generated_code/p17__gpt-5-nano__s4.py,gpt5_nano/original_outputs/responses/p17__gpt-5-nano__s4_raw.txt,gpt5_nano/original_outputs/prompts/p17_prompt.txt,37dffaa83cff595d5c5326e97c809383f0677dd877441269a3852b675262d379,37dffaa83cff595d5c5326e97c809383f0677dd877441269a3852b675262d379
p17__gpt-5-nano__s5,GPT-5 Nano,17,5,gpt5_nano/original_outputs/generated_code/p17__gpt-5-nano__s5.py,gpt5_nano/original_outputs/responses/p17__gpt-5-nano__s5_raw.txt,gpt5_nano/original_outputs/prompts/p17_prompt.txt,f8d425db24be6d259e1d7926f393975397b535269b1a0818ebce2ab7dd92b813,f8d425db24be6d259e1d7926f393975397b535269b1a0818ebce2ab7dd92b813
p17__gpt-5-nano__s6,GPT-5 Nano,17,6,gpt5_nano/original_outputs/generated_code/p17__gpt-5-nano__s6.py,gpt5_nano/original_outputs/responses/p17__gpt-5-nano__s6_raw.txt,gpt5_nano/original_outputs/prompts/p17_prompt.txt,1002458ab38a9c97bf20cedff704007e5ec236b30b7dca9cbbd94500c9ea411d,1002458ab38a9c97bf20cedff704007e5ec236b30b7dca9cbbd94500c9ea411d
p17__gpt-5-nano__s7,GPT-5 Nano,17,7,gpt5_nano/original_outputs/generated_code/p17__gpt-5-nano__s7.py,gpt5_nano/original_outputs/responses/p17__gpt-5-nano__s7_raw.txt,gpt5_nano/original_outputs/prompts/p17_prompt.txt,c5fb1a6cbb7d04c316a7b6b5521a12ca89252590e210b0ccb8f15674bdf7495c,c5fb1a6cbb7d04c316a7b6b5521a12ca89252590e210b0ccb8f15674bdf7495c
p17__gpt-5-nano__s8,GPT-5 Nano,17,8,gpt5_nano/original_outputs/generated_code/p17__gpt-5-nano__s8.py,gpt5_nano/original_outputs/responses/p17__gpt-5-nano__s8_raw.txt,gpt5_nano/original_outputs/prompts/p17_prompt.txt,10c10dff19fc0a8c3780f4aaaf9e9413a8bdff7787002e3dca6cd9794cb0a987,10c10dff19fc0a8c3780f4aaaf9e9413a8bdff7787002e3dca6cd9794cb0a987
p17__gpt-5-nano__s9,GPT-5 Nano,17,9,gpt5_nano/original_outputs/generated_code/p17__gpt-5-nano__s9.py,gpt5_nano/original_outputs/responses/p17__gpt-5-nano__s9_raw.txt,gpt5_nano/original_outputs/prompts/p17_prompt.txt,5ad2a2cf21487ff784b3bd181efacabc5a4b07974b0ae9bf226962de0d631f5a,5ad2a2cf21487ff784b3bd181efacabc5a4b07974b0ae9bf226962de0d631f5a
p18__gpt-5-nano__s0,GPT-5 Nano,18,0,gpt5_nano/original_outputs/generated_code/p18__gpt-5-nano__s0.py,gpt5_nano/original_outputs/responses/p18__gpt-5-nano__s0_raw.txt,gpt5_nano/original_outputs/prompts/p18_prompt.txt,120ad09551fe77256ef4f31388a036aac9a0e21636db7b4506322337b32e7608,120ad09551fe77256ef4f31388a036aac9a0e21636db7b4506322337b32e7608
p18__gpt-5-nano__s1,GPT-5 Nano,18,1,gpt5_nano/original_outputs/generated_code/p18__gpt-5-nano__s1.py,gpt5_nano/original_outputs/responses/p18__gpt-5-nano__s1_raw.txt,gpt5_nano/original_outputs/prompts/p18_prompt.txt,73426eeef37687f46cb4159ce53adabd7234192c23ba363b40796e1505c25c43,73426eeef37687f46cb4159ce53adabd7234192c23ba363b40796e1505c25c43
p18__gpt-5-nano__s2,GPT-5 Nano,18,2,gpt5_nano/original_outputs/generated_code/p18__gpt-5-nano__s2.py,gpt5_nano/original_outputs/responses/p18__gpt-5-nano__s2_raw.txt,gpt5_nano/original_outputs/prompts/p18_prompt.txt,c3bf6a533fada952b4b79707dce51dae87cb17859d7570fa68b424bfca303e87,c3bf6a533fada952b4b79707dce51dae87cb17859d7570fa68b424bfca303e87
p18__gpt-5-nano__s3,GPT-5 Nano,18,3,gpt5_nano/original_outputs/generated_code/p18__gpt-5-nano__s3.py,gpt5_nano/original_outputs/responses/p18__gpt-5-nano__s3_raw.txt,gpt5_nano/original_outputs/prompts/p18_prompt.txt,c935b5190e597eba5bed447853fc31353ec43f91c14e6779b729e3f7c4dad85b,c935b5190e597eba5bed447853fc31353ec43f91c14e6779b729e3f7c4dad85b
p18__gpt-5-nano__s4,GPT-5 Nano,18,4,gpt5_nano/original_outputs/generated_code/p18__gpt-5-nano__s4.py,gpt5_nano/original_outputs/responses/p18__gpt-5-nano__s4_raw.txt,gpt5_nano/original_outputs/prompts/p18_prompt.txt,079ade1641d5c745b86c7631b81b4ec52d5e7f8682dbd79f6ce05432729c42c3,079ade1641d5c745b86c7631b81b4ec52d5e7f8682dbd79f6ce05432729c42c3
p18__gpt-5-nano__s5,GPT-5 Nano,18,5,gpt5_nano/original_outputs/generated_code/p18__gpt-5-nano__s5.py,gpt5_nano/original_outputs/responses/p18__gpt-5-nano__s5_raw.txt,gpt5_nano/original_outputs/prompts/p18_prompt.txt,c5ccbe10393c2f2dc70ddc1a655f65202f1cee0cdd9e605379426c6cbc4a5d8b,c5ccbe10393c2f2dc70ddc1a655f65202f1cee0cdd9e605379426c6cbc4a5d8b
p18__gpt-5-nano__s6,GPT-5 Nano,18,6,gpt5_nano/original_outputs/generated_code/p18__gpt-5-nano__s6.py,gpt5_nano/original_outputs/responses/p18__gpt-5-nano__s6_raw.txt,gpt5_nano/original_outputs/prompts/p18_prompt.txt,21bec1dfec65c640779e58d8fc6b0a8041ee2aa8896f8e3c8b75381f25aef8ae,21bec1dfec65c640779e58d8fc6b0a8041ee2aa8896f8e3c8b75381f25aef8ae
p18__gpt-5-nano__s7,GPT-5 Nano,18,7,gpt5_nano/original_outputs/generated_code/p18__gpt-5-nano__s7.py,gpt5_nano/original_outputs/responses/p18__gpt-5-nano__s7_raw.txt,gpt5_nano/original_outputs/prompts/p18_prompt.txt,ca9dfe7b1f609bc182933d0340f94faf52f0669c03316d03bc4dd6b247639a9e,ca9dfe7b1f609bc182933d0340f94faf52f0669c03316d03bc4dd6b247639a9e
p18__gpt-5-nano__s8,GPT-5 Nano,18,8,gpt5_nano/original_outputs/generated_code/p18__gpt-5-nano__s8.py,gpt5_nano/original_outputs/responses/p18__gpt-5-nano__s8_raw.txt,gpt5_nano/original_outputs/prompts/p18_prompt.txt,85d43e5a8cfc0166024434cb7596d0c97116fb43e40839858815bee06afccad7,85d43e5a8cfc0166024434cb7596d0c97116fb43e40839858815bee06afccad7
p18__gpt-5-nano__s9,GPT-5 Nano,18,9,gpt5_nano/original_outputs/generated_code/p18__gpt-5-nano__s9.py,gpt5_nano/original_outputs/responses/p18__gpt-5-nano__s9_raw.txt,gpt5_nano/original_outputs/prompts/p18_prompt.txt,19b6dcb6d45f919d8e9551386bbc2a74960f3a1ae49ae274080369dc7fa19bf7,19b6dcb6d45f919d8e9551386bbc2a74960f3a1ae49ae274080369dc7fa19bf7
p19__gpt-5-nano__s0,GPT-5 Nano,19,0,gpt5_nano/original_outputs/generated_code/p19__gpt-5-nano__s0.py,gpt5_nano/original_outputs/responses/p19__gpt-5-nano__s0_raw.txt,gpt5_nano/original_outputs/prompts/p19_prompt.txt,4ec946ad30190f3c90cd9563828e7750afbc73d247822e454a57501c895a2d64,4ec946ad30190f3c90cd9563828e7750afbc73d247822e454a57501c895a2d64
p19__gpt-5-nano__s1,GPT-5 Nano,19,1,gpt5_nano/original_outputs/generated_code/p19__gpt-5-nano__s1.py,gpt5_nano/original_outputs/responses/p19__gpt-5-nano__s1_raw.txt,gpt5_nano/original_outputs/prompts/p19_prompt.txt,dbb1c28be66ca531027c94a15eede854c62a4aa9f23ad768bd3dcc14ca591160,dbb1c28be66ca531027c94a15eede854c62a4aa9f23ad768bd3dcc14ca591160
p19__gpt-5-nano__s2,GPT-5 Nano,19,2,gpt5_nano/original_outputs/generated_code/p19__gpt-5-nano__s2.py,gpt5_nano/original_outputs/responses/p19__gpt-5-nano__s2_raw.txt,gpt5_nano/original_outputs/prompts/p19_prompt.txt,a2b7b6e8d296f5f00e8b5c7d15198c64bfd380a39ad3da892c74f2a20e240e2b,a2b7b6e8d296f5f00e8b5c7d15198c64bfd380a39ad3da892c74f2a20e240e2b
p19__gpt-5-nano__s3,GPT-5 Nano,19,3,gpt5_nano/original_outputs/generated_code/p19__gpt-5-nano__s3.py,gpt5_nano/original_outputs/responses/p19__gpt-5-nano__s3_raw.txt,gpt5_nano/original_outputs/prompts/p19_prompt.txt,11a4d5bc81a5f0ca799ac641fe05ac9c7f7e5fde1bf7c6fd66b77be4ecba1e39,11a4d5bc81a5f0ca799ac641fe05ac9c7f7e5fde1bf7c6fd66b77be4ecba1e39
p19__gpt-5-nano__s4,GPT-5 Nano,19,4,gpt5_nano/original_outputs/generated_code/p19__gpt-5-nano__s4.py,gpt5_nano/original_outputs/responses/p19__gpt-5-nano__s4_raw.txt,gpt5_nano/original_outputs/prompts/p19_prompt.txt,e36cc1627a54704b39c59da248ae5394a68004e943c59e05f8f608f8e0813373,e36cc1627a54704b39c59da248ae5394a68004e943c59e05f8f608f8e0813373
p19__gpt-5-nano__s5,GPT-5 Nano,19,5,gpt5_nano/original_outputs/generated_code/p19__gpt-5-nano__s5.py,gpt5_nano/original_outputs/responses/p19__gpt-5-nano__s5_raw.txt,gpt5_nano/original_outputs/prompts/p19_prompt.txt,b78b60de4c6fe64cc70e7614236808269ca057340942eb5addb86203f88d43b9,b78b60de4c6fe64cc70e7614236808269ca057340942eb5addb86203f88d43b9
p19__gpt-5-nano__s6,GPT-5 Nano,19,6,gpt5_nano/original_outputs/generated_code/p19__gpt-5-nano__s6.py,gpt5_nano/original_outputs/responses/p19__gpt-5-nano__s6_raw.txt,gpt5_nano/original_outputs/prompts/p19_prompt.txt,fc8e730ea208779eed7d48476faf2ec0398b44b83eebcb244ceadfa3542624e5,fc8e730ea208779eed7d48476faf2ec0398b44b83eebcb244ceadfa3542624e5
p19__gpt-5-nano__s7,GPT-5 Nano,19,7,gpt5_nano/original_outputs/generated_code/p19__gpt-5-nano__s7.py,gpt5_nano/original_outputs/responses/p19__gpt-5-nano__s7_raw.txt,gpt5_nano/original_outputs/prompts/p19_prompt.txt,81fe613351d277fdb1e8c032d399804e1993de7971e44051720c0a0da7b13820,81fe613351d277fdb1e8c032d399804e1993de7971e44051720c0a0da7b13820
p19__gpt-5-nano__s8,GPT-5 Nano,19,8,gpt5_nano/original_outputs/generated_code/p19__gpt-5-nano__s8.py,gpt5_nano/original_outputs/responses/p19__gpt-5-nano__s8_raw.txt,gpt5_nano/original_outputs/prompts/p19_prompt.txt,d136dfdd43784ac7a6cd7d5d0cff5c8a9209153feee64ac755b3ba1b6592876c,d136dfdd43784ac7a6cd7d5d0cff5c8a9209153feee64ac755b3ba1b6592876c
p19__gpt-5-nano__s9,GPT-5 Nano,19,9,gpt5_nano/original_outputs/generated_code/p19__gpt-5-nano__s9.py,gpt5_nano/original_outputs/responses/p19__gpt-5-nano__s9_raw.txt,gpt5_nano/original_outputs/prompts/p19_prompt.txt,48f71b820075270232df2e39cdf78b0d55b2d87dd4e15a3601ddf21ebf3521bc,48f71b820075270232df2e39cdf78b0d55b2d87dd4e15a3601ddf21ebf3521bc
p20__gpt-5-nano__s0,GPT-5 Nano,20,0,gpt5_nano/original_outputs/generated_code/p20__gpt-5-nano__s0.py,gpt5_nano/original_outputs/responses/p20__gpt-5-nano__s0_raw.txt,gpt5_nano/original_outputs/prompts/p20_prompt.txt,6b41769be36bd417f9020ba03c064c2fdb62636062a0d6a294727ab407d1b52f,6b41769be36bd417f9020ba03c064c2fdb62636062a0d6a294727ab407d1b52f
p20__gpt-5-nano__s1,GPT-5 Nano,20,1,gpt5_nano/original_outputs/generated_code/p20__gpt-5-nano__s1.py,gpt5_nano/original_outputs/responses/p20__gpt-5-nano__s1_raw.txt,gpt5_nano/original_outputs/prompts/p20_prompt.txt,f1df8b19d14dfcdabd911374d2ea72a04048669312af6109a7fb26f0a6d97415,f1df8b19d14dfcdabd911374d2ea72a04048669312af6109a7fb26f0a6d97415
p20__gpt-5-nano__s2,GPT-5 Nano,20,2,gpt5_nano/original_outputs/generated_code/p20__gpt-5-nano__s2.py,gpt5_nano/original_outputs/responses/p20__gpt-5-nano__s2_raw.txt,gpt5_nano/original_outputs/prompts/p20_prompt.txt,e5adc176a8349435c3631ba5c3f4c1685bc20d2b167312e94b65a7080817270e,e5adc176a8349435c3631ba5c3f4c1685bc20d2b167312e94b65a7080817270e
p20__gpt-5-nano__s3,GPT-5 Nano,20,3,gpt5_nano/original_outputs/generated_code/p20__gpt-5-nano__s3.py,gpt5_nano/original_outputs/responses/p20__gpt-5-nano__s3_raw.txt,gpt5_nano/original_outputs/prompts/p20_prompt.txt,6ebe9d87938173fb2608ff396f843e9a67c3e032d293ae7b0318d259a418e4e5,6ebe9d87938173fb2608ff396f843e9a67c3e032d293ae7b0318d259a418e4e5
p20__gpt-5-nano__s4,GPT-5 Nano,20,4,gpt5_nano/original_outputs/generated_code/p20__gpt-5-nano__s4.py,gpt5_nano/original_outputs/responses/p20__gpt-5-nano__s4_raw.txt,gpt5_nano/original_outputs/prompts/p20_prompt.txt,c6c5616dcbb08071a670eaa0e422bce1369b0df19c336ecc589edfa09d923ab5,c6c5616dcbb08071a670eaa0e422bce1369b0df19c336ecc589edfa09d923ab5
p20__gpt-5-nano__s5,GPT-5 Nano,20,5,gpt5_nano/original_outputs/generated_code/p20__gpt-5-nano__s5.py,gpt5_nano/original_outputs/responses/p20__gpt-5-nano__s5_raw.txt,gpt5_nano/original_outputs/prompts/p20_prompt.txt,c066d0a97cedbf485898c07e3d207a237483054180666d90aaa76973c73f5bd9,c066d0a97cedbf485898c07e3d207a237483054180666d90aaa76973c73f5bd9
p20__gpt-5-nano__s6,GPT-5 Nano,20,6,gpt5_nano/original_outputs/generated_code/p20__gpt-5-nano__s6.py,gpt5_nano/original_outputs/responses/p20__gpt-5-nano__s6_raw.txt,gpt5_nano/original_outputs/prompts/p20_prompt.txt,562133489e88ae5ff85b495c2bb3b6cb9527ec1fdb06abe8b71abfdc694801e8,562133489e88ae5ff85b495c2bb3b6cb9527ec1fdb06abe8b71abfdc694801e8
p20__gpt-5-nano__s7,GPT-5 Nano,20,7,gpt5_nano/original_outputs/generated_code/p20__gpt-5-nano__s7.py,gpt5_nano/original_outputs/responses/p20__gpt-5-nano__s7_raw.txt,gpt5_nano/original_outputs/prompts/p20_prompt.txt,e48387cfc3c3d3fef10438dc91a96295726dd103874c93df6b6ef00e7259cec3,e48387cfc3c3d3fef10438dc91a96295726dd103874c93df6b6ef00e7259cec3
p20__gpt-5-nano__s8,GPT-5 Nano,20,8,gpt5_nano/original_outputs/generated_code/p20__gpt-5-nano__s8.py,gpt5_nano/original_outputs/responses/p20__gpt-5-nano__s8_raw.txt,gpt5_nano/original_outputs/prompts/p20_prompt.txt,cece4241ff5250e1006a65482c457181a32244fb30fd0cbfbeb99e893b8e383a,cece4241ff5250e1006a65482c457181a32244fb30fd0cbfbeb99e893b8e383a
p20__gpt-5-nano__s9,GPT-5 Nano,20,9,gpt5_nano/original_outputs/generated_code/p20__gpt-5-nano__s9.py,gpt5_nano/original_outputs/responses/p20__gpt-5-nano__s9_raw.txt,gpt5_nano/original_outputs/prompts/p20_prompt.txt,87b5e7ee20bcbe463a6ff6e3ee1adcb392d3a4abd32d859cef294e3da0d40bf5,87b5e7ee20bcbe463a6ff6e3ee1adcb392d3a4abd32d859cef294e3da0d40bf5
p21__gpt-5-nano__s0,GPT-5 Nano,21,0,gpt5_nano/original_outputs/generated_code/p21__gpt-5-nano__s0.py,gpt5_nano/original_outputs/responses/p21__gpt-5-nano__s0_raw.txt,gpt5_nano/original_outputs/prompts/p21_prompt.txt,a4dbf17caa473f8f35bc76685ce6d19a57595ac49f499180f9abcb9a02798ca4,a4dbf17caa473f8f35bc76685ce6d19a57595ac49f499180f9abcb9a02798ca4
p21__gpt-5-nano__s1,GPT-5 Nano,21,1,gpt5_nano/original_outputs/generated_code/p21__gpt-5-nano__s1.py,gpt5_nano/original_outputs/responses/p21__gpt-5-nano__s1_raw.txt,gpt5_nano/original_outputs/prompts/p21_prompt.txt,d447f75e8b709c4ccdea0d3692852b0fbbb296b71f0d02ce5cc17752d6534994,d447f75e8b709c4ccdea0d3692852b0fbbb296b71f0d02ce5cc17752d6534994
p21__gpt-5-nano__s2,GPT-5 Nano,21,2,gpt5_nano/original_outputs/generated_code/p21__gpt-5-nano__s2.py,gpt5_nano/original_outputs/responses/p21__gpt-5-nano__s2_raw.txt,gpt5_nano/original_outputs/prompts/p21_prompt.txt,060db33e7bd64fcb149bddb54ae6ea700a9605577fb9b0d5bee6ec943ef8ee72,060db33e7bd64fcb149bddb54ae6ea700a9605577fb9b0d5bee6ec943ef8ee72
p21__gpt-5-nano__s3,GPT-5 Nano,21,3,gpt5_nano/original_outputs/generated_code/p21__gpt-5-nano__s3.py,gpt5_nano/original_outputs/responses/p21__gpt-5-nano__s3_raw.txt,gpt5_nano/original_outputs/prompts/p21_prompt.txt,0c34eb2d2ce94a9cd03c4f307a2ceb7ab1030ebbdae96ec0682fde54b6fcb740,0c34eb2d2ce94a9cd03c4f307a2ceb7ab1030ebbdae96ec0682fde54b6fcb740
p21__gpt-5-nano__s4,GPT-5 Nano,21,4,gpt5_nano/original_outputs/generated_code/p21__gpt-5-nano__s4.py,gpt5_nano/original_outputs/responses/p21__gpt-5-nano__s4_raw.txt,gpt5_nano/original_outputs/prompts/p21_prompt.txt,31da1382873f38ef34d482bf748ce1ac48349873e296b4c3ee3de07c50b890db,31da1382873f38ef34d482bf748ce1ac48349873e296b4c3ee3de07c50b890db
p21__gpt-5-nano__s5,GPT-5 Nano,21,5,gpt5_nano/original_outputs/generated_code/p21__gpt-5-nano__s5.py,gpt5_nano/original_outputs/responses/p21__gpt-5-nano__s5_raw.txt,gpt5_nano/original_outputs/prompts/p21_prompt.txt,4870ef66a0b93b1947decb4e539517d4760775ce54a4c9eb1cded39f18c01de5,4870ef66a0b93b1947decb4e539517d4760775ce54a4c9eb1cded39f18c01de5
p21__gpt-5-nano__s6,GPT-5 Nano,21,6,gpt5_nano/original_outputs/generated_code/p21__gpt-5-nano__s6.py,gpt5_nano/original_outputs/responses/p21__gpt-5-nano__s6_raw.txt,gpt5_nano/original_outputs/prompts/p21_prompt.txt,14b752a595b1dcda7da0bf01469ffb3312a10990b997e2ee4df55bb2cba3abe2,14b752a595b1dcda7da0bf01469ffb3312a10990b997e2ee4df55bb2cba3abe2
p21__gpt-5-nano__s7,GPT-5 Nano,21,7,gpt5_nano/original_outputs/generated_code/p21__gpt-5-nano__s7.py,gpt5_nano/original_outputs/responses/p21__gpt-5-nano__s7_raw.txt,gpt5_nano/original_outputs/prompts/p21_prompt.txt,600cbc56df1bb1b96fa74abcb03145d7d596b0a0f5ea4d9b9a2674a5697e1623,600cbc56df1bb1b96fa74abcb03145d7d596b0a0f5ea4d9b9a2674a5697e1623
p21__gpt-5-nano__s8,GPT-5 Nano,21,8,gpt5_nano/original_outputs/generated_code/p21__gpt-5-nano__s8.py,gpt5_nano/original_outputs/responses/p21__gpt-5-nano__s8_raw.txt,gpt5_nano/original_outputs/prompts/p21_prompt.txt,edcf5abf5aa209e9ab4c7a1b2edc189fa531eb53c259b3479e98b4f0641e6091,edcf5abf5aa209e9ab4c7a1b2edc189fa531eb53c259b3479e98b4f0641e6091
p21__gpt-5-nano__s9,GPT-5 Nano,21,9,gpt5_nano/original_outputs/generated_code/p21__gpt-5-nano__s9.py,gpt5_nano/original_outputs/responses/p21__gpt-5-nano__s9_raw.txt,gpt5_nano/original_outputs/prompts/p21_prompt.txt,171bdf3327489e9f1b074917975fb6aa36cf308d48d1542e10ad16879d49df42,171bdf3327489e9f1b074917975fb6aa36cf308d48d1542e10ad16879d49df42
p22__gpt-5-nano__s0,GPT-5 Nano,22,0,gpt5_nano/original_outputs/generated_code/p22__gpt-5-nano__s0.py,gpt5_nano/original_outputs/responses/p22__gpt-5-nano__s0_raw.txt,gpt5_nano/original_outputs/prompts/p22_prompt.txt,e39eeba5ebd46a5990fd48a103b8a21572aabf7cfa4fa2f026dcfe53236efff0,e39eeba5ebd46a5990fd48a103b8a21572aabf7cfa4fa2f026dcfe53236efff0
p22__gpt-5-nano__s1,GPT-5 Nano,22,1,gpt5_nano/original_outputs/generated_code/p22__gpt-5-nano__s1.py,gpt5_nano/original_outputs/responses/p22__gpt-5-nano__s1_raw.txt,gpt5_nano/original_outputs/prompts/p22_prompt.txt,acbf40faeae89ff61ad1a4ef5f956a714e4f75da356a38301673f5f6ef8ef95b,acbf40faeae89ff61ad1a4ef5f956a714e4f75da356a38301673f5f6ef8ef95b
p22__gpt-5-nano__s2,GPT-5 Nano,22,2,gpt5_nano/original_outputs/generated_code/p22__gpt-5-nano__s2.py,gpt5_nano/original_outputs/responses/p22__gpt-5-nano__s2_raw.txt,gpt5_nano/original_outputs/prompts/p22_prompt.txt,e3b0c44298fc1c149afbf4c8996fb92427ae41e4649b934ca495991b7852b855,e3b0c44298fc1c149afbf4c8996fb92427ae41e4649b934ca495991b7852b855
p22__gpt-5-nano__s3,GPT-5 Nano,22,3,gpt5_nano/original_outputs/generated_code/p22__gpt-5-nano__s3.py,gpt5_nano/original_outputs/responses/p22__gpt-5-nano__s3_raw.txt,gpt5_nano/original_outputs/prompts/p22_prompt.txt,634dae85fdda7c261897e0ef73bc3f4c56438d61565e29fb9df3370ba32127b9,634dae85fdda7c261897e0ef73bc3f4c56438d61565e29fb9df3370ba32127b9
p22__gpt-5-nano__s4,GPT-5 Nano,22,4,gpt5_nano/original_outputs/generated_code/p22__gpt-5-nano__s4.py,gpt5_nano/original_outputs/responses/p22__gpt-5-nano__s4_raw.txt,gpt5_nano/original_outputs/prompts/p22_prompt.txt,88adce71c07aff04311c7bb4bf7ace8e77580c5db0a3d605c4c40a7ffbd9efe7,88adce71c07aff04311c7bb4bf7ace8e77580c5db0a3d605c4c40a7ffbd9efe7
p22__gpt-5-nano__s5,GPT-5 Nano,22,5,gpt5_nano/original_outputs/generated_code/p22__gpt-5-nano__s5.py,gpt5_nano/original_outputs/responses/p22__gpt-5-nano__s5_raw.txt,gpt5_nano/original_outputs/prompts/p22_prompt.txt,d336f643d5ec03e2ec135bddae62c9d30d53cf9cc7fa72caee925bfb10cc7eb9,d336f643d5ec03e2ec135bddae62c9d30d53cf9cc7fa72caee925bfb10cc7eb9
p22__gpt-5-nano__s6,GPT-5 Nano,22,6,gpt5_nano/original_outputs/generated_code/p22__gpt-5-nano__s6.py,gpt5_nano/original_outputs/responses/p22__gpt-5-nano__s6_raw.txt,gpt5_nano/original_outputs/prompts/p22_prompt.txt,6908ad98c5de23ef64db44730701887dfb2e45317c8493fe0725b91db638c4c6,6f651935f4fd5b651d73fb4dc48b1aa147a48a87f21f2a7e1335d2cafd8abbdb
p22__gpt-5-nano__s7,GPT-5 Nano,22,7,gpt5_nano/original_outputs/generated_code/p22__gpt-5-nano__s7.py,gpt5_nano/original_outputs/responses/p22__gpt-5-nano__s7_raw.txt,gpt5_nano/original_outputs/prompts/p22_prompt.txt,2dac6ea4b084f228c4a094f447e87878d14d0335d6628ce735f39a51f31b0dda,2dac6ea4b084f228c4a094f447e87878d14d0335d6628ce735f39a51f31b0dda
p22__gpt-5-nano__s8,GPT-5 Nano,22,8,gpt5_nano/original_outputs/generated_code/p22__gpt-5-nano__s8.py,gpt5_nano/original_outputs/responses/p22__gpt-5-nano__s8_raw.txt,gpt5_nano/original_outputs/prompts/p22_prompt.txt,3a379af41c5ac01f14fda89fb718aadd5c412986f015b3766d590db4a1237edb,3a379af41c5ac01f14fda89fb718aadd5c412986f015b3766d590db4a1237edb
p22__gpt-5-nano__s9,GPT-5 Nano,22,9,gpt5_nano/original_outputs/generated_code/p22__gpt-5-nano__s9.py,gpt5_nano/original_outputs/responses/p22__gpt-5-nano__s9_raw.txt,gpt5_nano/original_outputs/prompts/p22_prompt.txt,bed22a438205d9a890e60a118e620caaa82387c0b29be095fcac99c1f7134292,bed22a438205d9a890e60a118e620caaa82387c0b29be095fcac99c1f7134292
p23__gpt-5-nano__s0,GPT-5 Nano,23,0,gpt5_nano/original_outputs/generated_code/p23__gpt-5-nano__s0.py,gpt5_nano/original_outputs/responses/p23__gpt-5-nano__s0_raw.txt,gpt5_nano/original_outputs/prompts/p23_prompt.txt,4a385620ec168539473ce657c860308a92421bc6b19fdb37f8b0fe718846b86e,4a385620ec168539473ce657c860308a92421bc6b19fdb37f8b0fe718846b86e
p23__gpt-5-nano__s1,GPT-5 Nano,23,1,gpt5_nano/original_outputs/generated_code/p23__gpt-5-nano__s1.py,gpt5_nano/original_outputs/responses/p23__gpt-5-nano__s1_raw.txt,gpt5_nano/original_outputs/prompts/p23_prompt.txt,8c48dd641c03e30a250839b891831181246346cc1019be7732214371d3898785,8c48dd641c03e30a250839b891831181246346cc1019be7732214371d3898785
p23__gpt-5-nano__s2,GPT-5 Nano,23,2,gpt5_nano/original_outputs/generated_code/p23__gpt-5-nano__s2.py,gpt5_nano/original_outputs/responses/p23__gpt-5-nano__s2_raw.txt,gpt5_nano/original_outputs/prompts/p23_prompt.txt,188b56b408c621e210f0bfe41974b8b1b9b927caaa3f0aa8f3fdc9d1f25d469d,188b56b408c621e210f0bfe41974b8b1b9b927caaa3f0aa8f3fdc9d1f25d469d
p23__gpt-5-nano__s3,GPT-5 Nano,23,3,gpt5_nano/original_outputs/generated_code/p23__gpt-5-nano__s3.py,gpt5_nano/original_outputs/responses/p23__gpt-5-nano__s3_raw.txt,gpt5_nano/original_outputs/prompts/p23_prompt.txt,f37614c68d0db6bcf83d71f052fd8cf8893dc1d61eb0890719f19a6b05787362,f37614c68d0db6bcf83d71f052fd8cf8893dc1d61eb0890719f19a6b05787362
p23__gpt-5-nano__s4,GPT-5 Nano,23,4,gpt5_nano/original_outputs/generated_code/p23__gpt-5-nano__s4.py,gpt5_nano/original_outputs/responses/p23__gpt-5-nano__s4_raw.txt,gpt5_nano/original_outputs/prompts/p23_prompt.txt,5738118630384d98b3ce6601751dafc6e05cb847a88c98bc0c54b319fc1f2830,5738118630384d98b3ce6601751dafc6e05cb847a88c98bc0c54b319fc1f2830
p23__gpt-5-nano__s5,GPT-5 Nano,23,5,gpt5_nano/original_outputs/generated_code/p23__gpt-5-nano__s5.py,gpt5_nano/original_outputs/responses/p23__gpt-5-nano__s5_raw.txt,gpt5_nano/original_outputs/prompts/p23_prompt.txt,3bd048eae926acfcc9d86735e3a42f0a759061ed4460ebb44b6b19cee1aa1b2a,3bd048eae926acfcc9d86735e3a42f0a759061ed4460ebb44b6b19cee1aa1b2a
p23__gpt-5-nano__s6,GPT-5 Nano,23,6,gpt5_nano/original_outputs/generated_code/p23__gpt-5-nano__s6.py,gpt5_nano/original_outputs/responses/p23__gpt-5-nano__s6_raw.txt,gpt5_nano/original_outputs/prompts/p23_prompt.txt,c4aae3d0f63bb8864ad6d80b08c2e77ada68f487b99614129fc1a823fab37bec,c4aae3d0f63bb8864ad6d80b08c2e77ada68f487b99614129fc1a823fab37bec
p23__gpt-5-nano__s7,GPT-5 Nano,23,7,gpt5_nano/original_outputs/generated_code/p23__gpt-5-nano__s7.py,gpt5_nano/original_outputs/responses/p23__gpt-5-nano__s7_raw.txt,gpt5_nano/original_outputs/prompts/p23_prompt.txt,e33faa91dd9958178de16b4e8e38dc61a972cd19569bee0da07f3b06d15a357f,e33faa91dd9958178de16b4e8e38dc61a972cd19569bee0da07f3b06d15a357f
p23__gpt-5-nano__s8,GPT-5 Nano,23,8,gpt5_nano/original_outputs/generated_code/p23__gpt-5-nano__s8.py,gpt5_nano/original_outputs/responses/p23__gpt-5-nano__s8_raw.txt,gpt5_nano/original_outputs/prompts/p23_prompt.txt,01d47a9b75478555d890b31f0c6960c6afeabf7d64d0fb1940daee1abb3a8bb3,01d47a9b75478555d890b31f0c6960c6afeabf7d64d0fb1940daee1abb3a8bb3
p23__gpt-5-nano__s9,GPT-5 Nano,23,9,gpt5_nano/original_outputs/generated_code/p23__gpt-5-nano__s9.py,gpt5_nano/original_outputs/responses/p23__gpt-5-nano__s9_raw.txt,gpt5_nano/original_outputs/prompts/p23_prompt.txt,a818ca53fa01ddfa6e6f6cdd76dffef20c946bdb470683488b6b3361225d3ab5,a818ca53fa01ddfa6e6f6cdd76dffef20c946bdb470683488b6b3361225d3ab5
p24__gpt-5-nano__s0,GPT-5 Nano,24,0,gpt5_nano/original_outputs/generated_code/p24__gpt-5-nano__s0.py,gpt5_nano/original_outputs/responses/p24__gpt-5-nano__s0_raw.txt,gpt5_nano/original_outputs/prompts/p24_prompt.txt,3cb8d3814b214069436a40c8b2ba920c7b9fae99b74b78f691dd7ab9b2c284d8,3cb8d3814b214069436a40c8b2ba920c7b9fae99b74b78f691dd7ab9b2c284d8
p24__gpt-5-nano__s1,GPT-5 Nano,24,1,gpt5_nano/original_outputs/generated_code/p24__gpt-5-nano__s1.py,gpt5_nano/original_outputs/responses/p24__gpt-5-nano__s1_raw.txt,gpt5_nano/original_outputs/prompts/p24_prompt.txt,6795e55e7f5b56747c825467d20d0737003ab71fbd413504ea62612391690ac2,6795e55e7f5b56747c825467d20d0737003ab71fbd413504ea62612391690ac2
p24__gpt-5-nano__s2,GPT-5 Nano,24,2,gpt5_nano/original_outputs/generated_code/p24__gpt-5-nano__s2.py,gpt5_nano/original_outputs/responses/p24__gpt-5-nano__s2_raw.txt,gpt5_nano/original_outputs/prompts/p24_prompt.txt,9e7b7b51b48b07f81a9c0339c58568318553910901b4431fac1c3bee23182b79,9e7b7b51b48b07f81a9c0339c58568318553910901b4431fac1c3bee23182b79
p24__gpt-5-nano__s3,GPT-5 Nano,24,3,gpt5_nano/original_outputs/generated_code/p24__gpt-5-nano__s3.py,gpt5_nano/original_outputs/responses/p24__gpt-5-nano__s3_raw.txt,gpt5_nano/original_outputs/prompts/p24_prompt.txt,1ef9fd9e43b90e17e4f3fdb1c3c722339015f5d03352fc5f732efc9a31dd39d3,1ef9fd9e43b90e17e4f3fdb1c3c722339015f5d03352fc5f732efc9a31dd39d3
p24__gpt-5-nano__s4,GPT-5 Nano,24,4,gpt5_nano/original_outputs/generated_code/p24__gpt-5-nano__s4.py,gpt5_nano/original_outputs/responses/p24__gpt-5-nano__s4_raw.txt,gpt5_nano/original_outputs/prompts/p24_prompt.txt,7afa85811fd3d0da2fec1693d96149f47fd9e3924727a4fd1059c0bc933c62b0,7afa85811fd3d0da2fec1693d96149f47fd9e3924727a4fd1059c0bc933c62b0
p24__gpt-5-nano__s5,GPT-5 Nano,24,5,gpt5_nano/original_outputs/generated_code/p24__gpt-5-nano__s5.py,gpt5_nano/original_outputs/responses/p24__gpt-5-nano__s5_raw.txt,gpt5_nano/original_outputs/prompts/p24_prompt.txt,f1865a1c0b3588831024a7d5fc3523aa8c7cd9eb96b68b2445d7e367bc147997,f1865a1c0b3588831024a7d5fc3523aa8c7cd9eb96b68b2445d7e367bc147997
p24__gpt-5-nano__s6,GPT-5 Nano,24,6,gpt5_nano/original_outputs/generated_code/p24__gpt-5-nano__s6.py,gpt5_nano/original_outputs/responses/p24__gpt-5-nano__s6_raw.txt,gpt5_nano/original_outputs/prompts/p24_prompt.txt,53c071eb7a7dcfe3ecd20a7f4d62c4aa7b10c774f6be02168147c46d1e745fa3,53c071eb7a7dcfe3ecd20a7f4d62c4aa7b10c774f6be02168147c46d1e745fa3
p24__gpt-5-nano__s7,GPT-5 Nano,24,7,gpt5_nano/original_outputs/generated_code/p24__gpt-5-nano__s7.py,gpt5_nano/original_outputs/responses/p24__gpt-5-nano__s7_raw.txt,gpt5_nano/original_outputs/prompts/p24_prompt.txt,0aa2f761cc7467cc5142392f1a9800c61fe2914d91b8bfcfe80d8182144a89da,0aa2f761cc7467cc5142392f1a9800c61fe2914d91b8bfcfe80d8182144a89da
p24__gpt-5-nano__s8,GPT-5 Nano,24,8,gpt5_nano/original_outputs/generated_code/p24__gpt-5-nano__s8.py,gpt5_nano/original_outputs/responses/p24__gpt-5-nano__s8_raw.txt,gpt5_nano/original_outputs/prompts/p24_prompt.txt,6f6b489236509d57a58cb45a637c050df452ece556766189f88f8fca393c623a,6f6b489236509d57a58cb45a637c050df452ece556766189f88f8fca393c623a
p24__gpt-5-nano__s9,GPT-5 Nano,24,9,gpt5_nano/original_outputs/generated_code/p24__gpt-5-nano__s9.py,gpt5_nano/original_outputs/responses/p24__gpt-5-nano__s9_raw.txt,gpt5_nano/original_outputs/prompts/p24_prompt.txt,0cd0febf81a5b76a378bf1eaaf36c8fccb390d936a37f6b6ec5a3e78e3fc69cc,0cd0febf81a5b76a378bf1eaaf36c8fccb390d936a37f6b6ec5a3e78e3fc69cc
p25__gpt-5-nano__s0,GPT-5 Nano,25,0,gpt5_nano/original_outputs/generated_code/p25__gpt-5-nano__s0.py,gpt5_nano/original_outputs/responses/p25__gpt-5-nano__s0_raw.txt,gpt5_nano/original_outputs/prompts/p25_prompt.txt,e69212946fd2607d386ff178f19fcf956d8748eb2583f7d6ed8027c8ad563f12,229aabe243c6b1ef80229c6217960337c0af80bc84387729b41635fc45b71c92
p25__gpt-5-nano__s1,GPT-5 Nano,25,1,gpt5_nano/original_outputs/generated_code/p25__gpt-5-nano__s1.py,gpt5_nano/original_outputs/responses/p25__gpt-5-nano__s1_raw.txt,gpt5_nano/original_outputs/prompts/p25_prompt.txt,e3b0c44298fc1c149afbf4c8996fb92427ae41e4649b934ca495991b7852b855,e3b0c44298fc1c149afbf4c8996fb92427ae41e4649b934ca495991b7852b855
p25__gpt-5-nano__s2,GPT-5 Nano,25,2,gpt5_nano/original_outputs/generated_code/p25__gpt-5-nano__s2.py,gpt5_nano/original_outputs/responses/p25__gpt-5-nano__s2_raw.txt,gpt5_nano/original_outputs/prompts/p25_prompt.txt,603dbfeadbdda8e3dad989454d5b72c2a5527286380e531a7b561038757def22,603dbfeadbdda8e3dad989454d5b72c2a5527286380e531a7b561038757def22
p25__gpt-5-nano__s3,GPT-5 Nano,25,3,gpt5_nano/original_outputs/generated_code/p25__gpt-5-nano__s3.py,gpt5_nano/original_outputs/responses/p25__gpt-5-nano__s3_raw.txt,gpt5_nano/original_outputs/prompts/p25_prompt.txt,e3b0c44298fc1c149afbf4c8996fb92427ae41e4649b934ca495991b7852b855,e3b0c44298fc1c149afbf4c8996fb92427ae41e4649b934ca495991b7852b855
p25__gpt-5-nano__s4,GPT-5 Nano,25,4,gpt5_nano/original_outputs/generated_code/p25__gpt-5-nano__s4.py,gpt5_nano/original_outputs/responses/p25__gpt-5-nano__s4_raw.txt,gpt5_nano/original_outputs/prompts/p25_prompt.txt,05f7bcaa85b51313c90dd449c2f01c282fb7a38b6e44fef9ec513d7178c0b392,05f7bcaa85b51313c90dd449c2f01c282fb7a38b6e44fef9ec513d7178c0b392
p25__gpt-5-nano__s5,GPT-5 Nano,25,5,gpt5_nano/original_outputs/generated_code/p25__gpt-5-nano__s5.py,gpt5_nano/original_outputs/responses/p25__gpt-5-nano__s5_raw.txt,gpt5_nano/original_outputs/prompts/p25_prompt.txt,f33b41bf5407d76da67f5837ea755f6d86e7fd7e749c7d40f4e5c306cb6dd103,f33b41bf5407d76da67f5837ea755f6d86e7fd7e749c7d40f4e5c306cb6dd103
p25__gpt-5-nano__s6,GPT-5 Nano,25,6,gpt5_nano/original_outputs/generated_code/p25__gpt-5-nano__s6.py,gpt5_nano/original_outputs/responses/p25__gpt-5-nano__s6_raw.txt,gpt5_nano/original_outputs/prompts/p25_prompt.txt,7a4c2dd9d050cd99ca5e71bcc16608cc6eaa6dbf7f94bd08258be2c9178a18e7,7a4c2dd9d050cd99ca5e71bcc16608cc6eaa6dbf7f94bd08258be2c9178a18e7
p25__gpt-5-nano__s7,GPT-5 Nano,25,7,gpt5_nano/original_outputs/generated_code/p25__gpt-5-nano__s7.py,gpt5_nano/original_outputs/responses/p25__gpt-5-nano__s7_raw.txt,gpt5_nano/original_outputs/prompts/p25_prompt.txt,2cbaef909e907fa9b7e16ace9993500c59bc73900aff09cc049584ede0ca72df,2cbaef909e907fa9b7e16ace9993500c59bc73900aff09cc049584ede0ca72df
p25__gpt-5-nano__s8,GPT-5 Nano,25,8,gpt5_nano/original_outputs/generated_code/p25__gpt-5-nano__s8.py,gpt5_nano/original_outputs/responses/p25__gpt-5-nano__s8_raw.txt,gpt5_nano/original_outputs/prompts/p25_prompt.txt,70de3398a727d1657f04ecb82e4ef97e45d0a9984a611a7bc9690a5407eb1ecb,333922e2fb539495d334a97a9e1757953852207d95e14e67dd8bddfc73bc3755
p25__gpt-5-nano__s9,GPT-5 Nano,25,9,gpt5_nano/original_outputs/generated_code/p25__gpt-5-nano__s9.py,gpt5_nano/original_outputs/responses/p25__gpt-5-nano__s9_raw.txt,gpt5_nano/original_outputs/prompts/p25_prompt.txt,ed572449e0c40efe460d04eb9f3bb927cac6fd1760598b25f6f41797ac220da0,ed572449e0c40efe460d04eb9f3bb927cac6fd1760598b25f6f41797ac220da0
p26__gpt-5-nano__s0,GPT-5 Nano,26,0,gpt5_nano/original_outputs/generated_code/p26__gpt-5-nano__s0.py,gpt5_nano/original_outputs/responses/p26__gpt-5-nano__s0_raw.txt,gpt5_nano/original_outputs/prompts/p26_prompt.txt,8401d9aa63d96bfde48f95985359ed907bb23d74ff2e7f36dcf3e8a9f38118f3,8401d9aa63d96bfde48f95985359ed907bb23d74ff2e7f36dcf3e8a9f38118f3
p26__gpt-5-nano__s1,GPT-5 Nano,26,1,gpt5_nano/original_outputs/generated_code/p26__gpt-5-nano__s1.py,gpt5_nano/original_outputs/responses/p26__gpt-5-nano__s1_raw.txt,gpt5_nano/original_outputs/prompts/p26_prompt.txt,3831b147403b9b31e503d782de01feb2875ebcaed21edb6be925aee78718cb25,3831b147403b9b31e503d782de01feb2875ebcaed21edb6be925aee78718cb25
p26__gpt-5-nano__s2,GPT-5 Nano,26,2,gpt5_nano/original_outputs/generated_code/p26__gpt-5-nano__s2.py,gpt5_nano/original_outputs/responses/p26__gpt-5-nano__s2_raw.txt,gpt5_nano/original_outputs/prompts/p26_prompt.txt,d845ec9bec4d6c14ab9d4a1cd7794f7d0885e2c6fd8bba0d9eac1bcca22c0e56,d845ec9bec4d6c14ab9d4a1cd7794f7d0885e2c6fd8bba0d9eac1bcca22c0e56
p26__gpt-5-nano__s3,GPT-5 Nano,26,3,gpt5_nano/original_outputs/generated_code/p26__gpt-5-nano__s3.py,gpt5_nano/original_outputs/responses/p26__gpt-5-nano__s3_raw.txt,gpt5_nano/original_outputs/prompts/p26_prompt.txt,63b0c1857b20c5fbab1ec9977ecbfb02ba9a942904c13d50d2ebcbc65c5564f3,63b0c1857b20c5fbab1ec9977ecbfb02ba9a942904c13d50d2ebcbc65c5564f3
p26__gpt-5-nano__s4,GPT-5 Nano,26,4,gpt5_nano/original_outputs/generated_code/p26__gpt-5-nano__s4.py,gpt5_nano/original_outputs/responses/p26__gpt-5-nano__s4_raw.txt,gpt5_nano/original_outputs/prompts/p26_prompt.txt,29d510b15f93c9913cb0dbb6109a6ba364be0917a5a07558899e075cbf5853ca,29d510b15f93c9913cb0dbb6109a6ba364be0917a5a07558899e075cbf5853ca
p26__gpt-5-nano__s5,GPT-5 Nano,26,5,gpt5_nano/original_outputs/generated_code/p26__gpt-5-nano__s5.py,gpt5_nano/original_outputs/responses/p26__gpt-5-nano__s5_raw.txt,gpt5_nano/original_outputs/prompts/p26_prompt.txt,c7799a936ec8a7ca4f80747fbdfc260b1ad75c39deb8873b10be933e749f3eda,c7799a936ec8a7ca4f80747fbdfc260b1ad75c39deb8873b10be933e749f3eda
p26__gpt-5-nano__s6,GPT-5 Nano,26,6,gpt5_nano/original_outputs/generated_code/p26__gpt-5-nano__s6.py,gpt5_nano/original_outputs/responses/p26__gpt-5-nano__s6_raw.txt,gpt5_nano/original_outputs/prompts/p26_prompt.txt,335152ab3ded1e6c5f7babe5afdc0c7ef81e6ec771858d8d20653dc54c845d11,335152ab3ded1e6c5f7babe5afdc0c7ef81e6ec771858d8d20653dc54c845d11
p26__gpt-5-nano__s7,GPT-5 Nano,26,7,gpt5_nano/original_outputs/generated_code/p26__gpt-5-nano__s7.py,gpt5_nano/original_outputs/responses/p26__gpt-5-nano__s7_raw.txt,gpt5_nano/original_outputs/prompts/p26_prompt.txt,d41f615c78662ba66860f96a787186a6a9db15516e60400cbeeddbb1136992fa,d41f615c78662ba66860f96a787186a6a9db15516e60400cbeeddbb1136992fa
p26__gpt-5-nano__s8,GPT-5 Nano,26,8,gpt5_nano/original_outputs/generated_code/p26__gpt-5-nano__s8.py,gpt5_nano/original_outputs/responses/p26__gpt-5-nano__s8_raw.txt,gpt5_nano/original_outputs/prompts/p26_prompt.txt,c0242de07c9ee1aae51854b2014fd6f443e7fc339a820a69bea0ce4342eab290,c0242de07c9ee1aae51854b2014fd6f443e7fc339a820a69bea0ce4342eab290
p26__gpt-5-nano__s9,GPT-5 Nano,26,9,gpt5_nano/original_outputs/generated_code/p26__gpt-5-nano__s9.py,gpt5_nano/original_outputs/responses/p26__gpt-5-nano__s9_raw.txt,gpt5_nano/original_outputs/prompts/p26_prompt.txt,97af61fbdb28500f46622b20886157810eeeb27c74ea3843e72bfc2120b40c0a,97af61fbdb28500f46622b20886157810eeeb27c74ea3843e72bfc2120b40c0a
p27__gpt-5-nano__s0,GPT-5 Nano,27,0,gpt5_nano/original_outputs/generated_code/p27__gpt-5-nano__s0.py,gpt5_nano/original_outputs/responses/p27__gpt-5-nano__s0_raw.txt,gpt5_nano/original_outputs/prompts/p27_prompt.txt,83dc2c26c305ae551a315a4ffbcba797d6a99ac143e4ff24fe6d6ad0a751715b,83dc2c26c305ae551a315a4ffbcba797d6a99ac143e4ff24fe6d6ad0a751715b
p27__gpt-5-nano__s1,GPT-5 Nano,27,1,gpt5_nano/original_outputs/generated_code/p27__gpt-5-nano__s1.py,gpt5_nano/original_outputs/responses/p27__gpt-5-nano__s1_raw.txt,gpt5_nano/original_outputs/prompts/p27_prompt.txt,b18fd955baa402ba55714c14956c6cda63b664fba783d4de68f8acaca35d6992,b18fd955baa402ba55714c14956c6cda63b664fba783d4de68f8acaca35d6992
p27__gpt-5-nano__s2,GPT-5 Nano,27,2,gpt5_nano/original_outputs/generated_code/p27__gpt-5-nano__s2.py,gpt5_nano/original_outputs/responses/p27__gpt-5-nano__s2_raw.txt,gpt5_nano/original_outputs/prompts/p27_prompt.txt,d6f65ceb1565b76090cc91928cebc97676ab6e5a9ff550edf5cda7ee1afcd9e3,d6f65ceb1565b76090cc91928cebc97676ab6e5a9ff550edf5cda7ee1afcd9e3
p27__gpt-5-nano__s3,GPT-5 Nano,27,3,gpt5_nano/original_outputs/generated_code/p27__gpt-5-nano__s3.py,gpt5_nano/original_outputs/responses/p27__gpt-5-nano__s3_raw.txt,gpt5_nano/original_outputs/prompts/p27_prompt.txt,6642aaadcbdb74319330d0bc2b90d8d262f8407a4712b02ac7e51ee2ab83d6c8,6642aaadcbdb74319330d0bc2b90d8d262f8407a4712b02ac7e51ee2ab83d6c8
p27__gpt-5-nano__s4,GPT-5 Nano,27,4,gpt5_nano/original_outputs/generated_code/p27__gpt-5-nano__s4.py,gpt5_nano/original_outputs/responses/p27__gpt-5-nano__s4_raw.txt,gpt5_nano/original_outputs/prompts/p27_prompt.txt,f13420fbc7229d0d7f6b14167bffed3ebcb9cd64e44756e029b3360b88698bf1,f13420fbc7229d0d7f6b14167bffed3ebcb9cd64e44756e029b3360b88698bf1
p27__gpt-5-nano__s5,GPT-5 Nano,27,5,gpt5_nano/original_outputs/generated_code/p27__gpt-5-nano__s5.py,gpt5_nano/original_outputs/responses/p27__gpt-5-nano__s5_raw.txt,gpt5_nano/original_outputs/prompts/p27_prompt.txt,42cb81848a22772c33a8408f8275d7af3aa77b60b1919f09441ee7f07fba550a,42cb81848a22772c33a8408f8275d7af3aa77b60b1919f09441ee7f07fba550a
p27__gpt-5-nano__s6,GPT-5 Nano,27,6,gpt5_nano/original_outputs/generated_code/p27__gpt-5-nano__s6.py,gpt5_nano/original_outputs/responses/p27__gpt-5-nano__s6_raw.txt,gpt5_nano/original_outputs/prompts/p27_prompt.txt,a674f81bb1b2ea226e381207b78dcc7d75b34968a101bd4a5b1d2943ff818adc,a674f81bb1b2ea226e381207b78dcc7d75b34968a101bd4a5b1d2943ff818adc
p27__gpt-5-nano__s7,GPT-5 Nano,27,7,gpt5_nano/original_outputs/generated_code/p27__gpt-5-nano__s7.py,gpt5_nano/original_outputs/responses/p27__gpt-5-nano__s7_raw.txt,gpt5_nano/original_outputs/prompts/p27_prompt.txt,f7403b2650b237334d412e2acffbc43b0384545797f94f36afb19d045f5cfd09,f7403b2650b237334d412e2acffbc43b0384545797f94f36afb19d045f5cfd09
p27__gpt-5-nano__s8,GPT-5 Nano,27,8,gpt5_nano/original_outputs/generated_code/p27__gpt-5-nano__s8.py,gpt5_nano/original_outputs/responses/p27__gpt-5-nano__s8_raw.txt,gpt5_nano/original_outputs/prompts/p27_prompt.txt,abb7db29744d4d35f7c541736c1fd2e256b8d8b9bfe096782c58f22bf34b36a4,abb7db29744d4d35f7c541736c1fd2e256b8d8b9bfe096782c58f22bf34b36a4
p27__gpt-5-nano__s9,GPT-5 Nano,27,9,gpt5_nano/original_outputs/generated_code/p27__gpt-5-nano__s9.py,gpt5_nano/original_outputs/responses/p27__gpt-5-nano__s9_raw.txt,gpt5_nano/original_outputs/prompts/p27_prompt.txt,09cfaaf7603aeccf5b34607974157115e31d3b0e1eab7cfe772465494359e85d,09cfaaf7603aeccf5b34607974157115e31d3b0e1eab7cfe772465494359e85d
p28__gpt-5-nano__s0,GPT-5 Nano,28,0,gpt5_nano/original_outputs/generated_code/p28__gpt-5-nano__s0.py,gpt5_nano/original_outputs/responses/p28__gpt-5-nano__s0_raw.txt,gpt5_nano/original_outputs/prompts/p28_prompt.txt,2e18bedb02d38ef392e04921291b0d8d5d93f924b6fbda5c1db7102c092f3bb5,2e18bedb02d38ef392e04921291b0d8d5d93f924b6fbda5c1db7102c092f3bb5
p28__gpt-5-nano__s1,GPT-5 Nano,28,1,gpt5_nano/original_outputs/generated_code/p28__gpt-5-nano__s1.py,gpt5_nano/original_outputs/responses/p28__gpt-5-nano__s1_raw.txt,gpt5_nano/original_outputs/prompts/p28_prompt.txt,3e8ef23877907c8409932c166b46604a5ea2932ade9fbd7f1d7c4b46a85dd49c,3e8ef23877907c8409932c166b46604a5ea2932ade9fbd7f1d7c4b46a85dd49c
p28__gpt-5-nano__s2,GPT-5 Nano,28,2,gpt5_nano/original_outputs/generated_code/p28__gpt-5-nano__s2.py,gpt5_nano/original_outputs/responses/p28__gpt-5-nano__s2_raw.txt,gpt5_nano/original_outputs/prompts/p28_prompt.txt,bed9cb4d743b6fa29da7777281cf360b8235a40bd0836d482b69b0feeeceb54e,bed9cb4d743b6fa29da7777281cf360b8235a40bd0836d482b69b0feeeceb54e
p28__gpt-5-nano__s3,GPT-5 Nano,28,3,gpt5_nano/original_outputs/generated_code/p28__gpt-5-nano__s3.py,gpt5_nano/original_outputs/responses/p28__gpt-5-nano__s3_raw.txt,gpt5_nano/original_outputs/prompts/p28_prompt.txt,5febb5622a7ca2fd5923b9d3e94fdfdfe476e0819f4f7a6b19ad08bf08f3188a,5febb5622a7ca2fd5923b9d3e94fdfdfe476e0819f4f7a6b19ad08bf08f3188a
p28__gpt-5-nano__s4,GPT-5 Nano,28,4,gpt5_nano/original_outputs/generated_code/p28__gpt-5-nano__s4.py,gpt5_nano/original_outputs/responses/p28__gpt-5-nano__s4_raw.txt,gpt5_nano/original_outputs/prompts/p28_prompt.txt,129f27c5aeea3abd721216f301360c86a1c069d61e154760d91bad04b1bf83f3,129f27c5aeea3abd721216f301360c86a1c069d61e154760d91bad04b1bf83f3
p28__gpt-5-nano__s5,GPT-5 Nano,28,5,gpt5_nano/original_outputs/generated_code/p28__gpt-5-nano__s5.py,gpt5_nano/original_outputs/responses/p28__gpt-5-nano__s5_raw.txt,gpt5_nano/original_outputs/prompts/p28_prompt.txt,83f628e4636c77fbefcb7b3275613dc21352b6803f24439e786ccdf447597635,83f628e4636c77fbefcb7b3275613dc21352b6803f24439e786ccdf447597635
p28__gpt-5-nano__s6,GPT-5 Nano,28,6,gpt5_nano/original_outputs/generated_code/p28__gpt-5-nano__s6.py,gpt5_nano/original_outputs/responses/p28__gpt-5-nano__s6_raw.txt,gpt5_nano/original_outputs/prompts/p28_prompt.txt,43bd2284e78e7bec07798c0d2cd7919f70079897425d558d611d4b89a2712596,43bd2284e78e7bec07798c0d2cd7919f70079897425d558d611d4b89a2712596
p28__gpt-5-nano__s7,GPT-5 Nano,28,7,gpt5_nano/original_outputs/generated_code/p28__gpt-5-nano__s7.py,gpt5_nano/original_outputs/responses/p28__gpt-5-nano__s7_raw.txt,gpt5_nano/original_outputs/prompts/p28_prompt.txt,245959e8c5b97a35b4a029d4f35d98b1f9e3c93bfc5067d521819f11519b0b73,245959e8c5b97a35b4a029d4f35d98b1f9e3c93bfc5067d521819f11519b0b73
p28__gpt-5-nano__s8,GPT-5 Nano,28,8,gpt5_nano/original_outputs/generated_code/p28__gpt-5-nano__s8.py,gpt5_nano/original_outputs/responses/p28__gpt-5-nano__s8_raw.txt,gpt5_nano/original_outputs/prompts/p28_prompt.txt,fee788c1b2795096871f5d9455cb257044e705e76434f759267a811e176c84e9,fee788c1b2795096871f5d9455cb257044e705e76434f759267a811e176c84e9
p28__gpt-5-nano__s9,GPT-5 Nano,28,9,gpt5_nano/original_outputs/generated_code/p28__gpt-5-nano__s9.py,gpt5_nano/original_outputs/responses/p28__gpt-5-nano__s9_raw.txt,gpt5_nano/original_outputs/prompts/p28_prompt.txt,55882c2219fac2db1e0b0857bf26f8cfe15547c35bc7b935723977293b263fe1,55882c2219fac2db1e0b0857bf26f8cfe15547c35bc7b935723977293b263fe1
p29__gpt-5-nano__s0,GPT-5 Nano,29,0,gpt5_nano/original_outputs/generated_code/p29__gpt-5-nano__s0.py,gpt5_nano/original_outputs/responses/p29__gpt-5-nano__s0_raw.txt,gpt5_nano/original_outputs/prompts/p29_prompt.txt,723729063d953e9771d9c065a2d660ac16ab3f500780462b9686c669a3af7f6c,723729063d953e9771d9c065a2d660ac16ab3f500780462b9686c669a3af7f6c
p29__gpt-5-nano__s1,GPT-5 Nano,29,1,gpt5_nano/original_outputs/generated_code/p29__gpt-5-nano__s1.py,gpt5_nano/original_outputs/responses/p29__gpt-5-nano__s1_raw.txt,gpt5_nano/original_outputs/prompts/p29_prompt.txt,3c7934878270705186df9f1ba5be89d60f3c033321696bef460136f35e8148d5,3c7934878270705186df9f1ba5be89d60f3c033321696bef460136f35e8148d5
p29__gpt-5-nano__s2,GPT-5 Nano,29,2,gpt5_nano/original_outputs/generated_code/p29__gpt-5-nano__s2.py,gpt5_nano/original_outputs/responses/p29__gpt-5-nano__s2_raw.txt,gpt5_nano/original_outputs/prompts/p29_prompt.txt,c08c26ed88aa8cc3b6ae87e387c9488bc878ef88418f5d7a6aa0066dc08b4f75,c08c26ed88aa8cc3b6ae87e387c9488bc878ef88418f5d7a6aa0066dc08b4f75
p29__gpt-5-nano__s3,GPT-5 Nano,29,3,gpt5_nano/original_outputs/generated_code/p29__gpt-5-nano__s3.py,gpt5_nano/original_outputs/responses/p29__gpt-5-nano__s3_raw.txt,gpt5_nano/original_outputs/prompts/p29_prompt.txt,c56c01d9caf7531766b887ad189b321cd571e32d23aafea8c9440041a7864254,c56c01d9caf7531766b887ad189b321cd571e32d23aafea8c9440041a7864254
p29__gpt-5-nano__s4,GPT-5 Nano,29,4,gpt5_nano/original_outputs/generated_code/p29__gpt-5-nano__s4.py,gpt5_nano/original_outputs/responses/p29__gpt-5-nano__s4_raw.txt,gpt5_nano/original_outputs/prompts/p29_prompt.txt,2d62d0d209da85f5023129c716eefc5870641ddf6aeb3f5399d9702be986840f,2d62d0d209da85f5023129c716eefc5870641ddf6aeb3f5399d9702be986840f
p29__gpt-5-nano__s5,GPT-5 Nano,29,5,gpt5_nano/original_outputs/generated_code/p29__gpt-5-nano__s5.py,gpt5_nano/original_outputs/responses/p29__gpt-5-nano__s5_raw.txt,gpt5_nano/original_outputs/prompts/p29_prompt.txt,fe4d7dd4c39cd401a6932567fc360140d68eb05efe398198a052214a0ca2dc2a,fe4d7dd4c39cd401a6932567fc360140d68eb05efe398198a052214a0ca2dc2a
p29__gpt-5-nano__s6,GPT-5 Nano,29,6,gpt5_nano/original_outputs/generated_code/p29__gpt-5-nano__s6.py,gpt5_nano/original_outputs/responses/p29__gpt-5-nano__s6_raw.txt,gpt5_nano/original_outputs/prompts/p29_prompt.txt,fe09758f480a49de87ac594c99255d63f3e55da03b0c9f53099a7c87b1fdad40,fe09758f480a49de87ac594c99255d63f3e55da03b0c9f53099a7c87b1fdad40
p29__gpt-5-nano__s7,GPT-5 Nano,29,7,gpt5_nano/original_outputs/generated_code/p29__gpt-5-nano__s7.py,gpt5_nano/original_outputs/responses/p29__gpt-5-nano__s7_raw.txt,gpt5_nano/original_outputs/prompts/p29_prompt.txt,0dd754fa518e2daaf2dac9aac857b9e96404ad75b3eccc7bc77c3f5c6c86ca46,0dd754fa518e2daaf2dac9aac857b9e96404ad75b3eccc7bc77c3f5c6c86ca46
p29__gpt-5-nano__s8,GPT-5 Nano,29,8,gpt5_nano/original_outputs/generated_code/p29__gpt-5-nano__s8.py,gpt5_nano/original_outputs/responses/p29__gpt-5-nano__s8_raw.txt,gpt5_nano/original_outputs/prompts/p29_prompt.txt,ca71c2dd8792504907814538bde6af666753aef0190b62490e6bc0b61bc3155e,ca71c2dd8792504907814538bde6af666753aef0190b62490e6bc0b61bc3155e
p29__gpt-5-nano__s9,GPT-5 Nano,29,9,gpt5_nano/original_outputs/generated_code/p29__gpt-5-nano__s9.py,gpt5_nano/original_outputs/responses/p29__gpt-5-nano__s9_raw.txt,gpt5_nano/original_outputs/prompts/p29_prompt.txt,87db2d31859fdcfca46da9f1a7f923440be4b3419472752ec3965567d7408862,87db2d31859fdcfca46da9f1a7f923440be4b3419472752ec3965567d7408862
p30__gpt-5-nano__s0,GPT-5 Nano,30,0,gpt5_nano/original_outputs/generated_code/p30__gpt-5-nano__s0.py,gpt5_nano/original_outputs/responses/p30__gpt-5-nano__s0_raw.txt,gpt5_nano/original_outputs/prompts/p30_prompt.txt,e3b0c44298fc1c149afbf4c8996fb92427ae41e4649b934ca495991b7852b855,e3b0c44298fc1c149afbf4c8996fb92427ae41e4649b934ca495991b7852b855
p30__gpt-5-nano__s1,GPT-5 Nano,30,1,gpt5_nano/original_outputs/generated_code/p30__gpt-5-nano__s1.py,gpt5_nano/original_outputs/responses/p30__gpt-5-nano__s1_raw.txt,gpt5_nano/original_outputs/prompts/p30_prompt.txt,d7ac837336104f3c2646b20e11045ab5f030a236bfd78c3164313179557b146a,d7ac837336104f3c2646b20e11045ab5f030a236bfd78c3164313179557b146a
p30__gpt-5-nano__s2,GPT-5 Nano,30,2,gpt5_nano/original_outputs/generated_code/p30__gpt-5-nano__s2.py,gpt5_nano/original_outputs/responses/p30__gpt-5-nano__s2_raw.txt,gpt5_nano/original_outputs/prompts/p30_prompt.txt,180839c51fe3266383d28fbe3db6f8c5f92ea797d8091019aed39db6d6aa9ad1,180839c51fe3266383d28fbe3db6f8c5f92ea797d8091019aed39db6d6aa9ad1
p30__gpt-5-nano__s3,GPT-5 Nano,30,3,gpt5_nano/original_outputs/generated_code/p30__gpt-5-nano__s3.py,gpt5_nano/original_outputs/responses/p30__gpt-5-nano__s3_raw.txt,gpt5_nano/original_outputs/prompts/p30_prompt.txt,9c30b702b9659668e36c72be8bc93c5ad84e56faadfbe315e643967d85fab061,9c30b702b9659668e36c72be8bc93c5ad84e56faadfbe315e643967d85fab061
p30__gpt-5-nano__s4,GPT-5 Nano,30,4,gpt5_nano/original_outputs/generated_code/p30__gpt-5-nano__s4.py,gpt5_nano/original_outputs/responses/p30__gpt-5-nano__s4_raw.txt,gpt5_nano/original_outputs/prompts/p30_prompt.txt,cbd9d2a2fd344cb97020e8233bd4ea7e86d14179653bac5211317d77b0ee9810,cbd9d2a2fd344cb97020e8233bd4ea7e86d14179653bac5211317d77b0ee9810
p30__gpt-5-nano__s5,GPT-5 Nano,30,5,gpt5_nano/original_outputs/generated_code/p30__gpt-5-nano__s5.py,gpt5_nano/original_outputs/responses/p30__gpt-5-nano__s5_raw.txt,gpt5_nano/original_outputs/prompts/p30_prompt.txt,1a1d129b49c581b9fe2ba0b841aded8137219e6d84b306bf562cb88b8a2a6024,1a1d129b49c581b9fe2ba0b841aded8137219e6d84b306bf562cb88b8a2a6024
p30__gpt-5-nano__s6,GPT-5 Nano,30,6,gpt5_nano/original_outputs/generated_code/p30__gpt-5-nano__s6.py,gpt5_nano/original_outputs/responses/p30__gpt-5-nano__s6_raw.txt,gpt5_nano/original_outputs/prompts/p30_prompt.txt,c6b1121db770c5161f16656e8b3dfba2567d9354ffdbb53f982c786d7c0e06fe,c6b1121db770c5161f16656e8b3dfba2567d9354ffdbb53f982c786d7c0e06fe
p30__gpt-5-nano__s7,GPT-5 Nano,30,7,gpt5_nano/original_outputs/generated_code/p30__gpt-5-nano__s7.py,gpt5_nano/original_outputs/responses/p30__gpt-5-nano__s7_raw.txt,gpt5_nano/original_outputs/prompts/p30_prompt.txt,2a06dd3cf8d36f0ca8c57e758e4c07036cc09aee2cee1ddfe5b77790d478feb8,2a06dd3cf8d36f0ca8c57e758e4c07036cc09aee2cee1ddfe5b77790d478feb8
p30__gpt-5-nano__s8,GPT-5 Nano,30,8,gpt5_nano/original_outputs/generated_code/p30__gpt-5-nano__s8.py,gpt5_nano/original_outputs/responses/p30__gpt-5-nano__s8_raw.txt,gpt5_nano/original_outputs/prompts/p30_prompt.txt,cd913873ce111f2f3f25f7457c3de0038fd0c06197580f50d9ea55b57651f264,cd913873ce111f2f3f25f7457c3de0038fd0c06197580f50d9ea55b57651f264
p30__gpt-5-nano__s9,GPT-5 Nano,30,9,gpt5_nano/original_outputs/generated_code/p30__gpt-5-nano__s9.py,gpt5_nano/original_outputs/responses/p30__gpt-5-nano__s9_raw.txt,gpt5_nano/original_outputs/prompts/p30_prompt.txt,e3b0c44298fc1c149afbf4c8996fb92427ae41e4649b934ca495991b7852b855,e3b0c44298fc1c149afbf4c8996fb92427ae41e4649b934ca495991b7852b855
p31__gpt-5-nano__s0,GPT-5 Nano,31,0,gpt5_nano/original_outputs/generated_code/p31__gpt-5-nano__s0.py,gpt5_nano/original_outputs/responses/p31__gpt-5-nano__s0_raw.txt,gpt5_nano/original_outputs/prompts/p31_prompt.txt,1544bc43fd48f31b47bad1d7ff5229b6e306d28859893ddb95158312fa5c9121,1544bc43fd48f31b47bad1d7ff5229b6e306d28859893ddb95158312fa5c9121
p31__gpt-5-nano__s1,GPT-5 Nano,31,1,gpt5_nano/original_outputs/generated_code/p31__gpt-5-nano__s1.py,gpt5_nano/original_outputs/responses/p31__gpt-5-nano__s1_raw.txt,gpt5_nano/original_outputs/prompts/p31_prompt.txt,b640748b27741f66602b2c906a67a846496238b11132c5289af5163e83128ee3,b640748b27741f66602b2c906a67a846496238b11132c5289af5163e83128ee3
p31__gpt-5-nano__s2,GPT-5 Nano,31,2,gpt5_nano/original_outputs/generated_code/p31__gpt-5-nano__s2.py,gpt5_nano/original_outputs/responses/p31__gpt-5-nano__s2_raw.txt,gpt5_nano/original_outputs/prompts/p31_prompt.txt,67396e78cddadf64981e6f80d3d75609a567ffe9b31be54b4032093e1f8ce4e7,bff4f62c574a73ef77155562383aed770f3f36c47bdd53bcd16425d267a2c1be
p31__gpt-5-nano__s3,GPT-5 Nano,31,3,gpt5_nano/original_outputs/generated_code/p31__gpt-5-nano__s3.py,gpt5_nano/original_outputs/responses/p31__gpt-5-nano__s3_raw.txt,gpt5_nano/original_outputs/prompts/p31_prompt.txt,e3b0c44298fc1c149afbf4c8996fb92427ae41e4649b934ca495991b7852b855,e3b0c44298fc1c149afbf4c8996fb92427ae41e4649b934ca495991b7852b855
p31__gpt-5-nano__s4,GPT-5 Nano,31,4,gpt5_nano/original_outputs/generated_code/p31__gpt-5-nano__s4.py,gpt5_nano/original_outputs/responses/p31__gpt-5-nano__s4_raw.txt,gpt5_nano/original_outputs/prompts/p31_prompt.txt,c088b6ae833cc8d07b4b5c7441aed60ecaec19a76d91ebfc975f345bd793b77b,c088b6ae833cc8d07b4b5c7441aed60ecaec19a76d91ebfc975f345bd793b77b
p31__gpt-5-nano__s5,GPT-5 Nano,31,5,gpt5_nano/original_outputs/generated_code/p31__gpt-5-nano__s5.py,gpt5_nano/original_outputs/responses/p31__gpt-5-nano__s5_raw.txt,gpt5_nano/original_outputs/prompts/p31_prompt.txt,e3b0c44298fc1c149afbf4c8996fb92427ae41e4649b934ca495991b7852b855,e3b0c44298fc1c149afbf4c8996fb92427ae41e4649b934ca495991b7852b855
p31__gpt-5-nano__s6,GPT-5 Nano,31,6,gpt5_nano/original_outputs/generated_code/p31__gpt-5-nano__s6.py,gpt5_nano/original_outputs/responses/p31__gpt-5-nano__s6_raw.txt,gpt5_nano/original_outputs/prompts/p31_prompt.txt,e3b0c44298fc1c149afbf4c8996fb92427ae41e4649b934ca495991b7852b855,e3b0c44298fc1c149afbf4c8996fb92427ae41e4649b934ca495991b7852b855
p31__gpt-5-nano__s7,GPT-5 Nano,31,7,gpt5_nano/original_outputs/generated_code/p31__gpt-5-nano__s7.py,gpt5_nano/original_outputs/responses/p31__gpt-5-nano__s7_raw.txt,gpt5_nano/original_outputs/prompts/p31_prompt.txt,e40d03abef84bbafd63f144f17cc00b6ff904d5dd7b2359505e4ab8b8b486389,e40d03abef84bbafd63f144f17cc00b6ff904d5dd7b2359505e4ab8b8b486389
p31__gpt-5-nano__s8,GPT-5 Nano,31,8,gpt5_nano/original_outputs/generated_code/p31__gpt-5-nano__s8.py,gpt5_nano/original_outputs/responses/p31__gpt-5-nano__s8_raw.txt,gpt5_nano/original_outputs/prompts/p31_prompt.txt,e3b0c44298fc1c149afbf4c8996fb92427ae41e4649b934ca495991b7852b855,e3b0c44298fc1c149afbf4c8996fb92427ae41e4649b934ca495991b7852b855
p31__gpt-5-nano__s9,GPT-5 Nano,31,9,gpt5_nano/original_outputs/generated_code/p31__gpt-5-nano__s9.py,gpt5_nano/original_outputs/responses/p31__gpt-5-nano__s9_raw.txt,gpt5_nano/original_outputs/prompts/p31_prompt.txt,c30b439598d07e64f5ced45864d557aca6c2395e53ba48cd69d3858f4480dccf,c30b439598d07e64f5ced45864d557aca6c2395e53ba48cd69d3858f4480dccf
p32__gpt-5-nano__s0,GPT-5 Nano,32,0,gpt5_nano/original_outputs/generated_code/p32__gpt-5-nano__s0.py,gpt5_nano/original_outputs/responses/p32__gpt-5-nano__s0_raw.txt,gpt5_nano/original_outputs/prompts/p32_prompt.txt,8e08e73691b88e80e42de4760385a5da56e1ae756f59e83d50ff82e3877a04ae,8e08e73691b88e80e42de4760385a5da56e1ae756f59e83d50ff82e3877a04ae
p32__gpt-5-nano__s1,GPT-5 Nano,32,1,gpt5_nano/original_outputs/generated_code/p32__gpt-5-nano__s1.py,gpt5_nano/original_outputs/responses/p32__gpt-5-nano__s1_raw.txt,gpt5_nano/original_outputs/prompts/p32_prompt.txt,1d4eceaf6d410bd2b64e1bf206154fe1d960625789a5936ad1d6a8cfd4420191,1d4eceaf6d410bd2b64e1bf206154fe1d960625789a5936ad1d6a8cfd4420191
p32__gpt-5-nano__s2,GPT-5 Nano,32,2,gpt5_nano/original_outputs/generated_code/p32__gpt-5-nano__s2.py,gpt5_nano/original_outputs/responses/p32__gpt-5-nano__s2_raw.txt,gpt5_nano/original_outputs/prompts/p32_prompt.txt,7865277b4db6dc4a2e079e8d6bd372fda1290a2ae1b328f038ad0975936f93b0,7865277b4db6dc4a2e079e8d6bd372fda1290a2ae1b328f038ad0975936f93b0
p32__gpt-5-nano__s3,GPT-5 Nano,32,3,gpt5_nano/original_outputs/generated_code/p32__gpt-5-nano__s3.py,gpt5_nano/original_outputs/responses/p32__gpt-5-nano__s3_raw.txt,gpt5_nano/original_outputs/prompts/p32_prompt.txt,a02a982aa3cae5d92145812f546159c89c76d95db1b0f21473a1edfa46baef10,a02a982aa3cae5d92145812f546159c89c76d95db1b0f21473a1edfa46baef10
p32__gpt-5-nano__s4,GPT-5 Nano,32,4,gpt5_nano/original_outputs/generated_code/p32__gpt-5-nano__s4.py,gpt5_nano/original_outputs/responses/p32__gpt-5-nano__s4_raw.txt,gpt5_nano/original_outputs/prompts/p32_prompt.txt,2e4d1525a25f6afa6352fe7fd72dd828a716ca69c5937a997289a46de040dd8f,2e4d1525a25f6afa6352fe7fd72dd828a716ca69c5937a997289a46de040dd8f
p32__gpt-5-nano__s5,GPT-5 Nano,32,5,gpt5_nano/original_outputs/generated_code/p32__gpt-5-nano__s5.py,gpt5_nano/original_outputs/responses/p32__gpt-5-nano__s5_raw.txt,gpt5_nano/original_outputs/prompts/p32_prompt.txt,268277a6d59198b8bd36b35887c6315a0e423e5046a886ffed85fd4857a2fee8,268277a6d59198b8bd36b35887c6315a0e423e5046a886ffed85fd4857a2fee8
p32__gpt-5-nano__s6,GPT-5 Nano,32,6,gpt5_nano/original_outputs/generated_code/p32__gpt-5-nano__s6.py,gpt5_nano/original_outputs/responses/p32__gpt-5-nano__s6_raw.txt,gpt5_nano/original_outputs/prompts/p32_prompt.txt,4f9f837db3b98eb824357f87f7c0ca78e012584a8758f297f060b1e6df9bb0a1,4f9f837db3b98eb824357f87f7c0ca78e012584a8758f297f060b1e6df9bb0a1
p32__gpt-5-nano__s7,GPT-5 Nano,32,7,gpt5_nano/original_outputs/generated_code/p32__gpt-5-nano__s7.py,gpt5_nano/original_outputs/responses/p32__gpt-5-nano__s7_raw.txt,gpt5_nano/original_outputs/prompts/p32_prompt.txt,10e330730acd20e5fff92011042c89a64065d76de626d1d58371b0a113685ad7,10e330730acd20e5fff92011042c89a64065d76de626d1d58371b0a113685ad7
p32__gpt-5-nano__s8,GPT-5 Nano,32,8,gpt5_nano/original_outputs/generated_code/p32__gpt-5-nano__s8.py,gpt5_nano/original_outputs/responses/p32__gpt-5-nano__s8_raw.txt,gpt5_nano/original_outputs/prompts/p32_prompt.txt,5762975db63886dac468832bbad393ce101981132b4bf34ddceff03ab361082f,5762975db63886dac468832bbad393ce101981132b4bf34ddceff03ab361082f
p32__gpt-5-nano__s9,GPT-5 Nano,32,9,gpt5_nano/original_outputs/generated_code/p32__gpt-5-nano__s9.py,gpt5_nano/original_outputs/responses/p32__gpt-5-nano__s9_raw.txt,gpt5_nano/original_outputs/prompts/p32_prompt.txt,dddbfbc7bd73cc18b2f17c114f39c97b9276cbf4ff221c22644201560a148498,dddbfbc7bd73cc18b2f17c114f39c97b9276cbf4ff221c22644201560a148498
p33__gpt-5-nano__s0,GPT-5 Nano,33,0,gpt5_nano/original_outputs/generated_code/p33__gpt-5-nano__s0.py,gpt5_nano/original_outputs/responses/p33__gpt-5-nano__s0_raw.txt,gpt5_nano/original_outputs/prompts/p33_prompt.txt,80ce1f3e77671cedf9790387325d737346abd6cc06df3642f826ca64113a900d,80ce1f3e77671cedf9790387325d737346abd6cc06df3642f826ca64113a900d
p33__gpt-5-nano__s1,GPT-5 Nano,33,1,gpt5_nano/original_outputs/generated_code/p33__gpt-5-nano__s1.py,gpt5_nano/original_outputs/responses/p33__gpt-5-nano__s1_raw.txt,gpt5_nano/original_outputs/prompts/p33_prompt.txt,57f397433014c483dc4140e3f44dedd90b82caaf2ca77d11f95bca1dab7b3f44,57f397433014c483dc4140e3f44dedd90b82caaf2ca77d11f95bca1dab7b3f44
p33__gpt-5-nano__s2,GPT-5 Nano,33,2,gpt5_nano/original_outputs/generated_code/p33__gpt-5-nano__s2.py,gpt5_nano/original_outputs/responses/p33__gpt-5-nano__s2_raw.txt,gpt5_nano/original_outputs/prompts/p33_prompt.txt,f22b61aed8b99b860202d7fb2e5a9cc25b01a608c110785f84dde4014d505e41,f22b61aed8b99b860202d7fb2e5a9cc25b01a608c110785f84dde4014d505e41
p33__gpt-5-nano__s3,GPT-5 Nano,33,3,gpt5_nano/original_outputs/generated_code/p33__gpt-5-nano__s3.py,gpt5_nano/original_outputs/responses/p33__gpt-5-nano__s3_raw.txt,gpt5_nano/original_outputs/prompts/p33_prompt.txt,c54f587dbcc0e9e2b60962aeedaa09df1d79364c1bd300c002485af9b1371ff2,c54f587dbcc0e9e2b60962aeedaa09df1d79364c1bd300c002485af9b1371ff2
p33__gpt-5-nano__s4,GPT-5 Nano,33,4,gpt5_nano/original_outputs/generated_code/p33__gpt-5-nano__s4.py,gpt5_nano/original_outputs/responses/p33__gpt-5-nano__s4_raw.txt,gpt5_nano/original_outputs/prompts/p33_prompt.txt,70f2041a92228603e55f9af342f2a291d7d440c9bc24b2ec489e425d7ad048bb,70f2041a92228603e55f9af342f2a291d7d440c9bc24b2ec489e425d7ad048bb
p33__gpt-5-nano__s5,GPT-5 Nano,33,5,gpt5_nano/original_outputs/generated_code/p33__gpt-5-nano__s5.py,gpt5_nano/original_outputs/responses/p33__gpt-5-nano__s5_raw.txt,gpt5_nano/original_outputs/prompts/p33_prompt.txt,dc9d498bb72163db56d225c40dd2eeb4c00f1e08604faaf6567ac3c2ea77537b,c0d9944e429144833679cd092dff35953742ca106fa4cabc73f3e589d52f6a00
p33__gpt-5-nano__s6,GPT-5 Nano,33,6,gpt5_nano/original_outputs/generated_code/p33__gpt-5-nano__s6.py,gpt5_nano/original_outputs/responses/p33__gpt-5-nano__s6_raw.txt,gpt5_nano/original_outputs/prompts/p33_prompt.txt,b57f2a4d095d0b275ad3266cb3f103dd50091cb7def8e795d99dfa9da5bbf276,b57f2a4d095d0b275ad3266cb3f103dd50091cb7def8e795d99dfa9da5bbf276
p33__gpt-5-nano__s7,GPT-5 Nano,33,7,gpt5_nano/original_outputs/generated_code/p33__gpt-5-nano__s7.py,gpt5_nano/original_outputs/responses/p33__gpt-5-nano__s7_raw.txt,gpt5_nano/original_outputs/prompts/p33_prompt.txt,e3b0c44298fc1c149afbf4c8996fb92427ae41e4649b934ca495991b7852b855,e3b0c44298fc1c149afbf4c8996fb92427ae41e4649b934ca495991b7852b855
p33__gpt-5-nano__s8,GPT-5 Nano,33,8,gpt5_nano/original_outputs/generated_code/p33__gpt-5-nano__s8.py,gpt5_nano/original_outputs/responses/p33__gpt-5-nano__s8_raw.txt,gpt5_nano/original_outputs/prompts/p33_prompt.txt,a045589e55ab571a77d15d1a080c5afbc406e86a8b53acd8d2fc40a0b27ebdf5,a045589e55ab571a77d15d1a080c5afbc406e86a8b53acd8d2fc40a0b27ebdf5
p33__gpt-5-nano__s9,GPT-5 Nano,33,9,gpt5_nano/original_outputs/generated_code/p33__gpt-5-nano__s9.py,gpt5_nano/original_outputs/responses/p33__gpt-5-nano__s9_raw.txt,gpt5_nano/original_outputs/prompts/p33_prompt.txt,d485fce9d0970cd6691d9a1955d81332f9f620dac040c8997d0724cc4bdf2b9b,d485fce9d0970cd6691d9a1955d81332f9f620dac040c8997d0724cc4bdf2b9b
p34__gpt-5-nano__s0,GPT-5 Nano,34,0,gpt5_nano/original_outputs/generated_code/p34__gpt-5-nano__s0.py,gpt5_nano/original_outputs/responses/p34__gpt-5-nano__s0_raw.txt,gpt5_nano/original_outputs/prompts/p34_prompt.txt,facbdc62c800a8dbf612c4a3b46c908b0540648711a17a5b458bbb7468c5c4b0,facbdc62c800a8dbf612c4a3b46c908b0540648711a17a5b458bbb7468c5c4b0
p34__gpt-5-nano__s1,GPT-5 Nano,34,1,gpt5_nano/original_outputs/generated_code/p34__gpt-5-nano__s1.py,gpt5_nano/original_outputs/responses/p34__gpt-5-nano__s1_raw.txt,gpt5_nano/original_outputs/prompts/p34_prompt.txt,f5f1b7467783ea0321514e5ff2e1616bd57e6bdbc12fdb0dea28166dee74511c,f5f1b7467783ea0321514e5ff2e1616bd57e6bdbc12fdb0dea28166dee74511c
p34__gpt-5-nano__s2,GPT-5 Nano,34,2,gpt5_nano/original_outputs/generated_code/p34__gpt-5-nano__s2.py,gpt5_nano/original_outputs/responses/p34__gpt-5-nano__s2_raw.txt,gpt5_nano/original_outputs/prompts/p34_prompt.txt,d998fc72fdb9860670749cecaf5310fcde464b5ab010512337d9beeae4e534d3,d998fc72fdb9860670749cecaf5310fcde464b5ab010512337d9beeae4e534d3
p34__gpt-5-nano__s3,GPT-5 Nano,34,3,gpt5_nano/original_outputs/generated_code/p34__gpt-5-nano__s3.py,gpt5_nano/original_outputs/responses/p34__gpt-5-nano__s3_raw.txt,gpt5_nano/original_outputs/prompts/p34_prompt.txt,92c59dcbf5fbaf501cb821dea07c0ebf7326fc006a73b170476bd7de28df2754,92c59dcbf5fbaf501cb821dea07c0ebf7326fc006a73b170476bd7de28df2754
p34__gpt-5-nano__s4,GPT-5 Nano,34,4,gpt5_nano/original_outputs/generated_code/p34__gpt-5-nano__s4.py,gpt5_nano/original_outputs/responses/p34__gpt-5-nano__s4_raw.txt,gpt5_nano/original_outputs/prompts/p34_prompt.txt,2ce7c62ec698480ed3d82ba5af5d6d783aa3f7b99c7967b3dbdda4bc8f1cb941,2ce7c62ec698480ed3d82ba5af5d6d783aa3f7b99c7967b3dbdda4bc8f1cb941
p34__gpt-5-nano__s5,GPT-5 Nano,34,5,gpt5_nano/original_outputs/generated_code/p34__gpt-5-nano__s5.py,gpt5_nano/original_outputs/responses/p34__gpt-5-nano__s5_raw.txt,gpt5_nano/original_outputs/prompts/p34_prompt.txt,99c49624f91aa69b949f6c53874ee291269d03f439dd324c73e60e720674b81e,99c49624f91aa69b949f6c53874ee291269d03f439dd324c73e60e720674b81e
p34__gpt-5-nano__s6,GPT-5 Nano,34,6,gpt5_nano/original_outputs/generated_code/p34__gpt-5-nano__s6.py,gpt5_nano/original_outputs/responses/p34__gpt-5-nano__s6_raw.txt,gpt5_nano/original_outputs/prompts/p34_prompt.txt,df42a4b8fac9f8717d4e86561ae2e191b5f8a7e6212c9335cd05a87c0e84c69a,df42a4b8fac9f8717d4e86561ae2e191b5f8a7e6212c9335cd05a87c0e84c69a
p34__gpt-5-nano__s7,GPT-5 Nano,34,7,gpt5_nano/original_outputs/generated_code/p34__gpt-5-nano__s7.py,gpt5_nano/original_outputs/responses/p34__gpt-5-nano__s7_raw.txt,gpt5_nano/original_outputs/prompts/p34_prompt.txt,f144da0f16a3f510d3e05d3a0f48b1635e66cbd1d28967fc295562a8a2b1e3d9,f144da0f16a3f510d3e05d3a0f48b1635e66cbd1d28967fc295562a8a2b1e3d9
p34__gpt-5-nano__s8,GPT-5 Nano,34,8,gpt5_nano/original_outputs/generated_code/p34__gpt-5-nano__s8.py,gpt5_nano/original_outputs/responses/p34__gpt-5-nano__s8_raw.txt,gpt5_nano/original_outputs/prompts/p34_prompt.txt,9370829e4ac4fa7c3195564defabfa38d74d1c092b42046b76c1cb131f3396bd,9370829e4ac4fa7c3195564defabfa38d74d1c092b42046b76c1cb131f3396bd
p34__gpt-5-nano__s9,GPT-5 Nano,34,9,gpt5_nano/original_outputs/generated_code/p34__gpt-5-nano__s9.py,gpt5_nano/original_outputs/responses/p34__gpt-5-nano__s9_raw.txt,gpt5_nano/original_outputs/prompts/p34_prompt.txt,e0e7af98f6a1f22f998dbb0cfb2e81a131bb026bf3a367ff8e39451931090173,e0e7af98f6a1f22f998dbb0cfb2e81a131bb026bf3a367ff8e39451931090173
p35__gpt-5-nano__s0,GPT-5 Nano,35,0,gpt5_nano/original_outputs/generated_code/p35__gpt-5-nano__s0.py,gpt5_nano/original_outputs/responses/p35__gpt-5-nano__s0_raw.txt,gpt5_nano/original_outputs/prompts/p35_prompt.txt,d8440be521c95b8fac7ca188739a05d7812247b8ef23ef36325dcf94966962e8,d8440be521c95b8fac7ca188739a05d7812247b8ef23ef36325dcf94966962e8
p35__gpt-5-nano__s1,GPT-5 Nano,35,1,gpt5_nano/original_outputs/generated_code/p35__gpt-5-nano__s1.py,gpt5_nano/original_outputs/responses/p35__gpt-5-nano__s1_raw.txt,gpt5_nano/original_outputs/prompts/p35_prompt.txt,9b142531867b4512362cd82b89dc0d5ed2fb7c3fb69fef5b92c1c46575a12603,9b142531867b4512362cd82b89dc0d5ed2fb7c3fb69fef5b92c1c46575a12603
p35__gpt-5-nano__s2,GPT-5 Nano,35,2,gpt5_nano/original_outputs/generated_code/p35__gpt-5-nano__s2.py,gpt5_nano/original_outputs/responses/p35__gpt-5-nano__s2_raw.txt,gpt5_nano/original_outputs/prompts/p35_prompt.txt,ed42313245d7cdee89557aa79c794da61f44d81d8224ff9dd3121b7261da2d7b,ed42313245d7cdee89557aa79c794da61f44d81d8224ff9dd3121b7261da2d7b
p35__gpt-5-nano__s3,GPT-5 Nano,35,3,gpt5_nano/original_outputs/generated_code/p35__gpt-5-nano__s3.py,gpt5_nano/original_outputs/responses/p35__gpt-5-nano__s3_raw.txt,gpt5_nano/original_outputs/prompts/p35_prompt.txt,8bdde5f4e1cef451277936b6297cc4479b4a363310c6a4ac833d997c25d92b88,8bdde5f4e1cef451277936b6297cc4479b4a363310c6a4ac833d997c25d92b88
p35__gpt-5-nano__s4,GPT-5 Nano,35,4,gpt5_nano/original_outputs/generated_code/p35__gpt-5-nano__s4.py,gpt5_nano/original_outputs/responses/p35__gpt-5-nano__s4_raw.txt,gpt5_nano/original_outputs/prompts/p35_prompt.txt,eafb1eb118621e5e4ad3b24a3cc1466316fe2c35c635072b735dc66ded5c5f6e,eafb1eb118621e5e4ad3b24a3cc1466316fe2c35c635072b735dc66ded5c5f6e
p35__gpt-5-nano__s5,GPT-5 Nano,35,5,gpt5_nano/original_outputs/generated_code/p35__gpt-5-nano__s5.py,gpt5_nano/original_outputs/responses/p35__gpt-5-nano__s5_raw.txt,gpt5_nano/original_outputs/prompts/p35_prompt.txt,2780c35d4d6949aa094a96112ab51fa43dcd6978405e032b03853dca24162ff6,2780c35d4d6949aa094a96112ab51fa43dcd6978405e032b03853dca24162ff6
p35__gpt-5-nano__s6,GPT-5 Nano,35,6,gpt5_nano/original_outputs/generated_code/p35__gpt-5-nano__s6.py,gpt5_nano/original_outputs/responses/p35__gpt-5-nano__s6_raw.txt,gpt5_nano/original_outputs/prompts/p35_prompt.txt,2e5674580a4dfa2a65766825581210ed942cd77f8c7b64bacb6f973ec60b3e62,2e5674580a4dfa2a65766825581210ed942cd77f8c7b64bacb6f973ec60b3e62
p35__gpt-5-nano__s7,GPT-5 Nano,35,7,gpt5_nano/original_outputs/generated_code/p35__gpt-5-nano__s7.py,gpt5_nano/original_outputs/responses/p35__gpt-5-nano__s7_raw.txt,gpt5_nano/original_outputs/prompts/p35_prompt.txt,e1b480faa39a04d447e4e34bb0482a53f9c39cfeed2e718613f3915ea56e9ce0,e1b480faa39a04d447e4e34bb0482a53f9c39cfeed2e718613f3915ea56e9ce0
p35__gpt-5-nano__s8,GPT-5 Nano,35,8,gpt5_nano/original_outputs/generated_code/p35__gpt-5-nano__s8.py,gpt5_nano/original_outputs/responses/p35__gpt-5-nano__s8_raw.txt,gpt5_nano/original_outputs/prompts/p35_prompt.txt,25f142969a3bcf2be6eb26b9ad16d8757c631a9dcf52ac96f788cb8b42a20690,25f142969a3bcf2be6eb26b9ad16d8757c631a9dcf52ac96f788cb8b42a20690
p35__gpt-5-nano__s9,GPT-5 Nano,35,9,gpt5_nano/original_outputs/generated_code/p35__gpt-5-nano__s9.py,gpt5_nano/original_outputs/responses/p35__gpt-5-nano__s9_raw.txt,gpt5_nano/original_outputs/prompts/p35_prompt.txt,e1781633de97bf447cb4544c39b67fb3f9e3e746b353be1960aa7ce1eeae068a,e1781633de97bf447cb4544c39b67fb3f9e3e746b353be1960aa7ce1eeae068a
p36__gpt-5-nano__s0,GPT-5 Nano,36,0,gpt5_nano/original_outputs/generated_code/p36__gpt-5-nano__s0.py,gpt5_nano/original_outputs/responses/p36__gpt-5-nano__s0_raw.txt,gpt5_nano/original_outputs/prompts/p36_prompt.txt,2835645d287c3288f8cb3c2aecbb35f7c0627db8702ef815f3f936ea70b3a6c0,2835645d287c3288f8cb3c2aecbb35f7c0627db8702ef815f3f936ea70b3a6c0
p36__gpt-5-nano__s1,GPT-5 Nano,36,1,gpt5_nano/original_outputs/generated_code/p36__gpt-5-nano__s1.py,gpt5_nano/original_outputs/responses/p36__gpt-5-nano__s1_raw.txt,gpt5_nano/original_outputs/prompts/p36_prompt.txt,ee86b3620aca1273d18e4bd1310a6986f08adc4ab6108e024ed7dcf06de7ab0d,ee86b3620aca1273d18e4bd1310a6986f08adc4ab6108e024ed7dcf06de7ab0d
p36__gpt-5-nano__s2,GPT-5 Nano,36,2,gpt5_nano/original_outputs/generated_code/p36__gpt-5-nano__s2.py,gpt5_nano/original_outputs/responses/p36__gpt-5-nano__s2_raw.txt,gpt5_nano/original_outputs/prompts/p36_prompt.txt,b5d263ff991c8dcb249c5ac66f2b479baa9867db951ca5d059b897a2a419db1a,b5d263ff991c8dcb249c5ac66f2b479baa9867db951ca5d059b897a2a419db1a
p36__gpt-5-nano__s3,GPT-5 Nano,36,3,gpt5_nano/original_outputs/generated_code/p36__gpt-5-nano__s3.py,gpt5_nano/original_outputs/responses/p36__gpt-5-nano__s3_raw.txt,gpt5_nano/original_outputs/prompts/p36_prompt.txt,7ea20865440baee253555df263362fe7ee92970b9af8ea919cfadac29134e7c2,7ea20865440baee253555df263362fe7ee92970b9af8ea919cfadac29134e7c2
p36__gpt-5-nano__s4,GPT-5 Nano,36,4,gpt5_nano/original_outputs/generated_code/p36__gpt-5-nano__s4.py,gpt5_nano/original_outputs/responses/p36__gpt-5-nano__s4_raw.txt,gpt5_nano/original_outputs/prompts/p36_prompt.txt,064458be79ec030e215120b07b4aa137efa2e0faf177c42f89d1bb476f236efa,064458be79ec030e215120b07b4aa137efa2e0faf177c42f89d1bb476f236efa
p36__gpt-5-nano__s5,GPT-5 Nano,36,5,gpt5_nano/original_outputs/generated_code/p36__gpt-5-nano__s5.py,gpt5_nano/original_outputs/responses/p36__gpt-5-nano__s5_raw.txt,gpt5_nano/original_outputs/prompts/p36_prompt.txt,0f9b45370a9c0e6b571876a906d310632d374a4700d10a4f7003d99c60ecf8a2,0f9b45370a9c0e6b571876a906d310632d374a4700d10a4f7003d99c60ecf8a2
p36__gpt-5-nano__s6,GPT-5 Nano,36,6,gpt5_nano/original_outputs/generated_code/p36__gpt-5-nano__s6.py,gpt5_nano/original_outputs/responses/p36__gpt-5-nano__s6_raw.txt,gpt5_nano/original_outputs/prompts/p36_prompt.txt,6db9b7a4602b9a11288207da547db49b4f1286e4c099fcd4fe2285a5f0498697,6db9b7a4602b9a11288207da547db49b4f1286e4c099fcd4fe2285a5f0498697
p36__gpt-5-nano__s7,GPT-5 Nano,36,7,gpt5_nano/original_outputs/generated_code/p36__gpt-5-nano__s7.py,gpt5_nano/original_outputs/responses/p36__gpt-5-nano__s7_raw.txt,gpt5_nano/original_outputs/prompts/p36_prompt.txt,50411c90b233f488df7f22b0dcedc3366e53af5ad8d4af3934d29782bfc21b2a,50411c90b233f488df7f22b0dcedc3366e53af5ad8d4af3934d29782bfc21b2a
p36__gpt-5-nano__s8,GPT-5 Nano,36,8,gpt5_nano/original_outputs/generated_code/p36__gpt-5-nano__s8.py,gpt5_nano/original_outputs/responses/p36__gpt-5-nano__s8_raw.txt,gpt5_nano/original_outputs/prompts/p36_prompt.txt,668e7f838f2d15a6e15fc9c4692b7b3ee24efd54f777263374c800198ecfbace,668e7f838f2d15a6e15fc9c4692b7b3ee24efd54f777263374c800198ecfbace
p36__gpt-5-nano__s9,GPT-5 Nano,36,9,gpt5_nano/original_outputs/generated_code/p36__gpt-5-nano__s9.py,gpt5_nano/original_outputs/responses/p36__gpt-5-nano__s9_raw.txt,gpt5_nano/original_outputs/prompts/p36_prompt.txt,40bb6ddd1d52d06c3364c361a5aca35bd6f8e1331241b31e4871d927952bde4e,40bb6ddd1d52d06c3364c361a5aca35bd6f8e1331241b31e4871d927952bde4e
p37__gpt-5-nano__s0,GPT-5 Nano,37,0,gpt5_nano/original_outputs/generated_code/p37__gpt-5-nano__s0.py,gpt5_nano/original_outputs/responses/p37__gpt-5-nano__s0_raw.txt,gpt5_nano/original_outputs/prompts/p37_prompt.txt,158245d9c14c9a45922fa9fff66b4c345b4534b845bedb1844ad4f7a5ff4a0c5,158245d9c14c9a45922fa9fff66b4c345b4534b845bedb1844ad4f7a5ff4a0c5
p37__gpt-5-nano__s1,GPT-5 Nano,37,1,gpt5_nano/original_outputs/generated_code/p37__gpt-5-nano__s1.py,gpt5_nano/original_outputs/responses/p37__gpt-5-nano__s1_raw.txt,gpt5_nano/original_outputs/prompts/p37_prompt.txt,219139116043351c555acfba7cbada14b1e3403ed1c4797e61d7a16c84245a85,219139116043351c555acfba7cbada14b1e3403ed1c4797e61d7a16c84245a85
p37__gpt-5-nano__s2,GPT-5 Nano,37,2,gpt5_nano/original_outputs/generated_code/p37__gpt-5-nano__s2.py,gpt5_nano/original_outputs/responses/p37__gpt-5-nano__s2_raw.txt,gpt5_nano/original_outputs/prompts/p37_prompt.txt,083ac3872f738718ff2a05db1eba18733f9e838396be2d1e23ab092c5c9b5c3f,083ac3872f738718ff2a05db1eba18733f9e838396be2d1e23ab092c5c9b5c3f
p37__gpt-5-nano__s3,GPT-5 Nano,37,3,gpt5_nano/original_outputs/generated_code/p37__gpt-5-nano__s3.py,gpt5_nano/original_outputs/responses/p37__gpt-5-nano__s3_raw.txt,gpt5_nano/original_outputs/prompts/p37_prompt.txt,051bb113f3d006beda4def985f80ee1686bd6072faed47e02a0df082ad09a202,051bb113f3d006beda4def985f80ee1686bd6072faed47e02a0df082ad09a202
p37__gpt-5-nano__s4,GPT-5 Nano,37,4,gpt5_nano/original_outputs/generated_code/p37__gpt-5-nano__s4.py,gpt5_nano/original_outputs/responses/p37__gpt-5-nano__s4_raw.txt,gpt5_nano/original_outputs/prompts/p37_prompt.txt,a7bec292202c12776c26da6bc71c5f2d7cd8b8792a1c391feba12f0f191ad040,a7bec292202c12776c26da6bc71c5f2d7cd8b8792a1c391feba12f0f191ad040
p37__gpt-5-nano__s5,GPT-5 Nano,37,5,gpt5_nano/original_outputs/generated_code/p37__gpt-5-nano__s5.py,gpt5_nano/original_outputs/responses/p37__gpt-5-nano__s5_raw.txt,gpt5_nano/original_outputs/prompts/p37_prompt.txt,bc8b69f2c2bc9f509f60f383e44d0fbbce9a06c65046b558380f6b7f7333484e,bc8b69f2c2bc9f509f60f383e44d0fbbce9a06c65046b558380f6b7f7333484e
p37__gpt-5-nano__s6,GPT-5 Nano,37,6,gpt5_nano/original_outputs/generated_code/p37__gpt-5-nano__s6.py,gpt5_nano/original_outputs/responses/p37__gpt-5-nano__s6_raw.txt,gpt5_nano/original_outputs/prompts/p37_prompt.txt,5019fd2e226cbc467cdc8d46a7d245e2508b3d7fb6a370d8c4978439acbe6e1b,5019fd2e226cbc467cdc8d46a7d245e2508b3d7fb6a370d8c4978439acbe6e1b
p37__gpt-5-nano__s7,GPT-5 Nano,37,7,gpt5_nano/original_outputs/generated_code/p37__gpt-5-nano__s7.py,gpt5_nano/original_outputs/responses/p37__gpt-5-nano__s7_raw.txt,gpt5_nano/original_outputs/prompts/p37_prompt.txt,2bcd2b0e4491ecbe748593e227b99fb5915c31df283b26c3ec7dcb8269f6a9c9,2bcd2b0e4491ecbe748593e227b99fb5915c31df283b26c3ec7dcb8269f6a9c9
p37__gpt-5-nano__s8,GPT-5 Nano,37,8,gpt5_nano/original_outputs/generated_code/p37__gpt-5-nano__s8.py,gpt5_nano/original_outputs/responses/p37__gpt-5-nano__s8_raw.txt,gpt5_nano/original_outputs/prompts/p37_prompt.txt,3c83c8d49af606a90cd7f5aa9bc3d7b16a045edcc22e1af967ccd7514e8641eb,3c83c8d49af606a90cd7f5aa9bc3d7b16a045edcc22e1af967ccd7514e8641eb
p37__gpt-5-nano__s9,GPT-5 Nano,37,9,gpt5_nano/original_outputs/generated_code/p37__gpt-5-nano__s9.py,gpt5_nano/original_outputs/responses/p37__gpt-5-nano__s9_raw.txt,gpt5_nano/original_outputs/prompts/p37_prompt.txt,690c6a4ab4652c6ac012457cd8c6f885db3449291cb272bf9cc3f0b419f387bc,690c6a4ab4652c6ac012457cd8c6f885db3449291cb272bf9cc3f0b419f387bc
p38__gpt-5-nano__s0,GPT-5 Nano,38,0,gpt5_nano/original_outputs/generated_code/p38__gpt-5-nano__s0.py,gpt5_nano/original_outputs/responses/p38__gpt-5-nano__s0_raw.txt,gpt5_nano/original_outputs/prompts/p38_prompt.txt,d5dd678195532c16a3e9c5de65a7b1a6b034aea0ffee476db85cbe3a38911516,d5dd678195532c16a3e9c5de65a7b1a6b034aea0ffee476db85cbe3a38911516
p38__gpt-5-nano__s1,GPT-5 Nano,38,1,gpt5_nano/original_outputs/generated_code/p38__gpt-5-nano__s1.py,gpt5_nano/original_outputs/responses/p38__gpt-5-nano__s1_raw.txt,gpt5_nano/original_outputs/prompts/p38_prompt.txt,f344ab33a520e33e2df254139502b1eff025bc397cef296bd579145300b5486a,f344ab33a520e33e2df254139502b1eff025bc397cef296bd579145300b5486a
p38__gpt-5-nano__s2,GPT-5 Nano,38,2,gpt5_nano/original_outputs/generated_code/p38__gpt-5-nano__s2.py,gpt5_nano/original_outputs/responses/p38__gpt-5-nano__s2_raw.txt,gpt5_nano/original_outputs/prompts/p38_prompt.txt,415b9bad8efef340bf11f791d9a71a37a6fa272d6e1edf41df939e272e5ac3a5,415b9bad8efef340bf11f791d9a71a37a6fa272d6e1edf41df939e272e5ac3a5
p38__gpt-5-nano__s3,GPT-5 Nano,38,3,gpt5_nano/original_outputs/generated_code/p38__gpt-5-nano__s3.py,gpt5_nano/original_outputs/responses/p38__gpt-5-nano__s3_raw.txt,gpt5_nano/original_outputs/prompts/p38_prompt.txt,9e687d1610894228c48d285dd289e5d4157b243a68f2feeb6b8165840099813a,9e687d1610894228c48d285dd289e5d4157b243a68f2feeb6b8165840099813a
p38__gpt-5-nano__s4,GPT-5 Nano,38,4,gpt5_nano/original_outputs/generated_code/p38__gpt-5-nano__s4.py,gpt5_nano/original_outputs/responses/p38__gpt-5-nano__s4_raw.txt,gpt5_nano/original_outputs/prompts/p38_prompt.txt,1d39032971e163e9ce5d5fb9eadd01d02bb2a79624c43f63f8238446716989e7,1d39032971e163e9ce5d5fb9eadd01d02bb2a79624c43f63f8238446716989e7
p38__gpt-5-nano__s5,GPT-5 Nano,38,5,gpt5_nano/original_outputs/generated_code/p38__gpt-5-nano__s5.py,gpt5_nano/original_outputs/responses/p38__gpt-5-nano__s5_raw.txt,gpt5_nano/original_outputs/prompts/p38_prompt.txt,67d01395b51f1406f635647030f7391152e1ded45c732fff96ac1a9da33fbcf2,67d01395b51f1406f635647030f7391152e1ded45c732fff96ac1a9da33fbcf2
p38__gpt-5-nano__s6,GPT-5 Nano,38,6,gpt5_nano/original_outputs/generated_code/p38__gpt-5-nano__s6.py,gpt5_nano/original_outputs/responses/p38__gpt-5-nano__s6_raw.txt,gpt5_nano/original_outputs/prompts/p38_prompt.txt,6bc1a57a2fae094963b8f2f98cf865ab117f7d14105fd25c792e7cf4c1195119,6bc1a57a2fae094963b8f2f98cf865ab117f7d14105fd25c792e7cf4c1195119
p38__gpt-5-nano__s7,GPT-5 Nano,38,7,gpt5_nano/original_outputs/generated_code/p38__gpt-5-nano__s7.py,gpt5_nano/original_outputs/responses/p38__gpt-5-nano__s7_raw.txt,gpt5_nano/original_outputs/prompts/p38_prompt.txt,dc599f405a72e8105c35569e424c570627d64b8002bfa839f67e9b50f263d688,dc599f405a72e8105c35569e424c570627d64b8002bfa839f67e9b50f263d688
p38__gpt-5-nano__s8,GPT-5 Nano,38,8,gpt5_nano/original_outputs/generated_code/p38__gpt-5-nano__s8.py,gpt5_nano/original_outputs/responses/p38__gpt-5-nano__s8_raw.txt,gpt5_nano/original_outputs/prompts/p38_prompt.txt,fc93ff0ecdd303b251c994957c06d80739326cf786c3fa891bbee7aace0f9a6c,fc93ff0ecdd303b251c994957c06d80739326cf786c3fa891bbee7aace0f9a6c
p38__gpt-5-nano__s9,GPT-5 Nano,38,9,gpt5_nano/original_outputs/generated_code/p38__gpt-5-nano__s9.py,gpt5_nano/original_outputs/responses/p38__gpt-5-nano__s9_raw.txt,gpt5_nano/original_outputs/prompts/p38_prompt.txt,172598393f8d4511f6cf0a19eb7304bc5bdcc65e4d9a1bc6f7d8cbd1a956f617,172598393f8d4511f6cf0a19eb7304bc5bdcc65e4d9a1bc6f7d8cbd1a956f617
p39__gpt-5-nano__s0,GPT-5 Nano,39,0,gpt5_nano/original_outputs/generated_code/p39__gpt-5-nano__s0.py,gpt5_nano/original_outputs/responses/p39__gpt-5-nano__s0_raw.txt,gpt5_nano/original_outputs/prompts/p39_prompt.txt,a2c33684838617c040aacbcecfd1df64f387c758839ab2c567c643a9bc0176b6,a2c33684838617c040aacbcecfd1df64f387c758839ab2c567c643a9bc0176b6
p39__gpt-5-nano__s1,GPT-5 Nano,39,1,gpt5_nano/original_outputs/generated_code/p39__gpt-5-nano__s1.py,gpt5_nano/original_outputs/responses/p39__gpt-5-nano__s1_raw.txt,gpt5_nano/original_outputs/prompts/p39_prompt.txt,18bed3151fad8f8e08f95f92be50d8b6d904f0af3c1d619f84050614ce219ca0,18bed3151fad8f8e08f95f92be50d8b6d904f0af3c1d619f84050614ce219ca0
p39__gpt-5-nano__s2,GPT-5 Nano,39,2,gpt5_nano/original_outputs/generated_code/p39__gpt-5-nano__s2.py,gpt5_nano/original_outputs/responses/p39__gpt-5-nano__s2_raw.txt,gpt5_nano/original_outputs/prompts/p39_prompt.txt,3b83ec81ebbbd57cc72b3290ce357e989d83e0151094f96f553132dc3be41026,3b83ec81ebbbd57cc72b3290ce357e989d83e0151094f96f553132dc3be41026
p39__gpt-5-nano__s3,GPT-5 Nano,39,3,gpt5_nano/original_outputs/generated_code/p39__gpt-5-nano__s3.py,gpt5_nano/original_outputs/responses/p39__gpt-5-nano__s3_raw.txt,gpt5_nano/original_outputs/prompts/p39_prompt.txt,597f57af223470ff4af4f61af67cc297116bf318784d1cea52b9f61a937aa660,597f57af223470ff4af4f61af67cc297116bf318784d1cea52b9f61a937aa660
p39__gpt-5-nano__s4,GPT-5 Nano,39,4,gpt5_nano/original_outputs/generated_code/p39__gpt-5-nano__s4.py,gpt5_nano/original_outputs/responses/p39__gpt-5-nano__s4_raw.txt,gpt5_nano/original_outputs/prompts/p39_prompt.txt,581575cc5da5f3c318701733219869c323afab2bc6b5336e184ec7d1d511993a,581575cc5da5f3c318701733219869c323afab2bc6b5336e184ec7d1d511993a
p39__gpt-5-nano__s5,GPT-5 Nano,39,5,gpt5_nano/original_outputs/generated_code/p39__gpt-5-nano__s5.py,gpt5_nano/original_outputs/responses/p39__gpt-5-nano__s5_raw.txt,gpt5_nano/original_outputs/prompts/p39_prompt.txt,4b4b79c90454307ffb3bd01b5af874189d024e274180e2090e7a4569effd8351,4b4b79c90454307ffb3bd01b5af874189d024e274180e2090e7a4569effd8351
p39__gpt-5-nano__s6,GPT-5 Nano,39,6,gpt5_nano/original_outputs/generated_code/p39__gpt-5-nano__s6.py,gpt5_nano/original_outputs/responses/p39__gpt-5-nano__s6_raw.txt,gpt5_nano/original_outputs/prompts/p39_prompt.txt,758849ac61bc7059aa24280a3a2147405b55b6990b9765e8ee9dff96a8fe59dd,758849ac61bc7059aa24280a3a2147405b55b6990b9765e8ee9dff96a8fe59dd
p39__gpt-5-nano__s7,GPT-5 Nano,39,7,gpt5_nano/original_outputs/generated_code/p39__gpt-5-nano__s7.py,gpt5_nano/original_outputs/responses/p39__gpt-5-nano__s7_raw.txt,gpt5_nano/original_outputs/prompts/p39_prompt.txt,547702ec63ae2edd30913e651adb27fc157e76f48b6040785566e53dabbc43e4,547702ec63ae2edd30913e651adb27fc157e76f48b6040785566e53dabbc43e4
p39__gpt-5-nano__s8,GPT-5 Nano,39,8,gpt5_nano/original_outputs/generated_code/p39__gpt-5-nano__s8.py,gpt5_nano/original_outputs/responses/p39__gpt-5-nano__s8_raw.txt,gpt5_nano/original_outputs/prompts/p39_prompt.txt,ce24443f2e834e642faf047906774e42a6bd595749adbadbf4b03d98bd61ba97,ce24443f2e834e642faf047906774e42a6bd595749adbadbf4b03d98bd61ba97
p39__gpt-5-nano__s9,GPT-5 Nano,39,9,gpt5_nano/original_outputs/generated_code/p39__gpt-5-nano__s9.py,gpt5_nano/original_outputs/responses/p39__gpt-5-nano__s9_raw.txt,gpt5_nano/original_outputs/prompts/p39_prompt.txt,8e1b22b2e81358c456cd22853ecab750821c4f93d5478c51fec067e40fe29f1b,8e1b22b2e81358c456cd22853ecab750821c4f93d5478c51fec067e40fe29f1b
p40__gpt-5-nano__s0,GPT-5 Nano,40,0,gpt5_nano/original_outputs/generated_code/p40__gpt-5-nano__s0.py,gpt5_nano/original_outputs/responses/p40__gpt-5-nano__s0_raw.txt,gpt5_nano/original_outputs/prompts/p40_prompt.txt,95195f3fe069e90fe8c1f7f4cc507df1c9df258e4240c5c96db270817e7b0f2d,95195f3fe069e90fe8c1f7f4cc507df1c9df258e4240c5c96db270817e7b0f2d
p40__gpt-5-nano__s1,GPT-5 Nano,40,1,gpt5_nano/original_outputs/generated_code/p40__gpt-5-nano__s1.py,gpt5_nano/original_outputs/responses/p40__gpt-5-nano__s1_raw.txt,gpt5_nano/original_outputs/prompts/p40_prompt.txt,e3b0c44298fc1c149afbf4c8996fb92427ae41e4649b934ca495991b7852b855,e3b0c44298fc1c149afbf4c8996fb92427ae41e4649b934ca495991b7852b855
p40__gpt-5-nano__s2,GPT-5 Nano,40,2,gpt5_nano/original_outputs/generated_code/p40__gpt-5-nano__s2.py,gpt5_nano/original_outputs/responses/p40__gpt-5-nano__s2_raw.txt,gpt5_nano/original_outputs/prompts/p40_prompt.txt,ef8834e30d98f8c4e6115c00d6013fb72f17c4e7a334e7f58cef9fbdb95d5909,ef8834e30d98f8c4e6115c00d6013fb72f17c4e7a334e7f58cef9fbdb95d5909
p40__gpt-5-nano__s3,GPT-5 Nano,40,3,gpt5_nano/original_outputs/generated_code/p40__gpt-5-nano__s3.py,gpt5_nano/original_outputs/responses/p40__gpt-5-nano__s3_raw.txt,gpt5_nano/original_outputs/prompts/p40_prompt.txt,66489571aa024455e7045dc5e2993d9487238becd97ea51acb1089711e981da6,66489571aa024455e7045dc5e2993d9487238becd97ea51acb1089711e981da6
p40__gpt-5-nano__s4,GPT-5 Nano,40,4,gpt5_nano/original_outputs/generated_code/p40__gpt-5-nano__s4.py,gpt5_nano/original_outputs/responses/p40__gpt-5-nano__s4_raw.txt,gpt5_nano/original_outputs/prompts/p40_prompt.txt,e3b0c44298fc1c149afbf4c8996fb92427ae41e4649b934ca495991b7852b855,e3b0c44298fc1c149afbf4c8996fb92427ae41e4649b934ca495991b7852b855
p40__gpt-5-nano__s5,GPT-5 Nano,40,5,gpt5_nano/original_outputs/generated_code/p40__gpt-5-nano__s5.py,gpt5_nano/original_outputs/responses/p40__gpt-5-nano__s5_raw.txt,gpt5_nano/original_outputs/prompts/p40_prompt.txt,a772fc1f44284d826c07d0f68ae9657a5dc0c7a201742bc6143cba50a45542e8,a772fc1f44284d826c07d0f68ae9657a5dc0c7a201742bc6143cba50a45542e8
p40__gpt-5-nano__s6,GPT-5 Nano,40,6,gpt5_nano/original_outputs/generated_code/p40__gpt-5-nano__s6.py,gpt5_nano/original_outputs/responses/p40__gpt-5-nano__s6_raw.txt,gpt5_nano/original_outputs/prompts/p40_prompt.txt,e3b0c44298fc1c149afbf4c8996fb92427ae41e4649b934ca495991b7852b855,e3b0c44298fc1c149afbf4c8996fb92427ae41e4649b934ca495991b7852b855
p40__gpt-5-nano__s7,GPT-5 Nano,40,7,gpt5_nano/original_outputs/generated_code/p40__gpt-5-nano__s7.py,gpt5_nano/original_outputs/responses/p40__gpt-5-nano__s7_raw.txt,gpt5_nano/original_outputs/prompts/p40_prompt.txt,f11c9999d4e545caebda85e34961fa189c8838f555834fe48135ed397080cdd3,e89bb94ae44faa301fbe97d72f8d07dd270d3a9c7341b564901c63c2d8119a75
p40__gpt-5-nano__s8,GPT-5 Nano,40,8,gpt5_nano/original_outputs/generated_code/p40__gpt-5-nano__s8.py,gpt5_nano/original_outputs/responses/p40__gpt-5-nano__s8_raw.txt,gpt5_nano/original_outputs/prompts/p40_prompt.txt,e3b0c44298fc1c149afbf4c8996fb92427ae41e4649b934ca495991b7852b855,e3b0c44298fc1c149afbf4c8996fb92427ae41e4649b934ca495991b7852b855
p40__gpt-5-nano__s9,GPT-5 Nano,40,9,gpt5_nano/original_outputs/generated_code/p40__gpt-5-nano__s9.py,gpt5_nano/original_outputs/responses/p40__gpt-5-nano__s9_raw.txt,gpt5_nano/original_outputs/prompts/p40_prompt.txt,14ea768a4f2db4fbd1ca6431c2516b39fcb4f3ba78791ead1beaadc7115484a4,14ea768a4f2db4fbd1ca6431c2516b39fcb4f3ba78791ead1beaadc7115484a4
p41__gpt-5-nano__s0,GPT-5 Nano,41,0,gpt5_nano/original_outputs/generated_code/p41__gpt-5-nano__s0.py,gpt5_nano/original_outputs/responses/p41__gpt-5-nano__s0_raw.txt,gpt5_nano/original_outputs/prompts/p41_prompt.txt,bb8f2fce983a1ef7dda2d1b1496b07e55e43f5a6a249a2d76b37457e8c580fbf,bb8f2fce983a1ef7dda2d1b1496b07e55e43f5a6a249a2d76b37457e8c580fbf
p41__gpt-5-nano__s1,GPT-5 Nano,41,1,gpt5_nano/original_outputs/generated_code/p41__gpt-5-nano__s1.py,gpt5_nano/original_outputs/responses/p41__gpt-5-nano__s1_raw.txt,gpt5_nano/original_outputs/prompts/p41_prompt.txt,f69f619729c0c4c5664f793fd7dbacd74b79cde37260760fdd57c9179b68d16f,f69f619729c0c4c5664f793fd7dbacd74b79cde37260760fdd57c9179b68d16f
p41__gpt-5-nano__s2,GPT-5 Nano,41,2,gpt5_nano/original_outputs/generated_code/p41__gpt-5-nano__s2.py,gpt5_nano/original_outputs/responses/p41__gpt-5-nano__s2_raw.txt,gpt5_nano/original_outputs/prompts/p41_prompt.txt,c7b2df56d5c8aee420e9eff09780363a2c78733163223969d08f8445cc90f780,c7b2df56d5c8aee420e9eff09780363a2c78733163223969d08f8445cc90f780
p41__gpt-5-nano__s3,GPT-5 Nano,41,3,gpt5_nano/original_outputs/generated_code/p41__gpt-5-nano__s3.py,gpt5_nano/original_outputs/responses/p41__gpt-5-nano__s3_raw.txt,gpt5_nano/original_outputs/prompts/p41_prompt.txt,25afeb4912a81bef517ead5308bdcfefd15c1ec72025fc181d5b4322a0c0de05,25afeb4912a81bef517ead5308bdcfefd15c1ec72025fc181d5b4322a0c0de05
p41__gpt-5-nano__s4,GPT-5 Nano,41,4,gpt5_nano/original_outputs/generated_code/p41__gpt-5-nano__s4.py,gpt5_nano/original_outputs/responses/p41__gpt-5-nano__s4_raw.txt,gpt5_nano/original_outputs/prompts/p41_prompt.txt,1943b3a5908e97cbc093fb7e1acbdbe3ac146ce1ae8d7451d7b39ef5e071a512,1943b3a5908e97cbc093fb7e1acbdbe3ac146ce1ae8d7451d7b39ef5e071a512
p41__gpt-5-nano__s5,GPT-5 Nano,41,5,gpt5_nano/original_outputs/generated_code/p41__gpt-5-nano__s5.py,gpt5_nano/original_outputs/responses/p41__gpt-5-nano__s5_raw.txt,gpt5_nano/original_outputs/prompts/p41_prompt.txt,b064fbbba91b9c1d9919f457ce3da43f32f68597387605a63ed1a6007d05fac1,b064fbbba91b9c1d9919f457ce3da43f32f68597387605a63ed1a6007d05fac1
p41__gpt-5-nano__s6,GPT-5 Nano,41,6,gpt5_nano/original_outputs/generated_code/p41__gpt-5-nano__s6.py,gpt5_nano/original_outputs/responses/p41__gpt-5-nano__s6_raw.txt,gpt5_nano/original_outputs/prompts/p41_prompt.txt,e0b3be4344dda25ea633c988f102932747b0f2e6051e907bea20c35c8815df18,e0b3be4344dda25ea633c988f102932747b0f2e6051e907bea20c35c8815df18
p41__gpt-5-nano__s7,GPT-5 Nano,41,7,gpt5_nano/original_outputs/generated_code/p41__gpt-5-nano__s7.py,gpt5_nano/original_outputs/responses/p41__gpt-5-nano__s7_raw.txt,gpt5_nano/original_outputs/prompts/p41_prompt.txt,737fd1c61baea4e571566d0fedf99bfc4d4e48a2e7389cddc944e1eeac3dd689,737fd1c61baea4e571566d0fedf99bfc4d4e48a2e7389cddc944e1eeac3dd689
p41__gpt-5-nano__s8,GPT-5 Nano,41,8,gpt5_nano/original_outputs/generated_code/p41__gpt-5-nano__s8.py,gpt5_nano/original_outputs/responses/p41__gpt-5-nano__s8_raw.txt,gpt5_nano/original_outputs/prompts/p41_prompt.txt,eb5fc000cedfe988048454a4325d318bbdac7882a47d0d13da634320a16a13fc,eb5fc000cedfe988048454a4325d318bbdac7882a47d0d13da634320a16a13fc
p41__gpt-5-nano__s9,GPT-5 Nano,41,9,gpt5_nano/original_outputs/generated_code/p41__gpt-5-nano__s9.py,gpt5_nano/original_outputs/responses/p41__gpt-5-nano__s9_raw.txt,gpt5_nano/original_outputs/prompts/p41_prompt.txt,11c4755497c73660a987b222da0054614bc43a49deee2d7b140d05dd95968ca1,11c4755497c73660a987b222da0054614bc43a49deee2d7b140d05dd95968ca1
p1__chenyitian-shanshu_SIRL-Gurobi__s0,SIRL-Gurobi,1,0,sirl/original_outputs/full_run/generated_code/p1__chenyitian-shanshu_SIRL-Gurobi__s0.py,sirl/original_outputs/full_run/responses/p1__chenyitian-shanshu_SIRL-Gurobi__s0_raw.txt,sirl/original_outputs/full_run/prompts/p1_prompt.txt,0219f7e9c1bb8f04f26778ddc1e5d8e6473e699a06be193a5e1d051b028ffde7,7c0915dda4413d68f37fab616479e770ac05624a039da8f5588d957785a79972
p1__chenyitian-shanshu_SIRL-Gurobi__s1,SIRL-Gurobi,1,1,sirl/original_outputs/full_run/generated_code/p1__chenyitian-shanshu_SIRL-Gurobi__s1.py,sirl/original_outputs/full_run/responses/p1__chenyitian-shanshu_SIRL-Gurobi__s1_raw.txt,sirl/original_outputs/full_run/prompts/p1_prompt.txt,acbacb51df63c5ed4e6cecfc0e10a053c07407e8fd787a72fb83cc0ae0648a3f,4448dc5ff7a561eb13c569e59b7a6d58c56b1d8e01fe9a9b44fff648b1be3f00
p1__chenyitian-shanshu_SIRL-Gurobi__s2,SIRL-Gurobi,1,2,sirl/original_outputs/full_run/generated_code/p1__chenyitian-shanshu_SIRL-Gurobi__s2.py,sirl/original_outputs/full_run/responses/p1__chenyitian-shanshu_SIRL-Gurobi__s2_raw.txt,sirl/original_outputs/full_run/prompts/p1_prompt.txt,b6c80f69431cd00c4bbf460be9fa2b2b0421b9562d7a09d9044392f040820f77,298143aa52f8ecdf7f8ab17b91c3a5ba262b29421a6108777ad5880ecda5df0b
p1__chenyitian-shanshu_SIRL-Gurobi__s3,SIRL-Gurobi,1,3,sirl/original_outputs/full_run/generated_code/p1__chenyitian-shanshu_SIRL-Gurobi__s3.py,sirl/original_outputs/full_run/responses/p1__chenyitian-shanshu_SIRL-Gurobi__s3_raw.txt,sirl/original_outputs/full_run/prompts/p1_prompt.txt,c2edcb95f0072da1f75002394817b9bfe6ac2082cc65043d811dfe3268513890,9529e23c4994f3f9f4ebb725a9a52dff86703ce7c40714b68406ca99e017ff0e
p1__chenyitian-shanshu_SIRL-Gurobi__s4,SIRL-Gurobi,1,4,sirl/original_outputs/full_run/generated_code/p1__chenyitian-shanshu_SIRL-Gurobi__s4.py,sirl/original_outputs/full_run/responses/p1__chenyitian-shanshu_SIRL-Gurobi__s4_raw.txt,sirl/original_outputs/full_run/prompts/p1_prompt.txt,e1bf8580b948a45e8cd0098f1d6198845199e2245dd265759b0b79a472ed0f04,eaf01ac2ab12e8be117ea0c61681fa467a4a013163bfb474da3348ba1faad684
p1__chenyitian-shanshu_SIRL-Gurobi__s5,SIRL-Gurobi,1,5,sirl/original_outputs/full_run/generated_code/p1__chenyitian-shanshu_SIRL-Gurobi__s5.py,sirl/original_outputs/full_run/responses/p1__chenyitian-shanshu_SIRL-Gurobi__s5_raw.txt,sirl/original_outputs/full_run/prompts/p1_prompt.txt,0c55731d62dc309d1d497ccd0fe4f17dea24df01dd176ba9fbd70d62e6d18851,9cfc2185622b3d33f50cf32adfaf6929512177de4f8b70bf41cc1ca56b81e955
p1__chenyitian-shanshu_SIRL-Gurobi__s6,SIRL-Gurobi,1,6,sirl/original_outputs/full_run/generated_code/p1__chenyitian-shanshu_SIRL-Gurobi__s6.py,sirl/original_outputs/full_run/responses/p1__chenyitian-shanshu_SIRL-Gurobi__s6_raw.txt,sirl/original_outputs/full_run/prompts/p1_prompt.txt,0c55731d62dc309d1d497ccd0fe4f17dea24df01dd176ba9fbd70d62e6d18851,9cfc2185622b3d33f50cf32adfaf6929512177de4f8b70bf41cc1ca56b81e955
p1__chenyitian-shanshu_SIRL-Gurobi__s7,SIRL-Gurobi,1,7,sirl/original_outputs/full_run/generated_code/p1__chenyitian-shanshu_SIRL-Gurobi__s7.py,sirl/original_outputs/full_run/responses/p1__chenyitian-shanshu_SIRL-Gurobi__s7_raw.txt,sirl/original_outputs/full_run/prompts/p1_prompt.txt,d9fd813d95a085ca241088958392736672422bb2d916bc6a9addf8f2ca05a6f2,50391362c5fac19d148db5547c719062ac8975c28f22213f95195f6ae0ef7cc5
p1__chenyitian-shanshu_SIRL-Gurobi__s8,SIRL-Gurobi,1,8,sirl/original_outputs/full_run/generated_code/p1__chenyitian-shanshu_SIRL-Gurobi__s8.py,sirl/original_outputs/full_run/responses/p1__chenyitian-shanshu_SIRL-Gurobi__s8_raw.txt,sirl/original_outputs/full_run/prompts/p1_prompt.txt,6635904ffe862ba1dd5dc6a504397afd8a333071762749a6eb426f0b68fe1485,6a351e0d981b3aa93e09f0ae5029ec39dd79caea28b716b243b3d7f67ba83769
p1__chenyitian-shanshu_SIRL-Gurobi__s9,SIRL-Gurobi,1,9,sirl/original_outputs/full_run/generated_code/p1__chenyitian-shanshu_SIRL-Gurobi__s9.py,sirl/original_outputs/full_run/responses/p1__chenyitian-shanshu_SIRL-Gurobi__s9_raw.txt,sirl/original_outputs/full_run/prompts/p1_prompt.txt,8f62302586596fc5331aa33934032dfb4ab09029d77909be86d75c9abb2b9601,07baf685d7f6520ad454153e3ab0ff8320c523bb5089fe600a995a5b205d621c
p2__chenyitian-shanshu_SIRL-Gurobi__s0,SIRL-Gurobi,2,0,sirl/original_outputs/full_run/generated_code/p2__chenyitian-shanshu_SIRL-Gurobi__s0.py,sirl/original_outputs/full_run/responses/p2__chenyitian-shanshu_SIRL-Gurobi__s0_raw.txt,sirl/original_outputs/full_run/prompts/p2_prompt.txt,333c553bf3be7083e59bd79ef2688cb50f3ee3a0b517add413cc162fc9dd424c,4df4a3778b961677acc0a8cf9bd841cd905f796f169d1f4eedc2c76b841a76da
p2__chenyitian-shanshu_SIRL-Gurobi__s1,SIRL-Gurobi,2,1,sirl/original_outputs/full_run/generated_code/p2__chenyitian-shanshu_SIRL-Gurobi__s1.py,sirl/original_outputs/full_run/responses/p2__chenyitian-shanshu_SIRL-Gurobi__s1_raw.txt,sirl/original_outputs/full_run/prompts/p2_prompt.txt,c627b2771d370c03e7c168fdab9359c3eb0eb87c3e8983c45603f1e400fed662,3f018b92001093772ba2fb2d3c27f10f97231178e8d46dcb1dafc4037b88ecc1
p2__chenyitian-shanshu_SIRL-Gurobi__s2,SIRL-Gurobi,2,2,sirl/original_outputs/full_run/generated_code/p2__chenyitian-shanshu_SIRL-Gurobi__s2.py,sirl/original_outputs/full_run/responses/p2__chenyitian-shanshu_SIRL-Gurobi__s2_raw.txt,sirl/original_outputs/full_run/prompts/p2_prompt.txt,6932fecc1c914e78b6b7c645ced6bae801f5c8e67864ec5dd5a88355ab2c6912,57f0c244cb4796975884aa6e1b86c4a7e22fd18e68d3e6dd69df9cf2760bc397
p2__chenyitian-shanshu_SIRL-Gurobi__s3,SIRL-Gurobi,2,3,sirl/original_outputs/full_run/generated_code/p2__chenyitian-shanshu_SIRL-Gurobi__s3.py,sirl/original_outputs/full_run/responses/p2__chenyitian-shanshu_SIRL-Gurobi__s3_raw.txt,sirl/original_outputs/full_run/prompts/p2_prompt.txt,56f1b296bd002b990569e02845fdf0095b83108cdc2751bce6a4f75e132ebaf9,f6252da64d853406f0d1f1e05583b6324a2cb371d9b016a50e3b5f5f448a019c
p2__chenyitian-shanshu_SIRL-Gurobi__s4,SIRL-Gurobi,2,4,sirl/original_outputs/full_run/generated_code/p2__chenyitian-shanshu_SIRL-Gurobi__s4.py,sirl/original_outputs/full_run/responses/p2__chenyitian-shanshu_SIRL-Gurobi__s4_raw.txt,sirl/original_outputs/full_run/prompts/p2_prompt.txt,b2aa64893d296fcdc298ad8cb815c586a740c0ad87f2e5d576f47c93c5455f06,2c3acc29b62b839367c8c4e54f2d5f99a6c91456684e8d28f0cda8b3ce0ea41e
p2__chenyitian-shanshu_SIRL-Gurobi__s5,SIRL-Gurobi,2,5,sirl/original_outputs/full_run/generated_code/p2__chenyitian-shanshu_SIRL-Gurobi__s5.py,sirl/original_outputs/full_run/responses/p2__chenyitian-shanshu_SIRL-Gurobi__s5_raw.txt,sirl/original_outputs/full_run/prompts/p2_prompt.txt,30c6afa653bfafa5a4a2a6d4a4911d22f57a913fb0704bfaaafdc36c6b35b80d,407d4851cca4d907eed284b96f750ef7f2ac087cb6ba9b83e01d8641591763cb
p2__chenyitian-shanshu_SIRL-Gurobi__s6,SIRL-Gurobi,2,6,sirl/original_outputs/full_run/generated_code/p2__chenyitian-shanshu_SIRL-Gurobi__s6.py,sirl/original_outputs/full_run/responses/p2__chenyitian-shanshu_SIRL-Gurobi__s6_raw.txt,sirl/original_outputs/full_run/prompts/p2_prompt.txt,4a28c82a68f701448eb75e42d332d37ac96cf7d6841cb37cea052b819fa78934,fb4f78bb9041288d21f669ebcbf2a1a787663513fb19c59638167fc646557494
p2__chenyitian-shanshu_SIRL-Gurobi__s7,SIRL-Gurobi,2,7,sirl/original_outputs/full_run/generated_code/p2__chenyitian-shanshu_SIRL-Gurobi__s7.py,sirl/original_outputs/full_run/responses/p2__chenyitian-shanshu_SIRL-Gurobi__s7_raw.txt,sirl/original_outputs/full_run/prompts/p2_prompt.txt,87dec80d40c7e3e7f05d6a7c50d836a3eae914066c35e54991d38718764b861e,9bb8bad00dca561220b7d86e847230772b398d728f8ba4aece10dbd32ff7ea48
p2__chenyitian-shanshu_SIRL-Gurobi__s8,SIRL-Gurobi,2,8,sirl/original_outputs/full_run/generated_code/p2__chenyitian-shanshu_SIRL-Gurobi__s8.py,sirl/original_outputs/full_run/responses/p2__chenyitian-shanshu_SIRL-Gurobi__s8_raw.txt,sirl/original_outputs/full_run/prompts/p2_prompt.txt,87dec80d40c7e3e7f05d6a7c50d836a3eae914066c35e54991d38718764b861e,9bb8bad00dca561220b7d86e847230772b398d728f8ba4aece10dbd32ff7ea48
p2__chenyitian-shanshu_SIRL-Gurobi__s9,SIRL-Gurobi,2,9,sirl/original_outputs/full_run/generated_code/p2__chenyitian-shanshu_SIRL-Gurobi__s9.py,sirl/original_outputs/full_run/responses/p2__chenyitian-shanshu_SIRL-Gurobi__s9_raw.txt,sirl/original_outputs/full_run/prompts/p2_prompt.txt,30c6afa653bfafa5a4a2a6d4a4911d22f57a913fb0704bfaaafdc36c6b35b80d,407d4851cca4d907eed284b96f750ef7f2ac087cb6ba9b83e01d8641591763cb
p3__chenyitian-shanshu_SIRL-Gurobi__s0,SIRL-Gurobi,3,0,sirl/original_outputs/full_run/generated_code/p3__chenyitian-shanshu_SIRL-Gurobi__s0.py,sirl/original_outputs/full_run/responses/p3__chenyitian-shanshu_SIRL-Gurobi__s0_raw.txt,sirl/original_outputs/full_run/prompts/p3_prompt.txt,294bfddb45bab5b59ac9824e06e17d6ae25ef64905efb6b0ecdce833fce5b164,100572ed0101ddbf7972ba5f9ca645af7f237e2817295139e929aa909e185d62
p3__chenyitian-shanshu_SIRL-Gurobi__s1,SIRL-Gurobi,3,1,sirl/original_outputs/full_run/generated_code/p3__chenyitian-shanshu_SIRL-Gurobi__s1.py,sirl/original_outputs/full_run/responses/p3__chenyitian-shanshu_SIRL-Gurobi__s1_raw.txt,sirl/original_outputs/full_run/prompts/p3_prompt.txt,1e25aae806c3a86999ce3f3bed1f5448da533dee742edb94e6167b9d5e627000,0ed304429d89b45a2d7b84b4c3184153ef6fd100cca62c52097ca1de326f5cbe
p3__chenyitian-shanshu_SIRL-Gurobi__s2,SIRL-Gurobi,3,2,sirl/original_outputs/full_run/generated_code/p3__chenyitian-shanshu_SIRL-Gurobi__s2.py,sirl/original_outputs/full_run/responses/p3__chenyitian-shanshu_SIRL-Gurobi__s2_raw.txt,sirl/original_outputs/full_run/prompts/p3_prompt.txt,8fa5bc657b29b0f138abed5d7a5d61932ac29c1b00c6ad1b9228d35b65280a28,df5d40baa4057054ebbf092c67ab3ad12d75c3029dc56d8ea71d7f9ace834309
p3__chenyitian-shanshu_SIRL-Gurobi__s3,SIRL-Gurobi,3,3,sirl/original_outputs/full_run/generated_code/p3__chenyitian-shanshu_SIRL-Gurobi__s3.py,sirl/original_outputs/full_run/responses/p3__chenyitian-shanshu_SIRL-Gurobi__s3_raw.txt,sirl/original_outputs/full_run/prompts/p3_prompt.txt,403a02f39e4c0dc1d5aa1fe9535c8ff66ecf746520d7e3d8a558cfb1ade812b6,ecfc6daa65b5840e72c1f39714ef9228fbf0779e01d7f55fb0f41782c3de6f44
p3__chenyitian-shanshu_SIRL-Gurobi__s4,SIRL-Gurobi,3,4,sirl/original_outputs/full_run/generated_code/p3__chenyitian-shanshu_SIRL-Gurobi__s4.py,sirl/original_outputs/full_run/responses/p3__chenyitian-shanshu_SIRL-Gurobi__s4_raw.txt,sirl/original_outputs/full_run/prompts/p3_prompt.txt,6e6205ec975a58af7e76a1c86f2df7c2a49d063011bc258c953e28763b16be74,85371f035c8503f8c10da43ec0f3b7feb5ad8506ebeb7ebc394d0f805282695b
p3__chenyitian-shanshu_SIRL-Gurobi__s5,SIRL-Gurobi,3,5,sirl/original_outputs/full_run/generated_code/p3__chenyitian-shanshu_SIRL-Gurobi__s5.py,sirl/original_outputs/full_run/responses/p3__chenyitian-shanshu_SIRL-Gurobi__s5_raw.txt,sirl/original_outputs/full_run/prompts/p3_prompt.txt,8b4c02f558dcfdc9deca32a0b6ee3afbe62468ef143ebeb7e32d04db55077e1d,2b1ad7e4cd7f79651a263f7d946a76c875e3b1dbe8a228cc820e788e8e590bd8
p3__chenyitian-shanshu_SIRL-Gurobi__s6,SIRL-Gurobi,3,6,sirl/original_outputs/full_run/generated_code/p3__chenyitian-shanshu_SIRL-Gurobi__s6.py,sirl/original_outputs/full_run/responses/p3__chenyitian-shanshu_SIRL-Gurobi__s6_raw.txt,sirl/original_outputs/full_run/prompts/p3_prompt.txt,8b4c02f558dcfdc9deca32a0b6ee3afbe62468ef143ebeb7e32d04db55077e1d,2b1ad7e4cd7f79651a263f7d946a76c875e3b1dbe8a228cc820e788e8e590bd8
p3__chenyitian-shanshu_SIRL-Gurobi__s7,SIRL-Gurobi,3,7,sirl/original_outputs/full_run/generated_code/p3__chenyitian-shanshu_SIRL-Gurobi__s7.py,sirl/original_outputs/full_run/responses/p3__chenyitian-shanshu_SIRL-Gurobi__s7_raw.txt,sirl/original_outputs/full_run/prompts/p3_prompt.txt,ee34a704280c28decc59c6e73c3f7d8e0061f20e314a47f58507cccb18d47c4a,1c200bc73b62e8f606b79651a50fc2bf026f9ddf1e1996b310b8af439481feda
p3__chenyitian-shanshu_SIRL-Gurobi__s8,SIRL-Gurobi,3,8,sirl/original_outputs/full_run/generated_code/p3__chenyitian-shanshu_SIRL-Gurobi__s8.py,sirl/original_outputs/full_run/responses/p3__chenyitian-shanshu_SIRL-Gurobi__s8_raw.txt,sirl/original_outputs/full_run/prompts/p3_prompt.txt,8b4c02f558dcfdc9deca32a0b6ee3afbe62468ef143ebeb7e32d04db55077e1d,2b1ad7e4cd7f79651a263f7d946a76c875e3b1dbe8a228cc820e788e8e590bd8
p3__chenyitian-shanshu_SIRL-Gurobi__s9,SIRL-Gurobi,3,9,sirl/original_outputs/full_run/generated_code/p3__chenyitian-shanshu_SIRL-Gurobi__s9.py,sirl/original_outputs/full_run/responses/p3__chenyitian-shanshu_SIRL-Gurobi__s9_raw.txt,sirl/original_outputs/full_run/prompts/p3_prompt.txt,6e6205ec975a58af7e76a1c86f2df7c2a49d063011bc258c953e28763b16be74,85371f035c8503f8c10da43ec0f3b7feb5ad8506ebeb7ebc394d0f805282695b
p4__chenyitian-shanshu_SIRL-Gurobi__s0,SIRL-Gurobi,4,0,sirl/original_outputs/full_run/generated_code/p4__chenyitian-shanshu_SIRL-Gurobi__s0.py,sirl/original_outputs/full_run/responses/p4__chenyitian-shanshu_SIRL-Gurobi__s0_raw.txt,sirl/original_outputs/full_run/prompts/p4_prompt.txt,21464188a05e923efd4e2b15c7f8350c7962d89a5eed4b35c667ec01cc683ea6,7b93ab2e0595f4c090f3c3e2111eff28f1c9048e51257734b4b1040262eb25ba
p4__chenyitian-shanshu_SIRL-Gurobi__s1,SIRL-Gurobi,4,1,sirl/original_outputs/full_run/generated_code/p4__chenyitian-shanshu_SIRL-Gurobi__s1.py,sirl/original_outputs/full_run/responses/p4__chenyitian-shanshu_SIRL-Gurobi__s1_raw.txt,sirl/original_outputs/full_run/prompts/p4_prompt.txt,21464188a05e923efd4e2b15c7f8350c7962d89a5eed4b35c667ec01cc683ea6,7b93ab2e0595f4c090f3c3e2111eff28f1c9048e51257734b4b1040262eb25ba
p4__chenyitian-shanshu_SIRL-Gurobi__s2,SIRL-Gurobi,4,2,sirl/original_outputs/full_run/generated_code/p4__chenyitian-shanshu_SIRL-Gurobi__s2.py,sirl/original_outputs/full_run/responses/p4__chenyitian-shanshu_SIRL-Gurobi__s2_raw.txt,sirl/original_outputs/full_run/prompts/p4_prompt.txt,21464188a05e923efd4e2b15c7f8350c7962d89a5eed4b35c667ec01cc683ea6,7b93ab2e0595f4c090f3c3e2111eff28f1c9048e51257734b4b1040262eb25ba
p4__chenyitian-shanshu_SIRL-Gurobi__s3,SIRL-Gurobi,4,3,sirl/original_outputs/full_run/generated_code/p4__chenyitian-shanshu_SIRL-Gurobi__s3.py,sirl/original_outputs/full_run/responses/p4__chenyitian-shanshu_SIRL-Gurobi__s3_raw.txt,sirl/original_outputs/full_run/prompts/p4_prompt.txt,21464188a05e923efd4e2b15c7f8350c7962d89a5eed4b35c667ec01cc683ea6,7b93ab2e0595f4c090f3c3e2111eff28f1c9048e51257734b4b1040262eb25ba
p4__chenyitian-shanshu_SIRL-Gurobi__s4,SIRL-Gurobi,4,4,sirl/original_outputs/full_run/generated_code/p4__chenyitian-shanshu_SIRL-Gurobi__s4.py,sirl/original_outputs/full_run/responses/p4__chenyitian-shanshu_SIRL-Gurobi__s4_raw.txt,sirl/original_outputs/full_run/prompts/p4_prompt.txt,21464188a05e923efd4e2b15c7f8350c7962d89a5eed4b35c667ec01cc683ea6,7b93ab2e0595f4c090f3c3e2111eff28f1c9048e51257734b4b1040262eb25ba
p4__chenyitian-shanshu_SIRL-Gurobi__s5,SIRL-Gurobi,4,5,sirl/original_outputs/full_run/generated_code/p4__chenyitian-shanshu_SIRL-Gurobi__s5.py,sirl/original_outputs/full_run/responses/p4__chenyitian-shanshu_SIRL-Gurobi__s5_raw.txt,sirl/original_outputs/full_run/prompts/p4_prompt.txt,21464188a05e923efd4e2b15c7f8350c7962d89a5eed4b35c667ec01cc683ea6,7b93ab2e0595f4c090f3c3e2111eff28f1c9048e51257734b4b1040262eb25ba
p4__chenyitian-shanshu_SIRL-Gurobi__s6,SIRL-Gurobi,4,6,sirl/original_outputs/full_run/generated_code/p4__chenyitian-shanshu_SIRL-Gurobi__s6.py,sirl/original_outputs/full_run/responses/p4__chenyitian-shanshu_SIRL-Gurobi__s6_raw.txt,sirl/original_outputs/full_run/prompts/p4_prompt.txt,21464188a05e923efd4e2b15c7f8350c7962d89a5eed4b35c667ec01cc683ea6,7b93ab2e0595f4c090f3c3e2111eff28f1c9048e51257734b4b1040262eb25ba
p4__chenyitian-shanshu_SIRL-Gurobi__s7,SIRL-Gurobi,4,7,sirl/original_outputs/full_run/generated_code/p4__chenyitian-shanshu_SIRL-Gurobi__s7.py,sirl/original_outputs/full_run/responses/p4__chenyitian-shanshu_SIRL-Gurobi__s7_raw.txt,sirl/original_outputs/full_run/prompts/p4_prompt.txt,21464188a05e923efd4e2b15c7f8350c7962d89a5eed4b35c667ec01cc683ea6,7b93ab2e0595f4c090f3c3e2111eff28f1c9048e51257734b4b1040262eb25ba
p4__chenyitian-shanshu_SIRL-Gurobi__s8,SIRL-Gurobi,4,8,sirl/original_outputs/full_run/generated_code/p4__chenyitian-shanshu_SIRL-Gurobi__s8.py,sirl/original_outputs/full_run/responses/p4__chenyitian-shanshu_SIRL-Gurobi__s8_raw.txt,sirl/original_outputs/full_run/prompts/p4_prompt.txt,21464188a05e923efd4e2b15c7f8350c7962d89a5eed4b35c667ec01cc683ea6,7b93ab2e0595f4c090f3c3e2111eff28f1c9048e51257734b4b1040262eb25ba
p4__chenyitian-shanshu_SIRL-Gurobi__s9,SIRL-Gurobi,4,9,sirl/original_outputs/full_run/generated_code/p4__chenyitian-shanshu_SIRL-Gurobi__s9.py,sirl/original_outputs/full_run/responses/p4__chenyitian-shanshu_SIRL-Gurobi__s9_raw.txt,sirl/original_outputs/full_run/prompts/p4_prompt.txt,21464188a05e923efd4e2b15c7f8350c7962d89a5eed4b35c667ec01cc683ea6,7b93ab2e0595f4c090f3c3e2111eff28f1c9048e51257734b4b1040262eb25ba
p5__chenyitian-shanshu_SIRL-Gurobi__s0,SIRL-Gurobi,5,0,sirl/original_outputs/full_run/generated_code/p5__chenyitian-shanshu_SIRL-Gurobi__s0.py,sirl/original_outputs/full_run/responses/p5__chenyitian-shanshu_SIRL-Gurobi__s0_raw.txt,sirl/original_outputs/full_run/prompts/p5_prompt.txt,ba6c6690a58cb685d0cb95a11dd99dc6304f28e7895818929d92fd5e668813db,3b5a08fa7470b097e73ac9be41e7879bf2d0f01b283393ea7750fcfc025e1139
p5__chenyitian-shanshu_SIRL-Gurobi__s1,SIRL-Gurobi,5,1,sirl/original_outputs/full_run/generated_code/p5__chenyitian-shanshu_SIRL-Gurobi__s1.py,sirl/original_outputs/full_run/responses/p5__chenyitian-shanshu_SIRL-Gurobi__s1_raw.txt,sirl/original_outputs/full_run/prompts/p5_prompt.txt,f1b8177ef777e7e14e6b9d9902dee340d2b3cf0d3f8bf72f4a702e264d4c05de,fd11b1566c20fb5b4f249674aa76e051167aee7a60852870906654940046d3d2
p5__chenyitian-shanshu_SIRL-Gurobi__s2,SIRL-Gurobi,5,2,sirl/original_outputs/full_run/generated_code/p5__chenyitian-shanshu_SIRL-Gurobi__s2.py,sirl/original_outputs/full_run/responses/p5__chenyitian-shanshu_SIRL-Gurobi__s2_raw.txt,sirl/original_outputs/full_run/prompts/p5_prompt.txt,3de254c9d194695d41a7c7b14699abef4adc64185680348bd19eb08dd078d4d5,7e2bcf16ad4dafd774124db5583729f6f86a1e5b49f0b9a5ac2bde5987093fdb
p5__chenyitian-shanshu_SIRL-Gurobi__s3,SIRL-Gurobi,5,3,sirl/original_outputs/full_run/generated_code/p5__chenyitian-shanshu_SIRL-Gurobi__s3.py,sirl/original_outputs/full_run/responses/p5__chenyitian-shanshu_SIRL-Gurobi__s3_raw.txt,sirl/original_outputs/full_run/prompts/p5_prompt.txt,c951c98a4fbdb46e344d2b65db8fc103973fb0c3b030ef1c94289fb930e0aa87,7b6861e561ed7b07ccebb5d4021ec28db83c69aa13adff16e2239fe9a387789d
p5__chenyitian-shanshu_SIRL-Gurobi__s4,SIRL-Gurobi,5,4,sirl/original_outputs/full_run/generated_code/p5__chenyitian-shanshu_SIRL-Gurobi__s4.py,sirl/original_outputs/full_run/responses/p5__chenyitian-shanshu_SIRL-Gurobi__s4_raw.txt,sirl/original_outputs/full_run/prompts/p5_prompt.txt,ba6c6690a58cb685d0cb95a11dd99dc6304f28e7895818929d92fd5e668813db,3b5a08fa7470b097e73ac9be41e7879bf2d0f01b283393ea7750fcfc025e1139
p5__chenyitian-shanshu_SIRL-Gurobi__s5,SIRL-Gurobi,5,5,sirl/original_outputs/full_run/generated_code/p5__chenyitian-shanshu_SIRL-Gurobi__s5.py,sirl/original_outputs/full_run/responses/p5__chenyitian-shanshu_SIRL-Gurobi__s5_raw.txt,sirl/original_outputs/full_run/prompts/p5_prompt.txt,e49143b4cdc622e321a829afbe3cbc108f8ee52be82143bf990ed41ffd185945,4c734cae77409a9fec9025df0c55e0569b911c8b0bd74927dc5ff8666c9a6b5b
p5__chenyitian-shanshu_SIRL-Gurobi__s6,SIRL-Gurobi,5,6,sirl/original_outputs/full_run/generated_code/p5__chenyitian-shanshu_SIRL-Gurobi__s6.py,sirl/original_outputs/full_run/responses/p5__chenyitian-shanshu_SIRL-Gurobi__s6_raw.txt,sirl/original_outputs/full_run/prompts/p5_prompt.txt,3de254c9d194695d41a7c7b14699abef4adc64185680348bd19eb08dd078d4d5,7e2bcf16ad4dafd774124db5583729f6f86a1e5b49f0b9a5ac2bde5987093fdb
p5__chenyitian-shanshu_SIRL-Gurobi__s7,SIRL-Gurobi,5,7,sirl/original_outputs/full_run/generated_code/p5__chenyitian-shanshu_SIRL-Gurobi__s7.py,sirl/original_outputs/full_run/responses/p5__chenyitian-shanshu_SIRL-Gurobi__s7_raw.txt,sirl/original_outputs/full_run/prompts/p5_prompt.txt,b2d10ee9bf97a0aa87b8bd5d17b611154df4742fe5c253a2efe1e910a8b3ebcc,0220a8c58c1801816a0551417c597ede8255afa475e86e47164ef589f99be0ff
p5__chenyitian-shanshu_SIRL-Gurobi__s8,SIRL-Gurobi,5,8,sirl/original_outputs/full_run/generated_code/p5__chenyitian-shanshu_SIRL-Gurobi__s8.py,sirl/original_outputs/full_run/responses/p5__chenyitian-shanshu_SIRL-Gurobi__s8_raw.txt,sirl/original_outputs/full_run/prompts/p5_prompt.txt,3de254c9d194695d41a7c7b14699abef4adc64185680348bd19eb08dd078d4d5,7e2bcf16ad4dafd774124db5583729f6f86a1e5b49f0b9a5ac2bde5987093fdb
p5__chenyitian-shanshu_SIRL-Gurobi__s9,SIRL-Gurobi,5,9,sirl/original_outputs/full_run/generated_code/p5__chenyitian-shanshu_SIRL-Gurobi__s9.py,sirl/original_outputs/full_run/responses/p5__chenyitian-shanshu_SIRL-Gurobi__s9_raw.txt,sirl/original_outputs/full_run/prompts/p5_prompt.txt,035d0159302d485b01a3713fc1f63b952a0dfe5beb1e8b96fb1b9759760d9859,da1d0b65bfd282eb77277fb0ad38eb39ee676188ef0ab5cb43f2b20fb25c1a62
p6__chenyitian-shanshu_SIRL-Gurobi__s0,SIRL-Gurobi,6,0,sirl/original_outputs/full_run/generated_code/p6__chenyitian-shanshu_SIRL-Gurobi__s0.py,sirl/original_outputs/full_run/responses/p6__chenyitian-shanshu_SIRL-Gurobi__s0_raw.txt,sirl/original_outputs/full_run/prompts/p6_prompt.txt,fcfdbe92310d1c244f11ac0c66355a253ead9be5705ef35b89ea1447e008ced0,b51121235b507066e2ccd63164bca43720e4d177b05bbc73a5f466aba239223a
p6__chenyitian-shanshu_SIRL-Gurobi__s1,SIRL-Gurobi,6,1,sirl/original_outputs/full_run/generated_code/p6__chenyitian-shanshu_SIRL-Gurobi__s1.py,sirl/original_outputs/full_run/responses/p6__chenyitian-shanshu_SIRL-Gurobi__s1_raw.txt,sirl/original_outputs/full_run/prompts/p6_prompt.txt,11bac3e4a5bd3db0d42f29ca13e284d5cc4208d09ae082e02b611131a907dd4d,c7ade22d13e34d245db10001fba35947b01b1d11061d898e8c1205fb3c1c8ef3
p6__chenyitian-shanshu_SIRL-Gurobi__s2,SIRL-Gurobi,6,2,sirl/original_outputs/full_run/generated_code/p6__chenyitian-shanshu_SIRL-Gurobi__s2.py,sirl/original_outputs/full_run/responses/p6__chenyitian-shanshu_SIRL-Gurobi__s2_raw.txt,sirl/original_outputs/full_run/prompts/p6_prompt.txt,3423e4c2c13b1b10b40114d4788824cac264c7d0a0953dbd9d20505ea895f6ac,6e78a6d9af61acf2339360da1e450de18f0b75a75c6e8cd45ea6b2fa2f09aa7e
p6__chenyitian-shanshu_SIRL-Gurobi__s3,SIRL-Gurobi,6,3,sirl/original_outputs/full_run/generated_code/p6__chenyitian-shanshu_SIRL-Gurobi__s3.py,sirl/original_outputs/full_run/responses/p6__chenyitian-shanshu_SIRL-Gurobi__s3_raw.txt,sirl/original_outputs/full_run/prompts/p6_prompt.txt,7ceebcb5339d7c044b0686c5ba64f202cd5bd973d51fa2afd2ad4e67775af7ac,554671175e7dea72d8217172cecf539655e0f2dcc1862d05c69faa630cab514f
p6__chenyitian-shanshu_SIRL-Gurobi__s4,SIRL-Gurobi,6,4,sirl/original_outputs/full_run/generated_code/p6__chenyitian-shanshu_SIRL-Gurobi__s4.py,sirl/original_outputs/full_run/responses/p6__chenyitian-shanshu_SIRL-Gurobi__s4_raw.txt,sirl/original_outputs/full_run/prompts/p6_prompt.txt,3a47f64c0cf427d804d2892c195c7cec95ba864cb5bc995cc0cc2e04f15f98ca,0ade1f9254c2c951181211ddf886d75c45950d5f5e0a9b29d11074eb6742bdad
p6__chenyitian-shanshu_SIRL-Gurobi__s5,SIRL-Gurobi,6,5,sirl/original_outputs/full_run/generated_code/p6__chenyitian-shanshu_SIRL-Gurobi__s5.py,sirl/original_outputs/full_run/responses/p6__chenyitian-shanshu_SIRL-Gurobi__s5_raw.txt,sirl/original_outputs/full_run/prompts/p6_prompt.txt,82f06068aff9faf2c218b1d2e025f9155e9f2351f80f6bd145c866769b617efc,992961502d2d4d88abf17fe2be99a02e54b5f55d1628270b00e1bb7a3cc74a79
p6__chenyitian-shanshu_SIRL-Gurobi__s6,SIRL-Gurobi,6,6,sirl/original_outputs/full_run/generated_code/p6__chenyitian-shanshu_SIRL-Gurobi__s6.py,sirl/original_outputs/full_run/responses/p6__chenyitian-shanshu_SIRL-Gurobi__s6_raw.txt,sirl/original_outputs/full_run/prompts/p6_prompt.txt,4d12b657dd6f3468b5dcb6f6353c629474a7e9f5e17b7306e5a551f59b7790de,8f38e7a92600a157f12774bc39e9a8b8a71e42e662ff2a5c40af1fbbdf763201
p6__chenyitian-shanshu_SIRL-Gurobi__s7,SIRL-Gurobi,6,7,sirl/original_outputs/full_run/generated_code/p6__chenyitian-shanshu_SIRL-Gurobi__s7.py,sirl/original_outputs/full_run/responses/p6__chenyitian-shanshu_SIRL-Gurobi__s7_raw.txt,sirl/original_outputs/full_run/prompts/p6_prompt.txt,824862785b87b60a83215ddf18100083bdcfce04de79f444aaefc3a0bfb03e18,f6b6de17d7a936de4411b09d864bb694d38c930ebdf889b156c84452890f90b1
p6__chenyitian-shanshu_SIRL-Gurobi__s8,SIRL-Gurobi,6,8,sirl/original_outputs/full_run/generated_code/p6__chenyitian-shanshu_SIRL-Gurobi__s8.py,sirl/original_outputs/full_run/responses/p6__chenyitian-shanshu_SIRL-Gurobi__s8_raw.txt,sirl/original_outputs/full_run/prompts/p6_prompt.txt,a5de7e6d60193b4b47283bb47745d12f97664882bf05a03a5c60a0435cafb8bd,ea654e3e54a19cb8235d5fcb389fcbfca7168a8e501baaa23f5be98fd3e943d5
p6__chenyitian-shanshu_SIRL-Gurobi__s9,SIRL-Gurobi,6,9,sirl/original_outputs/full_run/generated_code/p6__chenyitian-shanshu_SIRL-Gurobi__s9.py,sirl/original_outputs/full_run/responses/p6__chenyitian-shanshu_SIRL-Gurobi__s9_raw.txt,sirl/original_outputs/full_run/prompts/p6_prompt.txt,10d102b2ba1d9f8e64fdbe2a3183aba4bdafbbba8c0021e63a00f21b2e624353,604c9b0549836e6c66ef26932ae4ca6fde28ed5a2a1c45671cee63a5ce0e271c
p7__chenyitian-shanshu_SIRL-Gurobi__s0,SIRL-Gurobi,7,0,sirl/original_outputs/full_run/generated_code/p7__chenyitian-shanshu_SIRL-Gurobi__s0.py,sirl/original_outputs/full_run/responses/p7__chenyitian-shanshu_SIRL-Gurobi__s0_raw.txt,sirl/original_outputs/full_run/prompts/p7_prompt.txt,c26914b711bbc5239c5d486891780d165b27107a9ecd9ccb69908ecb0720a72d,df0e5eb8c81c126c89a151f3fd5113af424dac03f35cef6560bfab5afb79615f
p7__chenyitian-shanshu_SIRL-Gurobi__s1,SIRL-Gurobi,7,1,sirl/original_outputs/full_run/generated_code/p7__chenyitian-shanshu_SIRL-Gurobi__s1.py,sirl/original_outputs/full_run/responses/p7__chenyitian-shanshu_SIRL-Gurobi__s1_raw.txt,sirl/original_outputs/full_run/prompts/p7_prompt.txt,d760ce18ac0af122062dd1ca4550d85fc8326550f85219f51699a8651e572fea,8fa532046425fdd746af3075ff60588628684f713142b6997e8eca73a7075eab
p7__chenyitian-shanshu_SIRL-Gurobi__s2,SIRL-Gurobi,7,2,sirl/original_outputs/full_run/generated_code/p7__chenyitian-shanshu_SIRL-Gurobi__s2.py,sirl/original_outputs/full_run/responses/p7__chenyitian-shanshu_SIRL-Gurobi__s2_raw.txt,sirl/original_outputs/full_run/prompts/p7_prompt.txt,c26914b711bbc5239c5d486891780d165b27107a9ecd9ccb69908ecb0720a72d,df0e5eb8c81c126c89a151f3fd5113af424dac03f35cef6560bfab5afb79615f
p7__chenyitian-shanshu_SIRL-Gurobi__s3,SIRL-Gurobi,7,3,sirl/original_outputs/full_run/generated_code/p7__chenyitian-shanshu_SIRL-Gurobi__s3.py,sirl/original_outputs/full_run/responses/p7__chenyitian-shanshu_SIRL-Gurobi__s3_raw.txt,sirl/original_outputs/full_run/prompts/p7_prompt.txt,ce57094362ec2753dc9e6de0e6db3cda726895482f0bead31042b8fcd81cba82,05ff9bb6b9ae29d353ba2bbfa77f8b8a243ce4e5cf7e6c92b6ff578735a3cd6c
p7__chenyitian-shanshu_SIRL-Gurobi__s4,SIRL-Gurobi,7,4,sirl/original_outputs/full_run/generated_code/p7__chenyitian-shanshu_SIRL-Gurobi__s4.py,sirl/original_outputs/full_run/responses/p7__chenyitian-shanshu_SIRL-Gurobi__s4_raw.txt,sirl/original_outputs/full_run/prompts/p7_prompt.txt,3b5a701fcebe906daa4ace1d271961a09665c4d1897410ceb0bd632505acbefb,1493e0a437bb9fce991ff168431191ccbf35b6c953d4f1e6f9597d8042a202a0
p7__chenyitian-shanshu_SIRL-Gurobi__s5,SIRL-Gurobi,7,5,sirl/original_outputs/full_run/generated_code/p7__chenyitian-shanshu_SIRL-Gurobi__s5.py,sirl/original_outputs/full_run/responses/p7__chenyitian-shanshu_SIRL-Gurobi__s5_raw.txt,sirl/original_outputs/full_run/prompts/p7_prompt.txt,c9a484e9cad0ba63addbf0a669b8caefa6ad3dfcb7038699c06abbb1b9c9ba67,2dbfea113d37e474a638f78433e4a50d987a902db32c955602da776772dbd81b
p7__chenyitian-shanshu_SIRL-Gurobi__s6,SIRL-Gurobi,7,6,sirl/original_outputs/full_run/generated_code/p7__chenyitian-shanshu_SIRL-Gurobi__s6.py,sirl/original_outputs/full_run/responses/p7__chenyitian-shanshu_SIRL-Gurobi__s6_raw.txt,sirl/original_outputs/full_run/prompts/p7_prompt.txt,edf32f0c51a15ef441c1364736b0da935a938afeb1f18520fe72106cb1798460,1f02a7eb4054e48913b48abc4e463a399fb50bab0b51d2253df22cb21c1f53d2
p7__chenyitian-shanshu_SIRL-Gurobi__s7,SIRL-Gurobi,7,7,sirl/original_outputs/full_run/generated_code/p7__chenyitian-shanshu_SIRL-Gurobi__s7.py,sirl/original_outputs/full_run/responses/p7__chenyitian-shanshu_SIRL-Gurobi__s7_raw.txt,sirl/original_outputs/full_run/prompts/p7_prompt.txt,788cc295436f1772e78b5dfbf4ace97921120a8b6dfdb33cef83e5690d79c047,252dbf9194d3578c903f30154c9c0c1f0ac356958ae28a2d457caef493cd81ef
p7__chenyitian-shanshu_SIRL-Gurobi__s8,SIRL-Gurobi,7,8,sirl/original_outputs/full_run/generated_code/p7__chenyitian-shanshu_SIRL-Gurobi__s8.py,sirl/original_outputs/full_run/responses/p7__chenyitian-shanshu_SIRL-Gurobi__s8_raw.txt,sirl/original_outputs/full_run/prompts/p7_prompt.txt,11e6c87dfc59be9555ee136966d88dcfc422a24bb4d9df1fd685c10420bda96b,7ce35fc8f3e58f7aec63ec9f385366d7a3b77a0ee5f4aaa688afca0107843a7f
p7__chenyitian-shanshu_SIRL-Gurobi__s9,SIRL-Gurobi,7,9,sirl/original_outputs/full_run/generated_code/p7__chenyitian-shanshu_SIRL-Gurobi__s9.py,sirl/original_outputs/full_run/responses/p7__chenyitian-shanshu_SIRL-Gurobi__s9_raw.txt,sirl/original_outputs/full_run/prompts/p7_prompt.txt,f43bb0d6d1ddc557b104b74fdcc57e71e5bcc9acc47a4245d3e7ea484e369945,4d5e26cda8ba805c452aec90ab57e527492f65fbf71ad03e88ac91092d379946
p8__chenyitian-shanshu_SIRL-Gurobi__s0,SIRL-Gurobi,8,0,sirl/original_outputs/full_run/generated_code/p8__chenyitian-shanshu_SIRL-Gurobi__s0.py,sirl/original_outputs/full_run/responses/p8__chenyitian-shanshu_SIRL-Gurobi__s0_raw.txt,sirl/original_outputs/full_run/prompts/p8_prompt.txt,fcd11aae5386e52e60dfdb2f8ed708803a5fd63d9df8eb2ed611f5543dd95cb5,e41b5de0bcd57189b88cfe43fa0c6bcff3ddc64bfd1df9e14e70999c3cb709fe
p8__chenyitian-shanshu_SIRL-Gurobi__s1,SIRL-Gurobi,8,1,sirl/original_outputs/full_run/generated_code/p8__chenyitian-shanshu_SIRL-Gurobi__s1.py,sirl/original_outputs/full_run/responses/p8__chenyitian-shanshu_SIRL-Gurobi__s1_raw.txt,sirl/original_outputs/full_run/prompts/p8_prompt.txt,d15ed0a1ac96b1b7b43064c84d89e2eddbeba896ebcefbbeccaea71cc4186f5f,d036bac70be8bbcd693d53472f43bc014391caa924a4bd1a49632e8b5f80e025
p8__chenyitian-shanshu_SIRL-Gurobi__s2,SIRL-Gurobi,8,2,sirl/original_outputs/full_run/generated_code/p8__chenyitian-shanshu_SIRL-Gurobi__s2.py,sirl/original_outputs/full_run/responses/p8__chenyitian-shanshu_SIRL-Gurobi__s2_raw.txt,sirl/original_outputs/full_run/prompts/p8_prompt.txt,08bd67c8d7fc1be9e7b5becc1aa53efd716d5ca08c14eca6a571dae6f3b082bd,d3e1f5df24b2cfe78e0999116559182d2bae2a0c3f8340e574196608366ee351
p8__chenyitian-shanshu_SIRL-Gurobi__s3,SIRL-Gurobi,8,3,sirl/original_outputs/full_run/generated_code/p8__chenyitian-shanshu_SIRL-Gurobi__s3.py,sirl/original_outputs/full_run/responses/p8__chenyitian-shanshu_SIRL-Gurobi__s3_raw.txt,sirl/original_outputs/full_run/prompts/p8_prompt.txt,e1dd7253a97491e5d7d045507b27dc0519374f3163661b63dccd9a90e9639449,9105eaddd0469277de1982337fe4795b4d0e14eb56dd6d822f0a520d107b3163
p8__chenyitian-shanshu_SIRL-Gurobi__s4,SIRL-Gurobi,8,4,sirl/original_outputs/full_run/generated_code/p8__chenyitian-shanshu_SIRL-Gurobi__s4.py,sirl/original_outputs/full_run/responses/p8__chenyitian-shanshu_SIRL-Gurobi__s4_raw.txt,sirl/original_outputs/full_run/prompts/p8_prompt.txt,08bd67c8d7fc1be9e7b5becc1aa53efd716d5ca08c14eca6a571dae6f3b082bd,d3e1f5df24b2cfe78e0999116559182d2bae2a0c3f8340e574196608366ee351
p8__chenyitian-shanshu_SIRL-Gurobi__s5,SIRL-Gurobi,8,5,sirl/original_outputs/full_run/generated_code/p8__chenyitian-shanshu_SIRL-Gurobi__s5.py,sirl/original_outputs/full_run/responses/p8__chenyitian-shanshu_SIRL-Gurobi__s5_raw.txt,sirl/original_outputs/full_run/prompts/p8_prompt.txt,08bd67c8d7fc1be9e7b5becc1aa53efd716d5ca08c14eca6a571dae6f3b082bd,d3e1f5df24b2cfe78e0999116559182d2bae2a0c3f8340e574196608366ee351
p8__chenyitian-shanshu_SIRL-Gurobi__s6,SIRL-Gurobi,8,6,sirl/original_outputs/full_run/generated_code/p8__chenyitian-shanshu_SIRL-Gurobi__s6.py,sirl/original_outputs/full_run/responses/p8__chenyitian-shanshu_SIRL-Gurobi__s6_raw.txt,sirl/original_outputs/full_run/prompts/p8_prompt.txt,08bd67c8d7fc1be9e7b5becc1aa53efd716d5ca08c14eca6a571dae6f3b082bd,d3e1f5df24b2cfe78e0999116559182d2bae2a0c3f8340e574196608366ee351
p8__chenyitian-shanshu_SIRL-Gurobi__s7,SIRL-Gurobi,8,7,sirl/original_outputs/full_run/generated_code/p8__chenyitian-shanshu_SIRL-Gurobi__s7.py,sirl/original_outputs/full_run/responses/p8__chenyitian-shanshu_SIRL-Gurobi__s7_raw.txt,sirl/original_outputs/full_run/prompts/p8_prompt.txt,96e230676a0aec4002d8eccade6a72e7eafdfa1c62d2b78c43aaade3aa29a288,31d00a933bd3646c8ea200e2990c848ec34cecdf5d4a04210bde2af8b5f0bd1a
p8__chenyitian-shanshu_SIRL-Gurobi__s8,SIRL-Gurobi,8,8,sirl/original_outputs/full_run/generated_code/p8__chenyitian-shanshu_SIRL-Gurobi__s8.py,sirl/original_outputs/full_run/responses/p8__chenyitian-shanshu_SIRL-Gurobi__s8_raw.txt,sirl/original_outputs/full_run/prompts/p8_prompt.txt,247da7c8db9b289d4d50854ced3daa0426add87a9b969dd094ca812bf666dae8,38189ae7e009e7a4216f91fbac51ed910c637a6480e24c67182314fbc83fbe7d
p8__chenyitian-shanshu_SIRL-Gurobi__s9,SIRL-Gurobi,8,9,sirl/original_outputs/full_run/generated_code/p8__chenyitian-shanshu_SIRL-Gurobi__s9.py,sirl/original_outputs/full_run/responses/p8__chenyitian-shanshu_SIRL-Gurobi__s9_raw.txt,sirl/original_outputs/full_run/prompts/p8_prompt.txt,247da7c8db9b289d4d50854ced3daa0426add87a9b969dd094ca812bf666dae8,38189ae7e009e7a4216f91fbac51ed910c637a6480e24c67182314fbc83fbe7d
p9__chenyitian-shanshu_SIRL-Gurobi__s0,SIRL-Gurobi,9,0,sirl/original_outputs/full_run/generated_code/p9__chenyitian-shanshu_SIRL-Gurobi__s0.py,sirl/original_outputs/full_run/responses/p9__chenyitian-shanshu_SIRL-Gurobi__s0_raw.txt,sirl/original_outputs/full_run/prompts/p9_prompt.txt,33c5d9865ad41f0e0893ffd202f91bbc6fbfa8ca5de1167fb54b2075d51f41ba,bb91f4f2dccd02621493bd9586b39e2060a53e4cd41ecddb58c7387d8c478621
p9__chenyitian-shanshu_SIRL-Gurobi__s1,SIRL-Gurobi,9,1,sirl/original_outputs/full_run/generated_code/p9__chenyitian-shanshu_SIRL-Gurobi__s1.py,sirl/original_outputs/full_run/responses/p9__chenyitian-shanshu_SIRL-Gurobi__s1_raw.txt,sirl/original_outputs/full_run/prompts/p9_prompt.txt,31a13915a7274a2017b37e6bb6b9c177c7caaf1b2587957b18632ae2787a01e0,ccf57569467960650515981e660ae0689927855eda35beabe7e1e0d149f27ff8
p9__chenyitian-shanshu_SIRL-Gurobi__s2,SIRL-Gurobi,9,2,sirl/original_outputs/full_run/generated_code/p9__chenyitian-shanshu_SIRL-Gurobi__s2.py,sirl/original_outputs/full_run/responses/p9__chenyitian-shanshu_SIRL-Gurobi__s2_raw.txt,sirl/original_outputs/full_run/prompts/p9_prompt.txt,383df9c7c5925e891a95a8ae9a8596b519ba014d3e120213ed89055dc7cb04ef,78542b0dda49250c23dbc67b37c8d8597ca54374724db203ce9fd4e038023b40
p9__chenyitian-shanshu_SIRL-Gurobi__s3,SIRL-Gurobi,9,3,sirl/original_outputs/full_run/generated_code/p9__chenyitian-shanshu_SIRL-Gurobi__s3.py,sirl/original_outputs/full_run/responses/p9__chenyitian-shanshu_SIRL-Gurobi__s3_raw.txt,sirl/original_outputs/full_run/prompts/p9_prompt.txt,9a7f3392f3de0267f15709d929b33cf5a8cd7eeefd3b634aa3aa13d873bc18c3,a0e855333c67ca5026b1528a4c6091d7e85553d61e3c3f54acbec65eea245075
p9__chenyitian-shanshu_SIRL-Gurobi__s4,SIRL-Gurobi,9,4,sirl/original_outputs/full_run/generated_code/p9__chenyitian-shanshu_SIRL-Gurobi__s4.py,sirl/original_outputs/full_run/responses/p9__chenyitian-shanshu_SIRL-Gurobi__s4_raw.txt,sirl/original_outputs/full_run/prompts/p9_prompt.txt,a61a59f73fb73de80349ea2e1f5d2b8f4d4f748cdbc7206bfdd319c8b131988a,2a61e53dfb9256dbf984d4cd825df4964c021a436397d512e28e69f39cd353e8
p9__chenyitian-shanshu_SIRL-Gurobi__s5,SIRL-Gurobi,9,5,sirl/original_outputs/full_run/generated_code/p9__chenyitian-shanshu_SIRL-Gurobi__s5.py,sirl/original_outputs/full_run/responses/p9__chenyitian-shanshu_SIRL-Gurobi__s5_raw.txt,sirl/original_outputs/full_run/prompts/p9_prompt.txt,6c8f0ee409fcbf2940b60cb56d9ce285490a5200f288252e2be4c825f79dd333,f1c1e192857441f5521b9ecbf5ea23f58d7d1d88f1fc3173b5b72d69fc491516
p9__chenyitian-shanshu_SIRL-Gurobi__s6,SIRL-Gurobi,9,6,sirl/original_outputs/full_run/generated_code/p9__chenyitian-shanshu_SIRL-Gurobi__s6.py,sirl/original_outputs/full_run/responses/p9__chenyitian-shanshu_SIRL-Gurobi__s6_raw.txt,sirl/original_outputs/full_run/prompts/p9_prompt.txt,383df9c7c5925e891a95a8ae9a8596b519ba014d3e120213ed89055dc7cb04ef,78542b0dda49250c23dbc67b37c8d8597ca54374724db203ce9fd4e038023b40
p9__chenyitian-shanshu_SIRL-Gurobi__s7,SIRL-Gurobi,9,7,sirl/original_outputs/full_run/generated_code/p9__chenyitian-shanshu_SIRL-Gurobi__s7.py,sirl/original_outputs/full_run/responses/p9__chenyitian-shanshu_SIRL-Gurobi__s7_raw.txt,sirl/original_outputs/full_run/prompts/p9_prompt.txt,3923681daf4465d586ae965fff0c6b1860805a17035509c8150c3352ce060ed5,352785d926adb0fa3ae5a5fe4f1a0be16296ba4883613cab02d02fa45f7421cc
p9__chenyitian-shanshu_SIRL-Gurobi__s8,SIRL-Gurobi,9,8,sirl/original_outputs/full_run/generated_code/p9__chenyitian-shanshu_SIRL-Gurobi__s8.py,sirl/original_outputs/full_run/responses/p9__chenyitian-shanshu_SIRL-Gurobi__s8_raw.txt,sirl/original_outputs/full_run/prompts/p9_prompt.txt,bc86f9d6c44a375534815a1e4c5927778ac8265ad68be82ab3cf85848edc42e3,27fd0bda03da3bc2f8126ca048fbe0da39b5ce01dfc7aad97ab70953a2110344
p9__chenyitian-shanshu_SIRL-Gurobi__s9,SIRL-Gurobi,9,9,sirl/original_outputs/full_run/generated_code/p9__chenyitian-shanshu_SIRL-Gurobi__s9.py,sirl/original_outputs/full_run/responses/p9__chenyitian-shanshu_SIRL-Gurobi__s9_raw.txt,sirl/original_outputs/full_run/prompts/p9_prompt.txt,22a6e48a23def7855f16bb51454e06286e42a3074ed4429ae85d35a73ef0e388,8561293f15198db64b544b339b7ce77ce254cbe2813e185b586e7d83da21d7a9
p10__chenyitian-shanshu_SIRL-Gurobi__s0,SIRL-Gurobi,10,0,sirl/original_outputs/full_run/generated_code/p10__chenyitian-shanshu_SIRL-Gurobi__s0.py,sirl/original_outputs/full_run/responses/p10__chenyitian-shanshu_SIRL-Gurobi__s0_raw.txt,sirl/original_outputs/full_run/prompts/p10_prompt.txt,e11453669a9b2825bfd0801631427d621bd4373e67545420fc9d14d4f5a79aeb,1f3322c0f13985e2e8b77ce113fc8a8c056538d1752a99b3983e21dd6337958b
p10__chenyitian-shanshu_SIRL-Gurobi__s1,SIRL-Gurobi,10,1,sirl/original_outputs/full_run/generated_code/p10__chenyitian-shanshu_SIRL-Gurobi__s1.py,sirl/original_outputs/full_run/responses/p10__chenyitian-shanshu_SIRL-Gurobi__s1_raw.txt,sirl/original_outputs/full_run/prompts/p10_prompt.txt,e11453669a9b2825bfd0801631427d621bd4373e67545420fc9d14d4f5a79aeb,1f3322c0f13985e2e8b77ce113fc8a8c056538d1752a99b3983e21dd6337958b
p10__chenyitian-shanshu_SIRL-Gurobi__s2,SIRL-Gurobi,10,2,sirl/original_outputs/full_run/generated_code/p10__chenyitian-shanshu_SIRL-Gurobi__s2.py,sirl/original_outputs/full_run/responses/p10__chenyitian-shanshu_SIRL-Gurobi__s2_raw.txt,sirl/original_outputs/full_run/prompts/p10_prompt.txt,ab93e88e0a22de5f0367419f3b62e1c9730648a5b4d09d7f5d4cf9ec12915aaa,1d7373d65258d9260f7c350fc3a3f13a3c129937799e50f27898f1c01397941a
p10__chenyitian-shanshu_SIRL-Gurobi__s3,SIRL-Gurobi,10,3,sirl/original_outputs/full_run/generated_code/p10__chenyitian-shanshu_SIRL-Gurobi__s3.py,sirl/original_outputs/full_run/responses/p10__chenyitian-shanshu_SIRL-Gurobi__s3_raw.txt,sirl/original_outputs/full_run/prompts/p10_prompt.txt,ab93e88e0a22de5f0367419f3b62e1c9730648a5b4d09d7f5d4cf9ec12915aaa,1d7373d65258d9260f7c350fc3a3f13a3c129937799e50f27898f1c01397941a
p10__chenyitian-shanshu_SIRL-Gurobi__s4,SIRL-Gurobi,10,4,sirl/original_outputs/full_run/generated_code/p10__chenyitian-shanshu_SIRL-Gurobi__s4.py,sirl/original_outputs/full_run/responses/p10__chenyitian-shanshu_SIRL-Gurobi__s4_raw.txt,sirl/original_outputs/full_run/prompts/p10_prompt.txt,465aee511e1017593b7e78fc923c55818e3f7db62341f219dbd07424c691e69a,8cb56797db761ec1529d00ee460dd9c591bccbeb5dde541c9bf0252b988199d0
p10__chenyitian-shanshu_SIRL-Gurobi__s5,SIRL-Gurobi,10,5,sirl/original_outputs/full_run/generated_code/p10__chenyitian-shanshu_SIRL-Gurobi__s5.py,sirl/original_outputs/full_run/responses/p10__chenyitian-shanshu_SIRL-Gurobi__s5_raw.txt,sirl/original_outputs/full_run/prompts/p10_prompt.txt,859a114413b90d44c8ee0a8a2c135a17956c344970ebffe8470ce40e6e3b3a90,d4f9c75902b4900dc363a555a33fe04fde2286169e4554f675e1d45b7ee3932c
p10__chenyitian-shanshu_SIRL-Gurobi__s6,SIRL-Gurobi,10,6,sirl/original_outputs/full_run/generated_code/p10__chenyitian-shanshu_SIRL-Gurobi__s6.py,sirl/original_outputs/full_run/responses/p10__chenyitian-shanshu_SIRL-Gurobi__s6_raw.txt,sirl/original_outputs/full_run/prompts/p10_prompt.txt,eb95595c6c613bc54c820c27d03ac31e1fbcd822cc97072ccbb056bf3513eb86,e31a0c82d98971be97a3c6a4a7cdc1a571afe6678d0f8768947028c020f76124
p10__chenyitian-shanshu_SIRL-Gurobi__s7,SIRL-Gurobi,10,7,sirl/original_outputs/full_run/generated_code/p10__chenyitian-shanshu_SIRL-Gurobi__s7.py,sirl/original_outputs/full_run/responses/p10__chenyitian-shanshu_SIRL-Gurobi__s7_raw.txt,sirl/original_outputs/full_run/prompts/p10_prompt.txt,a8cc16897128df50463e403342818453be097961ef362039795420010377ddfc,59277918f2d38ec45edc10a26f27e136eceed7f3501dd754d1a5a56a194146f0
p10__chenyitian-shanshu_SIRL-Gurobi__s8,SIRL-Gurobi,10,8,sirl/original_outputs/full_run/generated_code/p10__chenyitian-shanshu_SIRL-Gurobi__s8.py,sirl/original_outputs/full_run/responses/p10__chenyitian-shanshu_SIRL-Gurobi__s8_raw.txt,sirl/original_outputs/full_run/prompts/p10_prompt.txt,a8cc16897128df50463e403342818453be097961ef362039795420010377ddfc,59277918f2d38ec45edc10a26f27e136eceed7f3501dd754d1a5a56a194146f0
p10__chenyitian-shanshu_SIRL-Gurobi__s9,SIRL-Gurobi,10,9,sirl/original_outputs/full_run/generated_code/p10__chenyitian-shanshu_SIRL-Gurobi__s9.py,sirl/original_outputs/full_run/responses/p10__chenyitian-shanshu_SIRL-Gurobi__s9_raw.txt,sirl/original_outputs/full_run/prompts/p10_prompt.txt,a8cc16897128df50463e403342818453be097961ef362039795420010377ddfc,59277918f2d38ec45edc10a26f27e136eceed7f3501dd754d1a5a56a194146f0
p11__chenyitian-shanshu_SIRL-Gurobi__s0,SIRL-Gurobi,11,0,,,sirl/original_outputs/full_run/prompts/p11_prompt.txt,,
p11__chenyitian-shanshu_SIRL-Gurobi__s1,SIRL-Gurobi,11,1,,,sirl/original_outputs/full_run/prompts/p11_prompt.txt,,
p11__chenyitian-shanshu_SIRL-Gurobi__s2,SIRL-Gurobi,11,2,,,sirl/original_outputs/full_run/prompts/p11_prompt.txt,,
p11__chenyitian-shanshu_SIRL-Gurobi__s3,SIRL-Gurobi,11,3,,,sirl/original_outputs/full_run/prompts/p11_prompt.txt,,
p11__chenyitian-shanshu_SIRL-Gurobi__s4,SIRL-Gurobi,11,4,,,sirl/original_outputs/full_run/prompts/p11_prompt.txt,,
p11__chenyitian-shanshu_SIRL-Gurobi__s5,SIRL-Gurobi,11,5,,,sirl/original_outputs/full_run/prompts/p11_prompt.txt,,
p11__chenyitian-shanshu_SIRL-Gurobi__s6,SIRL-Gurobi,11,6,,,sirl/original_outputs/full_run/prompts/p11_prompt.txt,,
p11__chenyitian-shanshu_SIRL-Gurobi__s7,SIRL-Gurobi,11,7,,,sirl/original_outputs/full_run/prompts/p11_prompt.txt,,
p11__chenyitian-shanshu_SIRL-Gurobi__s8,SIRL-Gurobi,11,8,,,sirl/original_outputs/full_run/prompts/p11_prompt.txt,,
p11__chenyitian-shanshu_SIRL-Gurobi__s9,SIRL-Gurobi,11,9,,,sirl/original_outputs/full_run/prompts/p11_prompt.txt,,
p12__chenyitian-shanshu_SIRL-Gurobi__s0,SIRL-Gurobi,12,0,sirl/original_outputs/full_run/generated_code/p12__chenyitian-shanshu_SIRL-Gurobi__s0.py,sirl/original_outputs/full_run/responses/p12__chenyitian-shanshu_SIRL-Gurobi__s0_raw.txt,sirl/original_outputs/full_run/prompts/p12_prompt.txt,e378634009c0c162ba78763383a6f59a8f211be659f558489af7384119cd21f8,16a963811d32d7f3762ffb5d158f14467ea9665f780bcf53d53f9c508c31d974
p12__chenyitian-shanshu_SIRL-Gurobi__s1,SIRL-Gurobi,12,1,sirl/original_outputs/full_run/generated_code/p12__chenyitian-shanshu_SIRL-Gurobi__s1.py,sirl/original_outputs/full_run/responses/p12__chenyitian-shanshu_SIRL-Gurobi__s1_raw.txt,sirl/original_outputs/full_run/prompts/p12_prompt.txt,8cdaeaca6b01e41c191ff4880ca5844928f54624db6328e294481c7da791005f,b0cb330e705b7d736144ed36e9cebdd156c83c51d3a6d340a5a24f4e18b0ff36
p12__chenyitian-shanshu_SIRL-Gurobi__s2,SIRL-Gurobi,12,2,sirl/original_outputs/full_run/generated_code/p12__chenyitian-shanshu_SIRL-Gurobi__s2.py,sirl/original_outputs/full_run/responses/p12__chenyitian-shanshu_SIRL-Gurobi__s2_raw.txt,sirl/original_outputs/full_run/prompts/p12_prompt.txt,54d0b8a172767a65d9ebdcdc0e72d8eac751174e6818c9d1ad2233b9389d2e26,b332029929644e59aac46e107cb41e4b320b1995255f018ce104bfb96e6e6e73
p12__chenyitian-shanshu_SIRL-Gurobi__s3,SIRL-Gurobi,12,3,sirl/original_outputs/full_run/generated_code/p12__chenyitian-shanshu_SIRL-Gurobi__s3.py,sirl/original_outputs/full_run/responses/p12__chenyitian-shanshu_SIRL-Gurobi__s3_raw.txt,sirl/original_outputs/full_run/prompts/p12_prompt.txt,54d0b8a172767a65d9ebdcdc0e72d8eac751174e6818c9d1ad2233b9389d2e26,b332029929644e59aac46e107cb41e4b320b1995255f018ce104bfb96e6e6e73
p12__chenyitian-shanshu_SIRL-Gurobi__s4,SIRL-Gurobi,12,4,sirl/original_outputs/full_run/generated_code/p12__chenyitian-shanshu_SIRL-Gurobi__s4.py,sirl/original_outputs/full_run/responses/p12__chenyitian-shanshu_SIRL-Gurobi__s4_raw.txt,sirl/original_outputs/full_run/prompts/p12_prompt.txt,54d0b8a172767a65d9ebdcdc0e72d8eac751174e6818c9d1ad2233b9389d2e26,b332029929644e59aac46e107cb41e4b320b1995255f018ce104bfb96e6e6e73
p12__chenyitian-shanshu_SIRL-Gurobi__s5,SIRL-Gurobi,12,5,sirl/original_outputs/full_run/generated_code/p12__chenyitian-shanshu_SIRL-Gurobi__s5.py,sirl/original_outputs/full_run/responses/p12__chenyitian-shanshu_SIRL-Gurobi__s5_raw.txt,sirl/original_outputs/full_run/prompts/p12_prompt.txt,f3d5b6f5e3708bd8e9425376fef6896f58cb031c1fa3feaa046d2477a90f02f9,3cdd832f61a05b3dd05dd54d15abe7a9015b902276a7ac7a2f89134f5d85a9c1
p12__chenyitian-shanshu_SIRL-Gurobi__s6,SIRL-Gurobi,12,6,sirl/original_outputs/full_run/generated_code/p12__chenyitian-shanshu_SIRL-Gurobi__s6.py,sirl/original_outputs/full_run/responses/p12__chenyitian-shanshu_SIRL-Gurobi__s6_raw.txt,sirl/original_outputs/full_run/prompts/p12_prompt.txt,bf94412a1fb2fb056f7a2afc4770a98f909696899f2325c43558459fb719981c,b9b8de41c544c3ea439e1173a45851611abb35efb41df333bdfd2c2ce1d52a35
p12__chenyitian-shanshu_SIRL-Gurobi__s7,SIRL-Gurobi,12,7,sirl/original_outputs/full_run/generated_code/p12__chenyitian-shanshu_SIRL-Gurobi__s7.py,sirl/original_outputs/full_run/responses/p12__chenyitian-shanshu_SIRL-Gurobi__s7_raw.txt,sirl/original_outputs/full_run/prompts/p12_prompt.txt,0f6faa558b37c59f0cfadb05b5b9d0648119a668ab97921b7b06530b28a37a94,86c52046b5508306b881f66f9f188c784ff172c8fbe32e78a9ab3dbcd135cf46
p12__chenyitian-shanshu_SIRL-Gurobi__s8,SIRL-Gurobi,12,8,sirl/original_outputs/full_run/generated_code/p12__chenyitian-shanshu_SIRL-Gurobi__s8.py,sirl/original_outputs/full_run/responses/p12__chenyitian-shanshu_SIRL-Gurobi__s8_raw.txt,sirl/original_outputs/full_run/prompts/p12_prompt.txt,4fc5b1e79e289e320788d6f73ad4c34641912089f86c3dd15fd1b06de1584dbb,58f7a23872e135e646e5bedc09f7ed4f13c473ef373b56c990a58217f7d5b2ad
p12__chenyitian-shanshu_SIRL-Gurobi__s9,SIRL-Gurobi,12,9,sirl/original_outputs/full_run/generated_code/p12__chenyitian-shanshu_SIRL-Gurobi__s9.py,sirl/original_outputs/full_run/responses/p12__chenyitian-shanshu_SIRL-Gurobi__s9_raw.txt,sirl/original_outputs/full_run/prompts/p12_prompt.txt,33d61ad6cf7e04a6c8c511fbb3fba9388801b434c20cc9d0a68a15eb2658318b,54e301fbcf373b7e2d903b65e6a2cda094b162aafab0d4da26b9f06d1a69b665
p13__chenyitian-shanshu_SIRL-Gurobi__s0,SIRL-Gurobi,13,0,sirl/original_outputs/full_run/generated_code/p13__chenyitian-shanshu_SIRL-Gurobi__s0.py,sirl/original_outputs/full_run/responses/p13__chenyitian-shanshu_SIRL-Gurobi__s0_raw.txt,sirl/original_outputs/full_run/prompts/p13_prompt.txt,37c8d8e174961d08c36fb7ac978482af21361c2ff372137c09182e1bc0355daf,d600d064001993e6c4b0e8eb0306f51a67ad81dd9ce09d9f6be220fc6599ef25
p13__chenyitian-shanshu_SIRL-Gurobi__s1,SIRL-Gurobi,13,1,sirl/original_outputs/full_run/generated_code/p13__chenyitian-shanshu_SIRL-Gurobi__s1.py,sirl/original_outputs/full_run/responses/p13__chenyitian-shanshu_SIRL-Gurobi__s1_raw.txt,sirl/original_outputs/full_run/prompts/p13_prompt.txt,37c8d8e174961d08c36fb7ac978482af21361c2ff372137c09182e1bc0355daf,d600d064001993e6c4b0e8eb0306f51a67ad81dd9ce09d9f6be220fc6599ef25
p13__chenyitian-shanshu_SIRL-Gurobi__s2,SIRL-Gurobi,13,2,sirl/original_outputs/full_run/generated_code/p13__chenyitian-shanshu_SIRL-Gurobi__s2.py,sirl/original_outputs/full_run/responses/p13__chenyitian-shanshu_SIRL-Gurobi__s2_raw.txt,sirl/original_outputs/full_run/prompts/p13_prompt.txt,50ebeb25c60546c35c51482703a092086b3909cf7342884b395920bcf46b5310,68806d0ab11ffbe1a337832576ba964ffc12e09f71f529a50a2a93060cc8d368
p13__chenyitian-shanshu_SIRL-Gurobi__s3,SIRL-Gurobi,13,3,sirl/original_outputs/full_run/generated_code/p13__chenyitian-shanshu_SIRL-Gurobi__s3.py,sirl/original_outputs/full_run/responses/p13__chenyitian-shanshu_SIRL-Gurobi__s3_raw.txt,sirl/original_outputs/full_run/prompts/p13_prompt.txt,50ebeb25c60546c35c51482703a092086b3909cf7342884b395920bcf46b5310,68806d0ab11ffbe1a337832576ba964ffc12e09f71f529a50a2a93060cc8d368
p13__chenyitian-shanshu_SIRL-Gurobi__s4,SIRL-Gurobi,13,4,sirl/original_outputs/full_run/generated_code/p13__chenyitian-shanshu_SIRL-Gurobi__s4.py,sirl/original_outputs/full_run/responses/p13__chenyitian-shanshu_SIRL-Gurobi__s4_raw.txt,sirl/original_outputs/full_run/prompts/p13_prompt.txt,4f53674c25f2ba0191a46e573253655a4e69e44380a62f06e1bfbd6643b607ca,a4798589772801169f28554d02fc3ea3e0cfbea22388db1f54da52a706ea029e
p13__chenyitian-shanshu_SIRL-Gurobi__s5,SIRL-Gurobi,13,5,sirl/original_outputs/full_run/generated_code/p13__chenyitian-shanshu_SIRL-Gurobi__s5.py,sirl/original_outputs/full_run/responses/p13__chenyitian-shanshu_SIRL-Gurobi__s5_raw.txt,sirl/original_outputs/full_run/prompts/p13_prompt.txt,4704afa513bc34018a483ad35b7ccf4d360d487b7aab7c29d876c4b0f4da420e,72bb58dc26f033c0fde80fcd312fd8684195df846bf1b2e5f19e8c86a373f904
p13__chenyitian-shanshu_SIRL-Gurobi__s6,SIRL-Gurobi,13,6,sirl/original_outputs/full_run/generated_code/p13__chenyitian-shanshu_SIRL-Gurobi__s6.py,sirl/original_outputs/full_run/responses/p13__chenyitian-shanshu_SIRL-Gurobi__s6_raw.txt,sirl/original_outputs/full_run/prompts/p13_prompt.txt,81ee4d35343109d1b64b475e6a791081c4c94b9364c1bb40a0c9dcdbf6c4a7bd,66ef44875bfb060a4d627c4c49a78ef7745b8de3fb4b260f6eb7560cc4cdd9ff
p13__chenyitian-shanshu_SIRL-Gurobi__s7,SIRL-Gurobi,13,7,sirl/original_outputs/full_run/generated_code/p13__chenyitian-shanshu_SIRL-Gurobi__s7.py,sirl/original_outputs/full_run/responses/p13__chenyitian-shanshu_SIRL-Gurobi__s7_raw.txt,sirl/original_outputs/full_run/prompts/p13_prompt.txt,6fde401859763449f1c464a901ca436b7e6c14e019ff1cad11b7a9c23cf8b419,47cbd3ea67b3c79ae7ea94ca2b63bfea6c81f014da8e35e40a04d29643e20f74
p13__chenyitian-shanshu_SIRL-Gurobi__s8,SIRL-Gurobi,13,8,sirl/original_outputs/full_run/generated_code/p13__chenyitian-shanshu_SIRL-Gurobi__s8.py,sirl/original_outputs/full_run/responses/p13__chenyitian-shanshu_SIRL-Gurobi__s8_raw.txt,sirl/original_outputs/full_run/prompts/p13_prompt.txt,3ca08530a9e58a06824fdd5368025391663e23b2b450104a39cd58fa894f3757,f65d3231abe03e8448c643f15eb9d42d260141ba654cd8a6fb2116afd9c5345b
p13__chenyitian-shanshu_SIRL-Gurobi__s9,SIRL-Gurobi,13,9,sirl/original_outputs/full_run/generated_code/p13__chenyitian-shanshu_SIRL-Gurobi__s9.py,sirl/original_outputs/full_run/responses/p13__chenyitian-shanshu_SIRL-Gurobi__s9_raw.txt,sirl/original_outputs/full_run/prompts/p13_prompt.txt,e21bfa31c3a74c254dce7382870bde5d80390870238c1f9bf2c88767062e3261,4ff500da46e3c5ce6c9e95e2fa71a8c5e2ab20d31a3ff21665a01d12ad2ca2af
p14__chenyitian-shanshu_SIRL-Gurobi__s0,SIRL-Gurobi,14,0,sirl/original_outputs/full_run/generated_code/p14__chenyitian-shanshu_SIRL-Gurobi__s0.py,sirl/original_outputs/full_run/responses/p14__chenyitian-shanshu_SIRL-Gurobi__s0_raw.txt,sirl/original_outputs/full_run/prompts/p14_prompt.txt,73558e4784ed4e559393fdad5093d3d840e09756efaec14cbee902bc8c61b0f8,8de636b31a8cf105b8fc25cf941d703de8edde7052331415cd3159d6a9e1df5f
p14__chenyitian-shanshu_SIRL-Gurobi__s1,SIRL-Gurobi,14,1,sirl/original_outputs/full_run/generated_code/p14__chenyitian-shanshu_SIRL-Gurobi__s1.py,sirl/original_outputs/full_run/responses/p14__chenyitian-shanshu_SIRL-Gurobi__s1_raw.txt,sirl/original_outputs/full_run/prompts/p14_prompt.txt,2ac8ba3d931390efe2ddf14cfbd4774a073bc31a5da34c46b202eaaefb70db04,07b45b883e7a2400d7fa8de009f20240c3dfa1435241ed1bde3fb116d4b98532
p14__chenyitian-shanshu_SIRL-Gurobi__s2,SIRL-Gurobi,14,2,sirl/original_outputs/full_run/generated_code/p14__chenyitian-shanshu_SIRL-Gurobi__s2.py,sirl/original_outputs/full_run/responses/p14__chenyitian-shanshu_SIRL-Gurobi__s2_raw.txt,sirl/original_outputs/full_run/prompts/p14_prompt.txt,a816478a307df4b3e38bf5f7eabb73b96d81ed53f06d31276b6b757a05b2a1a3,f4982d1a804d9ecd953363eef9fa4c218f2bce4916d88b3e24315bf48b1cb80a
p14__chenyitian-shanshu_SIRL-Gurobi__s3,SIRL-Gurobi,14,3,sirl/original_outputs/full_run/generated_code/p14__chenyitian-shanshu_SIRL-Gurobi__s3.py,sirl/original_outputs/full_run/responses/p14__chenyitian-shanshu_SIRL-Gurobi__s3_raw.txt,sirl/original_outputs/full_run/prompts/p14_prompt.txt,2ac8ba3d931390efe2ddf14cfbd4774a073bc31a5da34c46b202eaaefb70db04,07b45b883e7a2400d7fa8de009f20240c3dfa1435241ed1bde3fb116d4b98532
p14__chenyitian-shanshu_SIRL-Gurobi__s4,SIRL-Gurobi,14,4,sirl/original_outputs/full_run/generated_code/p14__chenyitian-shanshu_SIRL-Gurobi__s4.py,sirl/original_outputs/full_run/responses/p14__chenyitian-shanshu_SIRL-Gurobi__s4_raw.txt,sirl/original_outputs/full_run/prompts/p14_prompt.txt,5087e8a477ff1193ecf05cc30373d3b5b7ceafb98b11cb3993f1b3a0bd082a90,3cc0a0260dd4d99470dd50faa449e45b62390e481779c0b910bb3fbdeb5fe209
p14__chenyitian-shanshu_SIRL-Gurobi__s5,SIRL-Gurobi,14,5,sirl/original_outputs/full_run/generated_code/p14__chenyitian-shanshu_SIRL-Gurobi__s5.py,sirl/original_outputs/full_run/responses/p14__chenyitian-shanshu_SIRL-Gurobi__s5_raw.txt,sirl/original_outputs/full_run/prompts/p14_prompt.txt,5087e8a477ff1193ecf05cc30373d3b5b7ceafb98b11cb3993f1b3a0bd082a90,3cc0a0260dd4d99470dd50faa449e45b62390e481779c0b910bb3fbdeb5fe209
p14__chenyitian-shanshu_SIRL-Gurobi__s6,SIRL-Gurobi,14,6,sirl/original_outputs/full_run/generated_code/p14__chenyitian-shanshu_SIRL-Gurobi__s6.py,sirl/original_outputs/full_run/responses/p14__chenyitian-shanshu_SIRL-Gurobi__s6_raw.txt,sirl/original_outputs/full_run/prompts/p14_prompt.txt,5087e8a477ff1193ecf05cc30373d3b5b7ceafb98b11cb3993f1b3a0bd082a90,3cc0a0260dd4d99470dd50faa449e45b62390e481779c0b910bb3fbdeb5fe209
p14__chenyitian-shanshu_SIRL-Gurobi__s7,SIRL-Gurobi,14,7,sirl/original_outputs/full_run/generated_code/p14__chenyitian-shanshu_SIRL-Gurobi__s7.py,sirl/original_outputs/full_run/responses/p14__chenyitian-shanshu_SIRL-Gurobi__s7_raw.txt,sirl/original_outputs/full_run/prompts/p14_prompt.txt,2ac8ba3d931390efe2ddf14cfbd4774a073bc31a5da34c46b202eaaefb70db04,07b45b883e7a2400d7fa8de009f20240c3dfa1435241ed1bde3fb116d4b98532
p14__chenyitian-shanshu_SIRL-Gurobi__s8,SIRL-Gurobi,14,8,sirl/original_outputs/full_run/generated_code/p14__chenyitian-shanshu_SIRL-Gurobi__s8.py,sirl/original_outputs/full_run/responses/p14__chenyitian-shanshu_SIRL-Gurobi__s8_raw.txt,sirl/original_outputs/full_run/prompts/p14_prompt.txt,4df1b1853e71c685ced48520f3122300a0f5b88b1b22cb7bd7de60f36f06ed57,d38b5d34eccf64680452a9bb2d699901fde861bef28659e0134c0a0a70d5cd6d
p14__chenyitian-shanshu_SIRL-Gurobi__s9,SIRL-Gurobi,14,9,sirl/original_outputs/full_run/generated_code/p14__chenyitian-shanshu_SIRL-Gurobi__s9.py,sirl/original_outputs/full_run/responses/p14__chenyitian-shanshu_SIRL-Gurobi__s9_raw.txt,sirl/original_outputs/full_run/prompts/p14_prompt.txt,9fb60d10524a4e931fc1d86282444c11696675184263ec63f9d6655d19007cc2,a294d7595b1d806bf66d38027183beb1ad9781649efbac3976c976b788e1a891
p15__chenyitian-shanshu_SIRL-Gurobi__s0,SIRL-Gurobi,15,0,sirl/original_outputs/full_run/generated_code/p15__chenyitian-shanshu_SIRL-Gurobi__s0.py,sirl/original_outputs/full_run/responses/p15__chenyitian-shanshu_SIRL-Gurobi__s0_raw.txt,sirl/original_outputs/full_run/prompts/p15_prompt.txt,0c7601db8dd326fcaa595fb9902b185870f363e4498176b7e14c3acf169e0119,ad81916aafd53cdeba2ffb5e7c8db30c5fbc1c4e6080aecb3e99330270abc8fe
p15__chenyitian-shanshu_SIRL-Gurobi__s1,SIRL-Gurobi,15,1,sirl/original_outputs/full_run/generated_code/p15__chenyitian-shanshu_SIRL-Gurobi__s1.py,sirl/original_outputs/full_run/responses/p15__chenyitian-shanshu_SIRL-Gurobi__s1_raw.txt,sirl/original_outputs/full_run/prompts/p15_prompt.txt,1879352bbd676ffdcea134e2d48f2b70c7d53eb4c3332b81775c4e4e06a2b16c,cc59fdccfd6c692fbd1247d275dfa83ef012eee1b2dc39c42bcaffedfc9e347f
p15__chenyitian-shanshu_SIRL-Gurobi__s2,SIRL-Gurobi,15,2,sirl/original_outputs/full_run/generated_code/p15__chenyitian-shanshu_SIRL-Gurobi__s2.py,sirl/original_outputs/full_run/responses/p15__chenyitian-shanshu_SIRL-Gurobi__s2_raw.txt,sirl/original_outputs/full_run/prompts/p15_prompt.txt,3e06b297d0ff0185806b7b019e9615091afeea91d9f392e8f55cbf4a8e3013aa,77dee66d46c0480fea45d05f3eae2dc52a329c5b17f69cbb129034b0d2ce3edb
p15__chenyitian-shanshu_SIRL-Gurobi__s3,SIRL-Gurobi,15,3,sirl/original_outputs/full_run/generated_code/p15__chenyitian-shanshu_SIRL-Gurobi__s3.py,sirl/original_outputs/full_run/responses/p15__chenyitian-shanshu_SIRL-Gurobi__s3_raw.txt,sirl/original_outputs/full_run/prompts/p15_prompt.txt,9296be2834643b3b552907d2ef5d8c2468ae34f05e8e8313e611f68be8a81459,2a0fe85cb60606059c123aacbad486344b1bdc20b3dab5f55fdc2d3265afebdb
p15__chenyitian-shanshu_SIRL-Gurobi__s4,SIRL-Gurobi,15,4,sirl/original_outputs/full_run/generated_code/p15__chenyitian-shanshu_SIRL-Gurobi__s4.py,sirl/original_outputs/full_run/responses/p15__chenyitian-shanshu_SIRL-Gurobi__s4_raw.txt,sirl/original_outputs/full_run/prompts/p15_prompt.txt,635fe2dea4addf6f35bc4f7063b29f4a727f4f9d695a62ffb97487e85b7b524c,93e840b0f6ab5eb4cbeda32b69b696719b2f61a4e091e889d473e8af8e42c783
p15__chenyitian-shanshu_SIRL-Gurobi__s5,SIRL-Gurobi,15,5,sirl/original_outputs/full_run/generated_code/p15__chenyitian-shanshu_SIRL-Gurobi__s5.py,sirl/original_outputs/full_run/responses/p15__chenyitian-shanshu_SIRL-Gurobi__s5_raw.txt,sirl/original_outputs/full_run/prompts/p15_prompt.txt,a66c0bcf4feb196e473454c35afe798dda3aa6a3666200196b4f83c781966878,58c2e093f80de705b2f4afc8476dc9f4ad67bc1d56aac59cb8f18a9fa710b858
p15__chenyitian-shanshu_SIRL-Gurobi__s6,SIRL-Gurobi,15,6,sirl/original_outputs/full_run/generated_code/p15__chenyitian-shanshu_SIRL-Gurobi__s6.py,sirl/original_outputs/full_run/responses/p15__chenyitian-shanshu_SIRL-Gurobi__s6_raw.txt,sirl/original_outputs/full_run/prompts/p15_prompt.txt,93be9dd6ef72f7acb2b5c83dc3eab4e4bdfa152b72e9fda53219ca249ff004c2,7ab3dc2024e4cee17208a84829351c47fd86b2f62a1b832db6f3aba7909c15ff
p15__chenyitian-shanshu_SIRL-Gurobi__s7,SIRL-Gurobi,15,7,sirl/original_outputs/full_run/generated_code/p15__chenyitian-shanshu_SIRL-Gurobi__s7.py,sirl/original_outputs/full_run/responses/p15__chenyitian-shanshu_SIRL-Gurobi__s7_raw.txt,sirl/original_outputs/full_run/prompts/p15_prompt.txt,7ac85b900a5df31c65128c95334ca40407bdee5cd63a01107842ffbee03b48b1,79e909fcd4a6bd07a0b275ba7d355f5a7acfe11387449f7ac288601b6ce1a74f
p15__chenyitian-shanshu_SIRL-Gurobi__s8,SIRL-Gurobi,15,8,sirl/original_outputs/full_run/generated_code/p15__chenyitian-shanshu_SIRL-Gurobi__s8.py,sirl/original_outputs/full_run/responses/p15__chenyitian-shanshu_SIRL-Gurobi__s8_raw.txt,sirl/original_outputs/full_run/prompts/p15_prompt.txt,93be9dd6ef72f7acb2b5c83dc3eab4e4bdfa152b72e9fda53219ca249ff004c2,7ab3dc2024e4cee17208a84829351c47fd86b2f62a1b832db6f3aba7909c15ff
p15__chenyitian-shanshu_SIRL-Gurobi__s9,SIRL-Gurobi,15,9,sirl/original_outputs/full_run/generated_code/p15__chenyitian-shanshu_SIRL-Gurobi__s9.py,sirl/original_outputs/full_run/responses/p15__chenyitian-shanshu_SIRL-Gurobi__s9_raw.txt,sirl/original_outputs/full_run/prompts/p15_prompt.txt,e34f6d88192a729ef6933dcaa7f3ce8caec0fe34970da0377505f4d09e3ea9f4,4099cd81e666eb8351ff63e9fe558cf3e545d4e951f682d2db354d4cecc623fb
p16__chenyitian-shanshu_SIRL-Gurobi__s0,SIRL-Gurobi,16,0,sirl/original_outputs/full_run/generated_code/p16__chenyitian-shanshu_SIRL-Gurobi__s0.py,sirl/original_outputs/full_run/responses/p16__chenyitian-shanshu_SIRL-Gurobi__s0_raw.txt,sirl/original_outputs/full_run/prompts/p16_prompt.txt,1c86a937fda4efca72c3f20476916c0e0e7072442cfdf6daeb3ada90997ff13b,53e6b7df83bba344f8bbbdd73b795aee682a11f8cf2fdab388ad98ab9fd7e665
p16__chenyitian-shanshu_SIRL-Gurobi__s1,SIRL-Gurobi,16,1,sirl/original_outputs/full_run/generated_code/p16__chenyitian-shanshu_SIRL-Gurobi__s1.py,sirl/original_outputs/full_run/responses/p16__chenyitian-shanshu_SIRL-Gurobi__s1_raw.txt,sirl/original_outputs/full_run/prompts/p16_prompt.txt,daf835029b47d1803535871d95d8b1362e01cb7a304fcf5a94cf9ac0db6ffc1c,d6d18cfa020470f9526382a36576293fd60806cb38fd98e783fa0ca9ac694762
p16__chenyitian-shanshu_SIRL-Gurobi__s2,SIRL-Gurobi,16,2,sirl/original_outputs/full_run/generated_code/p16__chenyitian-shanshu_SIRL-Gurobi__s2.py,sirl/original_outputs/full_run/responses/p16__chenyitian-shanshu_SIRL-Gurobi__s2_raw.txt,sirl/original_outputs/full_run/prompts/p16_prompt.txt,2f29a09fd8a6440bb335c45f4f95359ef40eef1aeee0ce92523132ccaa21a115,fff807b19c094bef12473886256d14cc5ffa2d709d5d1656129ec0c87bfa8ea5
p16__chenyitian-shanshu_SIRL-Gurobi__s3,SIRL-Gurobi,16,3,sirl/original_outputs/full_run/generated_code/p16__chenyitian-shanshu_SIRL-Gurobi__s3.py,sirl/original_outputs/full_run/responses/p16__chenyitian-shanshu_SIRL-Gurobi__s3_raw.txt,sirl/original_outputs/full_run/prompts/p16_prompt.txt,b23f1224bf0bc5e011d26e46f7b8dd036fdb9cc36dc652f18625627efac5b80e,7be90c61e0d9a39b57219973c8c6aefae213c13661dfa2ca3e72df250a5aaab3
p16__chenyitian-shanshu_SIRL-Gurobi__s4,SIRL-Gurobi,16,4,sirl/original_outputs/full_run/generated_code/p16__chenyitian-shanshu_SIRL-Gurobi__s4.py,sirl/original_outputs/full_run/responses/p16__chenyitian-shanshu_SIRL-Gurobi__s4_raw.txt,sirl/original_outputs/full_run/prompts/p16_prompt.txt,f0088072f2ed382506dae9d2f23b3a28c4321bbd8f793b74e9643b2be46b7cbe,6de4841ad1e19de09a3f2d5194cd277b8397fad4456fed9e83196eca601eaef1
p16__chenyitian-shanshu_SIRL-Gurobi__s5,SIRL-Gurobi,16,5,sirl/original_outputs/full_run/generated_code/p16__chenyitian-shanshu_SIRL-Gurobi__s5.py,sirl/original_outputs/full_run/responses/p16__chenyitian-shanshu_SIRL-Gurobi__s5_raw.txt,sirl/original_outputs/full_run/prompts/p16_prompt.txt,daf835029b47d1803535871d95d8b1362e01cb7a304fcf5a94cf9ac0db6ffc1c,d6d18cfa020470f9526382a36576293fd60806cb38fd98e783fa0ca9ac694762
p16__chenyitian-shanshu_SIRL-Gurobi__s6,SIRL-Gurobi,16,6,sirl/original_outputs/full_run/generated_code/p16__chenyitian-shanshu_SIRL-Gurobi__s6.py,sirl/original_outputs/full_run/responses/p16__chenyitian-shanshu_SIRL-Gurobi__s6_raw.txt,sirl/original_outputs/full_run/prompts/p16_prompt.txt,0c46eaf1ef22f345b215644a5848b5b208e71ff5bb62b84eac6866108af1543f,61285858dc16b367a1ec5711282949746038d39f4deed89f0136d9f9f8082792
p16__chenyitian-shanshu_SIRL-Gurobi__s7,SIRL-Gurobi,16,7,sirl/original_outputs/full_run/generated_code/p16__chenyitian-shanshu_SIRL-Gurobi__s7.py,sirl/original_outputs/full_run/responses/p16__chenyitian-shanshu_SIRL-Gurobi__s7_raw.txt,sirl/original_outputs/full_run/prompts/p16_prompt.txt,34e5ed3d4cafe569050fc415df6fe0f28e88ee960c51a708d8840a01591c0996,412a2a825fba12811582bda215463556ccc451f300f2f4890ba5bef7d27c243f
p16__chenyitian-shanshu_SIRL-Gurobi__s8,SIRL-Gurobi,16,8,sirl/original_outputs/full_run/generated_code/p16__chenyitian-shanshu_SIRL-Gurobi__s8.py,sirl/original_outputs/full_run/responses/p16__chenyitian-shanshu_SIRL-Gurobi__s8_raw.txt,sirl/original_outputs/full_run/prompts/p16_prompt.txt,7e46e6e08ad753b17d1bead8003ce091a76f1e7ee002101aff3f865b45b175e4,3825f9c3a03131e12aa029ecce74113d0829502a7fd7cd7a6a95d6f442e64e0d
p16__chenyitian-shanshu_SIRL-Gurobi__s9,SIRL-Gurobi,16,9,sirl/original_outputs/full_run/generated_code/p16__chenyitian-shanshu_SIRL-Gurobi__s9.py,sirl/original_outputs/full_run/responses/p16__chenyitian-shanshu_SIRL-Gurobi__s9_raw.txt,sirl/original_outputs/full_run/prompts/p16_prompt.txt,23146deec37bfc5984d542ecf569e62d9a9f9e33206786ad9720db8a604d6195,17ef9a9f13cdf232a486f171e03f2aeedef5d8f8749210ffb50857f742c1c372
p17__chenyitian-shanshu_SIRL-Gurobi__s0,SIRL-Gurobi,17,0,,,sirl/original_outputs/full_run/prompts/p17_prompt.txt,,
p17__chenyitian-shanshu_SIRL-Gurobi__s1,SIRL-Gurobi,17,1,,,sirl/original_outputs/full_run/prompts/p17_prompt.txt,,
p17__chenyitian-shanshu_SIRL-Gurobi__s2,SIRL-Gurobi,17,2,,,sirl/original_outputs/full_run/prompts/p17_prompt.txt,,
p17__chenyitian-shanshu_SIRL-Gurobi__s3,SIRL-Gurobi,17,3,,,sirl/original_outputs/full_run/prompts/p17_prompt.txt,,
p17__chenyitian-shanshu_SIRL-Gurobi__s4,SIRL-Gurobi,17,4,,,sirl/original_outputs/full_run/prompts/p17_prompt.txt,,
p17__chenyitian-shanshu_SIRL-Gurobi__s5,SIRL-Gurobi,17,5,,,sirl/original_outputs/full_run/prompts/p17_prompt.txt,,
p17__chenyitian-shanshu_SIRL-Gurobi__s6,SIRL-Gurobi,17,6,,,sirl/original_outputs/full_run/prompts/p17_prompt.txt,,
p17__chenyitian-shanshu_SIRL-Gurobi__s7,SIRL-Gurobi,17,7,,,sirl/original_outputs/full_run/prompts/p17_prompt.txt,,
p17__chenyitian-shanshu_SIRL-Gurobi__s8,SIRL-Gurobi,17,8,,,sirl/original_outputs/full_run/prompts/p17_prompt.txt,,
p17__chenyitian-shanshu_SIRL-Gurobi__s9,SIRL-Gurobi,17,9,,,sirl/original_outputs/full_run/prompts/p17_prompt.txt,,
p18__chenyitian-shanshu_SIRL-Gurobi__s0,SIRL-Gurobi,18,0,sirl/original_outputs/full_run/generated_code/p18__chenyitian-shanshu_SIRL-Gurobi__s0.py,sirl/original_outputs/full_run/responses/p18__chenyitian-shanshu_SIRL-Gurobi__s0_raw.txt,sirl/original_outputs/full_run/prompts/p18_prompt.txt,019f62c54f662a08a78f6f82d8568ba96c6491176d780281430ecca4aa948f41,7895efa1e1bf53757be9bdef78456ed1b9c5451421607ce4bd0813a91530e9cf
p18__chenyitian-shanshu_SIRL-Gurobi__s1,SIRL-Gurobi,18,1,sirl/original_outputs/full_run/generated_code/p18__chenyitian-shanshu_SIRL-Gurobi__s1.py,sirl/original_outputs/full_run/responses/p18__chenyitian-shanshu_SIRL-Gurobi__s1_raw.txt,sirl/original_outputs/full_run/prompts/p18_prompt.txt,8d1b08cd314b6b42bf6d10b1e35c56b693ec73a20fcfa7b1fe14cbab825c4f98,9c6577e909563e5a384f209119310e38d804a37b7241144bf8d5b5d020355c5f
p18__chenyitian-shanshu_SIRL-Gurobi__s2,SIRL-Gurobi,18,2,sirl/original_outputs/full_run/generated_code/p18__chenyitian-shanshu_SIRL-Gurobi__s2.py,sirl/original_outputs/full_run/responses/p18__chenyitian-shanshu_SIRL-Gurobi__s2_raw.txt,sirl/original_outputs/full_run/prompts/p18_prompt.txt,8d1b08cd314b6b42bf6d10b1e35c56b693ec73a20fcfa7b1fe14cbab825c4f98,9c6577e909563e5a384f209119310e38d804a37b7241144bf8d5b5d020355c5f
p18__chenyitian-shanshu_SIRL-Gurobi__s3,SIRL-Gurobi,18,3,sirl/original_outputs/full_run/generated_code/p18__chenyitian-shanshu_SIRL-Gurobi__s3.py,sirl/original_outputs/full_run/responses/p18__chenyitian-shanshu_SIRL-Gurobi__s3_raw.txt,sirl/original_outputs/full_run/prompts/p18_prompt.txt,8d1b08cd314b6b42bf6d10b1e35c56b693ec73a20fcfa7b1fe14cbab825c4f98,9c6577e909563e5a384f209119310e38d804a37b7241144bf8d5b5d020355c5f
p18__chenyitian-shanshu_SIRL-Gurobi__s4,SIRL-Gurobi,18,4,sirl/original_outputs/full_run/generated_code/p18__chenyitian-shanshu_SIRL-Gurobi__s4.py,sirl/original_outputs/full_run/responses/p18__chenyitian-shanshu_SIRL-Gurobi__s4_raw.txt,sirl/original_outputs/full_run/prompts/p18_prompt.txt,389af1da09c997ae645b95c8c2ef3c2a72ad60a855931513abb6c6137f076216,b6c241aae0adc956f7a43538b7cf25371b653bcc9c4c9cb22e2c5fc64115b786
p18__chenyitian-shanshu_SIRL-Gurobi__s5,SIRL-Gurobi,18,5,sirl/original_outputs/full_run/generated_code/p18__chenyitian-shanshu_SIRL-Gurobi__s5.py,sirl/original_outputs/full_run/responses/p18__chenyitian-shanshu_SIRL-Gurobi__s5_raw.txt,sirl/original_outputs/full_run/prompts/p18_prompt.txt,389af1da09c997ae645b95c8c2ef3c2a72ad60a855931513abb6c6137f076216,b6c241aae0adc956f7a43538b7cf25371b653bcc9c4c9cb22e2c5fc64115b786
p18__chenyitian-shanshu_SIRL-Gurobi__s6,SIRL-Gurobi,18,6,sirl/original_outputs/full_run/generated_code/p18__chenyitian-shanshu_SIRL-Gurobi__s6.py,sirl/original_outputs/full_run/responses/p18__chenyitian-shanshu_SIRL-Gurobi__s6_raw.txt,sirl/original_outputs/full_run/prompts/p18_prompt.txt,389af1da09c997ae645b95c8c2ef3c2a72ad60a855931513abb6c6137f076216,b6c241aae0adc956f7a43538b7cf25371b653bcc9c4c9cb22e2c5fc64115b786
p18__chenyitian-shanshu_SIRL-Gurobi__s7,SIRL-Gurobi,18,7,sirl/original_outputs/full_run/generated_code/p18__chenyitian-shanshu_SIRL-Gurobi__s7.py,sirl/original_outputs/full_run/responses/p18__chenyitian-shanshu_SIRL-Gurobi__s7_raw.txt,sirl/original_outputs/full_run/prompts/p18_prompt.txt,ca44b55b6e28619ff7f16b8035ef01024c967efea0cb5838ac347898f666e71a,04581257b2065d4cc6f5f69c07504e4b4235d29c8a09a41d6c0c6f96ff4e760c
p18__chenyitian-shanshu_SIRL-Gurobi__s8,SIRL-Gurobi,18,8,sirl/original_outputs/full_run/generated_code/p18__chenyitian-shanshu_SIRL-Gurobi__s8.py,sirl/original_outputs/full_run/responses/p18__chenyitian-shanshu_SIRL-Gurobi__s8_raw.txt,sirl/original_outputs/full_run/prompts/p18_prompt.txt,da871385454ada2cc1093baf298bea07894f7d51c89c9c21606ca2762d7cd1ae,27dd343383f78acb6408890d9dbc1ade0243f2b4c9a4177e7ad7dd5c4935f46e
p18__chenyitian-shanshu_SIRL-Gurobi__s9,SIRL-Gurobi,18,9,sirl/original_outputs/full_run/generated_code/p18__chenyitian-shanshu_SIRL-Gurobi__s9.py,sirl/original_outputs/full_run/responses/p18__chenyitian-shanshu_SIRL-Gurobi__s9_raw.txt,sirl/original_outputs/full_run/prompts/p18_prompt.txt,389af1da09c997ae645b95c8c2ef3c2a72ad60a855931513abb6c6137f076216,b6c241aae0adc956f7a43538b7cf25371b653bcc9c4c9cb22e2c5fc64115b786
p19__chenyitian-shanshu_SIRL-Gurobi__s0,SIRL-Gurobi,19,0,,,sirl/original_outputs/full_run/prompts/p19_prompt.txt,,
p19__chenyitian-shanshu_SIRL-Gurobi__s1,SIRL-Gurobi,19,1,,,sirl/original_outputs/full_run/prompts/p19_prompt.txt,,
p19__chenyitian-shanshu_SIRL-Gurobi__s2,SIRL-Gurobi,19,2,,,sirl/original_outputs/full_run/prompts/p19_prompt.txt,,
p19__chenyitian-shanshu_SIRL-Gurobi__s3,SIRL-Gurobi,19,3,,,sirl/original_outputs/full_run/prompts/p19_prompt.txt,,
p19__chenyitian-shanshu_SIRL-Gurobi__s4,SIRL-Gurobi,19,4,,,sirl/original_outputs/full_run/prompts/p19_prompt.txt,,
p19__chenyitian-shanshu_SIRL-Gurobi__s5,SIRL-Gurobi,19,5,,,sirl/original_outputs/full_run/prompts/p19_prompt.txt,,
p19__chenyitian-shanshu_SIRL-Gurobi__s6,SIRL-Gurobi,19,6,,,sirl/original_outputs/full_run/prompts/p19_prompt.txt,,
p19__chenyitian-shanshu_SIRL-Gurobi__s7,SIRL-Gurobi,19,7,,,sirl/original_outputs/full_run/prompts/p19_prompt.txt,,
p19__chenyitian-shanshu_SIRL-Gurobi__s8,SIRL-Gurobi,19,8,,,sirl/original_outputs/full_run/prompts/p19_prompt.txt,,
p19__chenyitian-shanshu_SIRL-Gurobi__s9,SIRL-Gurobi,19,9,,,sirl/original_outputs/full_run/prompts/p19_prompt.txt,,
p20__chenyitian-shanshu_SIRL-Gurobi__s0,SIRL-Gurobi,20,0,sirl/original_outputs/full_run/generated_code/p20__chenyitian-shanshu_SIRL-Gurobi__s0.py,sirl/original_outputs/full_run/responses/p20__chenyitian-shanshu_SIRL-Gurobi__s0_raw.txt,sirl/original_outputs/full_run/prompts/p20_prompt.txt,ea86c088e84a52fdfd00b2ba0e25d60ca9fe3873094fd7a4fae7c8793cf8e80a,ca58dbc77d7e0575b9062cbbd35d5683b5201f2e5e69f94dd68f47b2a1ed414b
p20__chenyitian-shanshu_SIRL-Gurobi__s1,SIRL-Gurobi,20,1,sirl/original_outputs/full_run/generated_code/p20__chenyitian-shanshu_SIRL-Gurobi__s1.py,sirl/original_outputs/full_run/responses/p20__chenyitian-shanshu_SIRL-Gurobi__s1_raw.txt,sirl/original_outputs/full_run/prompts/p20_prompt.txt,48c612cdc8ea5859146e1c909821cefa08f7aa34f6df9342e25f601a8a68f5af,5ccaca2655c4d06a31ba5d9e1b17bc1910e967836464f43116289a20ee46e720
p20__chenyitian-shanshu_SIRL-Gurobi__s2,SIRL-Gurobi,20,2,sirl/original_outputs/full_run/generated_code/p20__chenyitian-shanshu_SIRL-Gurobi__s2.py,sirl/original_outputs/full_run/responses/p20__chenyitian-shanshu_SIRL-Gurobi__s2_raw.txt,sirl/original_outputs/full_run/prompts/p20_prompt.txt,ecb5681c65f1a582ade683a0c7a4e7f51e0db5efb91875a67d6c824ddece790d,0367b42319119bc4067e217935a63d1ac92eb05720611deb7f073ee5c9aabe55
p20__chenyitian-shanshu_SIRL-Gurobi__s3,SIRL-Gurobi,20,3,sirl/original_outputs/full_run/generated_code/p20__chenyitian-shanshu_SIRL-Gurobi__s3.py,sirl/original_outputs/full_run/responses/p20__chenyitian-shanshu_SIRL-Gurobi__s3_raw.txt,sirl/original_outputs/full_run/prompts/p20_prompt.txt,ea86c088e84a52fdfd00b2ba0e25d60ca9fe3873094fd7a4fae7c8793cf8e80a,ca58dbc77d7e0575b9062cbbd35d5683b5201f2e5e69f94dd68f47b2a1ed414b
p20__chenyitian-shanshu_SIRL-Gurobi__s4,SIRL-Gurobi,20,4,sirl/original_outputs/full_run/generated_code/p20__chenyitian-shanshu_SIRL-Gurobi__s4.py,sirl/original_outputs/full_run/responses/p20__chenyitian-shanshu_SIRL-Gurobi__s4_raw.txt,sirl/original_outputs/full_run/prompts/p20_prompt.txt,10d13c1019d6c69c848c360c653acd39adaea64a86bf64496243bf95b60cf0a0,55f42850009fc1774bf5d5a4bb65b88be80a8c537e9f5e71c0ce1ac4eb9b67d3
p20__chenyitian-shanshu_SIRL-Gurobi__s5,SIRL-Gurobi,20,5,sirl/original_outputs/full_run/generated_code/p20__chenyitian-shanshu_SIRL-Gurobi__s5.py,sirl/original_outputs/full_run/responses/p20__chenyitian-shanshu_SIRL-Gurobi__s5_raw.txt,sirl/original_outputs/full_run/prompts/p20_prompt.txt,b5ecf6c7e03dd140f7f9ecdc60fe1f054e8f3b5b57e5aa88010ab3518bbfba7f,d85912e97b39ee9710f856a7436f56f84435f064d89a6b1a284b670d77d0351e
p20__chenyitian-shanshu_SIRL-Gurobi__s6,SIRL-Gurobi,20,6,sirl/original_outputs/full_run/generated_code/p20__chenyitian-shanshu_SIRL-Gurobi__s6.py,sirl/original_outputs/full_run/responses/p20__chenyitian-shanshu_SIRL-Gurobi__s6_raw.txt,sirl/original_outputs/full_run/prompts/p20_prompt.txt,191a1979e886f79280f65d48a54c47a8f88e306ec17866581b535a9c7fb9cde6,e6c8da2fbfd0892515b8ff67342da5f9ae6a66599227a20285507d88cb05e543
p20__chenyitian-shanshu_SIRL-Gurobi__s7,SIRL-Gurobi,20,7,sirl/original_outputs/full_run/generated_code/p20__chenyitian-shanshu_SIRL-Gurobi__s7.py,sirl/original_outputs/full_run/responses/p20__chenyitian-shanshu_SIRL-Gurobi__s7_raw.txt,sirl/original_outputs/full_run/prompts/p20_prompt.txt,5c4f6e00ff88cfe9975d88650dca74059d5183551049e507ee8eb4a0c86749e2,f34ca22e65d603eb734425c8c16d650e1b8b1948cc21136e8745292175a78c66
p20__chenyitian-shanshu_SIRL-Gurobi__s8,SIRL-Gurobi,20,8,sirl/original_outputs/full_run/generated_code/p20__chenyitian-shanshu_SIRL-Gurobi__s8.py,sirl/original_outputs/full_run/responses/p20__chenyitian-shanshu_SIRL-Gurobi__s8_raw.txt,sirl/original_outputs/full_run/prompts/p20_prompt.txt,ae199f2bb99b5d20d8283b5017a5c2a3b36b9d41dcb4b481265acbc2f8135918,afe6bf6805486139b46976617b062375f3b0bdb70e34e25522195b636670a9f1
p20__chenyitian-shanshu_SIRL-Gurobi__s9,SIRL-Gurobi,20,9,sirl/original_outputs/full_run/generated_code/p20__chenyitian-shanshu_SIRL-Gurobi__s9.py,sirl/original_outputs/full_run/responses/p20__chenyitian-shanshu_SIRL-Gurobi__s9_raw.txt,sirl/original_outputs/full_run/prompts/p20_prompt.txt,5c4f6e00ff88cfe9975d88650dca74059d5183551049e507ee8eb4a0c86749e2,f34ca22e65d603eb734425c8c16d650e1b8b1948cc21136e8745292175a78c66
p21__chenyitian-shanshu_SIRL-Gurobi__s0,SIRL-Gurobi,21,0,sirl/original_outputs/full_run/generated_code/p21__chenyitian-shanshu_SIRL-Gurobi__s0.py,sirl/original_outputs/full_run/responses/p21__chenyitian-shanshu_SIRL-Gurobi__s0_raw.txt,sirl/original_outputs/full_run/prompts/p21_prompt.txt,0773d9982ef858004f4995c0a798628be48824da73da5c311957c9bf017d6b20,9c91dc8501135fa9b632c74e958966dd382068b9afe78d175c39bb8375b57c30
p21__chenyitian-shanshu_SIRL-Gurobi__s1,SIRL-Gurobi,21,1,sirl/original_outputs/full_run/generated_code/p21__chenyitian-shanshu_SIRL-Gurobi__s1.py,sirl/original_outputs/full_run/responses/p21__chenyitian-shanshu_SIRL-Gurobi__s1_raw.txt,sirl/original_outputs/full_run/prompts/p21_prompt.txt,f1f862965d8218c44a74dcb427ffd1e2ce853e029f8f5aa10d3c4490246d2410,5a33b0b98586d2970b0491a817715f70b8034e6d44351636421388f916b681c8
p21__chenyitian-shanshu_SIRL-Gurobi__s2,SIRL-Gurobi,21,2,sirl/original_outputs/full_run/generated_code/p21__chenyitian-shanshu_SIRL-Gurobi__s2.py,sirl/original_outputs/full_run/responses/p21__chenyitian-shanshu_SIRL-Gurobi__s2_raw.txt,sirl/original_outputs/full_run/prompts/p21_prompt.txt,171b8b8c3b65392e0007348c0e9b52a00222d7fed28c402c71c6834d8ea7290b,b2c1c507812eb2cdbf336cbf5d950266303df3fe6429d9e907703fb45ce03ad7
p21__chenyitian-shanshu_SIRL-Gurobi__s3,SIRL-Gurobi,21,3,sirl/original_outputs/full_run/generated_code/p21__chenyitian-shanshu_SIRL-Gurobi__s3.py,sirl/original_outputs/full_run/responses/p21__chenyitian-shanshu_SIRL-Gurobi__s3_raw.txt,sirl/original_outputs/full_run/prompts/p21_prompt.txt,9d44f8092c726431a5ad90e598dd08c076b19b08be4cbbcce59c3a068fd075a5,9970d3884db6186dcbe29ca2a8ed2cefeba6a53261ee9962c22e47912ed3e5bc
p21__chenyitian-shanshu_SIRL-Gurobi__s4,SIRL-Gurobi,21,4,sirl/original_outputs/full_run/generated_code/p21__chenyitian-shanshu_SIRL-Gurobi__s4.py,sirl/original_outputs/full_run/responses/p21__chenyitian-shanshu_SIRL-Gurobi__s4_raw.txt,sirl/original_outputs/full_run/prompts/p21_prompt.txt,cc67718e9ae7d539ad46bd35c1c8e8b497b2265fea5cb6b3a70bdc6557bfd900,69d5c1f60aa5e2ebf268f27a109391c5c0be6771f9f76bbc9673e6219d98449f
p21__chenyitian-shanshu_SIRL-Gurobi__s5,SIRL-Gurobi,21,5,sirl/original_outputs/full_run/generated_code/p21__chenyitian-shanshu_SIRL-Gurobi__s5.py,sirl/original_outputs/full_run/responses/p21__chenyitian-shanshu_SIRL-Gurobi__s5_raw.txt,sirl/original_outputs/full_run/prompts/p21_prompt.txt,23cc1b19b1e6c865f904a665ee183721b2a0e730aa3b7b45e3c3fa81bd5a9461,d050112309cd28ee2b966cea4599f7519ad4bae25ec8be26ec9b5b9bd25a7ce1
p21__chenyitian-shanshu_SIRL-Gurobi__s6,SIRL-Gurobi,21,6,sirl/original_outputs/full_run/generated_code/p21__chenyitian-shanshu_SIRL-Gurobi__s6.py,sirl/original_outputs/full_run/responses/p21__chenyitian-shanshu_SIRL-Gurobi__s6_raw.txt,sirl/original_outputs/full_run/prompts/p21_prompt.txt,0773d9982ef858004f4995c0a798628be48824da73da5c311957c9bf017d6b20,9c91dc8501135fa9b632c74e958966dd382068b9afe78d175c39bb8375b57c30
p21__chenyitian-shanshu_SIRL-Gurobi__s7,SIRL-Gurobi,21,7,sirl/original_outputs/full_run/generated_code/p21__chenyitian-shanshu_SIRL-Gurobi__s7.py,sirl/original_outputs/full_run/responses/p21__chenyitian-shanshu_SIRL-Gurobi__s7_raw.txt,sirl/original_outputs/full_run/prompts/p21_prompt.txt,4ebd04da5506bcc5fdefd39c2ead3a7653aba994364bba7224b77adf87e14225,b741c87e9d1e66e728ca5ed3518b22713213ab841847452fc3b602deca8ef311
p21__chenyitian-shanshu_SIRL-Gurobi__s8,SIRL-Gurobi,21,8,sirl/original_outputs/full_run/generated_code/p21__chenyitian-shanshu_SIRL-Gurobi__s8.py,sirl/original_outputs/full_run/responses/p21__chenyitian-shanshu_SIRL-Gurobi__s8_raw.txt,sirl/original_outputs/full_run/prompts/p21_prompt.txt,8f6e42cab6e82ccff3d4ebe16f38957de9e4b38bd5db418bd2ad6c1bd9a548c3,3d0466d2a2202d36d2eb778658f338bfc44384ad433b1415b0597058a13a3d43
p21__chenyitian-shanshu_SIRL-Gurobi__s9,SIRL-Gurobi,21,9,sirl/original_outputs/full_run/generated_code/p21__chenyitian-shanshu_SIRL-Gurobi__s9.py,sirl/original_outputs/full_run/responses/p21__chenyitian-shanshu_SIRL-Gurobi__s9_raw.txt,sirl/original_outputs/full_run/prompts/p21_prompt.txt,0773d9982ef858004f4995c0a798628be48824da73da5c311957c9bf017d6b20,9c91dc8501135fa9b632c74e958966dd382068b9afe78d175c39bb8375b57c30
p22__chenyitian-shanshu_SIRL-Gurobi__s0,SIRL-Gurobi,22,0,sirl/original_outputs/resume_run/generated_code/p22__chenyitian-shanshu_SIRL-Gurobi__s0.py,sirl/original_outputs/resume_run/responses/p22__chenyitian-shanshu_SIRL-Gurobi__s0_raw.txt,sirl/original_outputs/resume_run/prompts/p22_prompt.txt,da5d0753d18d821c024c7a5b52c4a26ac093f0fa12b15d479ff85b1d8daf1250,135b63a2473cd519e3cc0719b38b28a699f70f763f3a72ce719f4446c5f186eb
p22__chenyitian-shanshu_SIRL-Gurobi__s1,SIRL-Gurobi,22,1,sirl/original_outputs/resume_run/generated_code/p22__chenyitian-shanshu_SIRL-Gurobi__s1.py,sirl/original_outputs/resume_run/responses/p22__chenyitian-shanshu_SIRL-Gurobi__s1_raw.txt,sirl/original_outputs/resume_run/prompts/p22_prompt.txt,10c6c3dcf7612f7328d0e0f98b818560472035790b6a15c9ffcac0a7fd2ed06b,b4690e0dedad3189a26ca08a4f2e426ef37320131ade1ada1a2d2abe8281fed6
p22__chenyitian-shanshu_SIRL-Gurobi__s2,SIRL-Gurobi,22,2,sirl/original_outputs/resume_run/generated_code/p22__chenyitian-shanshu_SIRL-Gurobi__s2.py,sirl/original_outputs/resume_run/responses/p22__chenyitian-shanshu_SIRL-Gurobi__s2_raw.txt,sirl/original_outputs/resume_run/prompts/p22_prompt.txt,9a5ecf51e027f3032e3a642c60088c10c3d01b59b504b774e2e4d427540ef412,c947fce27ba443c06e13db5bffd0d3287a5b3b9cc4ec90941c9f17aa1fb0a1dc
p22__chenyitian-shanshu_SIRL-Gurobi__s3,SIRL-Gurobi,22,3,sirl/original_outputs/resume_run/generated_code/p22__chenyitian-shanshu_SIRL-Gurobi__s3.py,sirl/original_outputs/resume_run/responses/p22__chenyitian-shanshu_SIRL-Gurobi__s3_raw.txt,sirl/original_outputs/resume_run/prompts/p22_prompt.txt,63f0126a63672cd403210e14b06ec4b8b7232a24444586ccf47daaf577a710ad,aab6a6d3e9f7c1644619cbc92e7222ab9baf862c84ab862e4486d26bcc72773f
p22__chenyitian-shanshu_SIRL-Gurobi__s4,SIRL-Gurobi,22,4,sirl/original_outputs/resume_run/generated_code/p22__chenyitian-shanshu_SIRL-Gurobi__s4.py,sirl/original_outputs/resume_run/responses/p22__chenyitian-shanshu_SIRL-Gurobi__s4_raw.txt,sirl/original_outputs/resume_run/prompts/p22_prompt.txt,150264ef8532aed5f25ff63ab01a3f22a0f49cecf445ad30bc9ad45df10fbf57,e1f40427977cca8638fb4553bd4b622d3126a6e329f92889f159117013a91275
p22__chenyitian-shanshu_SIRL-Gurobi__s5,SIRL-Gurobi,22,5,sirl/original_outputs/resume_run/generated_code/p22__chenyitian-shanshu_SIRL-Gurobi__s5.py,sirl/original_outputs/resume_run/responses/p22__chenyitian-shanshu_SIRL-Gurobi__s5_raw.txt,sirl/original_outputs/resume_run/prompts/p22_prompt.txt,12017d0f1e7770a64eff7807723a94a9078ddb7f6686d004051979c613363496,b78ff9c98b151320b0340afc92c8a40254825c1c43feae1bd049e265af3591cc
p22__chenyitian-shanshu_SIRL-Gurobi__s6,SIRL-Gurobi,22,6,sirl/original_outputs/resume_run/generated_code/p22__chenyitian-shanshu_SIRL-Gurobi__s6.py,sirl/original_outputs/resume_run/responses/p22__chenyitian-shanshu_SIRL-Gurobi__s6_raw.txt,sirl/original_outputs/resume_run/prompts/p22_prompt.txt,03ce84303b5ffdee32c384c70cd804b9ddcd774ad7db51d9f147f82e0bf1631b,cf5a6e0c659833100fab06c9d7ed1ec98eb993dd773c6aa93fe3b7a67abeb8d5
p22__chenyitian-shanshu_SIRL-Gurobi__s7,SIRL-Gurobi,22,7,sirl/original_outputs/resume_run/generated_code/p22__chenyitian-shanshu_SIRL-Gurobi__s7.py,sirl/original_outputs/resume_run/responses/p22__chenyitian-shanshu_SIRL-Gurobi__s7_raw.txt,sirl/original_outputs/resume_run/prompts/p22_prompt.txt,4b490762f67f4bbed6649af7a472724bc8ea3ffcbed753c58fd1ab2afab9a133,bd6614f7a91b649230829918341b1dd95441b6e3682a24ee080aa5c7a26cc6b3
p22__chenyitian-shanshu_SIRL-Gurobi__s8,SIRL-Gurobi,22,8,sirl/original_outputs/resume_run/generated_code/p22__chenyitian-shanshu_SIRL-Gurobi__s8.py,sirl/original_outputs/resume_run/responses/p22__chenyitian-shanshu_SIRL-Gurobi__s8_raw.txt,sirl/original_outputs/resume_run/prompts/p22_prompt.txt,f3e6ba2f9e68ddcbb62605aabc0955d7ecb00b712463479f7ad4d4ecef8cc901,a0ed29e6efd51d6fc1832d8efcde0db73d21dd1980b6a68f9cbd3eb59e8fd3d5
p22__chenyitian-shanshu_SIRL-Gurobi__s9,SIRL-Gurobi,22,9,sirl/original_outputs/resume_run/generated_code/p22__chenyitian-shanshu_SIRL-Gurobi__s9.py,sirl/original_outputs/resume_run/responses/p22__chenyitian-shanshu_SIRL-Gurobi__s9_raw.txt,sirl/original_outputs/resume_run/prompts/p22_prompt.txt,d6dc958b033f7f3858017aea7a5e0b6630fa1e3887c709a35f331b62a2f4f56f,864d57f348cad3efd696bed39bf0f96be509c52da2d871f9871971b9bee3783b
p23__chenyitian-shanshu_SIRL-Gurobi__s0,SIRL-Gurobi,23,0,,,sirl/original_outputs/resume_run/prompts/p23_prompt.txt,,
p23__chenyitian-shanshu_SIRL-Gurobi__s1,SIRL-Gurobi,23,1,,,sirl/original_outputs/resume_run/prompts/p23_prompt.txt,,
p23__chenyitian-shanshu_SIRL-Gurobi__s2,SIRL-Gurobi,23,2,,,sirl/original_outputs/resume_run/prompts/p23_prompt.txt,,
p23__chenyitian-shanshu_SIRL-Gurobi__s3,SIRL-Gurobi,23,3,,,sirl/original_outputs/resume_run/prompts/p23_prompt.txt,,
p23__chenyitian-shanshu_SIRL-Gurobi__s4,SIRL-Gurobi,23,4,,,sirl/original_outputs/resume_run/prompts/p23_prompt.txt,,
p23__chenyitian-shanshu_SIRL-Gurobi__s5,SIRL-Gurobi,23,5,,,sirl/original_outputs/resume_run/prompts/p23_prompt.txt,,
p23__chenyitian-shanshu_SIRL-Gurobi__s6,SIRL-Gurobi,23,6,,,sirl/original_outputs/resume_run/prompts/p23_prompt.txt,,
p23__chenyitian-shanshu_SIRL-Gurobi__s7,SIRL-Gurobi,23,7,,,sirl/original_outputs/resume_run/prompts/p23_prompt.txt,,
p23__chenyitian-shanshu_SIRL-Gurobi__s8,SIRL-Gurobi,23,8,,,sirl/original_outputs/resume_run/prompts/p23_prompt.txt,,
p23__chenyitian-shanshu_SIRL-Gurobi__s9,SIRL-Gurobi,23,9,,,sirl/original_outputs/resume_run/prompts/p23_prompt.txt,,
p24__chenyitian-shanshu_SIRL-Gurobi__s0,SIRL-Gurobi,24,0,sirl/original_outputs/resume_run/generated_code/p24__chenyitian-shanshu_SIRL-Gurobi__s0.py,sirl/original_outputs/resume_run/responses/p24__chenyitian-shanshu_SIRL-Gurobi__s0_raw.txt,sirl/original_outputs/resume_run/prompts/p24_prompt.txt,18dd4e9c668909b39eb11f0d447de9d54423271480853b1ab0495155ac2ab9e0,9e27db94dc1fb68d00a8791c792c9a720d4215fc3a229be5b6d202d88f9d5bb7
p24__chenyitian-shanshu_SIRL-Gurobi__s1,SIRL-Gurobi,24,1,sirl/original_outputs/resume_run/generated_code/p24__chenyitian-shanshu_SIRL-Gurobi__s1.py,sirl/original_outputs/resume_run/responses/p24__chenyitian-shanshu_SIRL-Gurobi__s1_raw.txt,sirl/original_outputs/resume_run/prompts/p24_prompt.txt,e5be92067d1990f6496fd8fc82f5e19ccc1f8a8be173bbdd57d920ac44d03c95,13577c90bf22118f73a4c7a1faf1198c6f9e8c97975adf87e47abbe0ed5159c0
p24__chenyitian-shanshu_SIRL-Gurobi__s2,SIRL-Gurobi,24,2,sirl/original_outputs/resume_run/generated_code/p24__chenyitian-shanshu_SIRL-Gurobi__s2.py,sirl/original_outputs/resume_run/responses/p24__chenyitian-shanshu_SIRL-Gurobi__s2_raw.txt,sirl/original_outputs/resume_run/prompts/p24_prompt.txt,a438b9ccbf9dd82723e9c75b8c6875860ada13ff7ff9d12015e930d8ef56999c,56506d5f15ca7a3e1155a102d372ec342d7548ad78fd38752aef8dfac5b88fcb
p24__chenyitian-shanshu_SIRL-Gurobi__s3,SIRL-Gurobi,24,3,sirl/original_outputs/resume_run/generated_code/p24__chenyitian-shanshu_SIRL-Gurobi__s3.py,sirl/original_outputs/resume_run/responses/p24__chenyitian-shanshu_SIRL-Gurobi__s3_raw.txt,sirl/original_outputs/resume_run/prompts/p24_prompt.txt,273270a79eaa6a7cc68a7b9fa5023f41ee24d463d733cb9c331eac41494cbb66,f6bf3dc39d01de21fb3e3183003e21ccab298230ef8473f63515218e434e0275
p24__chenyitian-shanshu_SIRL-Gurobi__s4,SIRL-Gurobi,24,4,sirl/original_outputs/resume_run/generated_code/p24__chenyitian-shanshu_SIRL-Gurobi__s4.py,sirl/original_outputs/resume_run/responses/p24__chenyitian-shanshu_SIRL-Gurobi__s4_raw.txt,sirl/original_outputs/resume_run/prompts/p24_prompt.txt,ca6cdbf1efa854a4801ef9d2d71e06195dc58cea265d9168b424c60101c6102f,2dbecead2459f4672543ce11fc042d96da975cfd4ed28921aead1cfe3bd95ed2
p24__chenyitian-shanshu_SIRL-Gurobi__s5,SIRL-Gurobi,24,5,sirl/original_outputs/resume_run/generated_code/p24__chenyitian-shanshu_SIRL-Gurobi__s5.py,sirl/original_outputs/resume_run/responses/p24__chenyitian-shanshu_SIRL-Gurobi__s5_raw.txt,sirl/original_outputs/resume_run/prompts/p24_prompt.txt,00f132149e6cf06d48a3cd924a09066ce989cf7f01ed7c63290930b47b71169b,d4f225e74d1c9a3d21b9d50d2fe9d66352ef28e9e744913e9184710efd88afd3
p24__chenyitian-shanshu_SIRL-Gurobi__s6,SIRL-Gurobi,24,6,sirl/original_outputs/resume_run/generated_code/p24__chenyitian-shanshu_SIRL-Gurobi__s6.py,sirl/original_outputs/resume_run/responses/p24__chenyitian-shanshu_SIRL-Gurobi__s6_raw.txt,sirl/original_outputs/resume_run/prompts/p24_prompt.txt,7e0c42e66a461009b7fc07693f6bac507d817a36af4b4616637a5b7cc4e67222,a06d75500902640c4d67ad5947f167fcb3aa33f8e40790fb1ea802cd1977810a
p24__chenyitian-shanshu_SIRL-Gurobi__s7,SIRL-Gurobi,24,7,sirl/original_outputs/resume_run/generated_code/p24__chenyitian-shanshu_SIRL-Gurobi__s7.py,sirl/original_outputs/resume_run/responses/p24__chenyitian-shanshu_SIRL-Gurobi__s7_raw.txt,sirl/original_outputs/resume_run/prompts/p24_prompt.txt,74728249be0b4f8b4aa47296556adcb3a144baaaf525e47dabe979e555896936,9233a59b8a6b090b10ca02cb31767d5f0c14b2e99b8ca788f515239cf3f41397
p24__chenyitian-shanshu_SIRL-Gurobi__s8,SIRL-Gurobi,24,8,sirl/original_outputs/resume_run/generated_code/p24__chenyitian-shanshu_SIRL-Gurobi__s8.py,sirl/original_outputs/resume_run/responses/p24__chenyitian-shanshu_SIRL-Gurobi__s8_raw.txt,sirl/original_outputs/resume_run/prompts/p24_prompt.txt,2c751e6710a5bf62f0a663236a58030c4db83783dfb350ad7f806ca12e1ca402,c5fb878dbbadfafe5ff7a7a4b7a3baed1f0ed9411c091563bb310bb995fc62be
p24__chenyitian-shanshu_SIRL-Gurobi__s9,SIRL-Gurobi,24,9,sirl/original_outputs/resume_run/generated_code/p24__chenyitian-shanshu_SIRL-Gurobi__s9.py,sirl/original_outputs/resume_run/responses/p24__chenyitian-shanshu_SIRL-Gurobi__s9_raw.txt,sirl/original_outputs/resume_run/prompts/p24_prompt.txt,b36d6ab5ec604a6833587df1abe88dd13eadbfcff6effd061f8f00416561b683,f85711d003bf88fd105b33b120b43b783023ca17326f4bde313387d4cfab4f3c
p25__chenyitian-shanshu_SIRL-Gurobi__s0,SIRL-Gurobi,25,0,,,sirl/original_outputs/resume_run/prompts/p25_prompt.txt,,
p25__chenyitian-shanshu_SIRL-Gurobi__s1,SIRL-Gurobi,25,1,,,sirl/original_outputs/resume_run/prompts/p25_prompt.txt,,
p25__chenyitian-shanshu_SIRL-Gurobi__s2,SIRL-Gurobi,25,2,,,sirl/original_outputs/resume_run/prompts/p25_prompt.txt,,
p25__chenyitian-shanshu_SIRL-Gurobi__s3,SIRL-Gurobi,25,3,,,sirl/original_outputs/resume_run/prompts/p25_prompt.txt,,
p25__chenyitian-shanshu_SIRL-Gurobi__s4,SIRL-Gurobi,25,4,,,sirl/original_outputs/resume_run/prompts/p25_prompt.txt,,
p25__chenyitian-shanshu_SIRL-Gurobi__s5,SIRL-Gurobi,25,5,,,sirl/original_outputs/resume_run/prompts/p25_prompt.txt,,
p25__chenyitian-shanshu_SIRL-Gurobi__s6,SIRL-Gurobi,25,6,,,sirl/original_outputs/resume_run/prompts/p25_prompt.txt,,
p25__chenyitian-shanshu_SIRL-Gurobi__s7,SIRL-Gurobi,25,7,,,sirl/original_outputs/resume_run/prompts/p25_prompt.txt,,
p25__chenyitian-shanshu_SIRL-Gurobi__s8,SIRL-Gurobi,25,8,,,sirl/original_outputs/resume_run/prompts/p25_prompt.txt,,
p25__chenyitian-shanshu_SIRL-Gurobi__s9,SIRL-Gurobi,25,9,,,sirl/original_outputs/resume_run/prompts/p25_prompt.txt,,
p26__chenyitian-shanshu_SIRL-Gurobi__s0,SIRL-Gurobi,26,0,sirl/original_outputs/resume_run/generated_code/p26__chenyitian-shanshu_SIRL-Gurobi__s0.py,sirl/original_outputs/resume_run/responses/p26__chenyitian-shanshu_SIRL-Gurobi__s0_raw.txt,sirl/original_outputs/resume_run/prompts/p26_prompt.txt,a41aa2c25296f7c5788d3966fcae8dfe9b16e7f8554331b9548ce493382e82c7,bd01358a86b801c854e8cd1079c7ccac0ffafb45bf483d2e0599c0d75cd07433
p26__chenyitian-shanshu_SIRL-Gurobi__s1,SIRL-Gurobi,26,1,sirl/original_outputs/resume_run/generated_code/p26__chenyitian-shanshu_SIRL-Gurobi__s1.py,sirl/original_outputs/resume_run/responses/p26__chenyitian-shanshu_SIRL-Gurobi__s1_raw.txt,sirl/original_outputs/resume_run/prompts/p26_prompt.txt,8e65aa3ab7db775a5e0fb0ac5416c1242dd243f59dc900bd433fcbefa6466d43,857d329d5400115c0170990cab5d3381a4d33c7101624bb6ecc39b9e73ecc63f
p26__chenyitian-shanshu_SIRL-Gurobi__s2,SIRL-Gurobi,26,2,sirl/original_outputs/resume_run/generated_code/p26__chenyitian-shanshu_SIRL-Gurobi__s2.py,sirl/original_outputs/resume_run/responses/p26__chenyitian-shanshu_SIRL-Gurobi__s2_raw.txt,sirl/original_outputs/resume_run/prompts/p26_prompt.txt,4a4a626dadab3bfc48c0847877133410a114c74c6c70128d866e4413c815d3f8,a9a0ba568ae83c984549075196a4fa611dc06dcc623aec2b67f36d5b3ba0ada2
p26__chenyitian-shanshu_SIRL-Gurobi__s3,SIRL-Gurobi,26,3,sirl/original_outputs/resume_run/generated_code/p26__chenyitian-shanshu_SIRL-Gurobi__s3.py,sirl/original_outputs/resume_run/responses/p26__chenyitian-shanshu_SIRL-Gurobi__s3_raw.txt,sirl/original_outputs/resume_run/prompts/p26_prompt.txt,10f0271e64dc8b8ec56e6d2c03851108cd7c76f0ad38c7f2fe52bebda7e70576,6215a3b19570299c73a139912526de7a9b8f08d949b4ac6f820286c36547769d
p26__chenyitian-shanshu_SIRL-Gurobi__s4,SIRL-Gurobi,26,4,sirl/original_outputs/resume_run/generated_code/p26__chenyitian-shanshu_SIRL-Gurobi__s4.py,sirl/original_outputs/resume_run/responses/p26__chenyitian-shanshu_SIRL-Gurobi__s4_raw.txt,sirl/original_outputs/resume_run/prompts/p26_prompt.txt,60222ff2af514aba97a3dfc5971ee7d517bbb196461ac5e73d60a9c92a4b01b4,33819447db471f19cc580b6498542c20d01265b8c15c64e1d21d9f6cc96b1628
p26__chenyitian-shanshu_SIRL-Gurobi__s5,SIRL-Gurobi,26,5,sirl/original_outputs/resume_run/generated_code/p26__chenyitian-shanshu_SIRL-Gurobi__s5.py,sirl/original_outputs/resume_run/responses/p26__chenyitian-shanshu_SIRL-Gurobi__s5_raw.txt,sirl/original_outputs/resume_run/prompts/p26_prompt.txt,5f62af8da1b0e6c2aff9b497e3a020428645f30c259ea28c477155ed7a3d2247,99a1ce34a2e4c4f9c8bba9efca05cf0cc47333b4d559a6c33f4d0633f06d4ada
p26__chenyitian-shanshu_SIRL-Gurobi__s6,SIRL-Gurobi,26,6,sirl/original_outputs/resume_run/generated_code/p26__chenyitian-shanshu_SIRL-Gurobi__s6.py,sirl/original_outputs/resume_run/responses/p26__chenyitian-shanshu_SIRL-Gurobi__s6_raw.txt,sirl/original_outputs/resume_run/prompts/p26_prompt.txt,a8643b06181d8b526033db9dadd9115492db36fa71b0e20703530ae7bacd9659,eccdb1653f70ad94746e142266c6e9e786c941831dbfd9f51c4ba72dd924abf6
p26__chenyitian-shanshu_SIRL-Gurobi__s7,SIRL-Gurobi,26,7,sirl/original_outputs/resume_run/generated_code/p26__chenyitian-shanshu_SIRL-Gurobi__s7.py,sirl/original_outputs/resume_run/responses/p26__chenyitian-shanshu_SIRL-Gurobi__s7_raw.txt,sirl/original_outputs/resume_run/prompts/p26_prompt.txt,622f44229a9db8d0fc5431bf2f16a1f73685cf32b720717cedbfb6c402c65311,da6a9e30e8137a4e0d1602eadc27024a1011589d5ad53c5126740a9579182700
p26__chenyitian-shanshu_SIRL-Gurobi__s8,SIRL-Gurobi,26,8,sirl/original_outputs/resume_run/generated_code/p26__chenyitian-shanshu_SIRL-Gurobi__s8.py,sirl/original_outputs/resume_run/responses/p26__chenyitian-shanshu_SIRL-Gurobi__s8_raw.txt,sirl/original_outputs/resume_run/prompts/p26_prompt.txt,e45f434dd2bdd258929e1653786148c3a8ea3473346080f11cadd93bfb51b17a,50199d54d16a3f41387cf72cdd4f7cdecf8f402df5b3de60339fd0cfc571b47b
p26__chenyitian-shanshu_SIRL-Gurobi__s9,SIRL-Gurobi,26,9,sirl/original_outputs/resume_run/generated_code/p26__chenyitian-shanshu_SIRL-Gurobi__s9.py,sirl/original_outputs/resume_run/responses/p26__chenyitian-shanshu_SIRL-Gurobi__s9_raw.txt,sirl/original_outputs/resume_run/prompts/p26_prompt.txt,cd94b9a8dd6f6a9e350c4e5362ee005ab352b326c8353efe35bda9d259bb9d81,60762d360dc71f892be9f4de620763404c496acd9de526d89ca11c268e8e76c1
p27__chenyitian-shanshu_SIRL-Gurobi__s0,SIRL-Gurobi,27,0,sirl/original_outputs/resume_run/generated_code/p27__chenyitian-shanshu_SIRL-Gurobi__s0.py,sirl/original_outputs/resume_run/responses/p27__chenyitian-shanshu_SIRL-Gurobi__s0_raw.txt,sirl/original_outputs/resume_run/prompts/p27_prompt.txt,e64546c65ad17c3a834891a783cf36ebd70f6795e311a031d43e5a06058552a6,f51e5a11fd61df782bc3637f17a654d6d4eb5f3ee728311087267bffa6b13e49
p27__chenyitian-shanshu_SIRL-Gurobi__s1,SIRL-Gurobi,27,1,sirl/original_outputs/resume_run/generated_code/p27__chenyitian-shanshu_SIRL-Gurobi__s1.py,sirl/original_outputs/resume_run/responses/p27__chenyitian-shanshu_SIRL-Gurobi__s1_raw.txt,sirl/original_outputs/resume_run/prompts/p27_prompt.txt,9ceb545d8298d08bf04609da72834a27644b6731e8b311ecaa5ccf48ae40d0cc,e21bf892b54e15e13e7ea80bed216e95d14992ce95a3453df9e26a180606f44d
p27__chenyitian-shanshu_SIRL-Gurobi__s2,SIRL-Gurobi,27,2,sirl/original_outputs/resume_run/generated_code/p27__chenyitian-shanshu_SIRL-Gurobi__s2.py,sirl/original_outputs/resume_run/responses/p27__chenyitian-shanshu_SIRL-Gurobi__s2_raw.txt,sirl/original_outputs/resume_run/prompts/p27_prompt.txt,9ceb545d8298d08bf04609da72834a27644b6731e8b311ecaa5ccf48ae40d0cc,e21bf892b54e15e13e7ea80bed216e95d14992ce95a3453df9e26a180606f44d
p27__chenyitian-shanshu_SIRL-Gurobi__s3,SIRL-Gurobi,27,3,sirl/original_outputs/resume_run/generated_code/p27__chenyitian-shanshu_SIRL-Gurobi__s3.py,sirl/original_outputs/resume_run/responses/p27__chenyitian-shanshu_SIRL-Gurobi__s3_raw.txt,sirl/original_outputs/resume_run/prompts/p27_prompt.txt,1c43a75ba94848142de0e5fe2a4ad972350c2abd3a986adcd7c8809146552e28,8c2862207a7036c01da871924d00e55b52a9787a93f7ff2ea624b1db6db02e37
p27__chenyitian-shanshu_SIRL-Gurobi__s4,SIRL-Gurobi,27,4,sirl/original_outputs/resume_run/generated_code/p27__chenyitian-shanshu_SIRL-Gurobi__s4.py,sirl/original_outputs/resume_run/responses/p27__chenyitian-shanshu_SIRL-Gurobi__s4_raw.txt,sirl/original_outputs/resume_run/prompts/p27_prompt.txt,5a79272576375dc7f1ba61dbf38b9839a6364e5b99ef42a6b956d9f971217275,172d4466995532493c087aeba40c2c65c9932bc173305a9c7e53cbc5d02a8d49
p27__chenyitian-shanshu_SIRL-Gurobi__s5,SIRL-Gurobi,27,5,sirl/original_outputs/resume_run/generated_code/p27__chenyitian-shanshu_SIRL-Gurobi__s5.py,sirl/original_outputs/resume_run/responses/p27__chenyitian-shanshu_SIRL-Gurobi__s5_raw.txt,sirl/original_outputs/resume_run/prompts/p27_prompt.txt,1f21dadeeccb91a1272df5c4cac8b518099a9a036060483bbffb6e9d485eb014,1d6bc3cd8dde0d8df776911b4fdf14db0901f8b5fd93539cc83e8112ab1a0756
p27__chenyitian-shanshu_SIRL-Gurobi__s6,SIRL-Gurobi,27,6,sirl/original_outputs/resume_run/generated_code/p27__chenyitian-shanshu_SIRL-Gurobi__s6.py,sirl/original_outputs/resume_run/responses/p27__chenyitian-shanshu_SIRL-Gurobi__s6_raw.txt,sirl/original_outputs/resume_run/prompts/p27_prompt.txt,3c07f8968f7cdbb57aeec2220baf42e8813afff21c4f4295734c74dcd7d6eb8b,a05d4c61b28e2f5ec5f3632694b8ce91a51a02fd3fb9bb32a2c113f7b65f2669
p27__chenyitian-shanshu_SIRL-Gurobi__s7,SIRL-Gurobi,27,7,sirl/original_outputs/resume_run/generated_code/p27__chenyitian-shanshu_SIRL-Gurobi__s7.py,sirl/original_outputs/resume_run/responses/p27__chenyitian-shanshu_SIRL-Gurobi__s7_raw.txt,sirl/original_outputs/resume_run/prompts/p27_prompt.txt,3c07f8968f7cdbb57aeec2220baf42e8813afff21c4f4295734c74dcd7d6eb8b,a05d4c61b28e2f5ec5f3632694b8ce91a51a02fd3fb9bb32a2c113f7b65f2669
p27__chenyitian-shanshu_SIRL-Gurobi__s8,SIRL-Gurobi,27,8,sirl/original_outputs/resume_run/generated_code/p27__chenyitian-shanshu_SIRL-Gurobi__s8.py,sirl/original_outputs/resume_run/responses/p27__chenyitian-shanshu_SIRL-Gurobi__s8_raw.txt,sirl/original_outputs/resume_run/prompts/p27_prompt.txt,dde1356d4f51b48b66e4ad2a008eaefc6a18741cadca8f2568ecae399de453e4,f5eace30ef34283bdf25bfeed43841412b8e990ab1d3722e2d963f7d25be005a
p27__chenyitian-shanshu_SIRL-Gurobi__s9,SIRL-Gurobi,27,9,sirl/original_outputs/resume_run/generated_code/p27__chenyitian-shanshu_SIRL-Gurobi__s9.py,sirl/original_outputs/resume_run/responses/p27__chenyitian-shanshu_SIRL-Gurobi__s9_raw.txt,sirl/original_outputs/resume_run/prompts/p27_prompt.txt,5a79272576375dc7f1ba61dbf38b9839a6364e5b99ef42a6b956d9f971217275,172d4466995532493c087aeba40c2c65c9932bc173305a9c7e53cbc5d02a8d49
p28__chenyitian-shanshu_SIRL-Gurobi__s0,SIRL-Gurobi,28,0,sirl/original_outputs/resume_run/generated_code/p28__chenyitian-shanshu_SIRL-Gurobi__s0.py,sirl/original_outputs/resume_run/responses/p28__chenyitian-shanshu_SIRL-Gurobi__s0_raw.txt,sirl/original_outputs/resume_run/prompts/p28_prompt.txt,ef9c0fe6e714879d7b8654818a6df3bf048d1cea819cda1e1dae660575d32153,a5aa9c0932cd88e45c463188c317840222dd884ed1113ad08fcf37843f3c8cde
p28__chenyitian-shanshu_SIRL-Gurobi__s1,SIRL-Gurobi,28,1,sirl/original_outputs/resume_run/generated_code/p28__chenyitian-shanshu_SIRL-Gurobi__s1.py,sirl/original_outputs/resume_run/responses/p28__chenyitian-shanshu_SIRL-Gurobi__s1_raw.txt,sirl/original_outputs/resume_run/prompts/p28_prompt.txt,d3127dd492013f5e6ccac4aa2378691c501e8574b73987c297b92c83b0e25a5f,c5cb68fe73e904a506a9c3937a91d9f04ba7e70ccaa79e6562191f1fc118cd18
p28__chenyitian-shanshu_SIRL-Gurobi__s2,SIRL-Gurobi,28,2,sirl/original_outputs/resume_run/generated_code/p28__chenyitian-shanshu_SIRL-Gurobi__s2.py,sirl/original_outputs/resume_run/responses/p28__chenyitian-shanshu_SIRL-Gurobi__s2_raw.txt,sirl/original_outputs/resume_run/prompts/p28_prompt.txt,71dd1667500cf06be52b71d71b37a42edc764a63de1417d3bde8125cf95972e2,04f716818060b9e08c8289efdf767310a60e75f589f8115cee7b701620e80955
p28__chenyitian-shanshu_SIRL-Gurobi__s3,SIRL-Gurobi,28,3,sirl/original_outputs/resume_run/generated_code/p28__chenyitian-shanshu_SIRL-Gurobi__s3.py,sirl/original_outputs/resume_run/responses/p28__chenyitian-shanshu_SIRL-Gurobi__s3_raw.txt,sirl/original_outputs/resume_run/prompts/p28_prompt.txt,e7475b88d22aff0d74ccd449ede0e43c1ce5c7bc4c0072ba91269c46d6662817,4164aa203f6ef1c72b580540010e6dc1de068e65b7b12713a67d50ef377fdffa
p28__chenyitian-shanshu_SIRL-Gurobi__s4,SIRL-Gurobi,28,4,sirl/original_outputs/resume_run/generated_code/p28__chenyitian-shanshu_SIRL-Gurobi__s4.py,sirl/original_outputs/resume_run/responses/p28__chenyitian-shanshu_SIRL-Gurobi__s4_raw.txt,sirl/original_outputs/resume_run/prompts/p28_prompt.txt,65007afbcab9c4ac9d1946189648d3bde968abb359b15bd45c7d2744f4e7c6f6,05075ddc64e16178c646d6779c3874982610190df58b5446fde2ce2e3ba1df62
p28__chenyitian-shanshu_SIRL-Gurobi__s5,SIRL-Gurobi,28,5,sirl/original_outputs/resume_run/generated_code/p28__chenyitian-shanshu_SIRL-Gurobi__s5.py,sirl/original_outputs/resume_run/responses/p28__chenyitian-shanshu_SIRL-Gurobi__s5_raw.txt,sirl/original_outputs/resume_run/prompts/p28_prompt.txt,3fcbb88fa11800d7b18072740adc79752510a4b9768988918090da1eb3c819e1,e6d4f7a29d2a9e0bbca19e3f1d7a009e0a47bac4f8c75f45714b33a7d4a8cdf0
p28__chenyitian-shanshu_SIRL-Gurobi__s6,SIRL-Gurobi,28,6,sirl/original_outputs/resume_run/generated_code/p28__chenyitian-shanshu_SIRL-Gurobi__s6.py,sirl/original_outputs/resume_run/responses/p28__chenyitian-shanshu_SIRL-Gurobi__s6_raw.txt,sirl/original_outputs/resume_run/prompts/p28_prompt.txt,2a59f2d6ab9eb7423d7099f54bdd1f715347618f1b8b57c5ea809ceab7c4429d,b5a92aea79a9f0f24cf4a0eaf23c9387766325fd0d9b8ea9b4777a3fc9e921fa
p28__chenyitian-shanshu_SIRL-Gurobi__s7,SIRL-Gurobi,28,7,sirl/original_outputs/resume_run/generated_code/p28__chenyitian-shanshu_SIRL-Gurobi__s7.py,sirl/original_outputs/resume_run/responses/p28__chenyitian-shanshu_SIRL-Gurobi__s7_raw.txt,sirl/original_outputs/resume_run/prompts/p28_prompt.txt,71dd1667500cf06be52b71d71b37a42edc764a63de1417d3bde8125cf95972e2,04f716818060b9e08c8289efdf767310a60e75f589f8115cee7b701620e80955
p28__chenyitian-shanshu_SIRL-Gurobi__s8,SIRL-Gurobi,28,8,sirl/original_outputs/resume_run/generated_code/p28__chenyitian-shanshu_SIRL-Gurobi__s8.py,sirl/original_outputs/resume_run/responses/p28__chenyitian-shanshu_SIRL-Gurobi__s8_raw.txt,sirl/original_outputs/resume_run/prompts/p28_prompt.txt,688376766b991fb2a5aab0cbbb3154913e878ddbb01923802e0bd1c220320aa6,25ed4ba9d0e9e58240a4b08dba63646a1a3bca9b8500f4002d87891d776da51a
p28__chenyitian-shanshu_SIRL-Gurobi__s9,SIRL-Gurobi,28,9,sirl/original_outputs/resume_run/generated_code/p28__chenyitian-shanshu_SIRL-Gurobi__s9.py,sirl/original_outputs/resume_run/responses/p28__chenyitian-shanshu_SIRL-Gurobi__s9_raw.txt,sirl/original_outputs/resume_run/prompts/p28_prompt.txt,bd749677ffe4b1163eb5111b52123b7c9e9989f2a929d5907b0ac0a5403e9895,c202f3b9ec49ffe61c9314ca005701ce4648fd8ca7ef3b8a542ee1b12c458ff3
p29__chenyitian-shanshu_SIRL-Gurobi__s0,SIRL-Gurobi,29,0,sirl/original_outputs/resume_run/generated_code/p29__chenyitian-shanshu_SIRL-Gurobi__s0.py,sirl/original_outputs/resume_run/responses/p29__chenyitian-shanshu_SIRL-Gurobi__s0_raw.txt,sirl/original_outputs/resume_run/prompts/p29_prompt.txt,4928fb59d43f212f268f81ed6d505d9f2bc7dd7da542424ff6df38662420b8f4,40f5d83d1958614d91859832ab46e16a7be457f0184fae80b2ae332e22f59cac
p29__chenyitian-shanshu_SIRL-Gurobi__s1,SIRL-Gurobi,29,1,sirl/original_outputs/resume_run/generated_code/p29__chenyitian-shanshu_SIRL-Gurobi__s1.py,sirl/original_outputs/resume_run/responses/p29__chenyitian-shanshu_SIRL-Gurobi__s1_raw.txt,sirl/original_outputs/resume_run/prompts/p29_prompt.txt,4928fb59d43f212f268f81ed6d505d9f2bc7dd7da542424ff6df38662420b8f4,40f5d83d1958614d91859832ab46e16a7be457f0184fae80b2ae332e22f59cac
p29__chenyitian-shanshu_SIRL-Gurobi__s2,SIRL-Gurobi,29,2,sirl/original_outputs/resume_run/generated_code/p29__chenyitian-shanshu_SIRL-Gurobi__s2.py,sirl/original_outputs/resume_run/responses/p29__chenyitian-shanshu_SIRL-Gurobi__s2_raw.txt,sirl/original_outputs/resume_run/prompts/p29_prompt.txt,9918f9932df3accf32654d5387721cac1a12f980c5b9dc8fb02f1c4f935f789e,d0400fa9e10e40d8748195948b261075639bdc62c492a29ef17be07c4f659312
p29__chenyitian-shanshu_SIRL-Gurobi__s3,SIRL-Gurobi,29,3,sirl/original_outputs/resume_run/generated_code/p29__chenyitian-shanshu_SIRL-Gurobi__s3.py,sirl/original_outputs/resume_run/responses/p29__chenyitian-shanshu_SIRL-Gurobi__s3_raw.txt,sirl/original_outputs/resume_run/prompts/p29_prompt.txt,4928fb59d43f212f268f81ed6d505d9f2bc7dd7da542424ff6df38662420b8f4,40f5d83d1958614d91859832ab46e16a7be457f0184fae80b2ae332e22f59cac
p29__chenyitian-shanshu_SIRL-Gurobi__s4,SIRL-Gurobi,29,4,sirl/original_outputs/resume_run/generated_code/p29__chenyitian-shanshu_SIRL-Gurobi__s4.py,sirl/original_outputs/resume_run/responses/p29__chenyitian-shanshu_SIRL-Gurobi__s4_raw.txt,sirl/original_outputs/resume_run/prompts/p29_prompt.txt,4928fb59d43f212f268f81ed6d505d9f2bc7dd7da542424ff6df38662420b8f4,40f5d83d1958614d91859832ab46e16a7be457f0184fae80b2ae332e22f59cac
p29__chenyitian-shanshu_SIRL-Gurobi__s5,SIRL-Gurobi,29,5,sirl/original_outputs/resume_run/generated_code/p29__chenyitian-shanshu_SIRL-Gurobi__s5.py,sirl/original_outputs/resume_run/responses/p29__chenyitian-shanshu_SIRL-Gurobi__s5_raw.txt,sirl/original_outputs/resume_run/prompts/p29_prompt.txt,6bb7a12a3d4e88e39d1822769c08535b8779402928e5e48514bb876cdbe23b5b,953c2fef167ee354238435dfba61a5c46f06d804a4a13ef7a20cb857f9e3c167
p29__chenyitian-shanshu_SIRL-Gurobi__s6,SIRL-Gurobi,29,6,sirl/original_outputs/resume_run/generated_code/p29__chenyitian-shanshu_SIRL-Gurobi__s6.py,sirl/original_outputs/resume_run/responses/p29__chenyitian-shanshu_SIRL-Gurobi__s6_raw.txt,sirl/original_outputs/resume_run/prompts/p29_prompt.txt,8c9cf797792994544fc97dc7bfd13c3618d02882eb80765dff146042bfabca0e,742fa41318511c801d38944481edb2ce252bf042407c39f79d111e58f89dcac2
p29__chenyitian-shanshu_SIRL-Gurobi__s7,SIRL-Gurobi,29,7,sirl/original_outputs/resume_run/generated_code/p29__chenyitian-shanshu_SIRL-Gurobi__s7.py,sirl/original_outputs/resume_run/responses/p29__chenyitian-shanshu_SIRL-Gurobi__s7_raw.txt,sirl/original_outputs/resume_run/prompts/p29_prompt.txt,4928fb59d43f212f268f81ed6d505d9f2bc7dd7da542424ff6df38662420b8f4,40f5d83d1958614d91859832ab46e16a7be457f0184fae80b2ae332e22f59cac
p29__chenyitian-shanshu_SIRL-Gurobi__s8,SIRL-Gurobi,29,8,sirl/original_outputs/resume_run/generated_code/p29__chenyitian-shanshu_SIRL-Gurobi__s8.py,sirl/original_outputs/resume_run/responses/p29__chenyitian-shanshu_SIRL-Gurobi__s8_raw.txt,sirl/original_outputs/resume_run/prompts/p29_prompt.txt,e19e9f77bc747082c327f9594393fcfe3fa4264e2ffae56a68a2bebd0e1d7c85,e491ccfe71b2eb1590338db81fba30ce64647c0111a65d7f39c337f14ab62795
p29__chenyitian-shanshu_SIRL-Gurobi__s9,SIRL-Gurobi,29,9,sirl/original_outputs/resume_run/generated_code/p29__chenyitian-shanshu_SIRL-Gurobi__s9.py,sirl/original_outputs/resume_run/responses/p29__chenyitian-shanshu_SIRL-Gurobi__s9_raw.txt,sirl/original_outputs/resume_run/prompts/p29_prompt.txt,4928fb59d43f212f268f81ed6d505d9f2bc7dd7da542424ff6df38662420b8f4,40f5d83d1958614d91859832ab46e16a7be457f0184fae80b2ae332e22f59cac
p30__chenyitian-shanshu_SIRL-Gurobi__s0,SIRL-Gurobi,30,0,sirl/original_outputs/resume_run/generated_code/p30__chenyitian-shanshu_SIRL-Gurobi__s0.py,sirl/original_outputs/resume_run/responses/p30__chenyitian-shanshu_SIRL-Gurobi__s0_raw.txt,sirl/original_outputs/resume_run/prompts/p30_prompt.txt,0d9b2242ac0a21b36355b4afad6cc66ead1b955114f62f865119273b8fe00cfd,2d59d4460c4ef6fd95de3dd75e1bb8e28539349bb4137689571e9b056815b587
p30__chenyitian-shanshu_SIRL-Gurobi__s1,SIRL-Gurobi,30,1,sirl/original_outputs/resume_run/generated_code/p30__chenyitian-shanshu_SIRL-Gurobi__s1.py,sirl/original_outputs/resume_run/responses/p30__chenyitian-shanshu_SIRL-Gurobi__s1_raw.txt,sirl/original_outputs/resume_run/prompts/p30_prompt.txt,615aa3b7311c6a2a0d77e2e7c62120b9277b8b75c4e7bcd0adc3eee916ba71c5,be842225af21f30c49a1e8149ee3f9536a7476084dc9889be3c46f4df1928059
p30__chenyitian-shanshu_SIRL-Gurobi__s2,SIRL-Gurobi,30,2,sirl/original_outputs/resume_run/generated_code/p30__chenyitian-shanshu_SIRL-Gurobi__s2.py,sirl/original_outputs/resume_run/responses/p30__chenyitian-shanshu_SIRL-Gurobi__s2_raw.txt,sirl/original_outputs/resume_run/prompts/p30_prompt.txt,0d9b2242ac0a21b36355b4afad6cc66ead1b955114f62f865119273b8fe00cfd,2d59d4460c4ef6fd95de3dd75e1bb8e28539349bb4137689571e9b056815b587
p30__chenyitian-shanshu_SIRL-Gurobi__s3,SIRL-Gurobi,30,3,sirl/original_outputs/resume_run/generated_code/p30__chenyitian-shanshu_SIRL-Gurobi__s3.py,sirl/original_outputs/resume_run/responses/p30__chenyitian-shanshu_SIRL-Gurobi__s3_raw.txt,sirl/original_outputs/resume_run/prompts/p30_prompt.txt,617673269b6ed193be4953b4e540287d7fe3fec944396b6cb78b3f69a62a77aa,632dcf407a35a5dd3cdb8fe98d0b8c26e673683b20434049baf2e25fd2d626d6
p30__chenyitian-shanshu_SIRL-Gurobi__s4,SIRL-Gurobi,30,4,sirl/original_outputs/resume_run/generated_code/p30__chenyitian-shanshu_SIRL-Gurobi__s4.py,sirl/original_outputs/resume_run/responses/p30__chenyitian-shanshu_SIRL-Gurobi__s4_raw.txt,sirl/original_outputs/resume_run/prompts/p30_prompt.txt,3dc754877af8a2ef4c392ed51a413025efc543a1bd589f7864b3bce130c8de9a,f7c3bde834b8185bea4a423aee30a8b1c29979742ee09792662413523866c1cc
p30__chenyitian-shanshu_SIRL-Gurobi__s5,SIRL-Gurobi,30,5,sirl/original_outputs/resume_run/generated_code/p30__chenyitian-shanshu_SIRL-Gurobi__s5.py,sirl/original_outputs/resume_run/responses/p30__chenyitian-shanshu_SIRL-Gurobi__s5_raw.txt,sirl/original_outputs/resume_run/prompts/p30_prompt.txt,c6191d0b8deb0f6d76504dd89a3360a54872d0f3e10f6c5fad302458bbe4b6bd,5795bd70cef63d4b0be18bd082d749ab8cd4faf4361fc0ea5279ac8f08bdcc9c
p30__chenyitian-shanshu_SIRL-Gurobi__s6,SIRL-Gurobi,30,6,sirl/original_outputs/resume_run/generated_code/p30__chenyitian-shanshu_SIRL-Gurobi__s6.py,sirl/original_outputs/resume_run/responses/p30__chenyitian-shanshu_SIRL-Gurobi__s6_raw.txt,sirl/original_outputs/resume_run/prompts/p30_prompt.txt,fe62ab154995d2163a404982b379dfae017c4ff8ca72a43032895eac55ccbcda,217bfe9ba1f907c60522cdf2281f7763c9a35d87f43c6422d94ad4e74997b8bc
p30__chenyitian-shanshu_SIRL-Gurobi__s7,SIRL-Gurobi,30,7,sirl/original_outputs/resume_run/generated_code/p30__chenyitian-shanshu_SIRL-Gurobi__s7.py,sirl/original_outputs/resume_run/responses/p30__chenyitian-shanshu_SIRL-Gurobi__s7_raw.txt,sirl/original_outputs/resume_run/prompts/p30_prompt.txt,b2fc4c6048092ffe81c598f70ece7dee552efe4432f0e5350a540c0b226047b5,8081659c2398a86ca19753bb71eab3a1e3b45a4a158fa6ded41fa9dfeafdcbc0
p30__chenyitian-shanshu_SIRL-Gurobi__s8,SIRL-Gurobi,30,8,sirl/original_outputs/resume_run/generated_code/p30__chenyitian-shanshu_SIRL-Gurobi__s8.py,sirl/original_outputs/resume_run/responses/p30__chenyitian-shanshu_SIRL-Gurobi__s8_raw.txt,sirl/original_outputs/resume_run/prompts/p30_prompt.txt,615aa3b7311c6a2a0d77e2e7c62120b9277b8b75c4e7bcd0adc3eee916ba71c5,be842225af21f30c49a1e8149ee3f9536a7476084dc9889be3c46f4df1928059
p30__chenyitian-shanshu_SIRL-Gurobi__s9,SIRL-Gurobi,30,9,sirl/original_outputs/resume_run/generated_code/p30__chenyitian-shanshu_SIRL-Gurobi__s9.py,sirl/original_outputs/resume_run/responses/p30__chenyitian-shanshu_SIRL-Gurobi__s9_raw.txt,sirl/original_outputs/resume_run/prompts/p30_prompt.txt,615aa3b7311c6a2a0d77e2e7c62120b9277b8b75c4e7bcd0adc3eee916ba71c5,be842225af21f30c49a1e8149ee3f9536a7476084dc9889be3c46f4df1928059
p31__chenyitian-shanshu_SIRL-Gurobi__s0,SIRL-Gurobi,31,0,sirl/original_outputs/resume_run/generated_code/p31__chenyitian-shanshu_SIRL-Gurobi__s0.py,sirl/original_outputs/resume_run/responses/p31__chenyitian-shanshu_SIRL-Gurobi__s0_raw.txt,sirl/original_outputs/resume_run/prompts/p31_prompt.txt,edf72a69c30b863cc7f096228c004f069cb4de3249ee67cbac5d37970d80bb2c,fa783341d316fe18c0cdc01f316446daaa9b882fec02e199e11db0f6a34206a4
p31__chenyitian-shanshu_SIRL-Gurobi__s1,SIRL-Gurobi,31,1,sirl/original_outputs/resume_run/generated_code/p31__chenyitian-shanshu_SIRL-Gurobi__s1.py,sirl/original_outputs/resume_run/responses/p31__chenyitian-shanshu_SIRL-Gurobi__s1_raw.txt,sirl/original_outputs/resume_run/prompts/p31_prompt.txt,ca6e2951028ef0d05a5568a4041670d711f4f52dcfda426d6e236b88b2809c52,e485d381de665d95e411fdb0534e79b808569c37d464884a502cf22fbea6d823
p31__chenyitian-shanshu_SIRL-Gurobi__s2,SIRL-Gurobi,31,2,sirl/original_outputs/resume_run/generated_code/p31__chenyitian-shanshu_SIRL-Gurobi__s2.py,sirl/original_outputs/resume_run/responses/p31__chenyitian-shanshu_SIRL-Gurobi__s2_raw.txt,sirl/original_outputs/resume_run/prompts/p31_prompt.txt,a244d006708e530ee983a095b4149288802a66559b2ceac4e3cb3463e3e7fa88,46f67d12c4acee36872218c3a39658c52c42dbcf0f19573229df67e4339cc4d6
p31__chenyitian-shanshu_SIRL-Gurobi__s3,SIRL-Gurobi,31,3,sirl/original_outputs/resume_run/generated_code/p31__chenyitian-shanshu_SIRL-Gurobi__s3.py,sirl/original_outputs/resume_run/responses/p31__chenyitian-shanshu_SIRL-Gurobi__s3_raw.txt,sirl/original_outputs/resume_run/prompts/p31_prompt.txt,7c9d958438fd53dc9d81b3a45eb3ec3dacabb5e3cf793dfeb7d4a015b7e59227,3069aa058086ac346135894b17805a3bce9e55f8f4f24b46b1a573805dc7b8c3
p31__chenyitian-shanshu_SIRL-Gurobi__s4,SIRL-Gurobi,31,4,sirl/original_outputs/resume_run/generated_code/p31__chenyitian-shanshu_SIRL-Gurobi__s4.py,sirl/original_outputs/resume_run/responses/p31__chenyitian-shanshu_SIRL-Gurobi__s4_raw.txt,sirl/original_outputs/resume_run/prompts/p31_prompt.txt,fb089e727ab1472af45562fe1325dfcfd9e986ed56fb25f191ccb2288dd1ad15,553839813a23a09ed6ef9976e33204b5c6dbdc79041966346fff74848e0a2e6d
p31__chenyitian-shanshu_SIRL-Gurobi__s5,SIRL-Gurobi,31,5,sirl/original_outputs/resume_run/generated_code/p31__chenyitian-shanshu_SIRL-Gurobi__s5.py,sirl/original_outputs/resume_run/responses/p31__chenyitian-shanshu_SIRL-Gurobi__s5_raw.txt,sirl/original_outputs/resume_run/prompts/p31_prompt.txt,9d71a371cabfceea0d65ec6cfba01deb9d0c4be6221af838920cea5d735e4e61,f6db5bd8e2d066c147f263d7922bceecdb7c1142d73981cc1c5544a9e53fae28
p31__chenyitian-shanshu_SIRL-Gurobi__s6,SIRL-Gurobi,31,6,sirl/original_outputs/resume_run/generated_code/p31__chenyitian-shanshu_SIRL-Gurobi__s6.py,sirl/original_outputs/resume_run/responses/p31__chenyitian-shanshu_SIRL-Gurobi__s6_raw.txt,sirl/original_outputs/resume_run/prompts/p31_prompt.txt,d816d10e1ee9f2c41bd7ba82a751c1cfd07173551cfb1dc80a9a092a0bd92afe,50dd62a76b089ea07317322f0f353849a27d3f39b0ccd87ef4bad95452c5de7c
p31__chenyitian-shanshu_SIRL-Gurobi__s7,SIRL-Gurobi,31,7,sirl/original_outputs/resume_run/generated_code/p31__chenyitian-shanshu_SIRL-Gurobi__s7.py,sirl/original_outputs/resume_run/responses/p31__chenyitian-shanshu_SIRL-Gurobi__s7_raw.txt,sirl/original_outputs/resume_run/prompts/p31_prompt.txt,73439f1895213fbb87378e1da56c4099f808447331164f354db90e03f48f4ced,e45f2efb380743933af662e19499b81dd51696a02eb748b771e34b6fc45b3d9a
p31__chenyitian-shanshu_SIRL-Gurobi__s8,SIRL-Gurobi,31,8,sirl/original_outputs/resume_run/generated_code/p31__chenyitian-shanshu_SIRL-Gurobi__s8.py,sirl/original_outputs/resume_run/responses/p31__chenyitian-shanshu_SIRL-Gurobi__s8_raw.txt,sirl/original_outputs/resume_run/prompts/p31_prompt.txt,aef0b9b447bb726aca128cb4747bcf35782d845cad7483069823afdd04280b10,641a82bb2e268d672ddb74d7be4688ac30a5e7da5b8b8dbe985e41546862d2ec
p31__chenyitian-shanshu_SIRL-Gurobi__s9,SIRL-Gurobi,31,9,sirl/original_outputs/resume_run/generated_code/p31__chenyitian-shanshu_SIRL-Gurobi__s9.py,sirl/original_outputs/resume_run/responses/p31__chenyitian-shanshu_SIRL-Gurobi__s9_raw.txt,sirl/original_outputs/resume_run/prompts/p31_prompt.txt,f365dd6e5af96cb840b3e07d794786f9138c1bdcec4e35d2bf059f402d0e4c9a,79c4e9021085c7c29e909fa90e3fac168228971b94e2d961da52d57ea16bfdc2
p32__chenyitian-shanshu_SIRL-Gurobi__s0,SIRL-Gurobi,32,0,sirl/original_outputs/resume_run/generated_code/p32__chenyitian-shanshu_SIRL-Gurobi__s0.py,sirl/original_outputs/resume_run/responses/p32__chenyitian-shanshu_SIRL-Gurobi__s0_raw.txt,sirl/original_outputs/resume_run/prompts/p32_prompt.txt,4394bf6f8ea30602eb3ffad9ff79431faee79e7ecb2f492b61b1e6b708090185,ed4847a62bcc8522c34271aab6d6576a8ae6f3bb58fba7d7e5835142d5f10d57
p32__chenyitian-shanshu_SIRL-Gurobi__s1,SIRL-Gurobi,32,1,sirl/original_outputs/resume_run/generated_code/p32__chenyitian-shanshu_SIRL-Gurobi__s1.py,sirl/original_outputs/resume_run/responses/p32__chenyitian-shanshu_SIRL-Gurobi__s1_raw.txt,sirl/original_outputs/resume_run/prompts/p32_prompt.txt,966d791bb1120af068cb9aa089fbfd978ee9adc290b331f7dcc4c964a34a6c8b,c26ee941e756c7b2c70a4820ae7ce136b43a6d99fb735c418ab7cf0f3be38768
p32__chenyitian-shanshu_SIRL-Gurobi__s2,SIRL-Gurobi,32,2,sirl/original_outputs/resume_run/generated_code/p32__chenyitian-shanshu_SIRL-Gurobi__s2.py,sirl/original_outputs/resume_run/responses/p32__chenyitian-shanshu_SIRL-Gurobi__s2_raw.txt,sirl/original_outputs/resume_run/prompts/p32_prompt.txt,34f92ce997946dd26e2b157df69280b94432b023c467d10dd268a89350dbc81e,33643b15084c9ffaf03c1e649f69374b1a5d04a9d83abbcdad3243e867d1dd04
p32__chenyitian-shanshu_SIRL-Gurobi__s3,SIRL-Gurobi,32,3,sirl/original_outputs/resume_run/generated_code/p32__chenyitian-shanshu_SIRL-Gurobi__s3.py,sirl/original_outputs/resume_run/responses/p32__chenyitian-shanshu_SIRL-Gurobi__s3_raw.txt,sirl/original_outputs/resume_run/prompts/p32_prompt.txt,dddae29a0159c4838a82eea8191e6f139f4e1f6fcf35eab90314dcda515975c6,6e6024f7723856eb7cee1ddb5ab1364a509495f9a1062ec10ccf7ff05b3100f1
p32__chenyitian-shanshu_SIRL-Gurobi__s4,SIRL-Gurobi,32,4,sirl/original_outputs/resume_run/generated_code/p32__chenyitian-shanshu_SIRL-Gurobi__s4.py,sirl/original_outputs/resume_run/responses/p32__chenyitian-shanshu_SIRL-Gurobi__s4_raw.txt,sirl/original_outputs/resume_run/prompts/p32_prompt.txt,06dfccca8f760e20aa1bf54d040adc66407c84d6c3bf6d9555eb4c156d741237,295657ea208d43cfdc658faeab4ecf8ad4aeba7f582878169ff1af11b9ba87d9
p32__chenyitian-shanshu_SIRL-Gurobi__s5,SIRL-Gurobi,32,5,sirl/original_outputs/resume_run/generated_code/p32__chenyitian-shanshu_SIRL-Gurobi__s5.py,sirl/original_outputs/resume_run/responses/p32__chenyitian-shanshu_SIRL-Gurobi__s5_raw.txt,sirl/original_outputs/resume_run/prompts/p32_prompt.txt,8d551ca8901b76e7482eafd3a94a816029fcc89ea2541524a8eb39fcee6b5c02,7d6e49e677420bf72393ac8dfcb48ce9d7a79888a361c86022454669f1df2c61
p32__chenyitian-shanshu_SIRL-Gurobi__s6,SIRL-Gurobi,32,6,sirl/original_outputs/resume_run/generated_code/p32__chenyitian-shanshu_SIRL-Gurobi__s6.py,sirl/original_outputs/resume_run/responses/p32__chenyitian-shanshu_SIRL-Gurobi__s6_raw.txt,sirl/original_outputs/resume_run/prompts/p32_prompt.txt,dee7526fab9b2248132e0b3caa8666a3000717fa3825a31347c4e09783f762cd,3f3ee104fab633cd9b814bd5eb2e9025d7a9f99e4260de0c89cceddea53fb5cb
p32__chenyitian-shanshu_SIRL-Gurobi__s7,SIRL-Gurobi,32,7,sirl/original_outputs/resume_run/generated_code/p32__chenyitian-shanshu_SIRL-Gurobi__s7.py,sirl/original_outputs/resume_run/responses/p32__chenyitian-shanshu_SIRL-Gurobi__s7_raw.txt,sirl/original_outputs/resume_run/prompts/p32_prompt.txt,d04771aa8e3b1a52bee5ac25c21001b3d736ec67ffff2f169001b4b129214576,8218750b7a3d133f5cda06b50e54e99dfbf3de22e56cc32d35d86e0ac898f9eb
p32__chenyitian-shanshu_SIRL-Gurobi__s8,SIRL-Gurobi,32,8,sirl/original_outputs/resume_run/generated_code/p32__chenyitian-shanshu_SIRL-Gurobi__s8.py,sirl/original_outputs/resume_run/responses/p32__chenyitian-shanshu_SIRL-Gurobi__s8_raw.txt,sirl/original_outputs/resume_run/prompts/p32_prompt.txt,74d8309bae90f6c4c59355a64b69d577f01d91258dbd93dd90ee289b55b27b96,e592b8e464fa9b7b4f7bf7219aa3dbe674a136e898df351590445aa5475c162f
p32__chenyitian-shanshu_SIRL-Gurobi__s9,SIRL-Gurobi,32,9,sirl/original_outputs/resume_run/generated_code/p32__chenyitian-shanshu_SIRL-Gurobi__s9.py,sirl/original_outputs/resume_run/responses/p32__chenyitian-shanshu_SIRL-Gurobi__s9_raw.txt,sirl/original_outputs/resume_run/prompts/p32_prompt.txt,736f98f3a3a80d17a17994fbd783149c49bc9cd46ba6d910278f1656c4ea7d7c,78142167a1530ed7be1dc201a8fbc1326cd69ce8e7eeab5584912d80e6d876ed
p33__chenyitian-shanshu_SIRL-Gurobi__s0,SIRL-Gurobi,33,0,sirl/original_outputs/resume_run/generated_code/p33__chenyitian-shanshu_SIRL-Gurobi__s0.py,sirl/original_outputs/resume_run/responses/p33__chenyitian-shanshu_SIRL-Gurobi__s0_raw.txt,sirl/original_outputs/resume_run/prompts/p33_prompt.txt,fa13f95f203fc60e9763634d4791ae03f9716214bf3f0af2483d53c3f3cb07fc,a2d3c05c5b82dff6045ea990602683553d47229b98d37ec3328c7afde2b4f2e5
p33__chenyitian-shanshu_SIRL-Gurobi__s1,SIRL-Gurobi,33,1,sirl/original_outputs/resume_run/generated_code/p33__chenyitian-shanshu_SIRL-Gurobi__s1.py,sirl/original_outputs/resume_run/responses/p33__chenyitian-shanshu_SIRL-Gurobi__s1_raw.txt,sirl/original_outputs/resume_run/prompts/p33_prompt.txt,8c9210ffe1ce2853df14c9bd96fe39d1d8df5fad1f252ca6123b94a4712a3e7e,ef562cde584d82380106da66c96c21c9ef913252e6fc97bb17af9a400513d009
p33__chenyitian-shanshu_SIRL-Gurobi__s2,SIRL-Gurobi,33,2,sirl/original_outputs/resume_run/generated_code/p33__chenyitian-shanshu_SIRL-Gurobi__s2.py,sirl/original_outputs/resume_run/responses/p33__chenyitian-shanshu_SIRL-Gurobi__s2_raw.txt,sirl/original_outputs/resume_run/prompts/p33_prompt.txt,160a5be32f3a31104cd96e94722d0f1fae52ad8a9d7ee606fe6b71671f66668a,cbca4c0f85a1e5b04843ed6b21c9b0ed6089b74c313437c95ae2181c4478dc52
p33__chenyitian-shanshu_SIRL-Gurobi__s3,SIRL-Gurobi,33,3,sirl/original_outputs/resume_run/generated_code/p33__chenyitian-shanshu_SIRL-Gurobi__s3.py,sirl/original_outputs/resume_run/responses/p33__chenyitian-shanshu_SIRL-Gurobi__s3_raw.txt,sirl/original_outputs/resume_run/prompts/p33_prompt.txt,72fee67b1fb29ab39647138f8ae5453dee9bdc5edd1906f181732f8b63d2969b,bafa7a89b2f1076a8546eaf6713348a0c81e79cb65b1b500b5225fb42e90c821
p33__chenyitian-shanshu_SIRL-Gurobi__s4,SIRL-Gurobi,33,4,sirl/original_outputs/resume_run/generated_code/p33__chenyitian-shanshu_SIRL-Gurobi__s4.py,sirl/original_outputs/resume_run/responses/p33__chenyitian-shanshu_SIRL-Gurobi__s4_raw.txt,sirl/original_outputs/resume_run/prompts/p33_prompt.txt,38ac80452587cb095cb27f48ee2475bf84e63ae41c6c173d422b6e4c357a3c15,94e5f7fe7dc2565de2be0c5daa68d810d25af290e87b6de7dd1f7c4a6f89ddd2
p33__chenyitian-shanshu_SIRL-Gurobi__s5,SIRL-Gurobi,33,5,sirl/original_outputs/resume_run/generated_code/p33__chenyitian-shanshu_SIRL-Gurobi__s5.py,sirl/original_outputs/resume_run/responses/p33__chenyitian-shanshu_SIRL-Gurobi__s5_raw.txt,sirl/original_outputs/resume_run/prompts/p33_prompt.txt,a56e5deeea6da5ed35822e27768d0f640b216cc69dc2298ac7c305cb6c6ce2b2,57d71a86ef4fd47e004cd1db3e24f2268d8b4472ed9535d4733a08a10142eb03
p33__chenyitian-shanshu_SIRL-Gurobi__s6,SIRL-Gurobi,33,6,sirl/original_outputs/resume_run/generated_code/p33__chenyitian-shanshu_SIRL-Gurobi__s6.py,sirl/original_outputs/resume_run/responses/p33__chenyitian-shanshu_SIRL-Gurobi__s6_raw.txt,sirl/original_outputs/resume_run/prompts/p33_prompt.txt,c5f9a9cd10dfcb80519f7a12914a826cfacc258cc8f0c56a0c8a319a3b1934e9,aff3c7cbf7cb0a3108ca2777aeb55f64f17d92ad08227bbc462b8678751bf796
p33__chenyitian-shanshu_SIRL-Gurobi__s7,SIRL-Gurobi,33,7,sirl/original_outputs/resume_run/generated_code/p33__chenyitian-shanshu_SIRL-Gurobi__s7.py,sirl/original_outputs/resume_run/responses/p33__chenyitian-shanshu_SIRL-Gurobi__s7_raw.txt,sirl/original_outputs/resume_run/prompts/p33_prompt.txt,76ce21900ad5adb312f5e1c5a8fa8ac3e021d506d052f971e2b58346724f7b53,7652e3c82408939b49a64364e5472f6dd73462282fa9abd40429939a655a4f98
p33__chenyitian-shanshu_SIRL-Gurobi__s8,SIRL-Gurobi,33,8,sirl/original_outputs/resume_run/generated_code/p33__chenyitian-shanshu_SIRL-Gurobi__s8.py,sirl/original_outputs/resume_run/responses/p33__chenyitian-shanshu_SIRL-Gurobi__s8_raw.txt,sirl/original_outputs/resume_run/prompts/p33_prompt.txt,a944ce6c54147c19807786f3700c0beb04c2e237a9ec10f12a37bd969b7f5341,b11099b1dd6e7419e769d813dcafc525931ab34bd1c8e8eb990d63b2bb92a2f4
p33__chenyitian-shanshu_SIRL-Gurobi__s9,SIRL-Gurobi,33,9,sirl/original_outputs/resume_run/generated_code/p33__chenyitian-shanshu_SIRL-Gurobi__s9.py,sirl/original_outputs/resume_run/responses/p33__chenyitian-shanshu_SIRL-Gurobi__s9_raw.txt,sirl/original_outputs/resume_run/prompts/p33_prompt.txt,f29f4bc7722e9610a65f07e72d83de607492c05e4345745d532dabe93d4e7e1f,f8367f8f42aa01df886e430fda26ec84192c5bf56224b6824bd661199e4bfb6a
p34__chenyitian-shanshu_SIRL-Gurobi__s0,SIRL-Gurobi,34,0,sirl/original_outputs/resume_run/generated_code/p34__chenyitian-shanshu_SIRL-Gurobi__s0.py,sirl/original_outputs/resume_run/responses/p34__chenyitian-shanshu_SIRL-Gurobi__s0_raw.txt,sirl/original_outputs/resume_run/prompts/p34_prompt.txt,0eb27df62fb97026ce67e82a72d4208a5a170533cd9920012b05206df54ef697,0793d85111bbf2bb534a44bdf77ed2d8bdd3befc406217438e525a51732d9993
p34__chenyitian-shanshu_SIRL-Gurobi__s1,SIRL-Gurobi,34,1,sirl/original_outputs/resume_run/generated_code/p34__chenyitian-shanshu_SIRL-Gurobi__s1.py,sirl/original_outputs/resume_run/responses/p34__chenyitian-shanshu_SIRL-Gurobi__s1_raw.txt,sirl/original_outputs/resume_run/prompts/p34_prompt.txt,5d813e54db28bd84543b42ecdb88a0fd1c600943f7cdd8b10897551cf6a40aa7,40e85bb7246dda1910c093a8877387e5e18c081c1b86217232e43d1edac704c9
p34__chenyitian-shanshu_SIRL-Gurobi__s2,SIRL-Gurobi,34,2,sirl/original_outputs/resume_run/generated_code/p34__chenyitian-shanshu_SIRL-Gurobi__s2.py,sirl/original_outputs/resume_run/responses/p34__chenyitian-shanshu_SIRL-Gurobi__s2_raw.txt,sirl/original_outputs/resume_run/prompts/p34_prompt.txt,0eb27df62fb97026ce67e82a72d4208a5a170533cd9920012b05206df54ef697,0793d85111bbf2bb534a44bdf77ed2d8bdd3befc406217438e525a51732d9993
p34__chenyitian-shanshu_SIRL-Gurobi__s3,SIRL-Gurobi,34,3,sirl/original_outputs/resume_run/generated_code/p34__chenyitian-shanshu_SIRL-Gurobi__s3.py,sirl/original_outputs/resume_run/responses/p34__chenyitian-shanshu_SIRL-Gurobi__s3_raw.txt,sirl/original_outputs/resume_run/prompts/p34_prompt.txt,0eb27df62fb97026ce67e82a72d4208a5a170533cd9920012b05206df54ef697,0793d85111bbf2bb534a44bdf77ed2d8bdd3befc406217438e525a51732d9993
p34__chenyitian-shanshu_SIRL-Gurobi__s4,SIRL-Gurobi,34,4,sirl/original_outputs/resume_run/generated_code/p34__chenyitian-shanshu_SIRL-Gurobi__s4.py,sirl/original_outputs/resume_run/responses/p34__chenyitian-shanshu_SIRL-Gurobi__s4_raw.txt,sirl/original_outputs/resume_run/prompts/p34_prompt.txt,cf7d552f5ed78565435f4c9b919d125c8a0a0db096eeced3ecc95c77c587e152,027597f19bffc58bddf361738d6fd3edee76f84a14a506560c213bc1890231d7
p34__chenyitian-shanshu_SIRL-Gurobi__s5,SIRL-Gurobi,34,5,sirl/original_outputs/resume_run/generated_code/p34__chenyitian-shanshu_SIRL-Gurobi__s5.py,sirl/original_outputs/resume_run/responses/p34__chenyitian-shanshu_SIRL-Gurobi__s5_raw.txt,sirl/original_outputs/resume_run/prompts/p34_prompt.txt,0eb27df62fb97026ce67e82a72d4208a5a170533cd9920012b05206df54ef697,0793d85111bbf2bb534a44bdf77ed2d8bdd3befc406217438e525a51732d9993
p34__chenyitian-shanshu_SIRL-Gurobi__s6,SIRL-Gurobi,34,6,sirl/original_outputs/resume_run/generated_code/p34__chenyitian-shanshu_SIRL-Gurobi__s6.py,sirl/original_outputs/resume_run/responses/p34__chenyitian-shanshu_SIRL-Gurobi__s6_raw.txt,sirl/original_outputs/resume_run/prompts/p34_prompt.txt,0eb27df62fb97026ce67e82a72d4208a5a170533cd9920012b05206df54ef697,0793d85111bbf2bb534a44bdf77ed2d8bdd3befc406217438e525a51732d9993
p34__chenyitian-shanshu_SIRL-Gurobi__s7,SIRL-Gurobi,34,7,sirl/original_outputs/resume_run/generated_code/p34__chenyitian-shanshu_SIRL-Gurobi__s7.py,sirl/original_outputs/resume_run/responses/p34__chenyitian-shanshu_SIRL-Gurobi__s7_raw.txt,sirl/original_outputs/resume_run/prompts/p34_prompt.txt,5d813e54db28bd84543b42ecdb88a0fd1c600943f7cdd8b10897551cf6a40aa7,40e85bb7246dda1910c093a8877387e5e18c081c1b86217232e43d1edac704c9
p34__chenyitian-shanshu_SIRL-Gurobi__s8,SIRL-Gurobi,34,8,sirl/original_outputs/resume_run/generated_code/p34__chenyitian-shanshu_SIRL-Gurobi__s8.py,sirl/original_outputs/resume_run/responses/p34__chenyitian-shanshu_SIRL-Gurobi__s8_raw.txt,sirl/original_outputs/resume_run/prompts/p34_prompt.txt,0eb27df62fb97026ce67e82a72d4208a5a170533cd9920012b05206df54ef697,0793d85111bbf2bb534a44bdf77ed2d8bdd3befc406217438e525a51732d9993
p34__chenyitian-shanshu_SIRL-Gurobi__s9,SIRL-Gurobi,34,9,sirl/original_outputs/resume_run/generated_code/p34__chenyitian-shanshu_SIRL-Gurobi__s9.py,sirl/original_outputs/resume_run/responses/p34__chenyitian-shanshu_SIRL-Gurobi__s9_raw.txt,sirl/original_outputs/resume_run/prompts/p34_prompt.txt,b78bb69c6e7efda0e9a6254b91f7fdf08a649d0baadac019e38930e05be143c9,cdbd40d7f5056ce2395bc7f871eb215ceb951f75cd9395f68da997f2b8257292
p35__chenyitian-shanshu_SIRL-Gurobi__s0,SIRL-Gurobi,35,0,sirl/original_outputs/resume_run/generated_code/p35__chenyitian-shanshu_SIRL-Gurobi__s0.py,sirl/original_outputs/resume_run/responses/p35__chenyitian-shanshu_SIRL-Gurobi__s0_raw.txt,sirl/original_outputs/resume_run/prompts/p35_prompt.txt,7c2b3b50f393fd15d908e407bbd216051a90961649709a8ff0356bc1938b4b57,ff60556fb85f601405e973b16ba422e760834f647064242fa7bc85b71b27e51e
p35__chenyitian-shanshu_SIRL-Gurobi__s1,SIRL-Gurobi,35,1,sirl/original_outputs/resume_run/generated_code/p35__chenyitian-shanshu_SIRL-Gurobi__s1.py,sirl/original_outputs/resume_run/responses/p35__chenyitian-shanshu_SIRL-Gurobi__s1_raw.txt,sirl/original_outputs/resume_run/prompts/p35_prompt.txt,2af1dbb126b13dce37952daba834f67d979a1ad455eed67fd02666703351b464,11fe024bc11dd91bc85d897dd32b7f76983818330c938fbbb4f809f39fbf779d
p35__chenyitian-shanshu_SIRL-Gurobi__s2,SIRL-Gurobi,35,2,sirl/original_outputs/resume_run/generated_code/p35__chenyitian-shanshu_SIRL-Gurobi__s2.py,sirl/original_outputs/resume_run/responses/p35__chenyitian-shanshu_SIRL-Gurobi__s2_raw.txt,sirl/original_outputs/resume_run/prompts/p35_prompt.txt,b0d7ca6fd29ee574a41f8532e094ff6b2cccde91fe710acbe29f44485f070b08,f59e1a8201d5354701cd83337bb07832ea009132a997d7370d609de3cecbd5f8
p35__chenyitian-shanshu_SIRL-Gurobi__s3,SIRL-Gurobi,35,3,sirl/original_outputs/resume_run/generated_code/p35__chenyitian-shanshu_SIRL-Gurobi__s3.py,sirl/original_outputs/resume_run/responses/p35__chenyitian-shanshu_SIRL-Gurobi__s3_raw.txt,sirl/original_outputs/resume_run/prompts/p35_prompt.txt,0a4e91d2a688b4db7ee3f9a4ad0f5572746dbf36a77ed77afbe54bc6599e5a33,6d842cc0f9442323b9b73addd53511509b98a6ab40dca7b884fe7e6e35692b72
p35__chenyitian-shanshu_SIRL-Gurobi__s4,SIRL-Gurobi,35,4,sirl/original_outputs/resume_run/generated_code/p35__chenyitian-shanshu_SIRL-Gurobi__s4.py,sirl/original_outputs/resume_run/responses/p35__chenyitian-shanshu_SIRL-Gurobi__s4_raw.txt,sirl/original_outputs/resume_run/prompts/p35_prompt.txt,26a5fc58f8ecc00c631023c49bf49b44eac886579ec9ca0f559c23fd52738226,359062338a214196c4966bc96c3b513d7a62e2edcfe95e1c10b676efcfcc587f
p35__chenyitian-shanshu_SIRL-Gurobi__s5,SIRL-Gurobi,35,5,sirl/original_outputs/resume_run/generated_code/p35__chenyitian-shanshu_SIRL-Gurobi__s5.py,sirl/original_outputs/resume_run/responses/p35__chenyitian-shanshu_SIRL-Gurobi__s5_raw.txt,sirl/original_outputs/resume_run/prompts/p35_prompt.txt,8327d36b3e8eb8a8579683ac5a60113d46df560a9615b8506dbe549540d3b442,00f4810ca9b68f13a53fc6dd5ad61ae91877c918b7c41cc6d366bac596b03809
p35__chenyitian-shanshu_SIRL-Gurobi__s6,SIRL-Gurobi,35,6,sirl/original_outputs/resume_run/generated_code/p35__chenyitian-shanshu_SIRL-Gurobi__s6.py,sirl/original_outputs/resume_run/responses/p35__chenyitian-shanshu_SIRL-Gurobi__s6_raw.txt,sirl/original_outputs/resume_run/prompts/p35_prompt.txt,1f5e1745a1ffef4bf130c42fb33f3e954d1e98abb7e269f86176e0e788542150,77ec64306dc2f3dbaf74bda5c1bc6ef50731d398f23752861fa29e0ecec25a2b
p35__chenyitian-shanshu_SIRL-Gurobi__s7,SIRL-Gurobi,35,7,sirl/original_outputs/resume_run/generated_code/p35__chenyitian-shanshu_SIRL-Gurobi__s7.py,sirl/original_outputs/resume_run/responses/p35__chenyitian-shanshu_SIRL-Gurobi__s7_raw.txt,sirl/original_outputs/resume_run/prompts/p35_prompt.txt,d85240d08ff0da2fdfc4ef4a8e32ddfd250fe2fb4453030b7e0d53a065af2807,7998f287669bebb2563e3839411b500f696ff8c14331ad1f9fa762d6b6234afa
p35__chenyitian-shanshu_SIRL-Gurobi__s8,SIRL-Gurobi,35,8,sirl/original_outputs/resume_run/generated_code/p35__chenyitian-shanshu_SIRL-Gurobi__s8.py,sirl/original_outputs/resume_run/responses/p35__chenyitian-shanshu_SIRL-Gurobi__s8_raw.txt,sirl/original_outputs/resume_run/prompts/p35_prompt.txt,687c9519411e1876751d46e6dd938cae4bdb6313418f5289f1224a59d6bac41f,5f4a9db78680bd680fed1691c72487bd8f4760c455aac21924de8f246d6a25b3
p35__chenyitian-shanshu_SIRL-Gurobi__s9,SIRL-Gurobi,35,9,sirl/original_outputs/resume_run/generated_code/p35__chenyitian-shanshu_SIRL-Gurobi__s9.py,sirl/original_outputs/resume_run/responses/p35__chenyitian-shanshu_SIRL-Gurobi__s9_raw.txt,sirl/original_outputs/resume_run/prompts/p35_prompt.txt,4501284c8700d84ac29bb08a4514bb46782ae2b64cb5f3411ffa645c45a4b5d5,2bfdceaa02f3e952988a8285ee3b625e60c35185ee4856c95a19482587f9d76f
p36__chenyitian-shanshu_SIRL-Gurobi__s0,SIRL-Gurobi,36,0,sirl/original_outputs/resume_run/generated_code/p36__chenyitian-shanshu_SIRL-Gurobi__s0.py,sirl/original_outputs/resume_run/responses/p36__chenyitian-shanshu_SIRL-Gurobi__s0_raw.txt,sirl/original_outputs/resume_run/prompts/p36_prompt.txt,a1658d0e5ff0b9b65f5ccc208fd611fcab2c3f199f47083d2b1fcbfa2cc55a63,20838b9e7ebd45abfa41d272a59d312004d5cbfdc946a90b11b4a157bae06741
p36__chenyitian-shanshu_SIRL-Gurobi__s1,SIRL-Gurobi,36,1,sirl/original_outputs/resume_run/generated_code/p36__chenyitian-shanshu_SIRL-Gurobi__s1.py,sirl/original_outputs/resume_run/responses/p36__chenyitian-shanshu_SIRL-Gurobi__s1_raw.txt,sirl/original_outputs/resume_run/prompts/p36_prompt.txt,520d24c952f14191881aec1a5bb77c43513fe45dc87d6ac66020a36ebe961e16,5e3cf21eb53b704a6b82e104c58d84dbb4cb42190bb1cf09489baaa0ed623514
p36__chenyitian-shanshu_SIRL-Gurobi__s2,SIRL-Gurobi,36,2,sirl/original_outputs/resume_run/generated_code/p36__chenyitian-shanshu_SIRL-Gurobi__s2.py,sirl/original_outputs/resume_run/responses/p36__chenyitian-shanshu_SIRL-Gurobi__s2_raw.txt,sirl/original_outputs/resume_run/prompts/p36_prompt.txt,0905f81ff4e62334de993dddd9c9fa6bbc85c6f3871c5d764cb8d8f6d788a04f,0600c8be053cdc995095d0e022e242c54034f1dc564bbc99b83b960e50b9dfe5
p36__chenyitian-shanshu_SIRL-Gurobi__s3,SIRL-Gurobi,36,3,sirl/original_outputs/resume_run/generated_code/p36__chenyitian-shanshu_SIRL-Gurobi__s3.py,sirl/original_outputs/resume_run/responses/p36__chenyitian-shanshu_SIRL-Gurobi__s3_raw.txt,sirl/original_outputs/resume_run/prompts/p36_prompt.txt,a6228fbfb76b0e652d63ecb6f2d56afe34422791813700e7c5099d40942f9aee,ff55397f49edc70840174a0639de45fbb4e961d35778b50a9385e7d74cb95d2e
p36__chenyitian-shanshu_SIRL-Gurobi__s4,SIRL-Gurobi,36,4,sirl/original_outputs/resume_run/generated_code/p36__chenyitian-shanshu_SIRL-Gurobi__s4.py,sirl/original_outputs/resume_run/responses/p36__chenyitian-shanshu_SIRL-Gurobi__s4_raw.txt,sirl/original_outputs/resume_run/prompts/p36_prompt.txt,b845d91537a07f32204cddc29663b0b33347c0541d54d341e1a6092142c312fe,4160a02dca7ea376193be4c2923e08982c8f5620c93e839c0737a7447d9bbe4c
p36__chenyitian-shanshu_SIRL-Gurobi__s5,SIRL-Gurobi,36,5,sirl/original_outputs/resume_run/generated_code/p36__chenyitian-shanshu_SIRL-Gurobi__s5.py,sirl/original_outputs/resume_run/responses/p36__chenyitian-shanshu_SIRL-Gurobi__s5_raw.txt,sirl/original_outputs/resume_run/prompts/p36_prompt.txt,636e10e5adbb09a1c89f90333b0d334f30686d0c67d973f89d8cebba867f9599,a258f0c7bdb6617c981a6f87953570fe7fcd270eadbdcc02c03c0528f8198b9d
p36__chenyitian-shanshu_SIRL-Gurobi__s6,SIRL-Gurobi,36,6,sirl/original_outputs/resume_run/generated_code/p36__chenyitian-shanshu_SIRL-Gurobi__s6.py,sirl/original_outputs/resume_run/responses/p36__chenyitian-shanshu_SIRL-Gurobi__s6_raw.txt,sirl/original_outputs/resume_run/prompts/p36_prompt.txt,a1658d0e5ff0b9b65f5ccc208fd611fcab2c3f199f47083d2b1fcbfa2cc55a63,20838b9e7ebd45abfa41d272a59d312004d5cbfdc946a90b11b4a157bae06741
p36__chenyitian-shanshu_SIRL-Gurobi__s7,SIRL-Gurobi,36,7,sirl/original_outputs/resume_run/generated_code/p36__chenyitian-shanshu_SIRL-Gurobi__s7.py,sirl/original_outputs/resume_run/responses/p36__chenyitian-shanshu_SIRL-Gurobi__s7_raw.txt,sirl/original_outputs/resume_run/prompts/p36_prompt.txt,a6228fbfb76b0e652d63ecb6f2d56afe34422791813700e7c5099d40942f9aee,ff55397f49edc70840174a0639de45fbb4e961d35778b50a9385e7d74cb95d2e
p36__chenyitian-shanshu_SIRL-Gurobi__s8,SIRL-Gurobi,36,8,sirl/original_outputs/resume_run/generated_code/p36__chenyitian-shanshu_SIRL-Gurobi__s8.py,sirl/original_outputs/resume_run/responses/p36__chenyitian-shanshu_SIRL-Gurobi__s8_raw.txt,sirl/original_outputs/resume_run/prompts/p36_prompt.txt,a6228fbfb76b0e652d63ecb6f2d56afe34422791813700e7c5099d40942f9aee,ff55397f49edc70840174a0639de45fbb4e961d35778b50a9385e7d74cb95d2e
p36__chenyitian-shanshu_SIRL-Gurobi__s9,SIRL-Gurobi,36,9,sirl/original_outputs/resume_run/generated_code/p36__chenyitian-shanshu_SIRL-Gurobi__s9.py,sirl/original_outputs/resume_run/responses/p36__chenyitian-shanshu_SIRL-Gurobi__s9_raw.txt,sirl/original_outputs/resume_run/prompts/p36_prompt.txt,a6228fbfb76b0e652d63ecb6f2d56afe34422791813700e7c5099d40942f9aee,ff55397f49edc70840174a0639de45fbb4e961d35778b50a9385e7d74cb95d2e
p37__chenyitian-shanshu_SIRL-Gurobi__s0,SIRL-Gurobi,37,0,sirl/original_outputs/resume_run/generated_code/p37__chenyitian-shanshu_SIRL-Gurobi__s0.py,sirl/original_outputs/resume_run/responses/p37__chenyitian-shanshu_SIRL-Gurobi__s0_raw.txt,sirl/original_outputs/resume_run/prompts/p37_prompt.txt,e61ebb2447bdd0662301a6954c8138e96d253595e6d38e0a412cb3a69cdff404,a468462acd84ef4ac87e39d9c74f966b6999580bff8f477b6862c10aae27bba0
p37__chenyitian-shanshu_SIRL-Gurobi__s1,SIRL-Gurobi,37,1,sirl/original_outputs/resume_run/generated_code/p37__chenyitian-shanshu_SIRL-Gurobi__s1.py,sirl/original_outputs/resume_run/responses/p37__chenyitian-shanshu_SIRL-Gurobi__s1_raw.txt,sirl/original_outputs/resume_run/prompts/p37_prompt.txt,294dcee965fbc5d343d4c1fe1c72706f6254c18965664c989bdb44a7695392c8,eb119ea43a8df1abb6c5cff72b1ad0ea25f17d7275ff3aa7b27ef401c46b918a
p37__chenyitian-shanshu_SIRL-Gurobi__s2,SIRL-Gurobi,37,2,sirl/original_outputs/resume_run/generated_code/p37__chenyitian-shanshu_SIRL-Gurobi__s2.py,sirl/original_outputs/resume_run/responses/p37__chenyitian-shanshu_SIRL-Gurobi__s2_raw.txt,sirl/original_outputs/resume_run/prompts/p37_prompt.txt,0cae17d7db6579b1e72331ed2657d5759c6ccf8227fe8ceb6cde7df0291b6b84,0700fa55c55f6dff85c532a4f5e344361be32182b1d9e9ad39174a4a30a58ca8
p37__chenyitian-shanshu_SIRL-Gurobi__s3,SIRL-Gurobi,37,3,sirl/original_outputs/resume_run/generated_code/p37__chenyitian-shanshu_SIRL-Gurobi__s3.py,sirl/original_outputs/resume_run/responses/p37__chenyitian-shanshu_SIRL-Gurobi__s3_raw.txt,sirl/original_outputs/resume_run/prompts/p37_prompt.txt,8aa921c93c85eb9b5ca3fcf64d3b052d748459da6881ec76fd11a54626c3483e,3cde3bb59f60da8b27ba16a2c2ebf54687e7c3f52fe43f938cdf0f04db0620e1
p37__chenyitian-shanshu_SIRL-Gurobi__s4,SIRL-Gurobi,37,4,sirl/original_outputs/resume_run/generated_code/p37__chenyitian-shanshu_SIRL-Gurobi__s4.py,sirl/original_outputs/resume_run/responses/p37__chenyitian-shanshu_SIRL-Gurobi__s4_raw.txt,sirl/original_outputs/resume_run/prompts/p37_prompt.txt,277a62502475bc9a6f32a9c954257b263ce134fe0e06e96f7ccb045cb2757ae3,0364b2c3fdb40ecd6ce006524675c5e49e2d34048d82cae37c30abd819ddad60
p37__chenyitian-shanshu_SIRL-Gurobi__s5,SIRL-Gurobi,37,5,sirl/original_outputs/resume_run/generated_code/p37__chenyitian-shanshu_SIRL-Gurobi__s5.py,sirl/original_outputs/resume_run/responses/p37__chenyitian-shanshu_SIRL-Gurobi__s5_raw.txt,sirl/original_outputs/resume_run/prompts/p37_prompt.txt,8aa921c93c85eb9b5ca3fcf64d3b052d748459da6881ec76fd11a54626c3483e,3cde3bb59f60da8b27ba16a2c2ebf54687e7c3f52fe43f938cdf0f04db0620e1
p37__chenyitian-shanshu_SIRL-Gurobi__s6,SIRL-Gurobi,37,6,sirl/original_outputs/resume_run/generated_code/p37__chenyitian-shanshu_SIRL-Gurobi__s6.py,sirl/original_outputs/resume_run/responses/p37__chenyitian-shanshu_SIRL-Gurobi__s6_raw.txt,sirl/original_outputs/resume_run/prompts/p37_prompt.txt,6cb3259915634aca6a9205c8e223dd1262bbdd9a9a38eddc644ba3cb9b50e0cd,1709e7f5a4ce33e7400cf0ec370bd18b90e33c5fb85f545d95dd89f38672d85d
p37__chenyitian-shanshu_SIRL-Gurobi__s7,SIRL-Gurobi,37,7,sirl/original_outputs/resume_run/generated_code/p37__chenyitian-shanshu_SIRL-Gurobi__s7.py,sirl/original_outputs/resume_run/responses/p37__chenyitian-shanshu_SIRL-Gurobi__s7_raw.txt,sirl/original_outputs/resume_run/prompts/p37_prompt.txt,235b48eca3165546e4f9f411816d57e16f7ca13eb3bffb9418a1e66d85f7e3e1,03ddb2c4eef745d0fa9cabea3b6596d8fcd3c5f8eacdd1cfc7cf9606d5a2247e
p37__chenyitian-shanshu_SIRL-Gurobi__s8,SIRL-Gurobi,37,8,sirl/original_outputs/resume_run/generated_code/p37__chenyitian-shanshu_SIRL-Gurobi__s8.py,sirl/original_outputs/resume_run/responses/p37__chenyitian-shanshu_SIRL-Gurobi__s8_raw.txt,sirl/original_outputs/resume_run/prompts/p37_prompt.txt,9147ea031674d50039ebd3d9a52813ae7b79e00042e271b3192d81aad9b9a66e,139f0f853d7898a6a288737f9f947042b341744faa69a0c07fe78e86937c28ce
p37__chenyitian-shanshu_SIRL-Gurobi__s9,SIRL-Gurobi,37,9,sirl/original_outputs/resume_run/generated_code/p37__chenyitian-shanshu_SIRL-Gurobi__s9.py,sirl/original_outputs/resume_run/responses/p37__chenyitian-shanshu_SIRL-Gurobi__s9_raw.txt,sirl/original_outputs/resume_run/prompts/p37_prompt.txt,685f1502140219409850fbf9744f58cdb8b0c9e7564cee9e38064a1de9f50773,a45800be6f1d6fbb9b61a71ab60c47a36764a6be0937e9e48f62b90f22b5448a
p38__chenyitian-shanshu_SIRL-Gurobi__s0,SIRL-Gurobi,38,0,sirl/original_outputs/resume_run/generated_code/p38__chenyitian-shanshu_SIRL-Gurobi__s0.py,sirl/original_outputs/resume_run/responses/p38__chenyitian-shanshu_SIRL-Gurobi__s0_raw.txt,sirl/original_outputs/resume_run/prompts/p38_prompt.txt,dc625c3a5f7fa50a84d4787d1f867084e0cb6a6451440e2fa8f4fd32b083a49b,bb353eca2d21b5cdfac5bd2c19981bd83b7b2f8089de3345d5ae4af9d7c5acec
p38__chenyitian-shanshu_SIRL-Gurobi__s1,SIRL-Gurobi,38,1,sirl/original_outputs/resume_run/generated_code/p38__chenyitian-shanshu_SIRL-Gurobi__s1.py,sirl/original_outputs/resume_run/responses/p38__chenyitian-shanshu_SIRL-Gurobi__s1_raw.txt,sirl/original_outputs/resume_run/prompts/p38_prompt.txt,24b2a8b8a627874e067149f33c653bf8f50ef811bb29b3a2e18a749370c97dff,9275cb2cf80bbeac5dfed42d0bf38501512940be3450bbad697df02e40bd9780
p38__chenyitian-shanshu_SIRL-Gurobi__s2,SIRL-Gurobi,38,2,sirl/original_outputs/resume_run/generated_code/p38__chenyitian-shanshu_SIRL-Gurobi__s2.py,sirl/original_outputs/resume_run/responses/p38__chenyitian-shanshu_SIRL-Gurobi__s2_raw.txt,sirl/original_outputs/resume_run/prompts/p38_prompt.txt,d799c9ebce978bb825b6432289e56efa67b4b57d8e6995b1204a4f25c031ab2d,27dba9a27ac83a855af97bffa6ee726fb96cc387c42cfc932b1e30c39dcf24cf
p38__chenyitian-shanshu_SIRL-Gurobi__s3,SIRL-Gurobi,38,3,sirl/original_outputs/resume_run/generated_code/p38__chenyitian-shanshu_SIRL-Gurobi__s3.py,sirl/original_outputs/resume_run/responses/p38__chenyitian-shanshu_SIRL-Gurobi__s3_raw.txt,sirl/original_outputs/resume_run/prompts/p38_prompt.txt,24b2a8b8a627874e067149f33c653bf8f50ef811bb29b3a2e18a749370c97dff,9275cb2cf80bbeac5dfed42d0bf38501512940be3450bbad697df02e40bd9780
p38__chenyitian-shanshu_SIRL-Gurobi__s4,SIRL-Gurobi,38,4,sirl/original_outputs/resume_run/generated_code/p38__chenyitian-shanshu_SIRL-Gurobi__s4.py,sirl/original_outputs/resume_run/responses/p38__chenyitian-shanshu_SIRL-Gurobi__s4_raw.txt,sirl/original_outputs/resume_run/prompts/p38_prompt.txt,5de9955c9b7256e7682e09db2efc86ccbe6c2acd7e36b1f38f630502343c0be3,a49649cfc50462f904f1f54254c8f270352170e99a25e9a10e944b03aeadae5b
p38__chenyitian-shanshu_SIRL-Gurobi__s5,SIRL-Gurobi,38,5,sirl/original_outputs/resume_run/generated_code/p38__chenyitian-shanshu_SIRL-Gurobi__s5.py,sirl/original_outputs/resume_run/responses/p38__chenyitian-shanshu_SIRL-Gurobi__s5_raw.txt,sirl/original_outputs/resume_run/prompts/p38_prompt.txt,53b361801093682cc96f365132d6fee0efb2abf0d6a31e1a52dd2c4d281011d9,910863b16eefec520e52bbb8c43bb3cd147b4c06f667549bce20ea65fb60a558
p38__chenyitian-shanshu_SIRL-Gurobi__s6,SIRL-Gurobi,38,6,sirl/original_outputs/resume_run/generated_code/p38__chenyitian-shanshu_SIRL-Gurobi__s6.py,sirl/original_outputs/resume_run/responses/p38__chenyitian-shanshu_SIRL-Gurobi__s6_raw.txt,sirl/original_outputs/resume_run/prompts/p38_prompt.txt,1658ccf63ce092f6f2b67581a48352f74da76f7a0583de7cea1f89ac45864cb9,0afec41804a7556c903ccb2ef900c2aca68ec398ad8bc7853c67784af55d82ab
p38__chenyitian-shanshu_SIRL-Gurobi__s7,SIRL-Gurobi,38,7,sirl/original_outputs/resume_run/generated_code/p38__chenyitian-shanshu_SIRL-Gurobi__s7.py,sirl/original_outputs/resume_run/responses/p38__chenyitian-shanshu_SIRL-Gurobi__s7_raw.txt,sirl/original_outputs/resume_run/prompts/p38_prompt.txt,a1d1754beaa21173556d660a994fa8c4e3f9587495c4e01ae30877c4180cb031,618eb97c0df1eacd9e4e143502f9d0dc35dfc5837bc3b8628aacbf2bfd9f9243
p38__chenyitian-shanshu_SIRL-Gurobi__s8,SIRL-Gurobi,38,8,sirl/original_outputs/resume_run/generated_code/p38__chenyitian-shanshu_SIRL-Gurobi__s8.py,sirl/original_outputs/resume_run/responses/p38__chenyitian-shanshu_SIRL-Gurobi__s8_raw.txt,sirl/original_outputs/resume_run/prompts/p38_prompt.txt,d799c9ebce978bb825b6432289e56efa67b4b57d8e6995b1204a4f25c031ab2d,27dba9a27ac83a855af97bffa6ee726fb96cc387c42cfc932b1e30c39dcf24cf
p38__chenyitian-shanshu_SIRL-Gurobi__s9,SIRL-Gurobi,38,9,sirl/original_outputs/resume_run/generated_code/p38__chenyitian-shanshu_SIRL-Gurobi__s9.py,sirl/original_outputs/resume_run/responses/p38__chenyitian-shanshu_SIRL-Gurobi__s9_raw.txt,sirl/original_outputs/resume_run/prompts/p38_prompt.txt,e950c5c18e2037d28e654e49b7961f018def27aa7c648d528d5e9ae5a73e23aa,0a82ce0a399f1a2208c8cd014312b331bc642f3bac2eeae9263d7975570cf274
p39__chenyitian-shanshu_SIRL-Gurobi__s0,SIRL-Gurobi,39,0,sirl/original_outputs/resume_run/generated_code/p39__chenyitian-shanshu_SIRL-Gurobi__s0.py,sirl/original_outputs/resume_run/responses/p39__chenyitian-shanshu_SIRL-Gurobi__s0_raw.txt,sirl/original_outputs/resume_run/prompts/p39_prompt.txt,3c123fd4b6bf26f81c6bc2e730571f142474149ae7f20938a79bed8b5110fa20,bb415b353cbddd330446997156d0b334e8da1c44129618b125c2470ea2b919aa
p39__chenyitian-shanshu_SIRL-Gurobi__s1,SIRL-Gurobi,39,1,sirl/original_outputs/resume_run/generated_code/p39__chenyitian-shanshu_SIRL-Gurobi__s1.py,sirl/original_outputs/resume_run/responses/p39__chenyitian-shanshu_SIRL-Gurobi__s1_raw.txt,sirl/original_outputs/resume_run/prompts/p39_prompt.txt,2f6fdf9faf37ed877579343a2fc3ea69353e1f9d085000014dbe8a3281e70033,414ba17759faa774cd4101b2388853f594de584c23410443bba132c65c63a5f9
p39__chenyitian-shanshu_SIRL-Gurobi__s2,SIRL-Gurobi,39,2,sirl/original_outputs/resume_run/generated_code/p39__chenyitian-shanshu_SIRL-Gurobi__s2.py,sirl/original_outputs/resume_run/responses/p39__chenyitian-shanshu_SIRL-Gurobi__s2_raw.txt,sirl/original_outputs/resume_run/prompts/p39_prompt.txt,3c123fd4b6bf26f81c6bc2e730571f142474149ae7f20938a79bed8b5110fa20,bb415b353cbddd330446997156d0b334e8da1c44129618b125c2470ea2b919aa
p39__chenyitian-shanshu_SIRL-Gurobi__s3,SIRL-Gurobi,39,3,sirl/original_outputs/resume_run/generated_code/p39__chenyitian-shanshu_SIRL-Gurobi__s3.py,sirl/original_outputs/resume_run/responses/p39__chenyitian-shanshu_SIRL-Gurobi__s3_raw.txt,sirl/original_outputs/resume_run/prompts/p39_prompt.txt,0bd457a1624be91d2c00407ddd025b0cdd0f875dd1920ad0b5c67e9f298dfbc5,e06b363c9ebb7d95f96f8233a12eac2fbc8236cbfa2c9a890e244c9a9898775e
p39__chenyitian-shanshu_SIRL-Gurobi__s4,SIRL-Gurobi,39,4,sirl/original_outputs/resume_run/generated_code/p39__chenyitian-shanshu_SIRL-Gurobi__s4.py,sirl/original_outputs/resume_run/responses/p39__chenyitian-shanshu_SIRL-Gurobi__s4_raw.txt,sirl/original_outputs/resume_run/prompts/p39_prompt.txt,0bd457a1624be91d2c00407ddd025b0cdd0f875dd1920ad0b5c67e9f298dfbc5,e06b363c9ebb7d95f96f8233a12eac2fbc8236cbfa2c9a890e244c9a9898775e
p39__chenyitian-shanshu_SIRL-Gurobi__s5,SIRL-Gurobi,39,5,sirl/original_outputs/resume_run/generated_code/p39__chenyitian-shanshu_SIRL-Gurobi__s5.py,sirl/original_outputs/resume_run/responses/p39__chenyitian-shanshu_SIRL-Gurobi__s5_raw.txt,sirl/original_outputs/resume_run/prompts/p39_prompt.txt,f23745f2b21956e5643ca8957389f3536ac4df51b01ee6f49581d019980519c1,e593a7f6241a05d8bcfcc5f5d0542403d9491f42854aad1722e0d90ccf44bcbd
p39__chenyitian-shanshu_SIRL-Gurobi__s6,SIRL-Gurobi,39,6,sirl/original_outputs/resume_run/generated_code/p39__chenyitian-shanshu_SIRL-Gurobi__s6.py,sirl/original_outputs/resume_run/responses/p39__chenyitian-shanshu_SIRL-Gurobi__s6_raw.txt,sirl/original_outputs/resume_run/prompts/p39_prompt.txt,d844fd05fc37568167b8b511a93ba77de8af97cb5be8944ce40240205a3ed371,7466bfeee250bd86bcb4aad63a9e72ca59500891bfa61eeee4914846dfa9a929
p39__chenyitian-shanshu_SIRL-Gurobi__s7,SIRL-Gurobi,39,7,sirl/original_outputs/resume_run/generated_code/p39__chenyitian-shanshu_SIRL-Gurobi__s7.py,sirl/original_outputs/resume_run/responses/p39__chenyitian-shanshu_SIRL-Gurobi__s7_raw.txt,sirl/original_outputs/resume_run/prompts/p39_prompt.txt,44c622b051e81c347caf732e6cadd6557e0a07b997d2bde0231a5841ab2b58dc,294ba8244757f7407b633a61abcf4b1f4ff79371a97156ca03277632f03d7dec
p39__chenyitian-shanshu_SIRL-Gurobi__s8,SIRL-Gurobi,39,8,sirl/original_outputs/resume_run/generated_code/p39__chenyitian-shanshu_SIRL-Gurobi__s8.py,sirl/original_outputs/resume_run/responses/p39__chenyitian-shanshu_SIRL-Gurobi__s8_raw.txt,sirl/original_outputs/resume_run/prompts/p39_prompt.txt,3c123fd4b6bf26f81c6bc2e730571f142474149ae7f20938a79bed8b5110fa20,bb415b353cbddd330446997156d0b334e8da1c44129618b125c2470ea2b919aa
p39__chenyitian-shanshu_SIRL-Gurobi__s9,SIRL-Gurobi,39,9,sirl/original_outputs/resume_run/generated_code/p39__chenyitian-shanshu_SIRL-Gurobi__s9.py,sirl/original_outputs/resume_run/responses/p39__chenyitian-shanshu_SIRL-Gurobi__s9_raw.txt,sirl/original_outputs/resume_run/prompts/p39_prompt.txt,3c123fd4b6bf26f81c6bc2e730571f142474149ae7f20938a79bed8b5110fa20,bb415b353cbddd330446997156d0b334e8da1c44129618b125c2470ea2b919aa
p40__chenyitian-shanshu_SIRL-Gurobi__s0,SIRL-Gurobi,40,0,sirl/original_outputs/resume_run/generated_code/p40__chenyitian-shanshu_SIRL-Gurobi__s0.py,sirl/original_outputs/resume_run/responses/p40__chenyitian-shanshu_SIRL-Gurobi__s0_raw.txt,sirl/original_outputs/resume_run/prompts/p40_prompt.txt,13b8fee4a7818af8b92aada6e3d0ad4a7391c9fcd03053ef5f449b71f8454b49,668e7e53e5d2ac5f58a4b943592e9bf4b450016f9f55d52ba4610edc414347c2
p40__chenyitian-shanshu_SIRL-Gurobi__s1,SIRL-Gurobi,40,1,sirl/original_outputs/resume_run/generated_code/p40__chenyitian-shanshu_SIRL-Gurobi__s1.py,sirl/original_outputs/resume_run/responses/p40__chenyitian-shanshu_SIRL-Gurobi__s1_raw.txt,sirl/original_outputs/resume_run/prompts/p40_prompt.txt,41a3dda2d43fd53bfdf80e9bfd6d19990267e6ee21a97f0bc5f6f451612a0ca4,a840f05c6a88d11f6dcb55011ac0a1d5e74c4a769668afa46e8dc92c32b68ab0
p40__chenyitian-shanshu_SIRL-Gurobi__s2,SIRL-Gurobi,40,2,sirl/original_outputs/resume_run/generated_code/p40__chenyitian-shanshu_SIRL-Gurobi__s2.py,sirl/original_outputs/resume_run/responses/p40__chenyitian-shanshu_SIRL-Gurobi__s2_raw.txt,sirl/original_outputs/resume_run/prompts/p40_prompt.txt,4f3ecdca681fb2c3c2d6e51072844f9d0f9609e52549448fb2492c64ac39ffef,fbf054af5265443559c8752dab27a2c6c055118b5c02cb4dc3e2a2305e954cd4
p40__chenyitian-shanshu_SIRL-Gurobi__s3,SIRL-Gurobi,40,3,sirl/original_outputs/resume_run/generated_code/p40__chenyitian-shanshu_SIRL-Gurobi__s3.py,sirl/original_outputs/resume_run/responses/p40__chenyitian-shanshu_SIRL-Gurobi__s3_raw.txt,sirl/original_outputs/resume_run/prompts/p40_prompt.txt,a78926077037a6c80f0ed2de04908ec371192ab5105c530dd2a5fdf00b4a741f,c26a2f6daa9ea25c1023a61f3b49f9bb91f134eebd77141d24a4db40ca4b30a5
p40__chenyitian-shanshu_SIRL-Gurobi__s4,SIRL-Gurobi,40,4,sirl/original_outputs/resume_run/generated_code/p40__chenyitian-shanshu_SIRL-Gurobi__s4.py,sirl/original_outputs/resume_run/responses/p40__chenyitian-shanshu_SIRL-Gurobi__s4_raw.txt,sirl/original_outputs/resume_run/prompts/p40_prompt.txt,26ad398a5fa4f0202c8ccdb69e79c2bf808b301304f3457596225a88f9b30eca,c54983100709cb107bb530c65dfc80e4fe4311bcaef56366c715802ec272fff5
p40__chenyitian-shanshu_SIRL-Gurobi__s5,SIRL-Gurobi,40,5,sirl/original_outputs/resume_run/generated_code/p40__chenyitian-shanshu_SIRL-Gurobi__s5.py,sirl/original_outputs/resume_run/responses/p40__chenyitian-shanshu_SIRL-Gurobi__s5_raw.txt,sirl/original_outputs/resume_run/prompts/p40_prompt.txt,450d9e469aed61714b2f5ceb5800063f75ea82afe53818aced5cff9464385042,f7ab05c8b9237a1d8e5421ba9b17a9c4ef6aa90b5986332f570875b47c948f8d
p40__chenyitian-shanshu_SIRL-Gurobi__s6,SIRL-Gurobi,40,6,sirl/original_outputs/resume_run/generated_code/p40__chenyitian-shanshu_SIRL-Gurobi__s6.py,sirl/original_outputs/resume_run/responses/p40__chenyitian-shanshu_SIRL-Gurobi__s6_raw.txt,sirl/original_outputs/resume_run/prompts/p40_prompt.txt,0709fce8122cf6bf9f342d0fba9a15ff6a3fb0e2b2e6b8256e402d1616088f72,3c0c96f042e4e92be0670e84fa11b506e883f8974bc2db6740e34f4735100819
p40__chenyitian-shanshu_SIRL-Gurobi__s7,SIRL-Gurobi,40,7,sirl/original_outputs/resume_run/generated_code/p40__chenyitian-shanshu_SIRL-Gurobi__s7.py,sirl/original_outputs/resume_run/responses/p40__chenyitian-shanshu_SIRL-Gurobi__s7_raw.txt,sirl/original_outputs/resume_run/prompts/p40_prompt.txt,849ae43356530f569c9aa0baa4e991cfb18b0114c4a35195a833a2f7936c4afb,20c1e6ef1b586980f31b72f40a0aaf3fe6c271247ae773f781a0210c61ff6902
p40__chenyitian-shanshu_SIRL-Gurobi__s8,SIRL-Gurobi,40,8,sirl/original_outputs/resume_run/generated_code/p40__chenyitian-shanshu_SIRL-Gurobi__s8.py,sirl/original_outputs/resume_run/responses/p40__chenyitian-shanshu_SIRL-Gurobi__s8_raw.txt,sirl/original_outputs/resume_run/prompts/p40_prompt.txt,d872e1ae1047000103801f1cd3a9828b66ce5117fb2376b5292c70b70a118b9e,c60d44284e0d89f6ab0cad8049e0ec98897534df0f082a4d10c49f72f221e5b2
p40__chenyitian-shanshu_SIRL-Gurobi__s9,SIRL-Gurobi,40,9,sirl/original_outputs/resume_run/generated_code/p40__chenyitian-shanshu_SIRL-Gurobi__s9.py,sirl/original_outputs/resume_run/responses/p40__chenyitian-shanshu_SIRL-Gurobi__s9_raw.txt,sirl/original_outputs/resume_run/prompts/p40_prompt.txt,612d01159ec2a1f130c77e7626aacacdf57767800a101009b8077a765f0a634b,739d1a3a7c1e0787caffedb5ef6ade4ccfe4ca9ac66f34b8e17e9edc18bd919a
p41__chenyitian-shanshu_SIRL-Gurobi__s0,SIRL-Gurobi,41,0,sirl/original_outputs/resume_run/generated_code/p41__chenyitian-shanshu_SIRL-Gurobi__s0.py,sirl/original_outputs/resume_run/responses/p41__chenyitian-shanshu_SIRL-Gurobi__s0_raw.txt,sirl/original_outputs/resume_run/prompts/p41_prompt.txt,e8f445b321b60e7ec9063783413ab4962e6085f8abf3c6d59f8f440cbd0fb12e,5a8dab3a806c0e496200a7aa6844ec93e24e5285c29f090f9e4dcafdacc61f06
p41__chenyitian-shanshu_SIRL-Gurobi__s1,SIRL-Gurobi,41,1,sirl/original_outputs/resume_run/generated_code/p41__chenyitian-shanshu_SIRL-Gurobi__s1.py,sirl/original_outputs/resume_run/responses/p41__chenyitian-shanshu_SIRL-Gurobi__s1_raw.txt,sirl/original_outputs/resume_run/prompts/p41_prompt.txt,714fdeaf80872eca896925e52efb52646cc9e2e729fce52d9956d2e09ceb4539,c955a3d74cc089b6d9102415543d5c2a0d48c9b92cf601a12c18f15c677debbf
p41__chenyitian-shanshu_SIRL-Gurobi__s2,SIRL-Gurobi,41,2,sirl/original_outputs/resume_run/generated_code/p41__chenyitian-shanshu_SIRL-Gurobi__s2.py,sirl/original_outputs/resume_run/responses/p41__chenyitian-shanshu_SIRL-Gurobi__s2_raw.txt,sirl/original_outputs/resume_run/prompts/p41_prompt.txt,1c58e32297b509c70fe9d8fbce23dad738e20a24f69f59b11f6073d56d046648,1359078e69e3318e8335a886ee94e91154e11754d95e98bc43938547ad7c754e
p41__chenyitian-shanshu_SIRL-Gurobi__s3,SIRL-Gurobi,41,3,sirl/original_outputs/resume_run/generated_code/p41__chenyitian-shanshu_SIRL-Gurobi__s3.py,sirl/original_outputs/resume_run/responses/p41__chenyitian-shanshu_SIRL-Gurobi__s3_raw.txt,sirl/original_outputs/resume_run/prompts/p41_prompt.txt,13d0b27dec76f0b0d2ae1edc4e11dc108ab88ac249ff88a4acf72767ca99307a,44f2e521e05ce6938242049efc823ea963093fe0d7e20db2cf1d489345ceb050
p41__chenyitian-shanshu_SIRL-Gurobi__s4,SIRL-Gurobi,41,4,sirl/original_outputs/resume_run/generated_code/p41__chenyitian-shanshu_SIRL-Gurobi__s4.py,sirl/original_outputs/resume_run/responses/p41__chenyitian-shanshu_SIRL-Gurobi__s4_raw.txt,sirl/original_outputs/resume_run/prompts/p41_prompt.txt,13d0b27dec76f0b0d2ae1edc4e11dc108ab88ac249ff88a4acf72767ca99307a,44f2e521e05ce6938242049efc823ea963093fe0d7e20db2cf1d489345ceb050
p41__chenyitian-shanshu_SIRL-Gurobi__s5,SIRL-Gurobi,41,5,sirl/original_outputs/resume_run/generated_code/p41__chenyitian-shanshu_SIRL-Gurobi__s5.py,sirl/original_outputs/resume_run/responses/p41__chenyitian-shanshu_SIRL-Gurobi__s5_raw.txt,sirl/original_outputs/resume_run/prompts/p41_prompt.txt,13d0b27dec76f0b0d2ae1edc4e11dc108ab88ac249ff88a4acf72767ca99307a,44f2e521e05ce6938242049efc823ea963093fe0d7e20db2cf1d489345ceb050
p41__chenyitian-shanshu_SIRL-Gurobi__s6,SIRL-Gurobi,41,6,sirl/original_outputs/resume_run/generated_code/p41__chenyitian-shanshu_SIRL-Gurobi__s6.py,sirl/original_outputs/resume_run/responses/p41__chenyitian-shanshu_SIRL-Gurobi__s6_raw.txt,sirl/original_outputs/resume_run/prompts/p41_prompt.txt,fe2cb27c6656b4c5ef832dbd020e621590b8404f53e9e9067787a577c318da84,c0cef04771e61bd78167e8401ab6530c45aea1f206b9033bfbaea30072de44cd
p41__chenyitian-shanshu_SIRL-Gurobi__s7,SIRL-Gurobi,41,7,sirl/original_outputs/resume_run/generated_code/p41__chenyitian-shanshu_SIRL-Gurobi__s7.py,sirl/original_outputs/resume_run/responses/p41__chenyitian-shanshu_SIRL-Gurobi__s7_raw.txt,sirl/original_outputs/resume_run/prompts/p41_prompt.txt,5248add06f502aa3dbe251400c546d741d08a25ca48e05c53ad75a8e3fcedd24,6c0d428d18f43b1564c446d085e3b9156d2d88c66c0e61c42f8a4f741258242b
p41__chenyitian-shanshu_SIRL-Gurobi__s8,SIRL-Gurobi,41,8,sirl/original_outputs/resume_run/generated_code/p41__chenyitian-shanshu_SIRL-Gurobi__s8.py,sirl/original_outputs/resume_run/responses/p41__chenyitian-shanshu_SIRL-Gurobi__s8_raw.txt,sirl/original_outputs/resume_run/prompts/p41_prompt.txt,da8f2b2680e774866386b1561c5e9dbb90e79fb489c883d841e1f951652f843c,b5ec25a290cecce23ebe6b76c3a4fa9af421efdd112ee3761daeb63442533f37
p41__chenyitian-shanshu_SIRL-Gurobi__s9,SIRL-Gurobi,41,9,sirl/original_outputs/resume_run/generated_code/p41__chenyitian-shanshu_SIRL-Gurobi__s9.py,sirl/original_outputs/resume_run/responses/p41__chenyitian-shanshu_SIRL-Gurobi__s9_raw.txt,sirl/original_outputs/resume_run/prompts/p41_prompt.txt,5248add06f502aa3dbe251400c546d741d08a25ca48e05c53ad75a8e3fcedd24,6c0d428d18f43b1564c446d085e3b9156d2d88c66c0e61c42f8a4f741258242b
